{"src": 1, "feeds": [{"id": 1, "name": "From Cons", "polarPlot": false}], "srcFeed": 1, "showSil": true, "showFlg": true, "showPic": true, "flgH": 20, "flgW": 85, "acList": [{"Id": 11256474, "Rcvr": 1, "HasSig": false, "Icao": "ABC29A", "Bad": false, "Reg": "N857NW", "FSeen": "/Date(1544404472391)/", "TSecs": 52, "CMsgs": 4, "InHg": 30.2598419, "AltT": 0, "Call": "DAL408", "Lat": 40.650261, "Long": -73.770889, "PosTime": 1544404476003, "Mlat": false, "Tisb": false, "Spd": 0.0, "Trak": 120.9, "TrkH": false, "Type": "A332", "Mdl": "2004 AIRBUS A330-223", "Man": "Airbus", "CNum": "0633", "From": "LSZH Z\u00fcrich, Switzerland", "To": "KJFK John F Kennedy, New York, United States", "Op": "Delta Air Lines", "OpIcao": "DAL", "Sqk": "1151", "Help": false, "VsiT": 0, "Dst": 1.23, "Brng": 45.4, "WTC": 3, "Species": 1, "Engines": "2", "EngType": 3, "EngMount": 0, "Mil": false, "Cou": "United States", "HasPic": false, "Interested": false, "FlightsCount": 0, "Gnd": true, "SpdTyp": 0, "CallSus": false, "Trt": 2, "Year": "2004"}, {"Id": 2804211, "Rcvr": 1, "HasSig": false, "Icao": "2AC9F3", "Bad": false, "FSeen": "/Date(1544404463680)/", "TSecs": 60, "CMsgs": 4, "Alt": 1925, "GAlt": 2215, "InHg": 30.2096462, "AltT": 0, "Lat": 40.816349, "Long": -74.085365, "PosTime": 1544404503557, "Mlat": false, "Tisb": false, "Spd": 165.0, "Trak": 206.0, "TrkH": false, "Sqk": "", "Vsi": -896, "VsiT": 0, "Dst": 32.1, "Brng": 307.1, "WTC": 0, "Species": 0, "EngType": 0, "EngMount": 0, "Mil": false, "Cou": "Unknown or unassigned country", "HasPic": false, "Interested": false, "FlightsCount": 0, "Gnd": false, "SpdTyp": 0, "CallSus": false, "Trt": 2}, {"Id": 2803205, "Rcvr": 1, "HasSig": false, "Icao": "2AC605", "Bad": false, "FSeen": "/Date(1544404462269)/", "TSecs": 62, "CMsgs": 7, "Alt": 1725, "GAlt": 2015, "InHg": 30.2096462, "AltT": 0, "Lat": 40.885895, "Long": -73.769531, "PosTime": 1544404470778, "Mlat": false, "Tisb": false, "Spd": 150.0, "Trak": 258.0, "TrkH": false, "Sqk": "", "Vsi": 0, "VsiT": 0, "Dst": 27.08, "Brng": 2.1, "WTC": 0, "Species": 0, "EngType": 0, "EngMount": 0, "Mil": false, "Cou": "Unknown or unassigned country", "HasPic": false, "Interested": false, "FlightsCount": 0, "Gnd": false, "SpdTyp": 0, "CallSus": false, "Trt": 2}, {"Id": 10795522, "Rcvr": 1, "HasSig": true, "Sig": 54, "Icao": "A4BA02", "Bad": false, "Reg": "N403YX", "FSeen": "/Date(1544404433743)/", "TSecs": 90, "CMsgs": 44, "Alt": 2200, "GAlt": 2495, "InHg": 30.2151985, "AltT": 0, "TAlt": 15008, "Call": "RPA4457", "Lat": 40.816727, "Long": -73.910461, "PosTime": 1544404504676, "Mlat": false, "Tisb": false, "Spd": 211.4, "Trak": 330.5, "TrkH": false, "Type": "E170", "Mdl": "ERJ170-200LR", "Man": "Embraer", "CNum": "17000365", "Op": "Republic Airlines", "OpIcao": "RPA", "Sqk": "1645", "Help": false, "Vsi": 2816, "VsiT": 1, "Dst": 22.22, "Brng": 330.7, "WTC": 2, "Species": 1, "Engines": "2", "EngType": 3, "EngMount": 0, "Mil": false, "Cou": "United States", "HasPic": false, "Interested": false, "FlightsCount": 0, "Gnd": false, "SpdTyp": 0, "CallSus": false, "Trt": 5, "Year": "2013"}, {"Id": 11382709, "Rcvr": 1, "HasSig": true, "Sig": 201, "Icao": "ADAFB5", "Bad": false, "Reg": "N981JT", "FSeen": "/Date(1544404325291)/", "TSecs": 199, "CMsgs": 100, "Alt": 6400, "GAlt": 6742, "InHg": 30.26245, "AltT": 0, "TAlt": 11008, "Call": "JBU1415", "Lat": 40.511945, "Long": -73.976753, "PosTime": 1544404523238, "Mlat": false, "Tisb": false, "Spd": 270.0, "Trak": 212.0, "TrkH": false, "TTrk": 0.0, "Type": "A321", "Mdl": "Airbus A321 231SL", "Man": "Airbus", "CNum": "7692", "From": "KJFK John F Kennedy, New York, United States", "To": "KSFO San Francisco, United States", "Op": "JetBlue Airways", "OpIcao": "JBU", "Sqk": "6731", "Help": false, "Vsi": 2752, "VsiT": 1, "Dst": 21.98, "Brng": 228.7, "WTC": 2, "Species": 1, "Engines": "2", "EngType": 3, "EngMount": 0, "Mil": false, "Cou": "United States", "HasPic": false, "Interested": false, "FlightsCount": 0, "Gnd": false, "SpdTyp": 0, "CallSus": false, "Trt": 5, "Year": "2017"}, {"Id": 10765288, "Rcvr": 1, "HasSig": true, "Sig": 193, "Icao": "A443E8", "Bad": false, "Reg": "N374NW", "FSeen": "/Date(1544404319869)/", "TSecs": 204, "CMsgs": 100, "Alt": 6450, "GAlt": 6745, "InHg": 30.2151985, "AltT": 0, "TAlt": 10016, "Call": "DAL804", "Lat": 40.914551, "Long": -73.867554, "PosTime": 1544404523238, "Mlat": false, "Tisb": false, "Spd": 280.3, "Trak": 66.5, "TrkH": false, "TTrk": 80.15625, "Type": "A320", "Mdl": "2001 AIRBUS INDUSTRIE A320-212", "Man": "Airbus", "CNum": "1646", "From": "KSLC Salt Lake City, United States", "To": "KMCO Orlando, United States", "Op": "Delta Air Lines", "OpIcao": "DAL", "Sqk": "3017", "Help": false, "Vsi": 3008, "VsiT": 1, "Dst": 31.11, "Brng": 346.5, "WTC": 2, "Species": 1, "Engines": "2", "EngType": 3, "EngMount": 0, "Mil": false, "Cou": "United States", "HasPic": false, "Interested": false, "FlightsCount": 0, "Gnd": false, "SpdTyp": 0, "CallSus": false, "Trt": 5, "Year": "2001"}, {"Id": 11245179, "Rcvr": 1, "HasSig": true, "Sig": 4, "Icao": "AB967B", "Bad": false, "Reg": "N846DN", "FSeen": "/Date(1544404154603)/", "TSecs": 369, "CMsgs": 192, "Alt": 13825, "GAlt": 14167, "InHg": 30.26245, "AltT": 0, "TAlt": 19008, "Call": "DAL816", "Lat": 40.833206, "Long": -73.626953, "PosTime": 1544404518522, "Mlat": false, "Tisb": false, "Spd": 372.5, "Trak": 337.4, "TrkH": false, "TTrk": 350.859375, "Type": "B739", "Mdl": " BOEING 737-932ER", "Man": "Boeing", "CNum": "31957", "From": "KDSM Des Moines, United States", "To": "KATL Hartsfield Jackson Atlanta, United States", "Op": "Delta Air Lines", "OpIcao": "DAL", "Sqk": "2674", "Help": false, "Vsi": 2368, "VsiT": 1, "Dst": 24.88, "Brng": 31.5, "WTC": 2, "Species": 1, "Engines": "2", "EngType": 3, "EngMount": 0, "Mil": false, "Cou": "United States", "HasPic": false, "Interested": false, "FlightsCount": 0, "Gnd": false, "SpdTyp": 0, "CallSus": false, "Trt": 5, "Year": "2015"}, {"Id": 10718304, "Rcvr": 1, "HasSig": true, "Sig": 83, "Icao": "A38C60", "Bad": false, "Reg": "N328DN", "FSeen": "/Date(1544404122493)/", "TSecs": 402, "CMsgs": 222, "Alt": 11725, "GAlt": 12044, "InHg": 30.2388229, "AltT": 0, "TAlt": 12000, "Call": "DAL1485", "Lat": 40.686813, "Long": -74.161194, "PosTime": 1544404523235, "Mlat": false, "Tisb": false, "Spd": 346.6, "Trak": 194.9, "TrkH": false, "TTrk": 210.234375, "Type": "A321", "Mdl": "Airbus A321 211SL", "Man": "Airbus", "CNum": "7840", "From": "KLGA La Guardia, New York, United States", "To": "KMCO Orlando, United States", "Op": "Delta Air Lines", "OpIcao": "DAL", "Sqk": "2705", "Help": false, "Vsi": 0, "VsiT": 1, "Dst": 32.42, "Brng": 278.9, "WTC": 2, "Species": 1, "Engines": "2", "EngType": 3, "EngMount": 0, "Mil": false, "Cou": "United States", "HasPic": false, "Interested": false, "FlightsCount": 0, "Gnd": false, "SpdTyp": 0, "CallSus": false, "Trt": 5, "Year": "2017"}, {"Id": 11307395, "Rcvr": 1, "HasSig": false, "Icao": "AC8983", "Bad": false, "Reg": "N907DL", "FSeen": "/Date(1544404098307)/", "TSecs": 426, "CMsgs": 130, "Alt": -250, "GAlt": 7, "InHg": 30.239172, "AltT": 0, "Call": "DAL1430", "Lat": 40.700077, "Long": -74.163773, "PosTime": 1544404523240, "Mlat": false, "Tisb": false, "Spd": 1.0, "Trak": 202.5, "TrkH": false, "Type": "MD88", "Mdl": "1987 MCDONNELL DOUGLAS AIRCRAFT CO MD-88", "Man": "McDonnell Douglas", "CNum": "49538", "From": "KEWR Newark Liberty, United States", "To": "KDEN Denver, United States", "Stops": ["KMSP Minneapolis-St Paul International/Wold-Chamberlain, Minneapolis, United States"], "Op": "WILMINGTON TRUST COMPANY TRUSTEE     - WILMINGTON, DE", "OpIcao": "DAL", "Sqk": "1775", "Help": false, "VsiT": 0, "Dst": 32.89, "Brng": 281.4, "WTC": 2, "Species": 1, "Engines": "2", "EngType": 3, "EngMount": 1, "Mil": false, "Cou": "United States", "HasPic": false, "Interested": false, "FlightsCount": 0, "Gnd": true, "SpdTyp": 0, "CallSus": false, "Trt": 2, "Year": "1987"}, {"Id": 4220978, "Rcvr": 1, "HasSig": false, "Icao": "406832", "Bad": false, "Reg": "G-VWAG", "FSeen": "/Date(1544404022877)/", "TSecs": 501, "CMsgs": 4, "InHg": 30.2598419, "AltT": 0, "Lat": 40.650673, "Long": -73.771744, "PosTime": 1544404523240, "Mlat": false, "Tisb": false, "Spd": 5.0, "Trak": 120.9, "TrkH": false, "Type": "A333", "Mdl": "Airbus A330 343E", "Man": "Airbus", "CNum": "1341", "Op": "Virgin Atlantic Airways", "OpIcao": "VIR", "Sqk": "", "VsiT": 0, "Dst": 1.21, "Brng": 41.5, "WTC": 3, "Species": 1, "Engines": "2", "EngType": 3, "EngMount": 0, "Mil": false, "Cou": "United Kingdom", "HasPic": false, "Interested": false, "FlightsCount": 0, "Gnd": true, "SpdTyp": 0, "CallSus": false, "Trt": 2, "Year": "2012"}, {"Id": 10654519, "Rcvr": 1, "HasSig": false, "Icao": "A29337", "Bad": false, "Reg": "N265SY", "FSeen": "/Date(1544403836224)/", "TSecs": 688, "CMsgs": 11, "Alt": -250, "GAlt": 60, "InHg": 30.2303143, "AltT": 0, "Call": "SKW3772", "Lat": 40.651707, "Long": -73.774033, "PosTime": 1544404463678, "Mlat": false, "Tisb": false, "Spd": 8.0, "Trak": 121.1, "TrkH": false, "Type": "E75L", "Mdl": "Embraer EMB-175 LL", "Man": "Embraer", "CNum": "17000717", "Op": "Delta Connection", "OpIcao": "SKW", "Sqk": "6775", "Help": false, "VsiT": 0, "Dst": 1.19, "Brng": 30.8, "WTC": 2, "Species": 1, "Engines": "2", "EngType": 3, "EngMount": 0, "Mil": false, "Cou": "United States", "HasPic": false, "Interested": false, "FlightsCount": 0, "Gnd": true, "SpdTyp": 0, "CallSus": false, "Trt": 2, "Year": "2018"}, {"Id": 10920695, "Rcvr": 1, "HasSig": false, "Icao": "A6A2F7", "Bad": false, "Reg": "N527AH", "FSeen": "/Date(1544403795997)/", "TSecs": 728, "CMsgs": 81, "Alt": -250, "GAlt": 90, "InHg": 30.2598419, "AltT": 0, "Call": "N527AH", "Lat": 40.652081, "Long": -73.774857, "PosTime": 1544404476003, "Mlat": false, "Tisb": false, "Spd": 11.0, "Trak": 120.8, "TrkH": false, "Type": "E190", "Mdl": "Embraer Lineage 1000 E", "Man": "Embraer", "CNum": "19000691", "Op": "Embraer", "Sqk": "4032", "Help": false, "VsiT": 0, "Dst": 1.2, "Brng": 26.9, "WTC": 2, "Species": 1, "Engines": "2", "EngType": 3, "EngMount": 0, "Mil": false, "Cou": "United States", "HasPic": false, "Interested": false, "FlightsCount": 0, "Gnd": true, "SpdTyp": 0, "CallSus": false, "Trt": 5, "Year": "2016"}, {"Id": 2803874, "Rcvr": 1, "HasSig": false, "Icao": "2AC8A2", "Bad": false, "FSeen": "/Date(1544403621441)/", "TSecs": 903, "CMsgs": 11, "Alt": 7200, "GAlt": 7490, "InHg": 30.2096462, "AltT": 0, "Lat": 40.823101, "Long": -74.070015, "PosTime": 1544403897089, "Mlat": false, "PosStale": true, "Tisb": false, "Spd": 90.0, "Trak": 45.0, "TrkH": false, "Sqk": "", "Vsi": 0, "VsiT": 0, "Dst": 31.55, "Brng": 309.6, "WTC": 0, "Species": 0, "EngType": 0, "EngMount": 0, "Mil": false, "Cou": "Unknown or unassigned country", "HasPic": false, "Interested": false, "FlightsCount": 0, "Gnd": false, "SpdTyp": 0, "CallSus": false, "Trt": 2}, {"Id": 10576499, "Rcvr": 1, "HasSig": false, "Icao": "A16273", "Bad": false, "Reg": "N189DN", "FSeen": "/Date(1544403534924)/", "TSecs": 989, "CMsgs": 13, "InHg": 30.2598419, "AltT": 0, "Call": "DAL126", "Lat": 40.649071, "Long": -73.766785, "PosTime": 1544404514616, "Mlat": false, "Tisb": false, "Spd": 0.0, "Trak": 30.9, "TrkH": false, "Type": "B763", "Mdl": "1997 BOEING 767-332", "Man": "Boeing", "CNum": "25990", "From": "KBOS General Edward Lawrence Logan, Boston, United States", "To": "EHAM Amsterdam Airport Schiphol, Netherlands", "Op": "Delta Air Lines", "OpIcao": "DAL", "Sqk": "1622", "Help": false, "VsiT": 0, "Dst": 1.43, "Brng": 59.1, "WTC": 3, "Species": 1, "Engines": "2", "EngType": 3, "EngMount": 0, "Mil": false, "Cou": "United States", "HasPic": false, "Interested": false, "FlightsCount": 0, "Gnd": true, "SpdTyp": 0, "CallSus": false, "Trt": 2, "Year": "1997"}, {"Id": 4196600, "Rcvr": 1, "HasSig": false, "Icao": "4008F8", "Bad": false, "Reg": "G-VLIP", "FSeen": "/Date(1544403040777)/", "TSecs": 1483, "CMsgs": 106, "Alt": 5650, "GAlt": 5960, "InHg": 30.2303143, "AltT": 0, "Call": "VIR128", "Lat": 40.604771, "Long": -73.680931, "PosTime": 1544404523238, "Mlat": false, "Tisb": false, "Spd": 273.0, "Trak": 39.1, "TrkH": false, "Type": "B744", "Mdl": "Boeing 747 443", "Man": "Boeing", "CNum": "32338", "From": "KJFK John F Kennedy, New York, United States", "To": "EGCC Manchester, United Kingdom", "Op": "Virgin Atlantic Airways", "OpIcao": "VIR", "Sqk": "1741", "Help": false, "Vsi": 2944, "VsiT": 0, "Dst": 9.45, "Brng": 116.3, "WTC": 3, "Species": 1, "Engines": "4", "EngType": 3, "EngMount": 0, "Mil": false, "Cou": "United Kingdom", "HasPic": false, "Interested": false, "FlightsCount": 0, "Gnd": false, "SpdTyp": 0, "CallSus": false, "Trt": 2, "Year": "2001"}, {"Id": 11222295, "Rcvr": 1, "HasSig": true, "Sig": 207, "Icao": "AB3D17", "Bad": false, "Reg": "N823MD", "FSeen": "/Date(1544402732304)/", "TSecs": 1792, "CMsgs": 249, "Alt": 11725, "GAlt": 12035, "InHg": 30.2303143, "AltT": 0, "Lat": 40.665614, "Long": -73.616326, "PosTime": 1544404469196, "Mlat": false, "Tisb": false, "Spd": 282.8, "Trak": 39.3, "TrkH": false, "Type": "E170", "Mdl": "2005 EMBRAER ERJ 170-100SU", "Man": "Embraer", "CNum": "17000044", "Op": "REPUBLIC AIRLINE INC     - INDIANAPOLIS, IN", "OpIcao": "RPA", "Sqk": "2713", "Help": false, "Vsi": 2816, "VsiT": 1, "Dst": 14.15, "Brng": 79.5, "WTC": 2, "Species": 1, "Engines": "2", "EngType": 3, "EngMount": 0, "Mil": false, "Cou": "United States", "HasPic": false, "Interested": false, "FlightsCount": 0, "Gnd": false, "SpdTyp": 0, "CallSus": false, "Trt": 2, "Year": "2005"}, {"Id": 11201814, "Rcvr": 1, "HasSig": true, "Sig": 169, "Icao": "AAED16", "Bad": false, "Reg": "N803AV", "FSeen": "/Date(1544402298046)/", "TSecs": 2226, "CMsgs": 999, "Alt": 3700, "GAlt": 3990, "InHg": 30.2096462, "AltT": 0, "Call": "AVA244", "Lat": 40.53294, "Long": -73.478498, "PosTime": 1544404523209, "Mlat": false, "Tisb": false, "Spd": 264.6, "Trak": 29.2, "TrkH": false, "Type": "A333", "Mdl": "Airbus A330 343E", "Man": "Airbus", "CNum": "1357", "From": "SKBO El Dorado, Bogota, Colombia", "To": "KJFK John F Kennedy, New York, United States", "Op": "Avianca", "OpIcao": "AVA", "Sqk": "5454", "Help": false, "Vsi": 64, "VsiT": 0, "Dst": 28.32, "Brng": 115.4, "WTC": 3, "Species": 1, "Engines": "2", "EngType": 3, "EngMount": 0, "Mil": false, "Cou": "United States", "HasPic": false, "Interested": false, "FlightsCount": 0, "Gnd": false, "SpdTyp": 0, "CallSus": false, "Trt": 2, "Year": "2012"}, {"Id": 3754468, "Rcvr": 1, "HasSig": false, "Icao": "3949E4", "Bad": false, "Reg": "F-GSPE", "FSeen": "/Date(1544402293352)/", "TSecs": 2231, "CMsgs": 178, "Alt": 2875, "GAlt": 3185, "InHg": 30.2303143, "AltT": 0, "Call": "AFR019", "Lat": 40.55254, "Long": -73.768822, "PosTime": 1544404520081, "Mlat": false, "Tisb": false, "Spd": 268.0, "Trak": 97.7, "TrkH": false, "Type": "B772", "Mdl": "Boeing 777 228ER", "Man": "Boeing", "CNum": "29006", "From": "KEWR Newark Liberty, United States", "To": "LFPG Charles de Gaulle, Paris, France", "Op": "Air France", "OpIcao": "AFR", "Sqk": "3045", "Help": false, "Vsi": 2752, "VsiT": 0, "Dst": 10.06, "Brng": 174.0, "WTC": 3, "Species": 1, "Engines": "2", "EngType": 3, "EngMount": 0, "Mil": false, "Cou": "France", "HasPic": false, "Interested": false, "FlightsCount": 0, "Gnd": false, "SpdTyp": 0, "CallSus": false, "Trt": 2, "Year": "1999"}, {"Id": 10561644, "Rcvr": 1, "HasSig": false, "Icao": "A1286C", "Bad": false, "Reg": "N174DZ", "FSeen": "/Date(1544402224110)/", "TSecs": 2300, "CMsgs": 188, "Alt": 8750, "GAlt": 9092, "InHg": 30.26245, "AltT": 0, "TAlt": 4992, "Call": "DAL48", "Lat": 40.658211, "Long": -73.580811, "PosTime": 1544404523237, "Mlat": false, "Tisb": false, "Spd": 282.0, "Trak": 39.5, "TrkH": false, "TTrk": 225.0, "Type": "B763", "Mdl": "1998 BOEING 767-332", "Man": "Boeing", "CNum": "29693", "From": "KMIA Miami, United States", "To": "EHAM Amsterdam Airport Schiphol, Netherlands", "Stops": ["KJFK John F Kennedy, New York, United States"], "Op": "Delta Air Lines", "OpIcao": "DAL", "Sqk": "1735", "Help": false, "Vsi": 832, "VsiT": 1, "Dst": 17.0, "Brng": 84.0, "WTC": 3, "Species": 1, "Engines": "2", "EngType": 3, "EngMount": 0, "Mil": false, "Cou": "United States", "HasPic": false, "Interested": false, "FlightsCount": 0, "Gnd": false, "SpdTyp": 0, "CallSus": false, "Trt": 5, "Year": "1998"}, {"Id": 11267611, "Rcvr": 1, "HasSig": true, "Sig": 73, "Icao": "ABEE1B", "Bad": false, "Reg": "N868RW", "FSeen": "/Date(1544402019703)/", "TSecs": 2504, "CMsgs": 1286, "Alt": 450, "GAlt": 769, "InHg": 30.239172, "AltT": 0, "Call": "RPA5936", "Lat": 40.823752, "Long": -73.834929, "PosTime": 1544404519999, "Mlat": true, "Tisb": false, "Spd": 342.0, "Trak": 99.5, "TrkH": false, "Type": "E170", "Mdl": "2006 EMBRAER ERJ 170-100SU", "Man": "Embraer", "CNum": "17000131", "Op": "SHUTTLE AMERICA CORP     - INDIANAPOLIS, IN", "OpIcao": "RPA", "Sqk": "2154", "Help": false, "Vsi": 10, "VsiT": 0, "Dst": 20.66, "Brng": 347.4, "WTC": 2, "Species": 1, "Engines": "2", "EngType": 3, "EngMount": 0, "Mil": false, "Cou": "United States", "HasPic": false, "Interested": false, "FlightsCount": 0, "Gnd": false, "SpdTyp": 0, "CallSus": true, "Trt": 2, "Year": "2006"}, {"Id": 12585875, "Rcvr": 1, "HasSig": false, "Icao": "C00B93", "Bad": false, "Reg": "C-FEJY", "FSeen": "/Date(1544400750367)/", "TSecs": 3774, "CMsgs": 1800, "Alt": 3025, "GAlt": 3320, "InHg": 30.2151985, "AltT": 0, "TAlt": 4000, "Call": "SKV7628", "Lat": 40.922607, "Long": -73.756531, "PosTime": 1544404523201, "Mlat": false, "Tisb": false, "Spd": 181.0, "Trak": 213.1, "TrkH": false, "Type": "E170", "Mdl": "Embraer EMB-175 SU", "Man": "Embraer", "CNum": "17000097", "From": "CYUL Montreal / Pierre Elliott Trudeau, Montr\u00e9al, Canada", "To": "KLGA La Guardia, New York, United States", "Op": "Air Canada Express", "OpIcao": "SKV", "Sqk": "6542", "Help": false, "Vsi": -960, "VsiT": 0, "Dst": 31.22, "Brng": 3.8, "WTC": 2, "Species": 1, "Engines": "2", "EngType": 3, "EngMount": 0, "Mil": false, "Cou": "Canada", "HasPic": false, "Interested": false, "FlightsCount": 0, "Gnd": false, "SpdTyp": 0, "CallSus": false, "Trt": 2, "Year": "2005"}, {"Id": 10925303, "Rcvr": 1, "HasSig": true, "Sig": 187, "Icao": "A6B4F7", "Bad": false, "Reg": "N531JL", "FSeen": "/Date(1544400039350)/", "TSecs": 4485, "CMsgs": 2014, "Alt": -250, "GAlt": 92, "InHg": 30.26245, "AltT": 0, "TAlt": 3008, "Call": "JBU740", "Lat": 40.632534, "Long": -73.767502, "PosTime": 1544403068437, "Mlat": false, "PosStale": true, "Tisb": false, "Spd": 0.0, "Trak": 199.7, "TrkH": false, "TTrk": 0.0, "Type": "A320", "Mdl": "2001 AIRBUS INDUSTRIE A320-232", "Man": "Airbus", "CNum": "1650", "From": "TJPS Mercedita, Ponce, Puerto Rico", "To": "KJFK John F Kennedy, New York, United States", "Op": "JetBlue Airways", "OpIcao": "JBU", "Sqk": "2000", "Help": false, "Vsi": -128, "VsiT": 0, "Dst": 1.61, "Brng": 133.6, "WTC": 2, "Species": 1, "Engines": "2", "EngType": 3, "EngMount": 0, "Mil": false, "Cou": "United States", "HasPic": false, "Interested": false, "FlightsCount": 0, "Gnd": true, "SpdTyp": 0, "CallSus": false, "Trt": 5, "Year": "2001"}, {"Id": 10957529, "Rcvr": 1, "HasSig": true, "Sig": 116, "Icao": "A732D9", "Bad": false, "Reg": "N563JB", "FSeen": "/Date(1544399788617)/", "TSecs": 4735, "CMsgs": 2228, "Alt": 3725, "GAlt": 4044, "InHg": 30.2388229, "AltT": 0, "TAlt": 4000, "Call": "JBU1042", "Lat": 40.639343, "Long": -73.408508, "PosTime": 1544404523200, "Mlat": false, "Tisb": false, "Spd": 240.5, "Trak": 29.7, "TrkH": false, "TTrk": 40.078125, "Type": "A320", "Mdl": "2003 AIRBUS A320-232", "Man": "Airbus", "CNum": "2006", "From": "KSAV Savannah Hilton Head, United States", "To": "KJFK John F Kennedy, New York, United States", "Op": "JetBlue Airways", "OpIcao": "JBU", "Sqk": "0726", "Help": false, "Vsi": 0, "VsiT": 0, "Dst": 31.45, "Brng": 90.5, "WTC": 2, "Species": 1, "Engines": "2", "EngType": 3, "EngMount": 0, "Mil": false, "Cou": "United States", "HasPic": false, "Interested": false, "FlightsCount": 0, "Gnd": false, "SpdTyp": 0, "CallSus": false, "Trt": 5, "Year": "2003"}, {"Id": 11307843, "Rcvr": 1, "HasSig": false, "Icao": "AC8B43", "Bad": false, "Reg": "N907XJ", "FSeen": "/Date(1544399598679)/", "TSecs": 4925, "CMsgs": 2531, "Alt": 975, "GAlt": 1256, "InHg": 30.2007866, "AltT": 0, "Lat": 40.723991, "Long": -73.691108, "PosTime": 1544404514587, "Mlat": true, "Tisb": false, "Spd": 459.0, "Trak": 68.0, "TrkH": false, "Type": "CRJ9", "Mdl": "2007 BOMBARDIER INC CL-600-2D24", "Man": "Bombardier", "CNum": "15139", "Op": "DELTA AIR LINES INC     - ATLANTA, GA", "OpIcao": "EDV", "Sqk": "2240", "Help": false, "Vsi": -2368, "VsiT": 0, "Dst": 11.83, "Brng": 40.0, "WTC": 2, "Species": 1, "Engines": "2", "EngType": 3, "EngMount": 1, "Mil": false, "Cou": "United States", "HasPic": false, "Interested": false, "FlightsCount": 0, "Gnd": false, "SpdTyp": 0, "CallSus": false, "Trt": 2, "Year": "2007"}, {"Id": 10721059, "Rcvr": 1, "HasSig": true, "Sig": 36, "Icao": "A39723", "Bad": false, "Reg": "N330PQ", "FSeen": "/Date(1544399245534)/", "TSecs": 5279, "CMsgs": 2690, "Alt": 1625, "GAlt": 1944, "InHg": 30.239172, "AltT": 0, "Call": "EDV5113", "Lat": 40.874727, "Long": -73.796477, "PosTime": 1544404519989, "Mlat": true, "Tisb": false, "Spd": 384.9, "Trak": 196.3, "TrkH": false, "Type": "CRJ9", "Mdl": "2014 BOMBARDIER INC CL-600-2D24", "Man": "Bombardier", "CNum": "15330", "Op": "Delta Air Lines", "OpIcao": "EDV", "Sqk": "6765", "Help": false, "Vsi": -576, "VsiT": 1, "Dst": 25.86, "Brng": 357.2, "WTC": 2, "Species": 1, "Engines": "2", "EngType": 3, "EngMount": 1, "Mil": false, "Cou": "United States", "HasPic": false, "Interested": false, "FlightsCount": 0, "Gnd": false, "SpdTyp": 0, "CallSus": true, "Trt": 2, "Year": "2014"}, {"Id": 10583058, "Rcvr": 1, "HasSig": false, "Icao": "A17C12", "Bad": false, "Reg": "N195PQ", "FSeen": "/Date(1544399108625)/", "TSecs": 5415, "CMsgs": 2813, "Alt": 7025, "GAlt": 7276, "InHg": 30.1712589, "AltT": 0, "Lat": 40.5089, "Long": -74.125, "PosTime": 1544404519989, "Mlat": true, "Tisb": false, "Spd": 552.3, "Trak": 81.8, "TrkH": false, "Type": "CRJ9", "Mdl": "2008 BOMBARDIER INC CL-600-2D24", "Man": "Bombardier", "CNum": "15195", "Op": "DELTA AIR LINES INC     - ATLANTA, GA", "OpIcao": "EDV", "Sqk": "2461", "Help": false, "Vsi": 64, "VsiT": 1, "Dst": 32.61, "Brng": 243.0, "WTC": 2, "Species": 1, "Engines": "2", "EngType": 3, "EngMount": 1, "Mil": false, "Cou": "United States", "HasPic": false, "Interested": false, "FlightsCount": 0, "Gnd": false, "SpdTyp": 0, "CallSus": false, "Trt": 2, "Year": "2008"}, {"Id": 11263807, "Rcvr": 1, "HasSig": false, "Icao": "ABDF3F", "Bad": false, "Reg": "N864RW", "FSeen": "/Date(1544398181491)/", "TSecs": 6343, "CMsgs": 3218, "Alt": 1575, "GAlt": 1894, "InHg": 30.239172, "AltT": 0, "Call": "RPA3626", "Lat": 40.788559, "Long": -74.103095, "PosTime": 1544404519990, "Mlat": true, "Tisb": false, "Spd": 517.6, "Trak": 201.8, "TrkH": false, "Type": "E170", "Mdl": "2006 EMBRAER ERJ 170-100 SE", "Man": "Embraer", "CNum": "17000117", "Op": "SHUTTLE AMERICA CORP     - INDIANAPOLIS, IN", "OpIcao": "RPA", "Sqk": "3014", "Help": false, "Vsi": 64, "VsiT": 0, "Dst": 31.61, "Brng": 301.0, "WTC": 2, "Species": 1, "Engines": "2", "EngType": 3, "EngMount": 0, "Mil": false, "Cou": "United States", "HasPic": false, "Interested": false, "FlightsCount": 0, "Gnd": false, "SpdTyp": 0, "CallSus": false, "Trt": 2, "Year": "2006"}, {"Id": 11181572, "Rcvr": 1, "HasSig": true, "Sig": 118, "Icao": "AA9E04", "Bad": false, "Reg": "N7830A", "FSeen": "/Date(1544398114191)/", "TSecs": 6410, "CMsgs": 3097, "Alt": -250, "GAlt": 60, "InHg": 30.2096462, "AltT": 0, "Call": "SWA1277", "Lat": 40.777199, "Long": -73.870293, "PosTime": 1544404476002, "Mlat": false, "Tisb": false, "Spd": 0.0, "Trak": 122.4, "TrkH": false, "Type": "B737", "Mdl": " BOEING 737-7L9", "Man": "Boeing", "CNum": "28008", "From": "KFLL Fort Lauderdale Hollywood, United States", "To": "KPVD Theodore Francis Green State, Providence, United States", "Stops": ["KBWI Baltimore/Washington International Thurgood Marshal, Baltimore, United States"], "Op": "Southwest Airlines", "OpIcao": "SWA", "Sqk": "7217", "Help": false, "Vsi": -640, "VsiT": 1, "Dst": 16.75, "Brng": 333.4, "WTC": 2, "Species": 1, "Engines": "2", "EngType": 3, "EngMount": 0, "Mil": false, "Cou": "United States", "HasPic": false, "Interested": false, "FlightsCount": 0, "Gnd": true, "SpdTyp": 0, "CallSus": false, "Trt": 2}, {"Id": 10502603, "Rcvr": 1, "HasSig": false, "Icao": "A041CB", "Bad": false, "Reg": "N11548", "FSeen": "/Date(1544397859794)/", "TSecs": 6664, "CMsgs": 3478, "Alt": -250, "GAlt": 69, "InHg": 30.2388229, "AltT": 0, "TAlt": 3008, "Call": "ASQ4052", "Lat": 40.687454, "Long": -74.167984, "PosTime": 1544404523196, "Mlat": false, "Tisb": false, "Spd": 56.0, "Trak": 202.6, "TrkH": false, "Type": "E145", "Mdl": "2002 EMBRAER EMB-145LR", "Man": "Embraer", "CNum": "145565", "Op": "WELLS FARGO BANK NORTHWEST NA TRUSTEE     - SALT LAKE CITY, UT", "OpIcao": "ASQ", "Sqk": "3140", "Help": false, "Vsi": 128, "VsiT": 1, "Dst": 33.0, "Brng": 278.8, "WTC": 2, "Species": 1, "Engines": "2", "EngType": 3, "EngMount": 1, "Mil": false, "Cou": "United States", "HasPic": false, "Interested": false, "FlightsCount": 0, "Gnd": true, "SpdTyp": 0, "CallSus": false, "Trt": 5, "Year": "2002"}, {"Id": 10806584, "Rcvr": 1, "HasSig": true, "Sig": 177, "Icao": "A4E538", "Bad": false, "Reg": "N414YX", "FSeen": "/Date(1544397536650)/", "TSecs": 6987, "CMsgs": 3678, "Alt": 2750, "GAlt": 3045, "InHg": 30.2151985, "AltT": 0, "TAlt": 3008, "Call": "RPA4716", "Lat": 40.901541, "Long": -73.684117, "PosTime": 1544404523195, "Mlat": false, "Tisb": false, "Spd": 175.6, "Trak": 343.1, "TrkH": false, "Type": "E75L", "Mdl": "2013 EMBRAER ERJ170-200LR", "Man": "Embraer", "CNum": "17000377", "Op": "REPUBLIC AIRLINE INC     - INDIANAPOLIS, IN", "OpIcao": "RPA", "Sqk": "1612", "Help": false, "Vsi": -128, "VsiT": 0, "Dst": 29.95, "Brng": 15.8, "WTC": 2, "Species": 1, "Engines": "2", "EngType": 3, "EngMount": 0, "Mil": false, "Cou": "United States", "HasPic": false, "Interested": false, "FlightsCount": 0, "Gnd": false, "SpdTyp": 0, "CallSus": false, "Trt": 2, "Year": "2013"}, {"Id": 10694567, "Rcvr": 1, "HasSig": true, "Sig": 181, "Icao": "A32FA7", "Bad": false, "Reg": "N304RB", "FSeen": "/Date(1544397460753)/", "TSecs": 7063, "CMsgs": 3606, "Alt": 35325, "GAlt": 35316, "InHg": 29.911417, "AltT": 0, "TAlt": 27008, "Call": "AAL1054", "Lat": 40.398331, "Long": -73.884094, "PosTime": 1544404523195, "Mlat": false, "Tisb": false, "Spd": 552.7, "Trak": 36.0, "TrkH": false, "TTrk": 45.0, "Type": "B38M", "Mdl": "Boeing 737MAX 8", "Man": "Boeing", "CNum": "44463", "From": "KMIA Miami, United States", "To": "KBOS General Edward Lawrence Logan, Boston, United States", "Op": "American Airlines", "OpIcao": "AAL", "Sqk": "6036", "Help": false, "Vsi": -960, "VsiT": 1, "Dst": 28.51, "Brng": 197.8, "WTC": 2, "Species": 1, "Engines": "2", "EngType": 3, "EngMount": 0, "Mil": false, "Cou": "United States", "HasPic": false, "Interested": false, "FlightsCount": 0, "Gnd": false, "SpdTyp": 0, "CallSus": false, "Trt": 5, "Year": "2017"}, {"Id": 11057338, "Rcvr": 1, "HasSig": true, "Sig": 78, "Icao": "A8B8BA", "Bad": false, "Reg": "N661JB", "FSeen": "/Date(1544397381479)/", "TSecs": 7143, "CMsgs": 3638, "Alt": 2325, "GAlt": 2615, "InHg": 30.2096462, "AltT": 0, "Call": "JBU128", "Lat": 40.82729, "Long": -74.080686, "PosTime": 1544404523195, "Mlat": false, "Tisb": false, "Spd": 175.4, "Trak": 187.2, "TrkH": false, "Type": "A320", "Mdl": "2007 AIRBUS A320-232", "Man": "Airbus", "CNum": "3228", "From": "KJFK John F Kennedy, New York, United States", "To": "KBTV Burlington, United States", "Op": "JetBlue Airways", "OpIcao": "JBU", "Sqk": "3267", "Help": false, "Vsi": -704, "VsiT": 0, "Dst": 32.54, "Brng": 309.3, "WTC": 2, "Species": 1, "Engines": "2", "EngType": 3, "EngMount": 0, "Mil": false, "Cou": "United States", "HasPic": false, "Interested": false, "FlightsCount": 0, "Gnd": false, "SpdTyp": 0, "CallSus": false, "Trt": 2, "Year": "2007"}, {"Id": 11160602, "Rcvr": 1, "HasSig": false, "Icao": "AA4C1A", "Bad": false, "Reg": "N76254", "FSeen": "/Date(1544396987774)/", "TSecs": 7536, "CMsgs": 3890, "Alt": -275, "GAlt": -114, "InHg": 30.0797253, "AltT": 0, "Lat": 40.711422, "Long": -74.152659, "PosTime": 1544404523194, "Mlat": true, "Tisb": false, "Spd": 500.7, "Trak": 206.0, "TrkH": false, "Type": "B738", "Mdl": "BOEING 737-824", "Man": "Boeing", "CNum": "30779", "Op": "United Airlines", "OpIcao": "UAL", "Sqk": "7343", "Help": false, "Vsi": 0, "VsiT": 0, "Dst": 32.24, "Brng": 283.9, "WTC": 2, "Species": 1, "Engines": "2", "EngType": 3, "EngMount": 0, "Mil": false, "Cou": "United States", "HasPic": false, "Interested": false, "FlightsCount": 0, "Gnd": true, "SpdTyp": 0, "CallSus": false, "Trt": 2, "Year": "2000"}, {"Id": 10695463, "Rcvr": 1, "HasSig": true, "Sig": 144, "Icao": "A33327", "Bad": false, "Reg": "N305NX", "FSeen": "/Date(1544396197475)/", "TSecs": 8327, "CMsgs": 4205, "Alt": -275, "GAlt": -262, "InHg": 29.93171, "AltT": 0, "TAlt": 10016, "Lat": 40.783905, "Long": -73.871948, "PosTime": 1544404493784, "Mlat": false, "Tisb": false, "Spd": 142.6, "Trak": 212.7, "TrkH": false, "TTrk": 47.109375, "Type": "B738", "Mdl": "737-823", "Man": "Boeing", "CNum": "31253", "Op": "American Airlines", "OpIcao": "AAL", "Sqk": "2103", "Help": false, "Vsi": -960, "VsiT": 1, "Dst": 17.48, "Brng": 334.1, "WTC": 2, "Species": 1, "Engines": "2", "EngType": 3, "EngMount": 0, "Mil": false, "Cou": "United States", "HasPic": false, "Interested": false, "FlightsCount": 0, "Gnd": true, "SpdTyp": 0, "CallSus": false, "Tag": "GT", "Trt": 5, "Year": "2016"}, {"Id": 11034613, "Rcvr": 1, "HasSig": true, "Sig": 107, "Icao": "A85FF5", "Bad": false, "Reg": "N639JB", "FSeen": "/Date(1544395822861)/", "TSecs": 8701, "CMsgs": 4062, "Alt": -250, "GAlt": 92, "InHg": 30.26245, "AltT": 0, "TAlt": 4000, "Call": "JBU1730", "Lat": 40.632492, "Long": -73.767388, "PosTime": 1544403822300, "Mlat": false, "PosStale": true, "Tisb": false, "Spd": 0.0, "Trak": 213.8, "TrkH": false, "TTrk": 40.078125, "Type": "A320", "Mdl": "2006 AIRBUS A320-232", "Man": "Airbus", "CNum": "2814", "From": "TXKF L.F. Wade International, Hamilton, Bermuda", "To": "KJFK John F Kennedy, New York, United States", "Op": "JetBlue Airways", "OpIcao": "JBU", "Sqk": "2000", "Help": false, "Vsi": -512, "VsiT": 0, "Dst": 1.62, "Brng": 133.5, "WTC": 2, "Species": 1, "Engines": "2", "EngType": 3, "EngMount": 0, "Mil": false, "Cou": "United States", "HasPic": false, "Interested": false, "FlightsCount": 0, "Gnd": true, "SpdTyp": 0, "CallSus": false, "Trt": 5, "Year": "2006"}, {"Id": 4739594, "Rcvr": 1, "HasSig": true, "Sig": 143, "Icao": "48520A", "Bad": false, "Reg": "PH-HXB", "FSeen": "/Date(1544395545417)/", "TSecs": 8979, "CMsgs": 4450, "Alt": -250, "GAlt": 92, "InHg": 30.26245, "AltT": 0, "TAlt": 3008, "Call": "SCX247", "Lat": 40.633118, "Long": -73.768799, "PosTime": 1544404408325, "Mlat": false, "Tisb": false, "Spd": 0.3, "Trak": 30.9, "TrkH": false, "TTrk": 227.109375, "Type": "B738", "Mdl": "Boeing 737NG 8K2/W", "Man": "Boeing", "CNum": "41340", "From": "KMSP Minneapolis-St Paul International/Wold-Chamberlain, Minneapolis, United States", "To": "KJFK John F Kennedy, New York, United States", "Op": "Transavia", "OpIcao": "TRA", "Sqk": "6263", "Help": false, "Vsi": -128, "VsiT": 0, "Dst": 1.48, "Brng": 134.7, "WTC": 2, "Species": 1, "Engines": "2", "EngType": 3, "EngMount": 0, "Mil": false, "Cou": "Netherlands", "HasPic": false, "Interested": false, "FlightsCount": 0, "Gnd": true, "SpdTyp": 0, "CallSus": false, "Trt": 5, "Year": "2016"}, {"Id": 10580168, "Rcvr": 1, "HasSig": false, "Icao": "A170C8", "Bad": false, "Reg": "N192NC", "FSeen": "/Date(1544395491886)/", "TSecs": 9032, "CMsgs": 3846, "Alt": -250, "GAlt": 40, "InHg": 30.2096462, "AltT": 0, "TAlt": 7008, "Call": "N192NC", "Lat": 40.853954, "Long": -74.055748, "PosTime": 1544404516166, "Mlat": false, "Tisb": false, "Spd": 0.0, "Trak": 25.3, "TrkH": false, "Type": "GLF4", "Mdl": "2008 GULFSTREAM AEROSPACE GIV-X (G450)", "Man": "Gulfstream Aerospace", "CNum": "4126", "Op": "SCP AVIATION LLC     - BOCA RATON, FL", "OpIcao": "TWY", "Sqk": "3734", "Help": false, "Vsi": -64, "VsiT": 0, "Dst": 32.98, "Brng": 315.6, "WTC": 2, "Species": 1, "Engines": "2", "EngType": 3, "EngMount": 1, "Mil": false, "Cou": "United States", "HasPic": false, "Interested": false, "FlightsCount": 0, "Gnd": true, "SpdTyp": 0, "CallSus": false, "Trt": 5, "Year": "2008"}, {"Id": 4224211, "Rcvr": 1, "HasSig": false, "Icao": "4074D3", "Bad": false, "Reg": "G-CKWC", "FSeen": "/Date(1544395252649)/", "TSecs": 9271, "CMsgs": 4449, "Alt": 34425, "GAlt": 34765, "InHg": 30.2598419, "AltT": 0, "TAlt": 4992, "Call": "NRS15Z", "Lat": 40.642296, "Long": -73.798141, "PosTime": 1544404432158, "Mlat": false, "Tisb": false, "Spd": 11.0, "Trak": 323.4, "TrkH": false, "TTrk": 310.078125, "Type": "B789", "Mdl": "Boeing 787 9", "Man": "Boeing", "CNum": "38893", "Op": "Norwegian Air UK", "OpIcao": "NRS", "Sqk": "0746", "Help": false, "Vsi": -128, "VsiT": 0, "Dst": 1.42, "Brng": 269.2, "WTC": 3, "Species": 1, "Engines": "2", "EngType": 3, "EngMount": 0, "Mil": false, "Cou": "United Kingdom", "HasPic": false, "Interested": false, "FlightsCount": 0, "Gnd": false, "SpdTyp": 0, "CallSus": false, "Trt": 5, "Year": "2018"}, {"Id": 10599952, "Rcvr": 1, "HasSig": false, "Icao": "A1BE10", "Bad": false, "Reg": "N211JQ", "FSeen": "/Date(1544394368418)/", "TSecs": 10156, "CMsgs": 4758, "Alt": -250, "GAlt": 40, "InHg": 30.2096462, "AltT": 0, "TAlt": 2016, "Call": "RPA5899", "Lat": 40.776409, "Long": -73.876785, "PosTime": 1544404368364, "Mlat": false, "PosStale": true, "Tisb": false, "Spd": 5.0, "Trak": 67.5, "TrkH": false, "Type": "E75S", "Mdl": "2008 EMBRAER-EMPRESA BRASILEIRA DE ERJ 170-200 LR", "Man": "Embraer", "CNum": "17000261", "Op": "SHUTTLE AMERICA CORP     - INDIANAPOLIS, IN", "OpIcao": "RPA", "Sqk": "2770", "Help": false, "Vsi": -64, "VsiT": 0, "Dst": 16.93, "Brng": 331.6, "WTC": 2, "Species": 1, "Engines": "2", "EngType": 3, "EngMount": 0, "Mil": false, "Cou": "United States", "HasPic": false, "Interested": false, "FlightsCount": 0, "Gnd": true, "SpdTyp": 0, "CallSus": false, "Trt": 5, "Year": "2008"}, {"Id": 10870044, "Rcvr": 1, "HasSig": false, "Icao": "A5DD1C", "Bad": false, "Reg": "N477WN", "FSeen": "/Date(1544394330807)/", "TSecs": 10193, "CMsgs": 4381, "Alt": 3725, "GAlt": 3976, "InHg": 30.1712589, "AltT": 0, "Lat": 40.6825, "Long": -73.9735, "PosTime": 1544404519986, "Mlat": true, "Tisb": false, "Spd": 513.0, "Trak": 81.7, "TrkH": false, "Type": "B737", "Mdl": "2004 BOEING 737-7H4", "Man": "Boeing", "CNum": "33988", "Op": "Southwest Airlines", "OpIcao": "SWA", "Sqk": "0531", "Help": false, "Vsi": 40, "VsiT": 0, "Dst": 16.81, "Brng": 285.4, "WTC": 2, "Species": 1, "Engines": "2", "EngType": 3, "EngMount": 0, "Mil": false, "Cou": "United States", "HasPic": false, "Interested": false, "FlightsCount": 0, "Gnd": false, "SpdTyp": 0, "CallSus": false, "Trt": 2, "Year": "2004"}, {"Id": 11373549, "Rcvr": 1, "HasSig": true, "Sig": 123, "Icao": "AD8BED", "Bad": false, "Reg": "N972JT", "FSeen": "/Date(1544394254578)/", "TSecs": 10269, "CMsgs": 3119, "Alt": -250, "GAlt": 92, "InHg": 30.26245, "AltT": 0, "TAlt": 4000, "Call": "JBU2809", "Lat": 40.658432, "Long": -73.791809, "PosTime": 1544396608212, "Mlat": false, "PosStale": true, "Tisb": false, "Spd": 0.0, "Trak": 191.3, "TrkH": false, "TTrk": 0.0, "Type": "A321", "Mdl": "Airbus A321 231SL", "Man": "Airbus", "CNum": "7455", "Op": "JetBlue Airways", "OpIcao": "JBU", "Sqk": "2000", "Help": false, "Vsi": -576, "VsiT": 0, "Dst": 1.98, "Brng": 333.4, "WTC": 2, "Species": 1, "Engines": "2", "EngType": 3, "EngMount": 0, "Mil": false, "Cou": "United States", "HasPic": false, "Interested": false, "FlightsCount": 0, "Gnd": true, "SpdTyp": 0, "CallSus": false, "Trt": 5, "Year": "2016"}, {"Id": 11382804, "Rcvr": 1, "HasSig": false, "Icao": "ADB014", "Bad": false, "Reg": "N981NN", "FSeen": "/Date(1544393669181)/", "TSecs": 10855, "CMsgs": 5325, "Alt": 3725, "GAlt": 4026, "InHg": 30.2096462, "AltT": 0, "TAlt": 10016, "Call": "AAL2716", "Lat": 40.787582, "Long": -73.751282, "PosTime": 1544404523192, "Mlat": false, "Tisb": false, "Spd": 259.0, "Trak": 49.1, "TrkH": false, "TTrk": 47.8125, "Type": "B738", "Mdl": " BOEING 737-823", "Man": "Boeing", "CNum": "31230", "From": "KJFK John F Kennedy, New York, United States", "To": "KCLT Charlotte Douglas, United States", "Op": "American Airlines", "OpIcao": "AAL", "Sqk": "2206", "Help": false, "Vsi": -64, "VsiT": 0, "Dst": 16.33, "Brng": 8.9, "WTC": 2, "Species": 1, "Engines": "2", "EngType": 3, "EngMount": 0, "Mil": false, "Cou": "United States", "HasPic": false, "Interested": false, "FlightsCount": 0, "Gnd": false, "SpdTyp": 0, "CallSus": false, "Trt": 5, "Year": "2015"}, {"Id": 10918036, "Rcvr": 1, "HasSig": true, "Sig": 148, "Icao": "A69894", "Bad": false, "Reg": "N524JB", "FSeen": "/Date(1544393624164)/", "TSecs": 10900, "CMsgs": 4592, "Alt": -250, "GAlt": -237, "InHg": 29.93171, "AltT": 0, "TAlt": 35008, "Call": "JBU2960", "Lat": 40.63262, "Long": -73.767653, "PosTime": 1544402499370, "Mlat": false, "PosStale": true, "Tisb": false, "Spd": 0.0, "Trak": 199.7, "TrkH": false, "TTrk": 0.0, "Type": "A320", "Mdl": "2001 AIRBUS INDUSTRIE A320-232", "Man": "Airbus", "CNum": "1528", "Op": "JetBlue Airways", "OpIcao": "JBU", "Sqk": "2000", "Help": false, "Vsi": -704, "VsiT": 0, "Dst": 1.59, "Brng": 133.6, "WTC": 2, "Species": 1, "Engines": "2", "EngType": 3, "EngMount": 0, "Mil": false, "Cou": "United States", "HasPic": false, "Interested": false, "FlightsCount": 0, "Gnd": true, "SpdTyp": 0, "CallSus": false, "Trt": 5, "Year": "2001"}, {"Id": 11103138, "Rcvr": 1, "HasSig": true, "Sig": 99, "Icao": "A96BA2", "Bad": false, "Reg": "N706JB", "FSeen": "/Date(1544393522677)/", "TSecs": 11001, "CMsgs": 3370, "Alt": 100400, "GAlt": 100742, "InHg": 30.26245, "AltT": 0, "TAlt": 4000, "Call": "JBU950", "Lat": 40.651291, "Long": -73.775894, "PosTime": 1544395940339, "Mlat": false, "PosStale": true, "Tisb": false, "Spd": 0.0, "Trak": 202.5, "TrkH": false, "TTrk": 0.0, "Type": "A320", "Mdl": "2008 AIRBUS A320-232", "Man": "Airbus", "CNum": "3451", "From": "KMCO Orlando, United States", "To": "KBOS General Edward Lawrence Logan, Boston, United States", "Op": "JetBlue Airways", "OpIcao": "JBU", "Sqk": "2000", "Help": false, "Vsi": -960, "VsiT": 0, "Dst": 1.08, "Brng": 24.9, "WTC": 2, "Species": 1, "Engines": "2", "EngType": 3, "EngMount": 0, "Mil": false, "Cou": "United States", "HasPic": false, "Interested": false, "FlightsCount": 0, "Gnd": true, "SpdTyp": 0, "CallSus": false, "Trt": 5, "Year": "2008"}, {"Id": 11234034, "Rcvr": 1, "HasSig": true, "Sig": 58, "Icao": "AB6AF2", "Bad": false, "Reg": "N835AE", "FSeen": "/Date(1544392113823)/", "TSecs": 12410, "CMsgs": 4361, "Alt": 9200, "GAlt": 9490, "InHg": 30.2096462, "AltT": 0, "Call": "ENY3346", "Lat": 40.775757, "Long": -73.877189, "PosTime": 1544404516123, "Mlat": false, "Tisb": false, "Spd": 3.0, "Trak": 40.0, "TrkH": false, "Type": "E135", "Mdl": "EMB-135KL", "Man": "Embraer", "CNum": "145634", "Op": "Envoy Air", "OpIcao": "ENY", "Sqk": "7404", "Help": false, "Vsi": -192, "VsiT": 0, "Dst": 16.88, "Brng": 331.4, "WTC": 2, "Species": 1, "Engines": "2", "EngType": 3, "EngMount": 1, "Mil": false, "Cou": "United States", "HasPic": false, "Interested": false, "FlightsCount": 0, "Gnd": true, "SpdTyp": 0, "CallSus": false, "Trt": 5, "Year": "2002"}, {"Id": 11172782, "Rcvr": 1, "HasSig": true, "Sig": 205, "Icao": "AA7BAE", "Bad": false, "Reg": "N775AV", "FSeen": "/Date(1544391441810)/", "TSecs": 13082, "CMsgs": 4080, "Alt": 2700, "GAlt": 3019, "InHg": 30.2388229, "AltT": 0, "TAlt": 3008, "Call": "TAI570", "Lat": 40.83297, "Long": -73.607088, "PosTime": 1544404523194, "Mlat": false, "Tisb": false, "Spd": 177.3, "Trak": 211.6, "TrkH": false, "TTrk": 250.3125, "Type": "A20N", "Mdl": "Airbus A320 251NSL", "Man": "Airbus", "CNum": "8240", "From": "MSLP El Salvador, Santa Clara, El Salvador", "To": "KJFK John F Kennedy, New York, United States", "Op": "Avianca", "OpIcao": "AVA", "Sqk": "7425", "Help": false, "Vsi": 0, "VsiT": 0, "Dst": 25.77, "Brng": 34.7, "WTC": 2, "Species": 1, "Engines": "2", "EngType": 3, "EngMount": 0, "Mil": false, "Cou": "United States", "HasPic": false, "Interested": false, "FlightsCount": 0, "Gnd": false, "SpdTyp": 0, "CallSus": false, "Trt": 5, "Year": "2018"}, {"Id": 10802659, "Rcvr": 1, "HasSig": false, "Icao": "A4D5E3", "Bad": false, "Reg": "N410UA", "FSeen": "/Date(1544388597804)/", "TSecs": 15926, "CMsgs": 5046, "Alt": -275, "GAlt": 74, "InHg": 30.2687035, "AltT": 0, "Call": "UAL856", "Lat": 40.708116, "Long": -74.15397, "PosTime": 1544398248903, "Mlat": true, "PosStale": true, "Tisb": false, "Spd": 533.0, "Trak": 43.0, "TrkH": false, "Type": "A320", "Mdl": "1994 AIRBUS INDUSTRIE A320-232", "Man": "Airbus", "CNum": "463", "From": "KLAX Los Angeles, United States", "To": "KIAD Washington Dulles, United States", "Op": "United Airlines", "OpIcao": "UAL", "Sqk": "1563", "Help": false, "Vsi": 42, "VsiT": 0, "Dst": 32.27, "Brng": 283.2, "WTC": 2, "Species": 1, "Engines": "2", "EngType": 3, "EngMount": 0, "Mil": false, "Cou": "United States", "HasPic": false, "Interested": false, "FlightsCount": 0, "Gnd": true, "SpdTyp": 0, "CallSus": false, "Trt": 2, "Year": "1994"}, {"Id": 11107787, "Rcvr": 1, "HasSig": false, "Icao": "A97DCB", "Bad": false, "Reg": "N710TW", "FSeen": "/Date(1544388593515)/", "TSecs": 15931, "CMsgs": 6809, "Alt": 12725, "GAlt": 12737, "InHg": 29.93171, "AltT": 0, "TAlt": 23008, "Call": "DAL1849", "Lat": 40.502495, "Long": -73.955406, "PosTime": 1544404519977, "Mlat": false, "Tisb": false, "Spd": 313.0, "Trak": 148.3, "TrkH": false, "TTrk": 129.375, "Type": "B752", "Mdl": "1997 BOEING 757-2Q8", "Man": "Boeing", "CNum": "28169", "From": "KCMH Port Columbus, United States", "To": "KSRQ Sarasota Bradenton, Sarasota/Bradenton, United States", "Stops": ["KATL Hartsfield Jackson Atlanta, United States"], "Op": "Delta Air Lines", "OpIcao": "DAL", "Sqk": "7765", "Help": false, "Vsi": 64, "VsiT": 0, "Dst": 21.42, "Brng": 223.4, "WTC": 2, "Species": 1, "Engines": "2", "EngType": 3, "EngMount": 0, "Mil": false, "Cou": "United States", "HasPic": false, "Interested": false, "FlightsCount": 0, "Gnd": false, "SpdTyp": 0, "CallSus": false, "Trt": 2, "Year": "1997"}, {"Id": 9015523, "Rcvr": 1, "HasSig": true, "Sig": 59, "Icao": "8990E3", "Bad": false, "Reg": "B-16721", "FSeen": "/Date(1544388060940)/", "TSecs": 16463, "CMsgs": 4832, "Alt": -250, "GAlt": 69, "InHg": 30.2388229, "AltT": 0, "TAlt": 2016, "Call": "EVA032", "Lat": 40.630394, "Long": -73.766739, "PosTime": 1544404504623, "Mlat": false, "Tisb": false, "Spd": 29.0, "Trak": 225.0, "TrkH": false, "TTrk": 250.3125, "Type": "B773", "Mdl": "Boeing 777 35EER", "Man": "Boeing", "CNum": "43290", "From": "RCTP Taiwan Taoyuan, Taipei, Taiwan", "To": "KJFK John F Kennedy, New York, United States", "Op": "EVA Air", "OpIcao": "EVA", "Sqk": "4122", "Help": false, "Vsi": -128, "VsiT": 1, "Dst": 1.82, "Brng": 137.6, "WTC": 3, "Species": 1, "Engines": "2", "EngType": 3, "EngMount": 0, "Mil": false, "Cou": "Taiwan", "HasPic": false, "Interested": false, "FlightsCount": 0, "Gnd": true, "SpdTyp": 0, "CallSus": false, "Trt": 5, "Year": "2015"}, {"Id": 11274786, "Rcvr": 1, "HasSig": true, "Sig": 103, "Icao": "AC0A22", "Bad": false, "Reg": "N875NN", "FSeen": "/Date(1544387930975)/", "TSecs": 16593, "CMsgs": 6628, "Alt": 2700, "GAlt": 2990, "InHg": 30.2096462, "AltT": 0, "TAlt": 3008, "Call": "AAL2434", "Lat": 40.860296, "Long": -73.533929, "PosTime": 1544404523180, "Mlat": false, "Tisb": false, "Spd": 173.5, "Trak": 244.0, "TrkH": false, "TTrk": 260.15625, "Type": "B738", "Mdl": "2011 BOEING 737-823", "Man": "Boeing", "CNum": "33220", "From": "KDFW Dallas Fort Worth, Dallas-Fort Worth, United States", "To": "KMCO Orlando, United States", "Op": "American Airlines", "OpIcao": "AAL", "Sqk": "1570", "Help": false, "Vsi": 0, "VsiT": 0, "Dst": 31.95, "Brng": 40.6, "WTC": 2, "Species": 1, "Engines": "2", "EngType": 3, "EngMount": 0, "Mil": false, "Cou": "United States", "HasPic": false, "Interested": false, "FlightsCount": 0, "Gnd": false, "SpdTyp": 0, "CallSus": false, "Trt": 5, "Year": "2011"}, {"Id": 11329635, "Rcvr": 1, "HasSig": true, "Sig": 107, "Icao": "ACE063", "Bad": false, "Reg": "N929JB", "FSeen": "/Date(1544387178652)/", "TSecs": 17345, "CMsgs": 7163, "Alt": 3700, "GAlt": 4019, "InHg": 30.2388229, "AltT": 0, "TAlt": 4000, "Call": "JBU424", "Lat": 40.43141, "Long": -73.553342, "PosTime": 1544404523180, "Mlat": false, "Tisb": false, "Spd": 263.6, "Trak": 28.8, "TrkH": false, "TTrk": 42.1875, "Type": "A321", "Mdl": "2014 AIRBUS INDUSTRIE A321-231", "Man": "Airbus", "CNum": "6031", "From": "KLAX Los Angeles, United States", "To": "KJFK John F Kennedy, New York, United States", "Op": "JetBlue Airways", "OpIcao": "JBU", "Sqk": "3066", "Help": false, "Vsi": 0, "VsiT": 0, "Dst": 30.36, "Brng": 140.6, "WTC": 2, "Species": 1, "Engines": "2", "EngType": 3, "EngMount": 0, "Mil": false, "Cou": "United States", "HasPic": false, "Interested": false, "FlightsCount": 0, "SpdTyp": 0, "CallSus": false, "Trt": 2, "Year": "2014"}, {"Id": 10990013, "Rcvr": 1, "HasSig": false, "Icao": "A7B1BD", "Bad": false, "Reg": "N595UA", "FSeen": "/Date(1544387041415)/", "TSecs": 17483, "CMsgs": 6914, "Alt": 650, "GAlt": 951, "InHg": 30.2214565, "AltT": 0, "TAlt": 7008, "Call": "UAL753", "Lat": 40.732178, "Long": -74.139343, "PosTime": 1544404523191, "Mlat": false, "Tisb": false, "Spd": 126.0, "Trak": 205.8, "TrkH": false, "TTrk": 116.71875, "Type": "B752", "Mdl": "1998 BOEING 757-222", "Man": "Boeing", "CNum": "28748", "From": "KBWI Baltimore/Washington International Thurgood Marshal, Baltimore, United States", "To": "KSFO San Francisco, United States", "Op": "United Airlines", "OpIcao": "UAL", "Sqk": "6510", "Help": false, "Vsi": -640, "VsiT": 1, "Dst": 31.8, "Brng": 288.4, "WTC": 2, "Species": 1, "Engines": "2", "EngType": 3, "EngMount": 0, "Mil": false, "Cou": "United States", "HasPic": false, "Interested": false, "FlightsCount": 0, "Gnd": false, "SpdTyp": 0, "CallSus": false, "Trt": 5, "Year": "1998"}, {"Id": 11394709, "Rcvr": 1, "HasSig": true, "Sig": 216, "Icao": "ADDE95", "Bad": false, "Reg": "N993JE", "FSeen": "/Date(1544386599639)/", "TSecs": 17924, "CMsgs": 6846, "Alt": 16175, "GAlt": 16517, "InHg": 30.26245, "AltT": 0, "TAlt": 16000, "Call": "JBU416", "Lat": 40.821983, "Long": -74.015704, "PosTime": 1544404523192, "Mlat": false, "Tisb": false, "Spd": 333.5, "Trak": 163.6, "TrkH": false, "TTrk": 180.0, "Type": "A321", "Mdl": "Airbus A321 231SL", "Man": "Airbus", "CNum": "8143", "From": "KSFO San Francisco, United States", "To": "KJFK John F Kennedy, New York, United States", "Op": "JetBlue Airways", "OpIcao": "JBU", "Sqk": "3757", "Help": false, "Vsi": -2048, "VsiT": 1, "Dst": 28.08, "Brng": 315.4, "WTC": 2, "Species": 1, "Engines": "2", "EngType": 3, "EngMount": 0, "Mil": false, "Cou": "United States", "HasPic": false, "Interested": false, "FlightsCount": 0, "Gnd": false, "SpdTyp": 0, "CallSus": false, "Trt": 5, "Year": "2018"}, {"Id": 11110640, "Rcvr": 1, "HasSig": true, "Sig": 117, "Icao": "A988F0", "Bad": false, "Reg": "N713TW", "FSeen": "/Date(1544386264871)/", "TSecs": 18259, "CMsgs": 7037, "Alt": -225, "GAlt": 94, "InHg": 30.2388229, "AltT": 0, "TAlt": 2016, "Call": "DAL1583", "Lat": 40.632551, "Long": -73.767513, "PosTime": 1544404485128, "Mlat": false, "Tisb": false, "Spd": 21.0, "Trak": 298.1, "TrkH": false, "TTrk": 250.3125, "Type": "B752", "Mdl": "1997 BOEING 757-2Q8", "Man": "Boeing", "CNum": "28173", "From": "KSFO San Francisco, United States", "To": "KJFK John F Kennedy, New York, United States", "Op": "Delta Air Lines", "OpIcao": "DAL", "Sqk": "1567", "Help": false, "Vsi": -256, "VsiT": 0, "Dst": 1.6, "Brng": 133.6, "WTC": 2, "Species": 1, "Engines": "2", "EngType": 3, "EngMount": 0, "Mil": false, "Cou": "United States", "HasPic": false, "Interested": false, "FlightsCount": 0, "Gnd": true, "SpdTyp": 0, "CallSus": false, "Trt": 5, "Year": "1997"}, {"Id": 11249785, "Rcvr": 1, "HasSig": false, "Icao": "ABA879", "Bad": false, "Reg": "N850MP", "FSeen": "/Date(1544384284221)/", "TSecs": 20240, "CMsgs": 5526, "Alt": -275, "GAlt": 35, "InHg": 30.2096462, "AltT": 0, "TAlt": 4000, "Call": "N850MP", "Lat": 40.85416, "Long": -74.055214, "PosTime": 1544404476003, "Mlat": false, "Tisb": false, "Spd": 0.0, "Trak": 208.1, "TrkH": false, "TTrk": 40.078125, "Type": "GLEX", "Mdl": "Bombardier Global 6000", "Man": "Bombardier", "CNum": "9733", "Op": "TVPX ARS Inc Trustee", "OpIcao": "TWY", "Sqk": "2621", "Help": false, "Vsi": -640, "VsiT": 0, "Dst": 32.96, "Brng": 315.7, "WTC": 2, "Species": 1, "Engines": "2", "EngType": 3, "EngMount": 1, "Mil": false, "Cou": "United States", "HasPic": false, "Interested": false, "FlightsCount": 0, "Gnd": true, "SpdTyp": 0, "CallSus": false, "Trt": 5, "Year": "2015"}, {"Id": 11118416, "Rcvr": 1, "HasSig": true, "Sig": 108, "Icao": "A9A750", "Bad": false, "Reg": "N721AN", "FSeen": "/Date(1544384085394)/", "TSecs": 20439, "CMsgs": 4413, "Alt": 1675, "GAlt": 1965, "InHg": 30.2096462, "AltT": 0, "Call": "AAL107", "Lat": 40.747732, "Long": -73.674629, "PosTime": 1544404523193, "Mlat": false, "Tisb": false, "Spd": 165.2, "Trak": 211.4, "TrkH": false, "Type": "B77W", "Mdl": "2013 BOEING 777-323ER", "Man": "Boeing", "CNum": "31546", "From": "EGLL London Heathrow, United Kingdom", "To": "KJFK John F Kennedy, New York, United States", "Op": "American Airlines", "OpIcao": "AAL", "Sqk": "6333", "Help": false, "Vsi": -64, "VsiT": 0, "Dst": 14.76, "Brng": 37.5, "WTC": 3, "Species": 1, "Engines": "2", "EngType": 3, "EngMount": 0, "Mil": false, "Cou": "United States", "HasPic": false, "Interested": false, "FlightsCount": 0, "Gnd": false, "SpdTyp": 0, "CallSus": false, "Trt": 2, "Year": "2013", "Sat": true}, {"Id": 11246998, "Rcvr": 1, "HasSig": false, "Icao": "AB9D96", "Bad": false, "Reg": "N848AE", "FSeen": "/Date(1544382002214)/", "TSecs": 22522, "CMsgs": 5124, "Alt": -250, "GAlt": 40, "InHg": 30.2096462, "AltT": 0, "Call": "ENY4093", "Lat": 40.77813, "Long": -73.874725, "PosTime": 1544404462270, "Mlat": false, "Tisb": false, "Spd": 0.0, "Trak": 57.6, "TrkH": false, "Type": "E135", "Mdl": "2003 EMBRAER EMB-135KL", "Man": "Embraer", "CNum": "145710", "Op": "AMERICAN AIRLINES INC     - FORT WORTH, TX", "OpIcao": "ENY", "Sqk": "6605", "Help": false, "Vsi": -768, "VsiT": 0, "Dst": 17.02, "Brng": 332.5, "WTC": 2, "Species": 1, "Engines": "2", "EngType": 3, "EngMount": 1, "Mil": false, "Cou": "United States", "HasPic": false, "Interested": false, "FlightsCount": 0, "Gnd": true, "SpdTyp": 0, "CallSus": false, "Trt": 5, "Year": "2003"}, {"Id": 4703690, "Rcvr": 1, "HasSig": false, "Icao": "47C5CA", "Bad": false, "Reg": "LN-LNG", "FSeen": "/Date(1544375255778)/", "TSecs": 29268, "CMsgs": 4528, "Alt": -250, "GAlt": 60, "InHg": 30.2303143, "AltT": 0, "TAlt": 4992, "Call": "NAX5W", "Lat": 40.640709, "Long": -73.792747, "PosTime": 1544404508300, "Mlat": false, "Tisb": false, "Spd": 1.0, "Trak": 354.4, "TrkH": false, "TTrk": 300.234375, "Type": "B788", "Mdl": "Boeing 787 8", "Man": "Boeing", "CNum": "35314", "Op": "Norwegian", "OpIcao": "NAX", "Sqk": "0740", "Help": false, "Vsi": -64, "VsiT": 0, "Dst": 0.99, "Brng": 258.5, "WTC": 3, "Species": 1, "Engines": "2", "EngType": 3, "EngMount": 0, "Mil": false, "Cou": "Norway", "HasPic": false, "Interested": false, "FlightsCount": 0, "Gnd": true, "SpdTyp": 0, "CallSus": false, "Trt": 5, "Year": "2014", "Sat": true}], "totalAc": 5681, "lastDv": "636798037997863532", "shtTrlSec": 65, "stm": 1544404524485}