{"src": 1, "feeds": [{"id": 1, "name": "From Cons", "polarPlot": false}], "srcFeed": 1, "showSil": true, "showFlg": true, "showPic": true, "flgH": 20, "flgW": 85, "acList": [{"Id": 7453750, "Rcvr": 1, "HasSig": false, "Icao": "71BC36", "Bad": false, "Reg": "HL7436", "FSeen": "/Date(1544431895055)/", "TSecs": 1034, "CMsgs": 48, "Alt": -100, "GAlt": 101, "InHg": 30.1210632, "AltT": 0, "Call": "AAR942", "Lat": 40.642406, "Long": -73.772537, "PosTime": 1544432869896, "Mlat": false, "Tisb": false, "Spd": 12.0, "Trak": 210.6, "TrkH": false, "Type": "B744", "Mdl": "Boeing 747 48EFSCD", "Man": "Boeing", "CNum": "29170", "From": "KJFK John F Kennedy, New York, United States", "To": "RKSI Incheon, Seoul, South Korea", "Stops": ["EBBR Brussels, Belgium", "ZBTJ Tianjin Binhai, China"], "Op": "Asiana Airlines", "OpIcao": "AAR", "Sqk": "2620", "Help": false, "VsiT": 0, "Dst": 0.74, "Brng": 90.7, "WTC": 3, "Species": 1, "Engines": "4", "EngType": 3, "EngMount": 0, "Mil": false, "Cou": "South Korea", "HasPic": false, "Interested": false, "FlightsCount": 0, "Gnd": true, "SpdTyp": 0, "CallSus": false, "Trt": 2, "Year": "2002"}, {"Id": 11371631, "Rcvr": 1, "HasSig": false, "Icao": "AD846F", "Bad": false, "Reg": "N970JB", "FSeen": "/Date(1544424986614)/", "TSecs": 7943, "CMsgs": 4618, "Alt": -125, "GAlt": 55, "InHg": 30.1003933, "AltT": 0, "TAlt": 2016, "Call": "JBU837", "Lat": 40.646198, "Long": -73.77449, "PosTime": 1544432926352, "Mlat": false, "Tisb": false, "Spd": 0.0, "Trak": 138.6, "TrkH": false, "TTrk": 0.0, "Type": "A321", "Mdl": "Airbus A321 231SL", "Man": "Airbus", "CNum": "7415", "From": "KJFK John F Kennedy, New York, United States", "To": "MDST Cibao, Santiago, Dominican Republic", "Op": "JetBlue Airways", "OpIcao": "JBU", "Sqk": "2000", "Help": false, "Vsi": -192, "VsiT": 0, "Dst": 0.71, "Brng": 54.2, "WTC": 2, "Species": 1, "Engines": "2", "EngType": 3, "EngMount": 0, "Mil": false, "Cou": "United States", "HasPic": false, "Interested": false, "FlightsCount": 0, "Gnd": true, "SpdTyp": 0, "CallSus": false, "Trt": 5, "Year": "2016"}, {"Id": 11334991, "Rcvr": 1, "HasSig": true, "Sig": 107, "Icao": "ACF54F", "Bad": false, "Reg": "N934JB", "FSeen": "/Date(1544403282151)/", "TSecs": 29647, "CMsgs": 16243, "Alt": 14700, "GAlt": 14901, "InHg": 30.1003933, "AltT": 0, "TAlt": 3000, "Call": "JBU1224", "Lat": 40.647028, "Long": -73.775815, "PosTime": 1544432928169, "Mlat": false, "Tisb": false, "Spd": 0.0, "Trak": 319.8, "TrkH": false, "TTrk": 130.0, "Type": "A321", "Mdl": "2014 AIRBUS INDUSTRIE A321-231", "Man": "Airbus", "CNum": "6130", "From": "KLAX Los Angeles, United States", "To": "KJFK John F Kennedy, New York, United States", "Op": "JetBlue Airways", "OpIcao": "JBU", "Sqk": "7370", "Help": false, "Vsi": -704, "VsiT": 0, "Dst": 0.68, "Brng": 42.4, "WTC": 2, "Species": 1, "Engines": "2", "EngType": 3, "EngMount": 0, "Mil": false, "Cou": "United States", "HasPic": false, "Interested": false, "FlightsCount": 0, "Gnd": true, "SpdTyp": 0, "CallSus": false, "Trt": 4, "Year": "2014"}, {"Id": 11309223, "Rcvr": 1, "HasSig": false, "Icao": "AC90A7", "Bad": false, "Reg": "N909AM", "FSeen": "/Date(1544402272658)/", "TSecs": 30657, "CMsgs": 8882, "Alt": -225, "GAlt": 56, "InHg": 30.088583, "AltT": 0, "TAlt": 3008, "Call": "AAL1207", "Lat": 40.776768, "Long": -73.874802, "PosTime": 1544432899938, "Mlat": false, "Tisb": false, "Spd": 0.0, "Trak": 140.1, "TrkH": false, "TTrk": 70.3125, "Type": "A321", "Mdl": "Airbus A321 231SL", "Man": "Airbus", "CNum": "7756", "From": "KDFW Dallas Fort Worth, Dallas-Fort Worth, United States", "To": "KSAN San Diego, United States", "Op": "American Airlines", "OpIcao": "AAL", "Sqk": "6211", "Help": false, "Vsi": -896, "VsiT": 0, "Dst": 16.88, "Brng": 332.2, "WTC": 2, "Species": 1, "Engines": "2", "EngType": 3, "EngMount": 0, "Mil": false, "Cou": "United States", "HasPic": false, "Interested": false, "FlightsCount": 0, "Gnd": true, "SpdTyp": 0, "CallSus": false, "Trt": 5, "Year": "2017"}], "totalAc": 4862, "lastDv": "636799733150308962", "shtTrlSec": 65, "stm": 1544432929510}