{"src": 1, "feeds": [{"id": 1, "name": "From Cons", "polarPlot": false}], "srcFeed": 1, "showSil": true, "showFlg": true, "showPic": true, "flgH": 20, "flgW": 85, "acList": [{"Id": 11191284, "Rcvr": 1, "HasSig": true, "Sig": 56, "Icao": "AAC3F4", "Bad": false, "Reg": "N793JB", "FSeen": "/Date(1544421808357)/", "TSecs": 3972, "CMsgs": 2253, "Alt": -150, "GAlt": 51, "InHg": 30.1210632, "AltT": 0, "TAlt": 4000, "Call": "JBU1562", "Lat": 40.642175, "Long": -73.778796, "PosTime": 1544425779638, "Mlat": false, "Tisb": false, "Spd": 1.3, "Trak": 8.4, "TrkH": false, "TTrk": 0.0, "Type": "A320", "Mdl": "2011 AIRBUS A320-232", "Man": "Airbus", "CNum": "4647", "From": "TBPB Sir Grantley Adams, Bridgetown, Barbados", "To": "KJFK John F Kennedy, New York, United States", "Op": "JetBlue Airways", "OpIcao": "JBU", "Sqk": "2711", "Help": false, "Vsi": -128, "VsiT": 0, "Dst": 0.21, "Brng": 99.4, "WTC": 2, "Species": 1, "Engines": "2", "EngType": 3, "EngMount": 0, "Mil": false, "Cou": "United States", "HasPic": false, "Interested": false, "FlightsCount": 0, "Gnd": true, "SpdTyp": 0, "CallSus": false, "Trt": 5, "Year": "2011"}, {"Id": 11001427, "Rcvr": 1, "HasSig": false, "Icao": "A7DE53", "Bad": false, "Reg": "N606JB", "FSeen": "/Date(1544418813874)/", "TSecs": 6966, "CMsgs": 4232, "Alt": 2175, "GAlt": 2305, "InHg": 30.0501976, "AltT": 0, "TAlt": 28992, "Call": "JBU576", "Lat": 40.511581, "Long": -73.530518, "PosTime": 1544425777896, "Mlat": false, "Tisb": false, "Spd": 188.0, "Trak": 331.5, "TrkH": false, "TTrk": 70.3125, "Type": "A320", "Mdl": "2005 AIRBUS A320-232", "Man": "Airbus", "CNum": "2384", "From": "KMSY Louis Armstrong New Orleans, United States", "To": "KJFK John F Kennedy, New York, United States", "Op": "JetBlue Airways", "OpIcao": "JBU", "Sqk": "4626", "Help": false, "Vsi": -1216, "VsiT": 0, "Dst": 25.7, "Brng": 124.4, "WTC": 2, "Species": 1, "Engines": "2", "EngType": 3, "EngMount": 0, "Mil": false, "Cou": "United States", "HasPic": false, "Interested": false, "FlightsCount": 0, "Gnd": false, "SpdTyp": 0, "CallSus": false, "Trt": 5, "Year": "2005"}, {"Id": 794771, "Rcvr": 1, "HasSig": false, "Icao": "0C2093", "Bad": false, "Reg": "HP-1832CMP", "FSeen": "/Date(1544418362177)/", "TSecs": 7418, "CMsgs": 3670, "Alt": 1725, "GAlt": 1926, "InHg": 30.1210632, "AltT": 0, "TAlt": 36992, "Call": "CMP808", "Lat": 40.582191, "Long": -73.623817, "PosTime": 1544425779638, "Mlat": false, "Tisb": false, "Spd": 172.0, "Trak": 303.1, "TrkH": false, "TTrk": 26.71875, "Type": "B738", "Mdl": "Boeing 737NG 8V3/W", "Man": "Boeing", "CNum": "40789", "Op": "Copa Airlines", "OpIcao": "CMP", "Sqk": "1642", "Help": false, "Vsi": 0, "VsiT": 1, "Dst": 14.89, "Brng": 116.7, "WTC": 2, "Species": 1, "Engines": "2", "EngType": 3, "EngMount": 0, "Mil": false, "Cou": "Panama", "HasPic": false, "Interested": false, "FlightsCount": 0, "Gnd": false, "SpdTyp": 0, "CallSus": false, "Trt": 5, "Year": "2013"}, {"Id": 10723893, "Rcvr": 1, "HasSig": true, "Sig": 72, "Icao": "A3A235", "Bad": false, "Reg": "N333NW", "FSeen": "/Date(1544418299619)/", "TSecs": 7480, "CMsgs": 4108, "Alt": -150, "GAlt": 51, "InHg": 30.1210632, "AltT": 0, "TAlt": 18016, "Call": "DAL2963", "Lat": 40.638439, "Long": -73.791951, "PosTime": 1544425774853, "Mlat": false, "Tisb": false, "Spd": 17.0, "Trak": 120.9, "TrkH": false, "TTrk": 0.0, "Type": "A320", "Mdl": "1992 AIRBUS INDUSTRIE A320-211", "Man": "Airbus", "CNum": "329", "Op": "Delta Air Lines", "OpIcao": "DAL", "Sqk": "7477", "Help": false, "Vsi": -128, "VsiT": 0, "Dst": 1.01, "Brng": 243.4, "WTC": 2, "Species": 1, "Engines": "2", "EngType": 3, "EngMount": 0, "Mil": false, "Cou": "United States", "HasPic": false, "Interested": false, "FlightsCount": 0, "Gnd": true, "SpdTyp": 0, "CallSus": false, "Trt": 5, "Year": "1992"}, {"Id": 10571744, "Rcvr": 1, "HasSig": true, "Sig": 219, "Icao": "A14FE0", "Bad": false, "Reg": "N184DN", "FSeen": "/Date(1544415120071)/", "TSecs": 10660, "CMsgs": 5049, "Alt": 2175, "GAlt": 2376, "InHg": 30.1207027, "AltT": 0, "TAlt": 2016, "Call": "DAL948", "Lat": 40.407901, "Long": -73.68524, "PosTime": 1544425776034, "Mlat": false, "Tisb": false, "Spd": 232.6, "Trak": 16.5, "TrkH": false, "TTrk": 30.234375, "Type": "B763", "Mdl": "1993 BOEING 767-332", "Man": "Boeing", "CNum": "27111", "From": "MMMX Licenciado Benito Juarez, Mexico City, Mexico", "To": "KJFK John F Kennedy, New York, United States", "Op": "Delta Air Lines", "OpIcao": "DAL", "Sqk": "2402", "Help": false, "Vsi": -1344, "VsiT": 0, "Dst": 27.32, "Brng": 162.7, "WTC": 3, "Species": 1, "Engines": "2", "EngType": 3, "EngMount": 0, "Mil": false, "Cou": "United States", "HasPic": false, "Interested": false, "FlightsCount": 0, "Gnd": false, "SpdTyp": 0, "CallSus": false, "Trt": 5, "Year": "1993"}, {"Id": 11334991, "Rcvr": 1, "HasSig": true, "Sig": 112, "Icao": "ACF54F", "Bad": false, "Reg": "N934JB", "FSeen": "/Date(1544403282151)/", "TSecs": 22498, "CMsgs": 13098, "Alt": 5190, "GAlt": 5391, "InHg": 30.1210632, "AltT": 0, "TAlt": 3000, "Call": "JBU1224", "Lat": 40.646954, "Long": -73.775757, "PosTime": 1544425777884, "Mlat": false, "Tisb": false, "Spd": 0.0, "Trak": 3.8, "TrkH": false, "TTrk": 130.0, "Type": "A321", "Mdl": "2014 AIRBUS INDUSTRIE A321-231", "Man": "Airbus", "CNum": "6130", "From": "KLAX Los Angeles, United States", "To": "KJFK John F Kennedy, New York, United States", "Op": "JetBlue Airways", "OpIcao": "JBU", "Sqk": "7370", "Help": false, "Vsi": -704, "VsiT": 0, "Dst": 0.68, "Brng": 43.2, "WTC": 2, "Species": 1, "Engines": "2", "EngType": 3, "EngMount": 0, "Mil": false, "Cou": "United States", "HasPic": false, "Interested": false, "FlightsCount": 0, "Gnd": true, "SpdTyp": 0, "CallSus": false, "Trt": 4, "Year": "2014"}, {"Id": 11309223, "Rcvr": 1, "HasSig": false, "Icao": "AC90A7", "Bad": false, "Reg": "N909AM", "FSeen": "/Date(1544402272658)/", "TSecs": 23507, "CMsgs": 7110, "Alt": -225, "GAlt": 56, "InHg": 30.1092529, "AltT": 0, "TAlt": 3008, "Call": "AAL1207", "Lat": 40.776745, "Long": -73.874802, "PosTime": 1544425758257, "Mlat": false, "Tisb": false, "Spd": 0.0, "Trak": 141.4, "TrkH": false, "TTrk": 70.3125, "Type": "A321", "Mdl": "Airbus A321 231SL", "Man": "Airbus", "CNum": "7756", "From": "KDFW Dallas Fort Worth, Dallas-Fort Worth, United States", "To": "KSAN San Diego, United States", "Op": "American Airlines", "OpIcao": "AAL", "Sqk": "6211", "Help": false, "Vsi": -896, "VsiT": 0, "Dst": 16.88, "Brng": 332.2, "WTC": 2, "Species": 1, "Engines": "2", "EngType": 3, "EngMount": 0, "Mil": false, "Cou": "United States", "HasPic": false, "Interested": false, "FlightsCount": 0, "Gnd": true, "SpdTyp": 0, "CallSus": false, "Trt": 5, "Year": "2017"}], "totalAc": 4612, "lastDv": "636799733133551058", "shtTrlSec": 65, "stm": 1544425779600}