{"src": 1, "feeds": [{"id": 1, "name": "From Cons", "polarPlot": false}], "srcFeed": 1, "showSil": true, "showFlg": true, "showPic": true, "flgH": 20, "flgW": 85, "acList": [{"Id": 2803413, "Rcvr": 1, "HasSig": false, "Icao": "2AC6D5", "Bad": false, "FSeen": "/Date(1544411401724)/", "TSecs": 12, "CMsgs": 1, "Alt": 775, "GAlt": 1065, "InHg": 30.2096462, "AltT": 0, "Lat": 40.621857, "Long": -73.711395, "PosTime": 1544411401724, "Mlat": false, "Tisb": false, "TrkH": false, "Sqk": "", "VsiT": 0, "Dst": 6.33, "Brng": 111.2, "WTC": 0, "Species": 0, "EngType": 0, "EngMount": 0, "Mil": false, "Cou": "Unknown or unassigned country", "HasPic": false, "Interested": false, "FlightsCount": 0, "Gnd": false, "SpdTyp": 0, "CallSus": false, "Trt": 2}, {"Id": 11175628, "Rcvr": 1, "HasSig": false, "Icao": "AA86CC", "Bad": false, "Reg": "N778AN", "FSeen": "/Date(1544411377150)/", "TSecs": 37, "CMsgs": 1, "InHg": 30.2096462, "AltT": 0, "Lat": 40.637867, "Long": -73.79071, "PosTime": 1544411377150, "Mlat": false, "Tisb": false, "Spd": 12.0, "Trak": 120.9, "TrkH": false, "Type": "B772", "Mdl": "1999 BOEING 777-223", "Man": "Boeing", "CNum": "29587", "Op": "American Airlines", "OpIcao": "AAL", "Sqk": "", "VsiT": 0, "Dst": 0.95, "Brng": 237.2, "WTC": 3, "Species": 1, "Engines": "2", "EngType": 3, "EngMount": 0, "Mil": false, "Cou": "United States", "HasPic": false, "Interested": false, "FlightsCount": 0, "Gnd": true, "SpdTyp": 0, "CallSus": false, "Trt": 2, "Year": "1999"}, {"Id": 2802664, "Rcvr": 1, "HasSig": false, "Icao": "2AC3E8", "Bad": false, "FSeen": "/Date(1544411359683)/", "TSecs": 54, "CMsgs": 6, "Alt": 3750, "GAlt": 4031, "InHg": 30.2007866, "AltT": 0, "Lat": 40.584148, "Long": -74.05484, "PosTime": 1544411382182, "Mlat": false, "Tisb": false, "Spd": 261.0, "Trak": 36.0, "TrkH": false, "Sqk": "", "Vsi": -1344, "VsiT": 0, "Dst": 23.99, "Brng": 254.4, "WTC": 0, "Species": 0, "EngType": 0, "EngMount": 0, "Mil": false, "Cou": "Unknown or unassigned country", "HasPic": false, "Interested": false, "FlightsCount": 0, "Gnd": false, "SpdTyp": 0, "CallSus": false, "Trt": 2}, {"Id": 10662507, "Rcvr": 1, "HasSig": true, "Sig": 141, "Icao": "A2B26B", "Bad": false, "Reg": "N273JB", "FSeen": "/Date(1544411320269)/", "TSecs": 94, "CMsgs": 57, "Alt": 3700, "GAlt": 3990, "InHg": 30.2096462, "AltT": 0, "Lat": 40.6167, "Long": -73.888, "PosTime": 1544411413206, "Mlat": true, "Tisb": false, "Trak": 204.5, "TrkH": false, "Type": "E190", "Mdl": "2007 EMBRAER ERJ 190-100 IGW", "Man": "Embraer", "CNum": "19000073", "Op": "WELLS FARGO BANK NORTHWEST NA TRUSTEE     - SALT LAKE CITY, UT", "OpIcao": "JBU", "Sqk": "1713", "Help": false, "VsiT": 0, "Dst": 9.45, "Brng": 252.4, "WTC": 2, "Species": 1, "Engines": "2", "EngType": 3, "EngMount": 0, "Mil": false, "Cou": "United States", "HasPic": false, "Interested": false, "FlightsCount": 0, "Gnd": false, "SpdTyp": 0, "CallSus": false, "Trt": 2, "Year": "2007"}, {"Id": 10603756, "Rcvr": 1, "HasSig": true, "Sig": 174, "Icao": "A1CCEC", "Bad": false, "Reg": "N215JQ", "FSeen": "/Date(1544411254997)/", "TSecs": 159, "CMsgs": 97, "Alt": 6400, "GAlt": 6690, "InHg": 30.2096462, "AltT": 0, "Call": "RPA5933", "Lat": 40.628093, "Long": -73.778, "PosTime": 1544411410238, "Mlat": true, "Tisb": false, "Trak": 31.1, "TrkH": false, "Type": "E170", "Mdl": "ERJ 170-200 LR", "Man": "EMBRAER-EMPRESA BRASILEIRA DE ", "CNum": "17000270", "Op": "Republic Airline", "OpIcao": "RPA", "Sqk": "3340", "Help": false, "VsiT": 0, "Dst": 1.62, "Brng": 170.2, "WTC": 2, "Species": 1, "Engines": "2", "EngType": 3, "EngMount": 0, "Mil": false, "Cou": "United States", "HasPic": false, "Interested": false, "FlightsCount": 0, "Gnd": false, "SpdTyp": 0, "CallSus": true, "Trt": 2, "Year": "2009"}, {"Id": 11329635, "Rcvr": 1, "HasSig": false, "Icao": "ACE063", "Bad": false, "Reg": "N929JB", "FSeen": "/Date(1544411171561)/", "TSecs": 243, "CMsgs": 140, "Alt": 7850, "GAlt": 8145, "InHg": 30.2151985, "AltT": 0, "TAlt": 4992, "Call": "JBU1715", "Lat": 40.488098, "Long": -74.024475, "PosTime": 1544411413205, "Mlat": false, "Tisb": false, "Spd": 277.0, "Trak": 233.5, "TrkH": false, "Type": "A321", "Mdl": "2014 AIRBUS INDUSTRIE A321-231", "Man": "Airbus", "CNum": "6031", "From": "KJFK John F Kennedy, New York, United States", "To": "KSFO San Francisco, United States", "Op": "JetBlue Airways", "OpIcao": "JBU", "Sqk": "1774", "Help": false, "Vsi": 2496, "VsiT": 1, "Dst": 26.77, "Brng": 230.2, "WTC": 2, "Species": 1, "Engines": "2", "EngType": 3, "EngMount": 0, "Mil": false, "Cou": "United States", "HasPic": false, "Interested": false, "FlightsCount": 0, "Gnd": false, "SpdTyp": 0, "CallSus": false, "Trt": 5, "Year": "2014"}, {"Id": 2575221, "Rcvr": 1, "HasSig": false, "Icao": "274B75", "Bad": false, "FSeen": "/Date(1544411128751)/", "TSecs": 285, "CMsgs": 15, "Alt": 1400, "GAlt": 1669, "InHg": 30.1889763, "AltT": 0, "Lat": 40.899582, "Long": -73.933899, "PosTime": 1544411385090, "Mlat": false, "Tisb": false, "Spd": 91.0, "Trak": 199.0, "TrkH": false, "Sqk": "", "Vsi": 0, "VsiT": 0, "Dst": 31.34, "Brng": 335.8, "WTC": 0, "Species": 0, "EngType": 0, "EngMount": 0, "Mil": false, "Cou": "Unknown or unassigned country", "HasPic": false, "Interested": false, "FlightsCount": 0, "Gnd": false, "SpdTyp": 0, "CallSus": false, "Trt": 2}, {"Id": 2801863, "Rcvr": 1, "HasSig": false, "Icao": "2AC0C7", "Bad": false, "FSeen": "/Date(1544411008896)/", "TSecs": 405, "CMsgs": 15, "Alt": 625, "GAlt": 906, "InHg": 30.2007866, "AltT": 0, "Lat": 40.848751, "Long": -73.818634, "PosTime": 1544411397957, "Mlat": false, "Tisb": false, "Spd": 137.0, "Trak": 209.0, "TrkH": false, "Sqk": "", "Vsi": -768, "VsiT": 0, "Dst": 23.15, "Brng": 352.2, "WTC": 0, "Species": 0, "EngType": 0, "EngMount": 0, "Mil": false, "Cou": "Unknown or unassigned country", "HasPic": false, "Interested": false, "FlightsCount": 0, "Gnd": false, "SpdTyp": 0, "CallSus": false, "Trt": 2}, {"Id": 2804596, "Rcvr": 1, "HasSig": false, "Icao": "2ACB74", "Bad": false, "FSeen": "/Date(1544410921720)/", "TSecs": 492, "CMsgs": 8, "Alt": 0, "GAlt": 281, "InHg": 30.2007866, "AltT": 0, "Lat": 40.786102, "Long": -73.870178, "PosTime": 1544411375564, "Mlat": false, "Tisb": false, "Spd": 121.0, "Trak": 212.0, "TrkH": false, "Sqk": "", "Vsi": -512, "VsiT": 0, "Dst": 17.64, "Brng": 334.9, "WTC": 0, "Species": 0, "EngType": 0, "EngMount": 0, "Mil": false, "Cou": "Unknown or unassigned country", "HasPic": false, "Interested": false, "FlightsCount": 0, "Gnd": false, "SpdTyp": 0, "CallSus": false, "Trt": 2}, {"Id": 11165505, "Rcvr": 1, "HasSig": true, "Sig": 219, "Icao": "AA5F41", "Bad": false, "Reg": "N768AA", "FSeen": "/Date(1544410904793)/", "TSecs": 509, "CMsgs": 91, "Alt": 975, "GAlt": 1270, "InHg": 30.2151985, "AltT": 0, "TAlt": 4992, "Call": "AAL973", "Lat": 40.648956, "Long": -73.821838, "PosTime": 1544411411781, "Mlat": false, "Tisb": false, "Spd": 177.1, "Trak": 276.5, "TrkH": false, "TTrk": 314.296875, "Type": "B772", "Mdl": "2006 BOEING 777-223", "Man": "Boeing", "CNum": "33540", "From": "KJFK John F Kennedy, New York, United States", "To": "SBGL Gale\u00e3o - Ant\u00f4nio Carlos Jobim, Rio De Janeiro, Brazil", "Op": "AMERICAN AIRLINES INC     - FORT WORTH, TX", "OpIcao": "AAL", "Sqk": "1637", "Help": false, "Vsi": 2688, "VsiT": 1, "Dst": 3.5, "Brng": 281.9, "WTC": 3, "Species": 1, "Engines": "2", "EngType": 3, "EngMount": 0, "Mil": false, "Cou": "United States", "HasPic": false, "Interested": false, "FlightsCount": 0, "Gnd": false, "SpdTyp": 0, "CallSus": false, "Trt": 5, "Year": "2006"}, {"Id": 11399464, "Rcvr": 1, "HasSig": true, "Sig": 15, "Icao": "ADF128", "Bad": false, "Reg": "N998JE", "FSeen": "/Date(1544410898204)/", "TSecs": 516, "CMsgs": 247, "Alt": 10400, "GAlt": 10624, "InHg": 30.1443272, "AltT": 0, "TAlt": 16992, "Call": "JBU97", "Lat": 40.744766, "Long": -73.603271, "PosTime": 1544411413198, "Mlat": false, "Tisb": false, "Spd": 308.5, "Trak": 3.2, "TrkH": false, "TTrk": 9.84375, "Type": "A321", "Mdl": "Airbus A321 231SL", "Man": "Airbus", "CNum": "8525", "From": "KJFK John F Kennedy, New York, United States", "To": "KDEN Denver, United States", "Op": "JetBlue Airways", "OpIcao": "JBU", "Sqk": "2661", "Help": false, "Vsi": 1344, "VsiT": 1, "Dst": 18.83, "Brng": 52.8, "WTC": 2, "Species": 1, "Engines": "2", "EngType": 3, "EngMount": 0, "Mil": false, "Cou": "United States", "HasPic": false, "Interested": false, "FlightsCount": 0, "Gnd": false, "SpdTyp": 0, "CallSus": false, "Trt": 5, "Year": "2018"}, {"Id": 11298461, "Rcvr": 1, "HasSig": false, "Icao": "AC669D", "Bad": false, "Reg": "N89888", "FSeen": "/Date(1544410883610)/", "TSecs": 531, "CMsgs": 68, "Alt": -225, "GAlt": 44, "InHg": 30.1889763, "AltT": 0, "Call": "N89888", "Lat": 40.854012, "Long": -74.055542, "PosTime": 1544411373391, "Mlat": false, "Tisb": false, "Spd": 0.0, "Trak": 137.8, "TrkH": false, "Type": "GLF4", "Mdl": "1997 GULFSTREAM AEROSPACE G-IV", "Man": "Gulfstream Aerospace", "CNum": "1306", "Op": "BANK OF UTAH TRUSTEE     - SALT LAKE CITY, UT", "Sqk": "", "VsiT": 0, "Dst": 32.97, "Brng": 315.6, "WTC": 2, "Species": 1, "Engines": "2", "EngType": 3, "EngMount": 1, "Mil": false, "Cou": "United States", "HasPic": false, "Interested": false, "FlightsCount": 0, "Gnd": true, "SpdTyp": 0, "CallSus": false, "Trt": 2, "Year": "1997"}, {"Id": 11370095, "Rcvr": 1, "HasSig": true, "Sig": 182, "Icao": "AD7E6F", "Bad": false, "Reg": "N969JT", "FSeen": "/Date(1544410877142)/", "TSecs": 537, "CMsgs": 184, "Alt": -225, "GAlt": 70, "InHg": 30.2151985, "AltT": 0, "TAlt": 4000, "Call": "JBU516", "Lat": 40.649002, "Long": -73.770874, "PosTime": 1544411327019, "Mlat": false, "Tisb": false, "Spd": 0.0, "Trak": 188.4, "TrkH": false, "TTrk": 0.0, "Type": "A321", "Mdl": "Airbus A321 231SL", "Man": "Airbus", "CNum": "7353", "From": "KSFO San Francisco, United States", "To": "KJFK John F Kennedy, New York, United States", "Op": "JetBlue Airways", "OpIcao": "JBU", "Sqk": "1200", "Help": false, "Vsi": -64, "VsiT": 0, "Dst": 1.14, "Brng": 50.5, "WTC": 2, "Species": 1, "Engines": "2", "EngType": 3, "EngMount": 0, "Mil": false, "Cou": "United States", "HasPic": false, "Interested": false, "FlightsCount": 0, "Gnd": true, "SpdTyp": 0, "CallSus": false, "Trt": 5, "Year": "2016"}, {"Id": 11400425, "Rcvr": 1, "HasSig": true, "Sig": 75, "Icao": "ADF4E9", "Bad": false, "Reg": "N999JQ", "FSeen": "/Date(1544410874341)/", "TSecs": 540, "CMsgs": 135, "Alt": -225, "GAlt": 65, "InHg": 30.2096462, "AltT": 0, "Call": "JBU1804", "Lat": 40.646819, "Long": -73.772819, "PosTime": 1544410957154, "Mlat": false, "PosStale": true, "Tisb": false, "Spd": 0.0, "Trak": 120.9, "TrkH": false, "Type": "A321", "Mdl": "Airbus A321 231SL", "Man": "Airbus", "CNum": "8538", "Op": "JetBlue Airways", "OpIcao": "JBU", "Sqk": "1422", "Help": false, "VsiT": 0, "Dst": 0.86, "Brng": 56.0, "WTC": 2, "Species": 1, "Engines": "2", "EngType": 3, "EngMount": 0, "Mil": false, "Cou": "United States", "HasPic": false, "Interested": false, "FlightsCount": 0, "Gnd": true, "SpdTyp": 0, "CallSus": false, "Trt": 5}, {"Id": 10759932, "Rcvr": 1, "HasSig": false, "Icao": "A42EFC", "Bad": false, "Reg": "N369NW", "FSeen": "/Date(1544410872890)/", "TSecs": 541, "CMsgs": 250, "Alt": -225, "GAlt": 70, "InHg": 30.2007866, "AltT": 0, "TAlt": 1504, "Call": "DAL842", "Lat": 40.778049, "Long": -73.874969, "PosTime": 1544411413172, "Mlat": false, "Tisb": false, "Spd": 18.0, "Trak": 53.4, "TrkH": false, "TTrk": 0.0, "Type": "A320", "Mdl": "1999 AIRBUS INDUSTRIE A320-212", "Man": "Airbus", "CNum": "1011", "From": "KSEA Seattle Tacoma, United States", "To": "KMSP Minneapolis-St Paul International/Wold-Chamberlain, Minneapolis, United States", "Op": "Delta Air Lines", "OpIcao": "DAL", "Sqk": "2426", "Help": false, "Vsi": -256, "VsiT": 0, "Dst": 17.02, "Brng": 332.4, "WTC": 2, "Species": 1, "Engines": "2", "EngType": 3, "EngMount": 0, "Mil": false, "Cou": "United States", "HasPic": false, "Interested": false, "FlightsCount": 0, "Gnd": true, "SpdTyp": 0, "CallSus": false, "Trt": 5, "Year": "1999"}, {"Id": 10698334, "Rcvr": 1, "HasSig": false, "Icao": "A33E5E", "Bad": false, "Reg": "N308PQ", "FSeen": "/Date(1544410870872)/", "TSecs": 543, "CMsgs": 325, "Alt": 400, "GAlt": 681, "InHg": 30.2007866, "AltT": 0, "Lat": 40.811901, "Long": -73.848, "PosTime": 1544411413174, "Mlat": false, "Tisb": false, "Spd": 135.0, "Trak": 208.0, "TrkH": false, "Type": "CRJ9", "Mdl": "2014 BOMBARDIER INC CL-600-2D24", "Man": "Bombardier", "CNum": "15308", "Op": "DELTA AIR LINES INC     - ATLANTA, GA", "OpIcao": "EDV", "Sqk": "7402", "Help": false, "Vsi": -756, "VsiT": 0, "Dst": 19.66, "Brng": 343.4, "WTC": 2, "Species": 1, "Engines": "2", "EngType": 3, "EngMount": 1, "Mil": false, "Cou": "United States", "HasPic": false, "Interested": false, "FlightsCount": 0, "SpdTyp": 0, "CallSus": false, "Trt": 2, "Year": "2014"}, {"Id": 10710696, "Rcvr": 1, "HasSig": true, "Sig": 82, "Icao": "A36EA8", "Bad": false, "Reg": "N320DN", "FSeen": "/Date(1544410870856)/", "TSecs": 543, "CMsgs": 285, "Alt": -250, "GAlt": 45, "InHg": 30.2151985, "AltT": 0, "TAlt": 4000, "Call": "DAL2601", "Lat": 40.648623, "Long": -73.770072, "PosTime": 1544411401658, "Mlat": false, "Tisb": false, "Spd": 15.0, "Trak": 213.8, "TrkH": false, "TTrk": 340.3125, "Type": "A321", "Mdl": "Airbus A321 211SL", "Man": "Airbus", "CNum": "7546", "From": "KMCO Orlando, United States", "To": "KJFK John F Kennedy, New York, United States", "Op": "Delta Air Lines", "OpIcao": "DAL", "Sqk": "2334", "Help": false, "Vsi": -128, "VsiT": 0, "Dst": 1.17, "Brng": 54.2, "WTC": 2, "Species": 1, "Engines": "2", "EngType": 3, "EngMount": 0, "Mil": false, "Cou": "United States", "HasPic": false, "Interested": false, "FlightsCount": 0, "Gnd": true, "SpdTyp": 0, "CallSus": false, "Trt": 5, "Year": "2017"}, {"Id": 10488105, "Rcvr": 1, "HasSig": true, "Sig": 152, "Icao": "A00929", "Bad": false, "Reg": "N101HQ", "FSeen": "/Date(1544410870838)/", "TSecs": 543, "CMsgs": 293, "Alt": -225, "GAlt": 56, "InHg": 30.2007866, "AltT": 0, "Lat": 40.807114, "Long": -73.852966, "PosTime": 1544411333556, "Mlat": true, "Tisb": false, "Spd": 217.0, "Trak": 210.7, "TrkH": false, "Type": "E75S", "Mdl": "2007 EMBRAER-EMPRESA BRASILEIRA DE ERJ 170-200 LR", "Man": "Embraer", "CNum": "17000156", "Op": "REPUBLIC AIRLINE INC     - INDIANAPOLIS, IN", "OpIcao": "RPA", "Sqk": "", "Vsi": -34, "VsiT": 0, "Dst": 19.28, "Brng": 341.8, "WTC": 2, "Species": 1, "Engines": "2", "EngType": 3, "EngMount": 0, "Mil": false, "Cou": "United States", "HasPic": false, "Interested": false, "FlightsCount": 0, "SpdTyp": 0, "CallSus": false, "Trt": 2, "Year": "2007"}, {"Id": 10747919, "Rcvr": 1, "HasSig": false, "Icao": "A4000F", "Bad": false, "Reg": "N357NW", "FSeen": "/Date(1544410870831)/", "TSecs": 543, "CMsgs": 189, "Alt": -225, "GAlt": 56, "InHg": 30.2007866, "AltT": 0, "Call": "DAL2370", "Lat": 40.776203, "Long": -73.868118, "PosTime": 1544411378492, "Mlat": false, "Tisb": false, "Spd": 13.0, "Trak": 123.8, "TrkH": false, "Type": "A320", "Mdl": "1998 AIRBUS INDUSTRIE A320-212", "Man": "Airbus", "CNum": "830", "From": "KLGA La Guardia, New York, United States", "To": "KPBI Palm Beach, West Palm Beach, United States", "Op": "Delta Air Lines", "OpIcao": "DAL", "Sqk": "0547", "Help": false, "Vsi": 0, "VsiT": 0, "Dst": 16.57, "Brng": 333.8, "WTC": 2, "Species": 1, "Engines": "2", "EngType": 3, "EngMount": 0, "Mil": false, "Cou": "United States", "HasPic": false, "Interested": false, "FlightsCount": 0, "Gnd": true, "SpdTyp": 0, "CallSus": false, "Trt": 2, "Year": "1998"}, {"Id": 10735887, "Rcvr": 1, "HasSig": false, "Icao": "A3D10F", "Bad": false, "Reg": "N345NB", "FSeen": "/Date(1544410870795)/", "TSecs": 543, "CMsgs": 324, "Alt": 1925, "GAlt": 2194, "InHg": 30.1889763, "AltT": 0, "Lat": 40.41655, "Long": -73.638184, "PosTime": 1544411413172, "Mlat": false, "Tisb": false, "Spd": 249.0, "Trak": 29.0, "TrkH": false, "Type": "A319", "Mdl": " AIRBUS A319-114", "Man": "Airbus", "CNum": "1774", "Op": "DELTA AIR LINES INC     - ATLANTA, GA", "OpIcao": "DAL", "Sqk": "", "Vsi": -1280, "VsiT": 0, "Dst": 27.88, "Brng": 154.2, "WTC": 2, "Species": 1, "Engines": "2", "EngType": 3, "EngMount": 0, "Mil": false, "Cou": "United States", "HasPic": false, "Interested": false, "FlightsCount": 0, "SpdTyp": 0, "CallSus": false, "Trt": 2}, {"Id": 10626178, "Rcvr": 1, "HasSig": false, "Icao": "A22482", "Bad": false, "Reg": "N237WN", "FSeen": "/Date(1544410870795)/", "TSecs": 543, "CMsgs": 327, "Alt": 3750, "GAlt": 4031, "InHg": 30.2007866, "AltT": 0, "Lat": 40.6284, "Long": -74.0145, "PosTime": 1544411400133, "Mlat": true, "Tisb": false, "Trak": 33.8, "TrkH": false, "Type": "B737", "Mdl": "2006 BOEING 737-7H4", "Man": "Boeing", "CNum": "34632", "Op": "Southwest Airlines", "OpIcao": "SWA", "Sqk": "", "VsiT": 0, "Dst": 19.74, "Brng": 265.5, "WTC": 2, "Species": 1, "Engines": "2", "EngType": 3, "EngMount": 0, "Mil": false, "Cou": "United States", "HasPic": false, "Interested": false, "FlightsCount": 0, "SpdTyp": 0, "CallSus": false, "Trt": 2, "Year": "2006"}, {"Id": 11313818, "Rcvr": 1, "HasSig": true, "Sig": 204, "Icao": "ACA29A", "Bad": false, "Reg": "N913JB", "FSeen": "/Date(1544410870784)/", "TSecs": 543, "CMsgs": 325, "Alt": 2725, "GAlt": 2994, "InHg": 30.1889763, "AltT": 0, "Lat": 40.563804, "Long": -73.583866, "PosTime": 1544411413172, "Mlat": false, "Tisb": false, "Spd": 162.4, "Trak": 301.1, "TrkH": false, "TTrk": 340.3125, "Type": "A321", "Mdl": "2013 AIRBUS A321-231", "Man": "Airbus", "CNum": "5909", "Op": "JetBlue Airways", "OpIcao": "JBU", "Sqk": "", "Vsi": 0, "VsiT": 0, "Dst": 18.82, "Brng": 117.6, "WTC": 2, "Species": 1, "Engines": "2", "EngType": 3, "EngMount": 0, "Mil": false, "Cou": "United States", "HasPic": false, "Interested": false, "FlightsCount": 0, "SpdTyp": 0, "CallSus": false, "Trt": 2, "Year": "2013"}, {"Id": 11182124, "Rcvr": 1, "HasSig": true, "Sig": 85, "Icao": "AAA02C", "Bad": false, "Reg": "N784JB", "FSeen": "/Date(1544410870777)/", "TSecs": 543, "CMsgs": 328, "Alt": 2825, "GAlt": 3115, "InHg": 30.2096462, "AltT": 0, "TAlt": 3008, "Lat": 40.736606, "Long": -73.848849, "PosTime": 1544411413172, "Mlat": false, "Tisb": false, "Spd": 259.7, "Trak": 60.5, "TrkH": false, "TTrk": 70.3125, "Type": "A320", "Mdl": "2011 AIRBUS A320-232", "Man": "Airbus", "CNum": "4578", "Op": "JetBlue Airways", "OpIcao": "JBU", "Sqk": "", "Vsi": -768, "VsiT": 1, "Dst": 11.92, "Brng": 331.5, "WTC": 2, "Species": 1, "Engines": "2", "EngType": 3, "EngMount": 0, "Mil": false, "Cou": "United States", "HasPic": false, "Interested": false, "FlightsCount": 0, "SpdTyp": 0, "CallSus": false, "Trt": 2, "Year": "2011"}, {"Id": 11010587, "Rcvr": 1, "HasSig": false, "Icao": "A8021B", "Bad": false, "Reg": "N615JB", "FSeen": "/Date(1544410870771)/", "TSecs": 543, "CMsgs": 324, "Alt": 2725, "GAlt": 3006, "InHg": 30.2007866, "AltT": 0, "Lat": 40.822914, "Long": -73.748535, "PosTime": 1544411413171, "Mlat": false, "Tisb": false, "Spd": 206.0, "Trak": 39.5, "TrkH": false, "Type": "A320", "Mdl": "2005 AIRBUS A320-232", "Man": "Airbus", "CNum": "2461", "Op": "JetBlue Airways", "OpIcao": "JBU", "Sqk": "", "Vsi": -128, "VsiT": 0, "Dst": 20.25, "Brng": 7.8, "WTC": 2, "Species": 1, "Engines": "2", "EngType": 3, "EngMount": 0, "Mil": false, "Cou": "United States", "HasPic": false, "Interested": false, "FlightsCount": 0, "SpdTyp": 0, "CallSus": false, "Trt": 2, "Year": "2005"}, {"Id": 11143582, "Rcvr": 1, "HasSig": true, "Sig": 165, "Icao": "AA099E", "Bad": false, "Reg": "N746JB", "FSeen": "/Date(1544410870770)/", "TSecs": 543, "CMsgs": 318, "Alt": 2125, "GAlt": 2394, "InHg": 30.1889763, "AltT": 0, "TAlt": 2496, "Lat": 40.806107, "Long": -74.092712, "PosTime": 1544411403065, "Mlat": false, "Tisb": false, "Spd": 194.6, "Trak": 205.2, "TrkH": false, "TTrk": 189.84375, "Type": "A320", "Mdl": "2008 AIRBUS A320-232", "Man": "Airbus", "CNum": "3622", "Op": "JetBlue Airways", "OpIcao": "JBU", "Sqk": "", "Vsi": -448, "VsiT": 0, "Dst": 31.93, "Brng": 304.8, "WTC": 2, "Species": 1, "Engines": "2", "EngType": 3, "EngMount": 0, "Mil": false, "Cou": "United States", "HasPic": false, "Interested": false, "FlightsCount": 0, "SpdTyp": 0, "CallSus": false, "Trt": 2, "Year": "2008"}, {"Id": 13347241, "Rcvr": 1, "HasSig": false, "Icao": "CBA9A9", "Bad": false, "FSeen": "/Date(1544410870763)/", "TSecs": 543, "CMsgs": 324, "Alt": 25, "GAlt": 306, "InHg": 30.2007866, "AltT": 0, "Lat": 40.707733, "Long": -74.15509, "PosTime": 1544411413171, "Mlat": false, "Tisb": false, "Spd": 133.0, "Trak": 206.2, "TrkH": false, "Sqk": "", "Vsi": -704, "VsiT": 0, "Dst": 32.35, "Brng": 283.1, "WTC": 0, "Species": 0, "EngType": 0, "EngMount": 0, "Mil": false, "Cou": "Unknown or unassigned country", "HasPic": false, "Interested": false, "FlightsCount": 0, "SpdTyp": 0, "CallSus": false, "Trt": 2}, {"Id": 11309223, "Rcvr": 1, "HasSig": true, "Sig": 195, "Icao": "AC90A7", "Bad": false, "Reg": "N909AM", "FSeen": "/Date(1544410870762)/", "TSecs": 543, "CMsgs": 324, "Alt": 6025, "GAlt": 6315, "InHg": 30.2096462, "AltT": 0, "TAlt": 4000, "Lat": 40.535706, "Long": -74.104553, "PosTime": 1544411413171, "Mlat": false, "Tisb": false, "Spd": 267.0, "Trak": 36.0, "TrkH": false, "Type": "A321", "Mdl": "Airbus A321 231SL", "Man": "Airbus", "CNum": "7756", "Op": "American Airlines", "OpIcao": "AAL", "Sqk": "", "Vsi": -1536, "VsiT": 0, "Dst": 29.77, "Brng": 246.6, "WTC": 2, "Species": 1, "Engines": "2", "EngType": 3, "EngMount": 0, "Mil": false, "Cou": "United States", "HasPic": false, "Interested": false, "FlightsCount": 0, "SpdTyp": 0, "CallSus": false, "Trt": 2, "Year": "2017"}, {"Id": 10553676, "Rcvr": 1, "HasSig": true, "Sig": 197, "Icao": "A1094C", "Bad": false, "Reg": "N166PQ", "FSeen": "/Date(1544410870755)/", "TSecs": 543, "CMsgs": 329, "Alt": 575, "GAlt": 865, "InHg": 30.2096462, "AltT": 0, "Lat": 40.62125, "Long": -73.709086, "PosTime": 1544411396469, "Mlat": true, "Tisb": false, "Trak": 298.4, "TrkH": false, "Type": "CRJ9", "Mdl": "2008 BOMBARDIER INC CL-600-2D24", "Man": "Bombardier", "CNum": "15166", "Op": "DELTA AIR LINES INC DEPT 595 AIRCRAFT REGISTRATIONS    - ATLANTA, GA", "OpIcao": "EDV", "Sqk": "", "VsiT": 0, "Dst": 6.53, "Brng": 111.2, "WTC": 2, "Species": 1, "Engines": "2", "EngType": 3, "EngMount": 1, "Mil": false, "Cou": "United States", "HasPic": false, "Interested": false, "FlightsCount": 0, "SpdTyp": 0, "CallSus": false, "Trt": 2, "Year": "2008"}, {"Id": 10768141, "Rcvr": 1, "HasSig": true, "Sig": 212, "Icao": "A44F0D", "Bad": false, "Reg": "N377NW", "FSeen": "/Date(1544410870754)/", "TSecs": 543, "CMsgs": 323, "Alt": 1625, "GAlt": 1915, "InHg": 30.2096462, "AltT": 0, "TAlt": 4000, "Lat": 40.599243, "Long": -73.661499, "PosTime": 1544411413171, "Mlat": false, "Tisb": false, "Spd": 154.7, "Trak": 300.7, "TrkH": false, "TTrk": 0.0, "Type": "A320", "Mdl": "2003 AIRBUS A320-211", "Man": "Airbus", "CNum": "2082", "Op": "Delta Air Lines", "OpIcao": "DAL", "Sqk": "7450", "Help": false, "Vsi": -768, "VsiT": 0, "Dst": 11.19, "Brng": 115.4, "WTC": 2, "Species": 1, "Engines": "2", "EngType": 3, "EngMount": 0, "Mil": false, "Cou": "United States", "HasPic": false, "Interested": false, "FlightsCount": 0, "SpdTyp": 0, "CallSus": false, "Trt": 2, "Year": "2003"}, {"Id": 11337844, "Rcvr": 1, "HasSig": true, "Sig": 210, "Icao": "AD0074", "Bad": false, "Reg": "N937JB", "FSeen": "/Date(1544410870746)/", "TSecs": 543, "CMsgs": 320, "Alt": 2725, "GAlt": 2994, "InHg": 30.1889763, "AltT": 0, "Lat": 40.517997, "Long": -73.498036, "PosTime": 1544411413170, "Mlat": false, "Tisb": false, "Spd": 169.2, "Trak": 317.6, "TrkH": false, "TTrk": 330.0, "Type": "A321", "Mdl": "2014 AIRBUS A321-231", "Man": "Airbus", "CNum": "6245", "Op": "JetBlue Airways", "OpIcao": "JBU", "Sqk": "", "Vsi": 0, "VsiT": 1, "Dst": 27.64, "Brng": 120.0, "WTC": 2, "Species": 1, "Engines": "2", "EngType": 3, "EngMount": 0, "Mil": false, "Cou": "United States", "HasPic": false, "Interested": false, "FlightsCount": 0, "SpdTyp": 0, "CallSus": false, "Trt": 2, "Year": "2014"}, {"Id": 11038341, "Rcvr": 1, "HasSig": true, "Sig": 87, "Icao": "A86E85", "Bad": false, "Reg": "N642VA", "FSeen": "/Date(1544410870746)/", "TSecs": 543, "CMsgs": 265, "Alt": -225, "GAlt": 65, "InHg": 30.2096462, "AltT": 0, "Call": "ASA1412", "Lat": 40.653231, "Long": -73.780247, "PosTime": 1544411111015, "Mlat": false, "PosStale": true, "Tisb": false, "Spd": 6.0, "Trak": 56.3, "TrkH": false, "Type": "A320", "Mdl": "2008 AIRBUS A320-214", "Man": "Airbus", "CNum": "3670", "Op": "Virgin America", "OpIcao": "ASA", "Sqk": "2027", "Help": false, "Vsi": 0, "VsiT": 1, "Dst": 1.2, "Brng": 4.2, "WTC": 2, "Species": 1, "Engines": "2", "EngType": 3, "EngMount": 0, "Mil": false, "Cou": "United States", "HasPic": false, "Interested": false, "FlightsCount": 0, "Gnd": true, "SpdTyp": 0, "CallSus": false, "Trt": 2, "Year": "2008"}, {"Id": 7867019, "Rcvr": 1, "HasSig": true, "Sig": 62, "Icao": "780A8B", "Bad": false, "Reg": "B-KQW", "FSeen": "/Date(1544410870746)/", "TSecs": 543, "CMsgs": 226, "Alt": -225, "GAlt": 65, "InHg": 30.2096462, "AltT": 0, "TAlt": 4000, "Call": "CPA846", "Lat": 40.653511, "Long": -73.780809, "PosTime": 1544411245622, "Mlat": false, "PosStale": true, "Tisb": false, "Spd": 6.0, "Trak": 244.7, "TrkH": false, "TTrk": 314.296875, "Type": "B773", "Mdl": "Boeing 777 367ER", "Man": "Boeing", "CNum": "41763", "From": "VHHH Chek Lap Kok, Hong Kong, Hong Kong", "To": "KJFK John F Kennedy, New York, United States", "Op": "Cathay Pacific Airways", "OpIcao": "CPA", "Sqk": "1135", "Help": false, "Vsi": -576, "VsiT": 0, "Dst": 1.23, "Brng": 1.9, "WTC": 3, "Species": 1, "Engines": "2", "EngType": 3, "EngMount": 0, "Mil": false, "Cou": "China", "HasPic": false, "Interested": false, "FlightsCount": 0, "Gnd": true, "SpdTyp": 0, "CallSus": false, "Trt": 5, "Year": "2015"}], "totalAc": 4848, "lastDv": "636800076691705660", "shtTrlSec": 65, "stm": 1544411414595}