{"src": 1, "feeds": [{"id": 1, "name": "From Cons", "polarPlot": false}], "srcFeed": 1, "showSil": true, "showFlg": true, "showPic": true, "flgH": 20, "flgW": 85, "acList": [{"Id": 11191284, "Rcvr": 1, "HasSig": true, "Sig": 107, "Icao": "AAC3F4", "Bad": false, "Reg": "N793JB", "FSeen": "/Date(1544421808346)/", "TSecs": 3711, "CMsgs": 2202, "Alt": -150, "GAlt": 69, "InHg": 30.1387787, "AltT": 0, "TAlt": 4000, "Call": "JBU1562", "Lat": 40.644852, "Long": -73.770899, "PosTime": 1544425518478, "Mlat": false, "Tisb": false, "Spd": 12.5, "Trak": 180.0, "TrkH": false, "TTrk": 0.0, "Type": "A320", "Mdl": "2011 AIRBUS A320-232", "Man": "Airbus", "CNum": "4647", "From": "TBPB Sir Grantley Adams, Bridgetown, Barbados", "To": "KJFK John F Kennedy, New York, United States", "Op": "JetBlue Airways", "OpIcao": "JBU", "Sqk": "2711", "Help": false, "Vsi": -128, "VsiT": 1, "Dst": 0.91, "Brng": 73.3, "WTC": 2, "Species": 1, "Engines": "2", "EngType": 3, "EngMount": 0, "Mil": false, "Cou": "United States", "HasPic": false, "Interested": false, "FlightsCount": 0, "Gnd": true, "SpdTyp": 0, "CallSus": false, "Trt": 5, "Year": "2011"}, {"Id": 794771, "Rcvr": 1, "HasSig": false, "Icao": "0C2093", "Bad": false, "Reg": "HP-1832CMP", "FSeen": "/Date(1544418362137)/", "TSecs": 7157, "CMsgs": 3512, "Alt": 3300, "GAlt": 3312, "InHg": 29.93171, "AltT": 0, "TAlt": 36992, "Call": "CMP808", "Lat": 40.380249, "Long": -73.599426, "PosTime": 1544425518478, "Mlat": false, "Tisb": false, "Spd": 216.0, "Trak": 29.6, "TrkH": false, "TTrk": 26.71875, "Type": "B738", "Mdl": "Boeing 737NG 8V3/W", "Man": "Boeing", "CNum": "40789", "Op": "Copa Airlines", "OpIcao": "CMP", "Sqk": "1642", "Help": false, "Vsi": -640, "VsiT": 1, "Dst": 32.96, "Brng": 152.1, "WTC": 2, "Species": 1, "Engines": "2", "EngType": 3, "EngMount": 0, "Mil": false, "Cou": "Panama", "HasPic": false, "Interested": false, "FlightsCount": 0, "Gnd": false, "SpdTyp": 0, "CallSus": false, "Trt": 5, "Year": "2013"}, {"Id": 10723893, "Rcvr": 1, "HasSig": false, "Icao": "A3A235", "Bad": false, "Reg": "N333NW", "FSeen": "/Date(1544418299570)/", "TSecs": 7220, "CMsgs": 3998, "Alt": 975, "GAlt": 1176, "InHg": 30.1210632, "AltT": 0, "TAlt": 18016, "Call": "DAL2963", "Lat": 40.605377, "Long": -73.721924, "PosTime": 1544425518470, "Mlat": false, "Tisb": false, "Spd": 137.0, "Trak": 300.7, "TrkH": false, "TTrk": 0.0, "Type": "A320", "Mdl": "1992 AIRBUS INDUSTRIE A320-211", "Man": "Airbus", "CNum": "329", "Op": "Delta Air Lines", "OpIcao": "DAL", "Sqk": "7477", "Help": false, "Vsi": -832, "VsiT": 1, "Dst": 6.49, "Brng": 129.5, "WTC": 2, "Species": 1, "Engines": "2", "EngType": 3, "EngMount": 0, "Mil": false, "Cou": "United States", "HasPic": false, "Interested": false, "FlightsCount": 0, "Gnd": false, "SpdTyp": 0, "CallSus": false, "Trt": 5, "Year": "1992"}, {"Id": 11334991, "Rcvr": 1, "HasSig": true, "Sig": 110, "Icao": "ACF54F", "Bad": false, "Reg": "N934JB", "FSeen": "/Date(1544403282825)/", "TSecs": 22236, "CMsgs": 12845, "Alt": 5190, "GAlt": 5391, "InHg": 30.1210632, "AltT": 0, "TAlt": 3000, "Call": "JBU1224", "Lat": 40.646954, "Long": -73.775757, "PosTime": 1544425501888, "Mlat": false, "Tisb": false, "Spd": 0.0, "Trak": 3.8, "TrkH": false, "TTrk": 130.0, "Type": "A321", "Mdl": "2014 AIRBUS INDUSTRIE A321-231", "Man": "Airbus", "CNum": "6130", "From": "KLAX Los Angeles, United States", "To": "KJFK John F Kennedy, New York, United States", "Op": "JetBlue Airways", "OpIcao": "JBU", "Sqk": "7370", "Help": false, "Vsi": -704, "VsiT": 0, "Dst": 0.68, "Brng": 43.2, "WTC": 2, "Species": 1, "Engines": "2", "EngType": 3, "EngMount": 0, "Mil": false, "Cou": "United States", "HasPic": false, "Interested": false, "FlightsCount": 0, "Gnd": true, "SpdTyp": 0, "CallSus": false, "Trt": 4, "Year": "2014"}, {"Id": 11309223, "Rcvr": 1, "HasSig": false, "Icao": "AC90A7", "Bad": false, "Reg": "N909AM", "FSeen": "/Date(1544402272435)/", "TSecs": 23247, "CMsgs": 6965, "Alt": -225, "GAlt": 56, "InHg": 30.1092529, "AltT": 0, "TAlt": 3008, "Call": "AAL1207", "Lat": 40.776756, "Long": -73.874802, "PosTime": 1544425510674, "Mlat": false, "Tisb": false, "Spd": 0.0, "Trak": 141.4, "TrkH": false, "TTrk": 70.3125, "Type": "A321", "Mdl": "Airbus A321 231SL", "Man": "Airbus", "CNum": "7756", "From": "KDFW Dallas Fort Worth, Dallas-Fort Worth, United States", "To": "KSAN San Diego, United States", "Op": "American Airlines", "OpIcao": "AAL", "Sqk": "6211", "Help": false, "Vsi": -896, "VsiT": 0, "Dst": 16.88, "Brng": 332.2, "WTC": 2, "Species": 1, "Engines": "2", "EngType": 3, "EngMount": 0, "Mil": false, "Cou": "United States", "HasPic": false, "Interested": false, "FlightsCount": 0, "Gnd": true, "SpdTyp": 0, "CallSus": false, "Trt": 5, "Year": "2017"}], "totalAc": 4584, "lastDv": "636797564805066714", "shtTrlSec": 65, "stm": 1544425519550}