{"src": 1, "feeds": [{"id": 1, "name": "From Cons", "polarPlot": false}], "srcFeed": 1, "showSil": true, "showFlg": true, "showPic": true, "flgH": 20, "flgW": 85, "acList": [{"Id": 10628951, "Rcvr": 1, "HasSig": false, "Icao": "A22F57", "Bad": false, "Reg": "N24TH", "FSeen": "/Date(1544417245293)/", "TSecs": 19, "CMsgs": 13, "Alt": 800, "GAlt": 1039, "InHg": 30.1594486, "AltT": 0, "Call": "EJM203", "Lat": 40.830456, "Long": -74.060898, "PosTime": 1544417263771, "Mlat": false, "Tisb": false, "Spd": 160.0, "Trak": 184.3, "TrkH": false, "Type": "FA7X", "Mdl": "2013 DASSAULT AVIATION FALCON 7X", "Man": "Dassault", "CNum": "203", "Op": "WELLS FARGO BANK NORTHWEST NA TRUSTEE     - SALT LAKE CITY, UT", "OpIcao": "EJM", "Sqk": "7105", "Help": false, "Vsi": 2048, "VsiT": 0, "Dst": 31.49, "Brng": 311.7, "WTC": 2, "Species": 1, "Engines": "3", "EngType": 3, "EngMount": 1, "Mil": false, "Cou": "United States", "HasPic": false, "Interested": false, "FlightsCount": 0, "Gnd": false, "SpdTyp": 0, "CallSus": false, "Trt": 2, "Year": "2013"}, {"Id": 4704653, "Rcvr": 1, "HasSig": true, "Sig": 110, "Icao": "47C98D", "Bad": false, "Reg": "LN-LNR", "FSeen": "/Date(1544416711058)/", "TSecs": 553, "CMsgs": 191, "Alt": -175, "GAlt": 230, "InHg": 30.3248043, "AltT": 0, "Call": "NAX72G", "Lat": 40.636024, "Long": -73.786682, "PosTime": 1544416904181, "Mlat": false, "PosStale": true, "Tisb": false, "Spd": 0.0, "Trak": 135.0, "TrkH": false, "Type": "B789", "Mdl": "Boeing 787 9", "Man": "Boeing", "CNum": "38784", "Op": "Norwegian", "OpIcao": "NAX", "Sqk": "1751", "Help": false, "VsiT": 0, "Dst": 0.85, "Brng": 212.4, "WTC": 3, "Species": 1, "Engines": "2", "EngType": 3, "EngMount": 0, "Mil": false, "Cou": "Norway", "HasPic": false, "Interested": false, "FlightsCount": 0, "Gnd": true, "SpdTyp": 0, "CallSus": false, "Trt": 5, "Year": "2017"}, {"Id": 11010587, "Rcvr": 1, "HasSig": true, "Sig": 87, "Icao": "A8021B", "Bad": false, "Reg": "N615JB", "FSeen": "/Date(1544416581053)/", "TSecs": 683, "CMsgs": 259, "Alt": 10925, "GAlt": 11330, "InHg": 30.3248043, "AltT": 0, "TAlt": 36000, "Call": "JBU1371", "Lat": 40.651703, "Long": -74.125671, "PosTime": 1544417263769, "Mlat": false, "Tisb": false, "Spd": 334.6, "Trak": 188.4, "TrkH": false, "TTrk": 0.0, "Type": "A320", "Mdl": "2005 AIRBUS A320-232", "Man": "Airbus", "CNum": "2461", "From": "KLGA La Guardia, New York, United States", "To": "KFLL Fort Lauderdale Hollywood, United States", "Op": "JetBlue Airways", "OpIcao": "JBU", "Sqk": "1511", "Help": false, "Vsi": 1088, "VsiT": 0, "Dst": 29.07, "Brng": 272.1, "WTC": 2, "Species": 1, "Engines": "2", "EngType": 3, "EngMount": 0, "Mil": false, "Cou": "United States", "HasPic": false, "Interested": false, "FlightsCount": 0, "Gnd": false, "SpdTyp": 0, "CallSus": false, "Trt": 5, "Year": "2005"}, {"Id": 10603209, "Rcvr": 1, "HasSig": true, "Sig": 14, "Icao": "A1CAC9", "Bad": false, "Reg": "N2140U", "FSeen": "/Date(1544415774652)/", "TSecs": 1489, "CMsgs": 737, "Alt": 12525, "GAlt": 12930, "InHg": 30.3248043, "AltT": 0, "TAlt": 16992, "Call": "UAL90", "Lat": 40.855454, "Long": -73.816639, "PosTime": 1544417263768, "Mlat": false, "Tisb": false, "Spd": 353.6, "Trak": 45.2, "TrkH": false, "TTrk": 56.953125, "Type": "B773", "Mdl": "Boeing 777 300ER", "Man": "Boeing", "CNum": "62651", "From": "KEWR Newark Liberty, United States", "To": "LLBG Ben Gurion, Tel Aviv, Israel", "Op": "United Airlines", "OpIcao": "UAL", "Sqk": "1735", "Help": false, "Vsi": 1216, "VsiT": 1, "Dst": 23.87, "Brng": 352.8, "WTC": 3, "Species": 1, "Engines": "2", "EngType": 3, "EngMount": 0, "Mil": false, "Cou": "United States", "HasPic": false, "Interested": false, "FlightsCount": 0, "Gnd": false, "SpdTyp": 0, "CallSus": false, "Trt": 5, "Year": "2017"}, {"Id": 11309223, "Rcvr": 1, "HasSig": false, "Icao": "AC90A7", "Bad": false, "Reg": "N909AM", "FSeen": "/Date(1544414499294)/", "TSecs": 2765, "CMsgs": 265, "InHg": 30.1594486, "AltT": 0, "Lat": 40.77673, "Long": -73.874802, "PosTime": 1544417249863, "Mlat": false, "Tisb": false, "Spd": 0.0, "Trak": 149.3, "TrkH": false, "Type": "A321", "Mdl": "Airbus A321 231SL", "Man": "Airbus", "CNum": "7756", "Op": "American Airlines", "OpIcao": "AAL", "Sqk": "6211", "Help": false, "VsiT": 0, "Dst": 16.88, "Brng": 332.2, "WTC": 2, "Species": 1, "Engines": "2", "EngType": 3, "EngMount": 0, "Mil": false, "Cou": "United States", "HasPic": false, "Interested": false, "FlightsCount": 0, "Gnd": true, "SpdTyp": 0, "CallSus": false, "Trt": 2, "Year": "2017"}, {"Id": 11318700, "Rcvr": 1, "HasSig": false, "Icao": "ACB5AC", "Bad": false, "Reg": "N918PD", "FSeen": "/Date(1544414475661)/", "TSecs": 2788, "CMsgs": 1819, "Alt": 675, "GAlt": 926, "InHg": 30.1712589, "AltT": 0, "Lat": 40.602905, "Long": -74.06488, "PosTime": 1544417263757, "Mlat": false, "Tisb": false, "Spd": 75.0, "Trak": 77.8, "TrkH": false, "Type": "B429", "Mdl": "BELL HELICOPTER TEXTRON CANADA 429", "Man": "BELL", "CNum": "57188", "Op": "NEW YORK CITY POLICE DEPARTMENT", "Sqk": "", "Vsi": -384, "VsiT": 0, "Dst": 24.34, "Brng": 259.7, "WTC": 1, "Species": 4, "Engines": "2", "EngType": 2, "EngMount": 0, "Mil": false, "Cou": "United States", "HasPic": true, "PicX": 700, "PicY": 406, "Interested": false, "FlightsCount": 0, "SpdTyp": 0, "CallSus": false, "Tag": "LE", "Trt": 2, "Year": "2014"}, {"Id": 10748870, "Rcvr": 1, "HasSig": false, "Icao": "A403C6", "Bad": false, "Reg": "N358NW", "FSeen": "/Date(1544414475476)/", "TSecs": 2789, "CMsgs": 1814, "Alt": 750, "GAlt": 1010, "InHg": 30.1801186, "AltT": 0, "Call": "DAL2316", "Lat": 40.597695, "Long": -73.731121, "PosTime": 1544417252302, "Mlat": true, "Tisb": false, "Trak": 302.2, "TrkH": false, "Type": "A320", "Mdl": "1998 AIRBUS INDUSTRIE A320-212", "Man": "Airbus", "CNum": "832", "From": "KDTW Detroit Metropolitan Wayne County, United States", "To": "KDTW Detroit Metropolitan Wayne County, United States", "Stops": ["KLAS McCarran, Las Vegas, United States"], "Op": "Delta Air Lines", "OpIcao": "DAL", "Sqk": "", "VsiT": 0, "Dst": 6.54, "Brng": 139.6, "WTC": 2, "Species": 1, "Engines": "2", "EngType": 3, "EngMount": 0, "Mil": false, "Cou": "United States", "HasPic": false, "Interested": false, "FlightsCount": 0, "SpdTyp": 0, "CallSus": true, "Trt": 2, "Year": "1998"}, {"Id": 11023659, "Rcvr": 1, "HasSig": true, "Sig": 183, "Icao": "A8352B", "Bad": false, "Reg": "N628NK", "FSeen": "/Date(1544414475425)/", "TSecs": 2789, "CMsgs": 1880, "Alt": 35000, "GAlt": 35239, "InHg": 30.1594486, "AltT": 0, "Lat": 40.776077, "Long": -73.688049, "PosTime": 1544417263756, "Mlat": false, "Tisb": false, "Spd": 526.8, "Trak": 60.2, "TrkH": false, "Type": "A320", "Mdl": "2014 AIRBUS A320-232", "Man": "Airbus", "CNum": "6193", "Op": "Spirit Airlines", "OpIcao": "NKS", "Sqk": "1050", "Help": false, "Vsi": 0, "VsiT": 0, "Dst": 16.81, "Brng": 27.8, "WTC": 2, "Species": 1, "Engines": "2", "EngType": 3, "EngMount": 0, "Mil": false, "Cou": "United States", "HasPic": false, "Interested": false, "FlightsCount": 0, "SpdTyp": 0, "CallSus": false, "Trt": 2, "Year": "2014"}, {"Id": 11107812, "Rcvr": 1, "HasSig": false, "Icao": "A97DE4", "Bad": false, "Reg": "N710UW", "FSeen": "/Date(1544414475208)/", "TSecs": 2789, "CMsgs": 1854, "Alt": 2675, "GAlt": 2663, "InHg": 29.9080849, "AltT": 0, "TAlt": 10016, "Lat": 40.855637, "Long": -73.69519, "PosTime": 1544417263755, "Mlat": false, "Tisb": false, "Spd": 180.0, "Trak": 354.3, "TrkH": false, "Type": "A319", "Mdl": "1999 AIRBUS INDUSTRIE A319-112", "Man": "Airbus", "CNum": "1019", "Op": "WELLS FARGO BANK NORTHWEST NA TRUSTEE     - SALT LAKE CITY, UT", "OpIcao": "AAL", "Sqk": "", "Vsi": -768, "VsiT": 0, "Dst": 24.79, "Brng": 17.0, "WTC": 2, "Species": 1, "Engines": "2", "EngType": 3, "EngMount": 0, "Mil": false, "Cou": "United States", "HasPic": false, "Interested": false, "FlightsCount": 0, "SpdTyp": 0, "CallSus": false, "Trt": 2, "Year": "1999"}, {"Id": 11052933, "Rcvr": 1, "HasSig": true, "Sig": 70, "Icao": "A8A785", "Bad": false, "Reg": "N657JB", "FSeen": "/Date(1544414475131)/", "TSecs": 2789, "CMsgs": 1774, "Alt": -175, "GAlt": 85, "InHg": 30.1801186, "AltT": 0, "TAlt": 18016, "Call": "JBU784", "Lat": 40.647228, "Long": -73.771805, "PosTime": 1544417243979, "Mlat": false, "Tisb": false, "Spd": 12.0, "Trak": 194.1, "TrkH": false, "Type": "A320", "Mdl": "2007 AIRBUS A320-232", "Man": "Airbus", "CNum": "3119", "From": "KMCO Orlando, United States", "To": "KJFK John F Kennedy, New York, United States", "Op": "JetBlue Airways", "OpIcao": "JBU", "Sqk": "0734", "Help": false, "Vsi": -832, "VsiT": 0, "Dst": 0.96, "Brng": 56.6, "WTC": 2, "Species": 1, "Engines": "2", "EngType": 3, "EngMount": 0, "Mil": false, "Cou": "United States", "HasPic": false, "Interested": false, "FlightsCount": 0, "Gnd": true, "SpdTyp": 0, "CallSus": false, "Trt": 5, "Year": "2007"}, {"Id": 7866571, "Rcvr": 1, "HasSig": true, "Sig": 104, "Icao": "7808CB", "Bad": false, "Reg": "B-2033", "FSeen": "/Date(1544414475028)/", "TSecs": 2789, "CMsgs": 1849, "Alt": 1800, "GAlt": 2060, "InHg": 30.1801186, "AltT": 0, "Lat": 40.575443, "Long": -73.611395, "PosTime": 1544417263754, "Mlat": false, "Tisb": false, "Spd": 174.0, "Trak": 315.9, "TrkH": false, "Type": "B773", "Mdl": "Boeing 777 39LER", "Man": "Boeing", "CNum": "38673", "Op": "Air China", "OpIcao": "CCA", "Sqk": "7233", "Help": false, "Vsi": 64, "VsiT": 0, "Dst": 16.16, "Brng": 117.4, "WTC": 3, "Species": 1, "Engines": "2", "EngType": 3, "EngMount": 0, "Mil": false, "Cou": "China", "HasPic": false, "Interested": false, "FlightsCount": 0, "Gnd": false, "SpdTyp": 0, "CallSus": false, "Trt": 2, "Year": "2012"}, {"Id": 10530040, "Rcvr": 1, "HasSig": true, "Sig": 174, "Icao": "A0ACF8", "Bad": false, "Reg": "N14230", "FSeen": "/Date(1544414474948)/", "TSecs": 2789, "CMsgs": 1802, "Alt": 1125, "GAlt": 1364, "InHg": 30.1594486, "AltT": 0, "Lat": 40.847354, "Long": -73.819948, "PosTime": 1544417252298, "Mlat": true, "Tisb": false, "Trak": 219.1, "TrkH": false, "Type": "B738", "Mdl": "1999 BOEING 737-824", "Man": "Boeing", "CNum": "28794", "Op": "WELLS FARGO BANK NORTHWEST NA TRUSTEE     - SALT LAKE CITY, UT", "OpIcao": "UAL", "Sqk": "3035", "Help": false, "Vsi": -505, "VsiT": 0, "Dst": 23.01, "Brng": 351.9, "WTC": 2, "Species": 1, "Engines": "2", "EngType": 3, "EngMount": 0, "Mil": false, "Cou": "United States", "HasPic": false, "Interested": false, "FlightsCount": 0, "SpdTyp": 0, "CallSus": false, "Trt": 2, "Year": "1999"}, {"Id": 10779909, "Rcvr": 1, "HasSig": true, "Sig": 56, "Icao": "A47D05", "Bad": false, "Reg": "N389DA", "FSeen": "/Date(1544414474909)/", "TSecs": 2789, "CMsgs": 1677, "Alt": -175, "GAlt": 85, "InHg": 30.1801186, "AltT": 0, "TAlt": 1600, "Call": "DAL2214", "Lat": 40.643143, "Long": -73.801407, "PosTime": 1544417142979, "Mlat": false, "PosStale": true, "Tisb": false, "Spd": 21.0, "Trak": 120.9, "TrkH": false, "TTrk": 315.0, "Type": "B738", "Mdl": "BOEING 737-832", "Man": "Boeing", "CNum": "30376", "From": "KSJC Norman Y. Mineta San Jose, United States", "To": "KRDU Raleigh Durham, Raleigh/Durham, United States", "Stops": ["KMSP Minneapolis-St Paul International/Wold-Chamberlain, Minneapolis, United States"], "Op": "Delta Air Lines", "OpIcao": "DAL", "Sqk": "1736", "Help": false, "Vsi": -384, "VsiT": 0, "Dst": 1.7, "Brng": 272.5, "WTC": 2, "Species": 1, "Engines": "2", "EngType": 3, "EngMount": 0, "Mil": false, "Cou": "United States", "HasPic": false, "Interested": false, "FlightsCount": 0, "Gnd": true, "SpdTyp": 0, "CallSus": false, "Trt": 5, "Year": "2000"}, {"Id": 10694278, "Rcvr": 1, "HasSig": false, "Icao": "A32E86", "Bad": false, "Reg": "N304DN", "FSeen": "/Date(1544414474899)/", "TSecs": 2789, "CMsgs": 1775, "Alt": -175, "GAlt": 64, "InHg": 30.1594486, "AltT": 0, "TAlt": 10016, "Call": "DAL1596", "Lat": 40.775459, "Long": -73.877441, "PosTime": 1544417261191, "Mlat": false, "Tisb": false, "Spd": 19.0, "Trak": 30.9, "TrkH": false, "TTrk": 149.765625, "Type": "A321", "Mdl": "Airbus A321 211SL", "Man": "Airbus", "CNum": "7112", "From": "KABQ Albuquerque International Sunport, United States", "To": "KLGA La Guardia, New York, United States", "Stops": ["KMSP Minneapolis-St Paul International/Wold-Chamberlain, Minneapolis, United States"], "Op": "Delta Air Lines", "OpIcao": "DAL", "Sqk": "3671", "Help": false, "Vsi": 0, "VsiT": 0, "Dst": 16.86, "Brng": 331.3, "WTC": 2, "Species": 1, "Engines": "2", "EngType": 3, "EngMount": 0, "Mil": false, "Cou": "United States", "HasPic": false, "Interested": false, "FlightsCount": 0, "Gnd": true, "SpdTyp": 0, "CallSus": false, "Trt": 5}, {"Id": 11239473, "Rcvr": 1, "HasSig": true, "Sig": 82, "Icao": "AB8031", "Bad": false, "Reg": "N840DN", "FSeen": "/Date(1544414474880)/", "TSecs": 2789, "CMsgs": 1821, "Alt": -175, "GAlt": 49, "InHg": 30.1443272, "AltT": 0, "TAlt": 3008, "Lat": 40.639696, "Long": -73.797585, "PosTime": 1544417263752, "Mlat": false, "Tisb": false, "Spd": 57.0, "Trak": 300.9, "TrkH": false, "TTrk": 315.0, "Type": "B739", "Mdl": "2015 BOEING 737-932ER", "Man": "Boeing", "CNum": "31951", "Op": "Delta Air Lines", "OpIcao": "DAL", "Sqk": "6674", "Help": false, "Vsi": -128, "VsiT": 0, "Dst": 1.41, "Brng": 257.3, "WTC": 2, "Species": 1, "Engines": "2", "EngType": 3, "EngMount": 0, "Mil": false, "Cou": "United States", "HasPic": false, "Interested": false, "FlightsCount": 0, "Gnd": true, "SpdTyp": 0, "CallSus": false, "Trt": 2, "Year": "2015"}, {"Id": 11233361, "Rcvr": 1, "HasSig": false, "Icao": "AB6851", "Bad": false, "Reg": "N834MH", "FSeen": "/Date(1544414474848)/", "TSecs": 2789, "CMsgs": 1830, "Alt": 4550, "GAlt": 4810, "InHg": 30.1801186, "AltT": 0, "TAlt": 23008, "Lat": 40.421722, "Long": -73.60791, "PosTime": 1544417263752, "Mlat": false, "Tisb": false, "Spd": 212.0, "Trak": 17.5, "TrkH": false, "TTrk": 127.265625, "Type": "B764", "Mdl": "2000 BOEING 767-432ER", "Man": "Boeing", "CNum": "29707", "Op": "DELTA AIR LINES INC     - ATLANTA, GA", "OpIcao": "DAL", "Sqk": "", "Vsi": -1664, "VsiT": 0, "Dst": 28.59, "Brng": 149.1, "WTC": 3, "Species": 1, "Engines": "2", "EngType": 3, "EngMount": 0, "Mil": false, "Cou": "United States", "HasPic": false, "Interested": false, "FlightsCount": 0, "Gnd": false, "SpdTyp": 0, "CallSus": false, "Trt": 2, "Year": "2000"}, {"Id": 10499941, "Rcvr": 1, "HasSig": false, "Icao": "A03765", "Bad": false, "Reg": "N113AN", "FSeen": "/Date(1544414474846)/", "TSecs": 2789, "CMsgs": 1876, "Alt": 14775, "GAlt": 15026, "InHg": 30.1712589, "AltT": 0, "Lat": 40.667404, "Long": -73.999695, "PosTime": 1544417263752, "Mlat": false, "Tisb": false, "Spd": 368.0, "Trak": 165.4, "TrkH": false, "Type": "A321", "Mdl": "2014 AIRBUS INDUSTRIE A321-231", "Man": "Airbus", "CNum": "6020", "Op": "American Airlines", "OpIcao": "AAL", "Sqk": "", "Vsi": -1152, "VsiT": 0, "Dst": 18.63, "Brng": 278.6, "WTC": 2, "Species": 1, "Engines": "2", "EngType": 3, "EngMount": 0, "Mil": false, "Cou": "United States", "HasPic": false, "Interested": false, "FlightsCount": 0, "SpdTyp": 0, "CallSus": false, "Trt": 2, "Year": "2014"}, {"Id": 11002378, "Rcvr": 1, "HasSig": true, "Sig": 201, "Icao": "A7E20A", "Bad": false, "Reg": "N607JB", "FSeen": "/Date(1544414474845)/", "TSecs": 2789, "CMsgs": 1694, "Alt": -175, "GAlt": 49, "InHg": 30.1443272, "AltT": 0, "TAlt": 2016, "Call": "JBU2358", "Lat": 40.651579, "Long": -73.781371, "PosTime": 1544416673404, "Mlat": false, "PosStale": true, "Tisb": false, "Spd": 0.0, "Trak": 191.3, "TrkH": false, "TTrk": 0.0, "Type": "A320", "Mdl": "2005 AIRBUS A320-232", "Man": "Airbus", "CNum": "2386", "Op": "JetBlue Airways", "OpIcao": "JBU", "Sqk": "2000", "Help": false, "Vsi": -448, "VsiT": 0, "Dst": 1.01, "Brng": 359.6, "WTC": 2, "Species": 1, "Engines": "2", "EngType": 3, "EngMount": 0, "Mil": false, "Cou": "United States", "HasPic": false, "Interested": false, "FlightsCount": 0, "Gnd": true, "SpdTyp": 0, "CallSus": false, "Trt": 5, "Year": "2005"}], "totalAc": 3932, "lastDv": "636800112740641397", "shtTrlSec": 65, "stm": 1544417264533}