{"src": 1, "feeds": [{"id": 1, "name": "From Cons", "polarPlot": false}], "srcFeed": 1, "showSil": true, "showFlg": true, "showPic": true, "flgH": 20, "flgW": 85, "acList": [{"Id": 11191284, "Rcvr": 1, "HasSig": false, "Icao": "AAC3F4", "Bad": false, "Reg": "N793JB", "FSeen": "/Date(1544421808567)/", "TSecs": 4166, "CMsgs": 2259, "Alt": -150, "GAlt": 51, "InHg": 30.1210632, "AltT": 0, "TAlt": 4000, "Call": "JBU1562", "Lat": 40.64221, "Long": -73.77878, "PosTime": 1544425786684, "Mlat": false, "PosStale": true, "Tisb": false, "Spd": 1.3, "Trak": 8.4, "TrkH": false, "TTrk": 0.0, "Type": "A320", "Mdl": "2011 AIRBUS A320-232", "Man": "Airbus", "CNum": "4647", "From": "TBPB Sir Grantley Adams, Bridgetown, Barbados", "To": "KJFK John F Kennedy, New York, United States", "Op": "JetBlue Airways", "OpIcao": "JBU", "Sqk": "2711", "Help": false, "Vsi": -128, "VsiT": 0, "Dst": 0.21, "Brng": 98.3, "WTC": 2, "Species": 1, "Engines": "2", "EngType": 3, "EngMount": 0, "Mil": false, "Cou": "United States", "HasPic": false, "Interested": false, "FlightsCount": 0, "Gnd": true, "SpdTyp": 0, "CallSus": false, "Trt": 5, "Year": "2011"}, {"Id": 11001427, "Rcvr": 1, "HasSig": false, "Icao": "A7DE53", "Bad": false, "Reg": "N606JB", "FSeen": "/Date(1544418813868)/", "TSecs": 7160, "CMsgs": 4351, "Alt": 1300, "GAlt": 1430, "InHg": 30.0501976, "AltT": 0, "TAlt": 28992, "Call": "JBU576", "Lat": 40.609425, "Long": -73.683929, "PosTime": 1544425973678, "Mlat": false, "Tisb": false, "Spd": 144.0, "Trak": 301.2, "TrkH": false, "TTrk": 70.3125, "Type": "A320", "Mdl": "2005 AIRBUS A320-232", "Man": "Airbus", "CNum": "2384", "From": "KMSY Louis Armstrong New Orleans, United States", "To": "KJFK John F Kennedy, New York, United States", "Op": "JetBlue Airways", "OpIcao": "JBU", "Sqk": "2455", "Help": false, "Vsi": -896, "VsiT": 0, "Dst": 9.0, "Brng": 114.1, "WTC": 2, "Species": 1, "Engines": "2", "EngType": 3, "EngMount": 0, "Mil": false, "Cou": "United States", "HasPic": false, "Interested": false, "FlightsCount": 0, "Gnd": false, "SpdTyp": 0, "CallSus": false, "Trt": 5, "Year": "2005"}, {"Id": 10723893, "Rcvr": 1, "HasSig": true, "Sig": 71, "Icao": "A3A235", "Bad": false, "Reg": "N333NW", "FSeen": "/Date(1544418299556)/", "TSecs": 7675, "CMsgs": 4186, "Alt": -150, "GAlt": 51, "InHg": 30.1210632, "AltT": 0, "TAlt": 18016, "Call": "DAL2963", "Lat": 40.638027, "Long": -73.782822, "PosTime": 1544425973681, "Mlat": false, "Tisb": false, "Spd": 11.5, "Trak": 351.6, "TrkH": false, "TTrk": 0.0, "Type": "A320", "Mdl": "1992 AIRBUS INDUSTRIE A320-211", "Man": "Airbus", "CNum": "329", "Op": "Delta Air Lines", "OpIcao": "DAL", "Sqk": "7477", "Help": false, "Vsi": -128, "VsiT": 0, "Dst": 0.51, "Brng": 194.7, "WTC": 2, "Species": 1, "Engines": "2", "EngType": 3, "EngMount": 0, "Mil": false, "Cou": "United States", "HasPic": false, "Interested": false, "FlightsCount": 0, "Gnd": true, "SpdTyp": 0, "CallSus": false, "Trt": 5, "Year": "1992"}, {"Id": 794771, "Rcvr": 1, "HasSig": true, "Sig": 57, "Icao": "0C2093", "Bad": false, "Reg": "HP-1832CMP", "FSeen": "/Date(1544415472599)/", "TSecs": 10502, "CMsgs": 3794, "Alt": -225, "GAlt": -23, "InHg": 30.1210632, "AltT": 0, "TAlt": 36992, "Call": "CMP808", "Lat": 40.648636, "Long": -73.77002, "PosTime": 1544425964217, "Mlat": false, "Tisb": false, "Spd": 143.0, "Trak": 300.7, "TrkH": false, "TTrk": 26.71875, "Type": "B738", "Mdl": "Boeing 737NG 8V3/W", "Man": "Boeing", "CNum": "40789", "Op": "Copa Airlines", "OpIcao": "CMP", "Sqk": "1642", "Help": false, "Vsi": -640, "VsiT": 1, "Dst": 1.17, "Brng": 54.3, "WTC": 2, "Species": 1, "Engines": "2", "EngType": 3, "EngMount": 0, "Mil": false, "Cou": "Panama", "HasPic": false, "Interested": false, "FlightsCount": 0, "Gnd": false, "SpdTyp": 0, "CallSus": false, "Trt": 5, "Year": "2013"}, {"Id": 10571744, "Rcvr": 1, "HasSig": true, "Sig": 203, "Icao": "A14FE0", "Bad": false, "Reg": "N184DN", "FSeen": "/Date(1544415120044)/", "TSecs": 10854, "CMsgs": 5170, "Alt": 1825, "GAlt": 2026, "InHg": 30.1207027, "AltT": 0, "TAlt": 2016, "Call": "DAL948", "Lat": 40.564499, "Long": -73.652283, "PosTime": 1544425973677, "Mlat": false, "Tisb": false, "Spd": 145.6, "Trak": 339.1, "TrkH": false, "TTrk": 345.234375, "Type": "B763", "Mdl": "1993 BOEING 767-332", "Man": "Boeing", "CNum": "27111", "From": "MMMX Licenciado Benito Juarez, Mexico City, Mexico", "To": "KJFK John F Kennedy, New York, United States", "Op": "Delta Air Lines", "OpIcao": "DAL", "Sqk": "2402", "Help": false, "Vsi": -64, "VsiT": 0, "Dst": 13.92, "Brng": 128.5, "WTC": 3, "Species": 1, "Engines": "2", "EngType": 3, "EngMount": 0, "Mil": false, "Cou": "United States", "HasPic": false, "Interested": false, "FlightsCount": 0, "Gnd": false, "SpdTyp": 0, "CallSus": false, "Trt": 5, "Year": "1993"}, {"Id": 11334991, "Rcvr": 1, "HasSig": true, "Sig": 113, "Icao": "ACF54F", "Bad": false, "Reg": "N934JB", "FSeen": "/Date(1544403282228)/", "TSecs": 22692, "CMsgs": 13187, "Alt": 5190, "GAlt": 5391, "InHg": 30.1210632, "AltT": 0, "TAlt": 3000, "Call": "JBU1224", "Lat": 40.646947, "Long": -73.775768, "PosTime": 1544425973676, "Mlat": false, "Tisb": false, "Spd": 0.0, "Trak": 3.8, "TrkH": false, "TTrk": 130.0, "Type": "A321", "Mdl": "2014 AIRBUS INDUSTRIE A321-231", "Man": "Airbus", "CNum": "6130", "From": "KLAX Los Angeles, United States", "To": "KJFK John F Kennedy, New York, United States", "Op": "JetBlue Airways", "OpIcao": "JBU", "Sqk": "7370", "Help": false, "Vsi": -704, "VsiT": 0, "Dst": 0.68, "Brng": 43.2, "WTC": 2, "Species": 1, "Engines": "2", "EngType": 3, "EngMount": 0, "Mil": false, "Cou": "United States", "HasPic": false, "Interested": false, "FlightsCount": 0, "Gnd": true, "SpdTyp": 0, "CallSus": false, "Trt": 4, "Year": "2014"}, {"Id": 11309223, "Rcvr": 1, "HasSig": false, "Icao": "AC90A7", "Bad": false, "Reg": "N909AM", "FSeen": "/Date(1544402272247)/", "TSecs": 23702, "CMsgs": 7129, "Alt": -225, "GAlt": 56, "InHg": 30.1092529, "AltT": 0, "TAlt": 3008, "Call": "AAL1207", "Lat": 40.776745, "Long": -73.874802, "PosTime": 1544425932838, "Mlat": false, "Tisb": false, "Spd": 0.0, "Trak": 141.4, "TrkH": false, "TTrk": 70.3125, "Type": "A321", "Mdl": "Airbus A321 231SL", "Man": "Airbus", "CNum": "7756", "From": "KDFW Dallas Fort Worth, Dallas-Fort Worth, United States", "To": "KSAN San Diego, United States", "Op": "American Airlines", "OpIcao": "AAL", "Sqk": "6211", "Help": false, "Vsi": -896, "VsiT": 0, "Dst": 16.88, "Brng": 332.2, "WTC": 2, "Species": 1, "Engines": "2", "EngType": 3, "EngMount": 0, "Mil": false, "Cou": "United States", "HasPic": false, "Interested": false, "FlightsCount": 0, "Gnd": true, "SpdTyp": 0, "CallSus": false, "Trt": 5, "Year": "2017"}], "totalAc": 4626, "lastDv": "636799846310490025", "shtTrlSec": 65, "stm": 1544425974659}