{"src": 1, "feeds": [{"id": 1, "name": "From Cons", "polarPlot": false}], "srcFeed": 1, "showSil": true, "showFlg": true, "showPic": true, "flgH": 20, "flgW": 85, "acList": [{"Id": 11001427, "Rcvr": 1, "HasSig": true, "Sig": 109, "Icao": "A7DE53", "Bad": false, "Reg": "N606JB", "FSeen": "/Date(1544418813873)/", "TSecs": 7355, "CMsgs": 4446, "Alt": -150, "GAlt": 51, "InHg": 30.1210632, "AltT": 0, "TAlt": 28992, "Call": "JBU576", "Lat": 40.650927, "Long": -73.779841, "PosTime": 1544426168400, "Mlat": false, "Tisb": false, "Spd": 13.5, "Trak": 160.3, "TrkH": false, "TTrk": 70.3125, "Type": "A320", "Mdl": "2005 AIRBUS A320-232", "Man": "Airbus", "CNum": "2384", "From": "KMSY Louis Armstrong New Orleans, United States", "To": "KJFK John F Kennedy, New York, United States", "Op": "JetBlue Airways", "OpIcao": "JBU", "Sqk": "4626", "Help": false, "Vsi": -128, "VsiT": 0, "Dst": 0.95, "Brng": 7.4, "WTC": 2, "Species": 1, "Engines": "2", "EngType": 3, "EngMount": 0, "Mil": false, "Cou": "United States", "HasPic": false, "Interested": false, "FlightsCount": 0, "Gnd": true, "SpdTyp": 0, "CallSus": false, "Trt": 5, "Year": "2005"}, {"Id": 794771, "Rcvr": 1, "HasSig": true, "Sig": 62, "Icao": "0C2093", "Bad": false, "Reg": "HP-1832CMP", "FSeen": "/Date(1544418362137)/", "TSecs": 7807, "CMsgs": 3839, "Alt": -175, "GAlt": 26, "InHg": 30.1210632, "AltT": 0, "TAlt": 36992, "Call": "CMP808", "Lat": 40.649757, "Long": -73.777374, "PosTime": 1544426161708, "Mlat": false, "Tisb": false, "Spd": 16.0, "Trak": 120.9, "TrkH": false, "TTrk": 26.71875, "Type": "B738", "Mdl": "Boeing 737NG 8V3/W", "Man": "Boeing", "CNum": "40789", "Op": "Copa Airlines", "OpIcao": "CMP", "Sqk": "1642", "Help": false, "Vsi": -128, "VsiT": 0, "Dst": 0.87, "Brng": 22.2, "WTC": 2, "Species": 1, "Engines": "2", "EngType": 3, "EngMount": 0, "Mil": false, "Cou": "Panama", "HasPic": false, "Interested": false, "FlightsCount": 0, "Gnd": true, "SpdTyp": 0, "CallSus": false, "Trt": 5, "Year": "2013"}, {"Id": 10723893, "Rcvr": 1, "HasSig": true, "Sig": 50, "Icao": "A3A235", "Bad": false, "Reg": "N333NW", "FSeen": "/Date(1544418299570)/", "TSecs": 7870, "CMsgs": 4219, "Alt": -150, "GAlt": 51, "InHg": 30.1210632, "AltT": 0, "TAlt": 18016, "Call": "DAL2963", "Lat": 40.641598, "Long": -73.783585, "PosTime": 1544426113715, "Mlat": false, "Tisb": false, "Spd": 0.0, "Trak": 59.1, "TrkH": false, "TTrk": 0.0, "Type": "A320", "Mdl": "1992 AIRBUS INDUSTRIE A320-211", "Man": "Airbus", "CNum": "329", "Op": "Delta Air Lines", "OpIcao": "DAL", "Sqk": "7477", "Help": false, "Vsi": -128, "VsiT": 0, "Dst": 0.22, "Brng": 243.1, "WTC": 2, "Species": 1, "Engines": "2", "EngType": 3, "EngMount": 0, "Mil": false, "Cou": "United States", "HasPic": false, "Interested": false, "FlightsCount": 0, "Gnd": true, "SpdTyp": 0, "CallSus": false, "Trt": 5, "Year": "1992"}, {"Id": 10571744, "Rcvr": 1, "HasSig": true, "Sig": 94, "Icao": "A14FE0", "Bad": false, "Reg": "N184DN", "FSeen": "/Date(1544415120071)/", "TSecs": 11049, "CMsgs": 5286, "Alt": -150, "GAlt": 51, "InHg": 30.1207027, "AltT": 0, "TAlt": 3008, "Call": "DAL948", "Lat": 40.632523, "Long": -73.781799, "PosTime": 1544426168400, "Mlat": false, "Tisb": false, "Spd": 131.4, "Trak": 300.7, "TrkH": false, "TTrk": 314.296875, "Type": "B763", "Mdl": "1993 BOEING 767-332", "Man": "Boeing", "CNum": "27111", "From": "MMMX Licenciado Benito Juarez, Mexico City, Mexico", "To": "KJFK John F Kennedy, New York, United States", "Op": "Delta Air Lines", "OpIcao": "DAL", "Sqk": "2402", "Help": false, "Vsi": -384, "VsiT": 0, "Dst": 1.11, "Brng": 182.3, "WTC": 3, "Species": 1, "Engines": "2", "EngType": 3, "EngMount": 0, "Mil": false, "Cou": "United States", "HasPic": false, "Interested": false, "FlightsCount": 0, "Gnd": false, "SpdTyp": 0, "CallSus": false, "Trt": 5, "Year": "1993"}, {"Id": 11334991, "Rcvr": 1, "HasSig": true, "Sig": 122, "Icao": "ACF54F", "Bad": false, "Reg": "N934JB", "FSeen": "/Date(1544403282825)/", "TSecs": 22886, "CMsgs": 13129, "Alt": 5190, "GAlt": 5391, "InHg": 30.1210632, "AltT": 0, "TAlt": 3000, "Call": "JBU1224", "Lat": 40.646954, "Long": -73.775757, "PosTime": 1544426167207, "Mlat": false, "Tisb": false, "Spd": 0.0, "Trak": 3.8, "TrkH": false, "TTrk": 130.0, "Type": "A321", "Mdl": "2014 AIRBUS INDUSTRIE A321-231", "Man": "Airbus", "CNum": "6130", "From": "KLAX Los Angeles, United States", "To": "KJFK John F Kennedy, New York, United States", "Op": "JetBlue Airways", "OpIcao": "JBU", "Sqk": "7370", "Help": false, "Vsi": -704, "VsiT": 0, "Dst": 0.68, "Brng": 43.2, "WTC": 2, "Species": 1, "Engines": "2", "EngType": 3, "EngMount": 0, "Mil": false, "Cou": "United States", "HasPic": false, "Interested": false, "FlightsCount": 0, "Gnd": true, "SpdTyp": 0, "CallSus": false, "Trt": 4, "Year": "2014"}, {"Id": 11309223, "Rcvr": 1, "HasSig": false, "Icao": "AC90A7", "Bad": false, "Reg": "N909AM", "FSeen": "/Date(1544402272435)/", "TSecs": 23897, "CMsgs": 7052, "Alt": -225, "GAlt": 56, "InHg": 30.1092529, "AltT": 0, "TAlt": 3008, "Call": "AAL1207", "Lat": 40.776752, "Long": -73.874802, "PosTime": 1544426168514, "Mlat": false, "Tisb": false, "Spd": 0.0, "Trak": 141.4, "TrkH": false, "TTrk": 70.3125, "Type": "A321", "Mdl": "Airbus A321 231SL", "Man": "Airbus", "CNum": "7756", "From": "KDFW Dallas Fort Worth, Dallas-Fort Worth, United States", "To": "KSAN San Diego, United States", "Op": "American Airlines", "OpIcao": "AAL", "Sqk": "6211", "Help": false, "Vsi": -896, "VsiT": 0, "Dst": 16.88, "Brng": 332.2, "WTC": 2, "Species": 1, "Engines": "2", "EngType": 3, "EngMount": 0, "Mil": false, "Cou": "United States", "HasPic": false, "Interested": false, "FlightsCount": 0, "Gnd": true, "SpdTyp": 0, "CallSus": false, "Trt": 5, "Year": "2017"}], "totalAc": 4591, "lastDv": "636797564806499913", "shtTrlSec": 65, "stm": 1544426169531}