{"src": 1, "feeds": [{"id": 1, "name": "From Cons", "polarPlot": false}], "srcFeed": 1, "showSil": true, "showFlg": true, "showPic": true, "flgH": 20, "flgW": 85, "acList": [{"Id": 11251502, "Rcvr": 1, "HasSig": true, "Sig": 220, "Icao": "ABAF2E", "Bad": false, "Reg": "N852DN", "FSeen": "/Date(1544401979323)/", "TSecs": 10, "CMsgs": 5, "Alt": 600, "GAlt": 940, "InHg": 30.2598419, "AltT": 0, "Lat": 40.626068, "Long": -73.782288, "PosTime": 1544401979323, "Mlat": false, "Tisb": false, "Spd": 180.0, "Trak": 209.3, "TrkH": false, "Type": "B739", "Mdl": "Boeing 737NG 932ER/W", "Man": "Boeing", "CNum": "31963", "Op": "Delta Air Lines", "OpIcao": "DAL", "Sqk": "1633", "Help": false, "Vsi": 3008, "VsiT": 0, "Dst": 1.83, "Brng": 182.7, "WTC": 2, "Species": 1, "Engines": "2", "EngType": 3, "EngMount": 0, "Mil": false, "Cou": "United States", "HasPic": false, "Interested": false, "FlightsCount": 0, "Gnd": false, "SpdTyp": 0, "CallSus": false, "Trt": 2, "Year": "2015"}, {"Id": 11061142, "Rcvr": 1, "HasSig": false, "Icao": "A8C796", "Bad": false, "Reg": "N665JB", "FSeen": "/Date(1544401729751)/", "TSecs": 259, "CMsgs": 13, "Alt": -250, "GAlt": 90, "InHg": 30.2598419, "AltT": 0, "Call": "JBU2231", "Lat": 40.651165, "Long": -73.772827, "PosTime": 1544401953098, "Mlat": false, "Tisb": false, "Spd": 15.0, "Trak": 121.1, "TrkH": false, "Type": "A320", "Mdl": "2007 AIRBUS A320-232", "Man": "Airbus", "CNum": "3348", "From": "KJFK John F Kennedy, New York, United States", "To": "TXKF L.F. Wade International, Hamilton, Bermuda", "Op": "JetBlue Airways", "OpIcao": "JBU", "Sqk": "", "VsiT": 0, "Dst": 1.2, "Brng": 36.5, "WTC": 2, "Species": 1, "Engines": "2", "EngType": 3, "EngMount": 0, "Mil": false, "Cou": "United States", "HasPic": false, "Interested": false, "FlightsCount": 0, "Gnd": true, "SpdTyp": 0, "CallSus": false, "Trt": 2, "Year": "2007"}, {"Id": 10883547, "Rcvr": 1, "HasSig": true, "Sig": 84, "Icao": "A611DB", "Bad": false, "Reg": "N490UA", "FSeen": "/Date(1544401661215)/", "TSecs": 328, "CMsgs": 176, "Alt": 8725, "GAlt": 9035, "InHg": 30.2303143, "AltT": 0, "Call": "UAL1167", "Lat": 40.894791, "Long": -73.91639, "PosTime": 1544401988594, "Mlat": true, "Tisb": false, "Trak": 290.9, "TrkH": false, "Type": "A320", "Mdl": "2002 AIRBUS A320-232", "Man": "Airbus", "CNum": "1728", "From": "KLGA La Guardia, New York, United States", "To": "KIAH George Bush Intercontinental Houston, United States", "Op": "United Airlines", "OpIcao": "UAL", "Sqk": "3336", "Help": false, "VsiT": 0, "Dst": 30.27, "Brng": 338.0, "WTC": 2, "Species": 1, "Engines": "2", "EngType": 3, "EngMount": 0, "Mil": false, "Cou": "United States", "HasPic": false, "Interested": false, "FlightsCount": 0, "Gnd": false, "SpdTyp": 0, "CallSus": false, "Trt": 2, "Year": "2002"}, {"Id": 11260003, "Rcvr": 1, "HasSig": false, "Icao": "ABD063", "Bad": false, "Reg": "N860RW", "FSeen": "/Date(1544401573384)/", "TSecs": 416, "CMsgs": 211, "Alt": 10275, "GAlt": 10585, "InHg": 30.2303143, "AltT": 0, "Call": "RPA5907", "Lat": 40.852987, "Long": -74.029687, "PosTime": 1544401983956, "Mlat": true, "Tisb": false, "Trak": 106.4, "TrkH": false, "Type": "E170", "Mdl": "2005 EMBRAER ERJ 170-100 SE", "Man": "Embraer", "CNum": "17000084", "Op": "SHUTTLE AMERICA CORP     - INDIANAPOLIS, IN", "OpIcao": "RPA", "Sqk": "1162", "Help": false, "VsiT": 0, "Dst": 31.4, "Brng": 318.3, "WTC": 2, "Species": 1, "Engines": "2", "EngType": 3, "EngMount": 0, "Mil": false, "Cou": "United States", "HasPic": false, "Interested": false, "FlightsCount": 0, "Gnd": false, "SpdTyp": 0, "CallSus": true, "Trt": 2, "Year": "2005"}, {"Id": 4222669, "Rcvr": 1, "HasSig": true, "Sig": 201, "Icao": "406ECD", "Bad": false, "Reg": "G-VMAP", "FSeen": "/Date(1544401459655)/", "TSecs": 529, "CMsgs": 136, "Alt": 9900, "GAlt": 10242, "InHg": 30.26245, "AltT": 0, "TAlt": 11008, "Call": "VIR4C", "Lat": 40.587158, "Long": -73.509399, "PosTime": 1544401988595, "Mlat": false, "Tisb": false, "Spd": 295.3, "Trak": 87.3, "TrkH": false, "TTrk": 101.953125, "Type": "B789", "Mdl": "Boeing 787 9", "Man": "Boeing", "CNum": "38047", "From": "KJFK John F Kennedy, New York, United States", "To": "EGLL London Heathrow, United Kingdom", "Op": "Virgin Atlantic Airways", "OpIcao": "VIR", "Sqk": "2305", "Help": false, "Vsi": 2496, "VsiT": 0, "Dst": 23.76, "Brng": 104.9, "WTC": 3, "Species": 1, "Engines": "2", "EngType": 3, "EngMount": 0, "Mil": false, "Cou": "United Kingdom", "HasPic": false, "Interested": false, "FlightsCount": 0, "Gnd": false, "SpdTyp": 0, "CallSus": false, "Trt": 5, "Year": "2016"}, {"Id": 4344316, "Rcvr": 1, "HasSig": true, "Sig": 78, "Icao": "4249FC", "Bad": false, "Reg": "VQ-BQZ", "FSeen": "/Date(1544401307639)/", "TSecs": 681, "CMsgs": 47, "Alt": -250, "GAlt": 90, "InHg": 30.2598419, "AltT": 0, "Call": "AFL103", "Lat": 40.649776, "Long": -73.79702, "PosTime": 1544401948976, "Mlat": false, "Tisb": false, "Spd": 4.5, "Trak": 98.4, "TrkH": false, "Type": "A333", "Mdl": "Airbus A330 343E", "Man": "Airbus", "CNum": "1270", "From": "KJFK John F Kennedy, New York, United States", "To": "UUEE Sheremetyevo, Moscow, Russia", "Op": "Aeroflot Russian Airlines", "OpIcao": "AFL", "Sqk": "3365", "Help": false, "VsiT": 0, "Dst": 1.56, "Brng": 301.4, "WTC": 3, "Species": 1, "Engines": "2", "EngType": 3, "EngMount": 0, "Mil": false, "Cou": "Bermuda", "HasPic": false, "Interested": false, "FlightsCount": 0, "Gnd": true, "SpdTyp": 0, "CallSus": false, "Trt": 2, "Year": "2011"}, {"Id": 4686726, "Rcvr": 1, "HasSig": true, "Sig": 40, "Icao": "478386", "Bad": false, "Reg": "LN-RKH", "FSeen": "/Date(1544401097006)/", "TSecs": 892, "CMsgs": 423, "Alt": 10100, "GAlt": 10410, "InHg": 30.2303143, "AltT": 0, "Call": "SAS908", "Lat": 40.893402, "Long": -73.801208, "PosTime": 1544401988589, "Mlat": false, "Tisb": false, "Spd": 308.3, "Trak": 45.5, "TrkH": false, "Type": "A333", "Mdl": "Airbus A330 343X", "Man": "Airbus", "CNum": "497", "From": "KEWR Newark Liberty, United States", "To": "ENGM Oslo Gardermoen, Norway", "Op": "Scandinavian Airlines System", "OpIcao": "SAS", "Sqk": "1651", "Help": false, "Vsi": 896, "VsiT": 0, "Dst": 27.95, "Brng": 356.6, "WTC": 3, "Species": 1, "Engines": "2", "EngType": 3, "EngMount": 0, "Mil": false, "Cou": "Norway", "HasPic": false, "Interested": false, "FlightsCount": 0, "Gnd": false, "SpdTyp": 0, "CallSus": false, "Trt": 2, "Year": "2002"}, {"Id": 11210324, "Rcvr": 1, "HasSig": false, "Icao": "AB0E54", "Bad": false, "Reg": "N811NW", "FSeen": "/Date(1544400726089)/", "TSecs": 1263, "CMsgs": 6, "InHg": 30.2598419, "AltT": 0, "Lat": 40.648914, "Long": -73.766876, "PosTime": 1544401988612, "Mlat": false, "Tisb": false, "Spd": 4.0, "Trak": 61.9, "TrkH": false, "Type": "A333", "Mdl": "2005 AIRBUS A330-323", "Man": "Airbus", "CNum": "0690", "Op": "Delta Air Lines", "OpIcao": "DAL", "Sqk": "", "VsiT": 0, "Dst": 1.41, "Brng": 59.5, "WTC": 3, "Species": 1, "Engines": "2", "EngType": 3, "EngMount": 0, "Mil": false, "Cou": "United States", "HasPic": false, "Interested": false, "FlightsCount": 0, "Gnd": true, "SpdTyp": 0, "CallSus": false, "Trt": 2, "Year": "2005"}, {"Id": 11376197, "Rcvr": 1, "HasSig": true, "Sig": 189, "Icao": "AD9645", "Bad": false, "Reg": "N975AN", "FSeen": "/Date(1544400566503)/", "TSecs": 1423, "CMsgs": 141, "Alt": 6300, "GAlt": 6619, "InHg": 30.2388229, "AltT": 0, "TAlt": 8992, "Call": "AAL2286", "Lat": 40.849542, "Long": -73.808337, "PosTime": 1544401988594, "Mlat": false, "Tisb": false, "Spd": 261.3, "Trak": 294.9, "TrkH": false, "TTrk": 310.078125, "Type": "B738", "Mdl": "2001 BOEING 737-823", "Man": "Boeing", "CNum": "29549", "From": "KPHX Phoenix Sky Harbor, United States", "To": "KONT Ontario, United States", "Op": "American Airlines", "OpIcao": "AAL", "Sqk": "2722", "Help": false, "Vsi": 4224, "VsiT": 1, "Dst": 23.14, "Brng": 354.4, "WTC": 2, "Species": 1, "Engines": "2", "EngType": 3, "EngMount": 0, "Mil": false, "Cou": "United States", "HasPic": false, "Interested": false, "FlightsCount": 0, "Gnd": false, "SpdTyp": 0, "CallSus": false, "Trt": 5, "Year": "2001"}, {"Id": 10662507, "Rcvr": 1, "HasSig": true, "Sig": 208, "Icao": "A2B26B", "Bad": false, "Reg": "N273JB", "FSeen": "/Date(1544400503339)/", "TSecs": 1486, "CMsgs": 690, "Alt": 14650, "GAlt": 14960, "InHg": 30.2303143, "AltT": 0, "Call": "JBU1815", "Lat": 40.64313, "Long": -73.99523, "PosTime": 1544401985738, "Mlat": true, "Tisb": false, "Spd": 348.1, "Trak": 173.6, "TrkH": false, "Type": "E190", "Mdl": "2007 EMBRAER ERJ 190-100 IGW", "Man": "Embraer", "CNum": "19000073", "From": "KSYR Syracuse Hancock, United States", "To": "KJFK John F Kennedy, New York, United States", "Op": "WELLS FARGO BANK NORTHWEST NA TRUSTEE     - SALT LAKE CITY, UT", "OpIcao": "JBU", "Sqk": "1423", "Help": false, "Vsi": -384, "VsiT": 1, "Dst": 18.05, "Brng": 270.3, "WTC": 2, "Species": 1, "Engines": "2", "EngType": 3, "EngMount": 0, "Mil": false, "Cou": "United States", "HasPic": false, "Interested": false, "FlightsCount": 0, "Gnd": false, "SpdTyp": 0, "CallSus": true, "Trt": 2, "Year": "2007"}, {"Id": 65853, "Rcvr": 1, "HasSig": true, "Sig": 206, "Icao": "01013D", "Bad": false, "Reg": "SU-GDO", "FSeen": "/Date(1544400456137)/", "TSecs": 1533, "CMsgs": 78, "Alt": 4150, "GAlt": 4490, "InHg": 30.2598419, "AltT": 0, "Call": "MSR986", "Lat": 40.563858, "Long": -73.709595, "PosTime": 1544401985772, "Mlat": false, "Tisb": false, "Spd": 268.6, "Trak": 77.3, "TrkH": false, "Type": "B773", "Mdl": "Boeing 777 36NER", "Man": "Boeing", "CNum": "38289", "From": "KJFK John F Kennedy, New York, United States", "To": "HECA Cairo, Egypt", "Op": "Egyptair", "OpIcao": "MSR", "Sqk": "2372", "Help": false, "Vsi": 1728, "VsiT": 0, "Dst": 10.63, "Brng": 145.3, "WTC": 3, "Species": 1, "Engines": "2", "EngType": 3, "EngMount": 0, "Mil": false, "Cou": "Egypt", "HasPic": false, "Interested": false, "FlightsCount": 0, "Gnd": false, "SpdTyp": 0, "CallSus": false, "Trt": 2, "Year": "2010"}, {"Id": 11060440, "Rcvr": 1, "HasSig": true, "Sig": 208, "Icao": "A8C4D8", "Bad": false, "Reg": "N664UA", "FSeen": "/Date(1544400341573)/", "TSecs": 1647, "CMsgs": 572, "Alt": 9725, "GAlt": 10020, "InHg": 30.2151985, "AltT": 0, "TAlt": 10016, "Call": "UAL14", "Lat": 40.694641, "Long": -74.008179, "PosTime": 1544401988594, "Mlat": false, "Tisb": false, "Spd": 359.9, "Trak": 84.1, "TrkH": false, "TTrk": 70.3125, "Type": "B763", "Mdl": "1998 BOEING 767-322", "Man": "Boeing", "CNum": "29236", "From": "KEWR Newark Liberty, United States", "To": "EGLL London Heathrow, United Kingdom", "Op": "UNITED AIRLINES INC     - CHICAGO, IL", "OpIcao": "UAL", "Sqk": "3041", "Help": false, "Vsi": 0, "VsiT": 1, "Dst": 20.0, "Brng": 286.9, "WTC": 3, "Species": 1, "Engines": "2", "EngType": 3, "EngMount": 0, "Mil": false, "Cou": "United States", "HasPic": false, "Interested": false, "FlightsCount": 0, "Gnd": false, "SpdTyp": 0, "CallSus": false, "Trt": 5, "Year": "1998"}, {"Id": 10917935, "Rcvr": 1, "HasSig": true, "Sig": 62, "Icao": "A6982F", "Bad": false, "Reg": "N524EA", "FSeen": "/Date(1544400165241)/", "TSecs": 1824, "CMsgs": 973, "Alt": 39375, "GAlt": 39387, "InHg": 29.93171, "AltT": 0, "TAlt": 23008, "Call": "N524EA", "Lat": 40.758626, "Long": -73.678374, "PosTime": 1544401988584, "Mlat": false, "Tisb": false, "Spd": 619.2, "Trak": 48.5, "TrkH": false, "Type": "GLF6", "Mdl": "2012 GULFSTREAM AEROSPACE GVI (G650ER)", "Man": "Gulfstream Aerospace", "CNum": "6012", "Op": "BANK OF UTAH TRUSTEE     - SALT LAKE CITY, UT", "Sqk": "6571", "Help": false, "Vsi": 896, "VsiT": 1, "Dst": 15.56, "Brng": 33.9, "WTC": 2, "Species": 1, "Engines": "2", "EngType": 3, "EngMount": 1, "Mil": false, "Cou": "United States", "HasPic": false, "Interested": false, "FlightsCount": 0, "Gnd": false, "SpdTyp": 0, "CallSus": false, "Trt": 5, "Year": "2012"}, {"Id": 10648767, "Rcvr": 1, "HasSig": false, "Icao": "A27CBF", "Bad": false, "Reg": "N26BB", "FSeen": "/Date(1544399949129)/", "TSecs": 2040, "CMsgs": 707, "Alt": 550, "GAlt": 860, "InHg": 30.2303143, "AltT": 0, "Call": "N26BB", "Lat": 40.893536, "Long": -73.902473, "PosTime": 1544401985769, "Mlat": false, "Tisb": false, "Spd": 87.0, "Trak": 232.5, "TrkH": false, "Type": "B06", "Mdl": "Bell 206L Long Ranger IV", "Man": "Bell", "CNum": "52493", "Op": "Bell Helicopter Textron Inc", "Sqk": "1200", "Help": false, "Vsi": 64, "VsiT": 0, "Dst": 29.72, "Brng": 340.0, "WTC": 1, "Species": 4, "Engines": "1", "EngType": 2, "EngMount": 0, "Mil": false, "Cou": "United States", "HasPic": false, "Interested": false, "FlightsCount": 0, "Gnd": false, "SpdTyp": 0, "CallSus": false, "Trt": 5, "Year": "2016"}, {"Id": 10584960, "Rcvr": 1, "HasSig": true, "Sig": 175, "Icao": "A18380", "Bad": false, "Reg": "N197PQ", "FSeen": "/Date(1544399674386)/", "TSecs": 2315, "CMsgs": 1186, "Alt": 10775, "GAlt": 11117, "InHg": 30.26245, "AltT": 0, "TAlt": 4000, "Call": "EDV3281", "Lat": 40.374989, "Long": -73.919511, "PosTime": 1544401985734, "Mlat": false, "Tisb": false, "Spd": 300.5, "Trak": 168.1, "TrkH": false, "TTrk": 180.0, "Type": "CRJ9", "Mdl": "2008 BOMBARDIER INC CL-600-2D24", "Man": "Bombardier", "CNum": "15197", "Op": "DELTA AIR LINES INC     - ATLANTA, GA", "OpIcao": "EDV", "Sqk": "4134", "Help": false, "Vsi": -2624, "VsiT": 0, "Dst": 31.96, "Brng": 201.5, "WTC": 2, "Species": 1, "Engines": "2", "EngType": 3, "EngMount": 1, "Mil": false, "Cou": "United States", "HasPic": false, "Interested": false, "FlightsCount": 0, "Gnd": false, "SpdTyp": 0, "CallSus": false, "Trt": 2, "Year": "2008"}, {"Id": 10522295, "Rcvr": 1, "HasSig": false, "Icao": "A08EB7", "Bad": false, "Reg": "N135KT", "FSeen": "/Date(1544398632269)/", "TSecs": 3357, "CMsgs": 1381, "Alt": 700, "GAlt": 1019, "InHg": 30.239172, "AltT": 0, "Call": "N135KT", "Lat": 40.599152, "Long": -74.05011, "PosTime": 1544401988582, "Mlat": false, "Tisb": false, "Spd": 96.0, "Trak": 188.4, "TrkH": false, "Type": "R44", "Mdl": "2013 ROBINSON HELICOPTER COMPANY R44 II", "Man": "Robinson", "CNum": "13469", "Op": "D R HORTON - CROWN LLC     - FT WORTH, TX", "Sqk": "5262", "Help": false, "Vsi": 192, "VsiT": 0, "Dst": 23.2, "Brng": 258.1, "WTC": 1, "Species": 4, "Engines": "1", "EngType": 1, "EngMount": 0, "Mil": false, "Cou": "United States", "HasPic": false, "Interested": false, "FlightsCount": 0, "Gnd": false, "SpdTyp": 0, "CallSus": false, "Trt": 5, "Year": "2013"}, {"Id": 10773839, "Rcvr": 1, "HasSig": true, "Sig": 31, "Icao": "A4654F", "Bad": false, "Reg": "N38213", "FSeen": "/Date(1544398196216)/", "TSecs": 3793, "CMsgs": 1434, "Alt": -100, "GAlt": 231, "InHg": 30.2509861, "AltT": 0, "Call": "N38213", "Lat": 40.7691, "Long": -73.4715, "PosTime": 1544401796795, "Mlat": true, "PosStale": true, "Tisb": false, "Spd": 140.0, "Trak": 132.7, "TrkH": false, "Type": "P28A", "Mdl": "1977 PIPER PA-28-181", "Man": "Piper", "CNum": "28-7790529", "Op": "LERNER MARTIN     - MANHASSET, NY", "Sqk": "1200", "Help": false, "Vsi": 64, "VsiT": 0, "Dst": 29.67, "Brng": 61.6, "WTC": 1, "Species": 1, "Engines": "1", "EngType": 1, "EngMount": 0, "Mil": false, "Cou": "United States", "HasPic": false, "Interested": false, "FlightsCount": 0, "Gnd": false, "SpdTyp": 0, "CallSus": true, "Trt": 2, "Year": "1977"}, {"Id": 12592268, "Rcvr": 1, "HasSig": true, "Sig": 70, "Icao": "C0248C", "Bad": false, "Reg": "C-FNVV", "FSeen": "/Date(1544398119770)/", "TSecs": 3869, "CMsgs": 1707, "Alt": 1825, "GAlt": 2126, "InHg": 30.2214565, "AltT": 0, "Call": "ACA722", "Lat": 40.8805, "Long": -73.7926, "PosTime": 1544401983920, "Mlat": true, "Tisb": false, "Spd": 324.2, "Trak": 210.6, "TrkH": false, "Type": "A320", "Mdl": "Airbus A320 211", "Man": "Airbus", "CNum": "404", "From": "CYYZ Lester B. Pearson, Toronto, Canada", "To": "KLGA La Guardia, New York, United States", "Op": "Air Canada", "OpIcao": "ACA", "Sqk": "2216", "Help": false, "Vsi": -960, "VsiT": 0, "Dst": 26.48, "Brng": 357.9, "WTC": 2, "Species": 1, "Engines": "2", "EngType": 3, "EngMount": 0, "Mil": false, "Cou": "Canada", "HasPic": false, "Interested": false, "FlightsCount": 0, "Gnd": false, "SpdTyp": 0, "CallSus": false, "Trt": 2, "Year": "1992"}, {"Id": 11056986, "Rcvr": 1, "HasSig": false, "Icao": "A8B75A", "Bad": false, "Reg": "N66051", "FSeen": "/Date(1544397552240)/", "TSecs": 4437, "CMsgs": 2193, "Alt": 1450, "GAlt": 1722, "InHg": 30.191576, "AltT": 0, "TAlt": 24000, "Call": "UAL941", "Lat": 40.768215, "Long": -74.116455, "PosTime": 1544401988576, "Mlat": false, "Tisb": false, "Spd": 170.0, "Trak": 204.6, "TrkH": false, "TTrk": 215.15625, "Type": "B764", "Mdl": "2000 BOEING 767-424ER", "Man": "Boeing", "CNum": "29446", "From": "EGLL London Heathrow, United Kingdom", "To": "KEWR Newark Liberty, United States", "Op": "United Airlines", "OpIcao": "UAL", "Sqk": "7551", "Help": false, "Vsi": -1024, "VsiT": 1, "Dst": 31.52, "Brng": 296.4, "WTC": 3, "Species": 1, "Engines": "2", "EngType": 3, "EngMount": 0, "Mil": false, "Cou": "United States", "HasPic": false, "Interested": false, "FlightsCount": 0, "Gnd": false, "SpdTyp": 0, "CallSus": false, "Trt": 5, "Year": "2000"}, {"Id": 10603756, "Rcvr": 1, "HasSig": true, "Sig": 134, "Icao": "A1CCEC", "Bad": false, "Reg": "N215JQ", "FSeen": "/Date(1544397134625)/", "TSecs": 4854, "CMsgs": 2421, "Alt": 1700, "GAlt": 2019, "InHg": 30.239172, "AltT": 0, "Call": "RPA5906", "Lat": 40.7596, "Long": -73.6617, "PosTime": 1544401983916, "Mlat": true, "Tisb": false, "Spd": 435.2, "Trak": 172.2, "TrkH": false, "Type": "E170", "Mdl": "ERJ 170-200 LR", "Man": "EMBRAER-EMPRESA BRASILEIRA DE ", "CNum": "17000270", "Op": "Republic Airline", "OpIcao": "RPA", "Sqk": "6635", "Help": false, "Vsi": 0, "VsiT": 0, "Dst": 16.47, "Brng": 37.7, "WTC": 2, "Species": 1, "Engines": "2", "EngType": 3, "EngMount": 0, "Mil": false, "Cou": "United States", "HasPic": false, "Interested": false, "FlightsCount": 0, "Gnd": false, "SpdTyp": 0, "CallSus": true, "Trt": 2, "Year": "2009"}, {"Id": 11242243, "Rcvr": 1, "HasSig": true, "Sig": 105, "Icao": "AB8B03", "Bad": false, "Reg": "N843AE", "FSeen": "/Date(1544396859493)/", "TSecs": 5130, "CMsgs": 2450, "Alt": 3725, "GAlt": 4065, "InHg": 30.2598419, "AltT": 0, "Call": "ENY3836", "Lat": 40.6747, "Long": -73.9807, "PosTime": 1544401983916, "Mlat": true, "Tisb": false, "Spd": 378.4, "Trak": 127.3, "TrkH": false, "Type": "E135", "Mdl": "2003 EMBRAER EMB-135KL", "Man": "Embraer", "CNum": "145680", "Op": "AMERICAN AIRLINES INC     - FORT WORTH, TX", "OpIcao": "ENY", "Sqk": "6630", "Help": false, "Vsi": -960, "VsiT": 1, "Dst": 17.2, "Brng": 282.1, "WTC": 2, "Species": 1, "Engines": "2", "EngType": 3, "EngMount": 1, "Mil": false, "Cou": "United States", "HasPic": false, "Interested": false, "FlightsCount": 0, "Gnd": false, "SpdTyp": 0, "CallSus": true, "Trt": 2, "Year": "2003"}, {"Id": 10845848, "Rcvr": 1, "HasSig": false, "Icao": "A57E98", "Bad": false, "Reg": "N453PT", "FSeen": "/Date(1544396773873)/", "TSecs": 5215, "CMsgs": 1874, "Alt": 1239, "GAlt": 1549, "InHg": 30.2303143, "AltT": 0, "Call": "N453PT", "Lat": 40.866199, "Long": -73.946503, "PosTime": 1544401985736, "Mlat": false, "Tisb": false, "Spd": 91.0, "Trak": 202.0, "TrkH": false, "Type": "C172", "Mdl": "1984 CESSNA 172P", "Man": "Cessna", "CNum": "17276262", "Op": "HENRIE AVIATION LLC     - FAIRFIELD, NJ", "Sqk": "4370", "Help": false, "Vsi": -149, "VsiT": 0, "Dst": 28.5, "Brng": 330.8, "WTC": 1, "Species": 1, "Engines": "1", "EngType": 1, "EngMount": 0, "Mil": false, "Cou": "United States", "HasPic": false, "Interested": false, "FlightsCount": 0, "Gnd": false, "SpdTyp": 0, "CallSus": false, "Trt": 2, "Year": "1984"}, {"Id": 10863387, "Rcvr": 1, "HasSig": false, "Icao": "A5C31B", "Bad": false, "Reg": "N470WN", "FSeen": "/Date(1544396326584)/", "TSecs": 5662, "CMsgs": 2843, "Alt": 2700, "GAlt": 3019, "InHg": 30.239172, "AltT": 0, "Lat": 40.883386, "Long": -73.903968, "PosTime": 1544401983915, "Mlat": true, "Tisb": false, "Spd": 285.0, "Trak": 37.7, "TrkH": false, "Type": "B737", "Mdl": "2004 BOEING 737-7H4", "Man": "Boeing", "CNum": "33860", "Op": "Southwest Airlines", "OpIcao": "SWA", "Sqk": "2401", "Help": false, "Vsi": 7, "VsiT": 0, "Dst": 28.71, "Brng": 338.9, "WTC": 2, "Species": 1, "Engines": "2", "EngType": 3, "EngMount": 0, "Mil": false, "Cou": "United States", "HasPic": false, "Interested": false, "FlightsCount": 0, "Gnd": false, "SpdTyp": 0, "CallSus": false, "Trt": 2, "Year": "2004"}, {"Id": 11359017, "Rcvr": 1, "HasSig": true, "Sig": 172, "Icao": "AD5329", "Bad": false, "Reg": "N958JB", "FSeen": "/Date(1544395738306)/", "TSecs": 6251, "CMsgs": 2231, "Alt": 20750, "GAlt": 21092, "InHg": 30.26245, "AltT": 0, "TAlt": 3008, "Call": "JBU1304", "Lat": 40.650879, "Long": -73.77504, "PosTime": 1544398476408, "Mlat": false, "PosStale": true, "Tisb": false, "Spd": 0.0, "Trak": 191.3, "TrkH": false, "TTrk": 19.6875, "Type": "A321", "Mdl": "Airbus A321 231SL", "Man": "Airbus", "CNum": "6859", "From": "TJSJ Luis Munoz Marin, San Juan, Puerto Rico", "To": "KJFK John F Kennedy, New York, United States", "Op": "JetBlue Airways", "OpIcao": "JBU", "Sqk": "2000", "Help": false, "Vsi": -896, "VsiT": 0, "Dst": 1.07, "Brng": 29.4, "WTC": 2, "Species": 1, "Engines": "2", "EngType": 3, "EngMount": 0, "Mil": false, "Cou": "United States", "HasPic": false, "Interested": false, "FlightsCount": 0, "Gnd": true, "SpdTyp": 0, "CallSus": false, "Trt": 5, "Year": "2015"}, {"Id": 10658323, "Rcvr": 1, "HasSig": false, "Icao": "A2A213", "Bad": false, "Reg": "N269SY", "FSeen": "/Date(1544395660101)/", "TSecs": 6329, "CMsgs": 3066, "Alt": -250, "GAlt": 69, "InHg": 30.2303143, "AltT": 0, "TAlt": 3008, "Call": "SKW3842", "Lat": 40.774442, "Long": -73.878281, "PosTime": 1544401979322, "Mlat": false, "Tisb": false, "Spd": 8.5, "Trak": 30.9, "TrkH": false, "Type": "E75L", "Mdl": "ERJ 170-200 LR", "Man": "Embraer", "CNum": "17000727", "Op": "Skywest Airlines", "OpIcao": "SKW", "Sqk": "1550", "Help": false, "Vsi": -896, "VsiT": 0, "Dst": 16.8, "Brng": 330.9, "WTC": 2, "Species": 1, "Engines": "2", "EngType": 3, "EngMount": 0, "Mil": false, "Cou": "United States", "HasPic": false, "Interested": false, "FlightsCount": 0, "Gnd": true, "SpdTyp": 0, "CallSus": false, "Trt": 5, "Year": "2018"}, {"Id": 10669986, "Rcvr": 1, "HasSig": true, "Sig": 21, "Icao": "A2CFA2", "Bad": false, "Reg": "N280SY", "FSeen": "/Date(1544395596434)/", "TSecs": 6393, "CMsgs": 3180, "Alt": -275, "GAlt": 65, "InHg": 30.2598419, "AltT": 0, "TAlt": 9024, "Call": "SKW3782", "Lat": 40.784775, "Long": -73.871216, "PosTime": 1544401977684, "Mlat": false, "Tisb": false, "Spd": 119.0, "Trak": 212.4, "TrkH": false, "Type": "E75L", "Mdl": "Embraer EMB-175 LR", "Man": "Embraer", "CNum": "17000745", "Op": "Delta Connection", "OpIcao": "SKW", "Sqk": "3176", "Help": false, "Vsi": -576, "VsiT": 1, "Dst": 17.54, "Brng": 334.4, "WTC": 2, "Species": 1, "Engines": "2", "EngType": 3, "EngMount": 0, "Mil": false, "Cou": "United States", "HasPic": false, "Interested": false, "FlightsCount": 0, "Gnd": false, "SpdTyp": 0, "CallSus": false, "Trt": 5, "Year": "2018"}, {"Id": 11373549, "Rcvr": 1, "HasSig": true, "Sig": 134, "Icao": "AD8BED", "Bad": false, "Reg": "N972JT", "FSeen": "/Date(1544394253157)/", "TSecs": 7736, "CMsgs": 2269, "Alt": 4940, "GAlt": 5282, "InHg": 30.26245, "AltT": 0, "TAlt": 3008, "Call": "JBU1536", "Lat": 40.658432, "Long": -73.791809, "PosTime": 1544396608282, "Mlat": false, "PosStale": true, "Tisb": false, "Spd": 0.0, "Trak": 199.7, "TrkH": false, "Type": "A321", "Mdl": "Airbus A321 231SL", "Man": "Airbus", "CNum": "7455", "From": "MDST Cibao, Santiago, Dominican Republic", "To": "KJFK John F Kennedy, New York, United States", "Op": "JetBlue Airways", "OpIcao": "JBU", "Sqk": "2224", "Help": false, "Vsi": -576, "VsiT": 0, "Dst": 1.98, "Brng": 333.4, "WTC": 2, "Species": 1, "Engines": "2", "EngType": 3, "EngMount": 0, "Mil": false, "Cou": "United States", "HasPic": false, "Interested": false, "FlightsCount": 0, "Gnd": true, "SpdTyp": 0, "CallSus": false, "Trt": 5, "Year": "2016"}, {"Id": 4195709, "Rcvr": 1, "HasSig": false, "Icao": "40057D", "Bad": false, "Reg": "G-CIVD", "FSeen": "/Date(1544394051874)/", "TSecs": 7937, "CMsgs": 3827, "Alt": 350, "GAlt": 690, "InHg": 30.2598419, "AltT": 0, "Lat": 40.669327, "Long": -73.735901, "PosTime": 1544401988572, "Mlat": false, "Tisb": false, "Spd": 135.0, "Trak": 210.7, "TrkH": false, "Type": "B744", "Mdl": "Boeing 747 436", "Man": "Boeing", "CNum": "27349", "Op": "British Airways", "OpIcao": "BAW", "Sqk": "7465", "Help": false, "Vsi": -768, "VsiT": 0, "Dst": 4.85, "Brng": 52.0, "WTC": 3, "Species": 1, "Engines": "4", "EngType": 3, "EngMount": 0, "Mil": false, "Cou": "United Kingdom", "HasPic": false, "Interested": false, "FlightsCount": 0, "Gnd": false, "SpdTyp": 0, "CallSus": false, "Trt": 2, "Year": "1994"}, {"Id": 10918036, "Rcvr": 1, "HasSig": false, "Icao": "A69894", "Bad": false, "Reg": "N524JB", "FSeen": "/Date(1544393602037)/", "TSecs": 8387, "CMsgs": 3720, "Alt": 3575, "GAlt": 3587, "InHg": 29.93171, "AltT": 0, "TAlt": 35008, "Call": "JBU2960", "Lat": 40.691116, "Long": -73.475464, "PosTime": 1544401985674, "Mlat": false, "Tisb": false, "Spd": 250.0, "Trak": 331.6, "TrkH": false, "TTrk": 0.0, "Type": "A320", "Mdl": "2001 AIRBUS INDUSTRIE A320-232", "Man": "Airbus", "CNum": "1528", "Op": "JetBlue Airways", "OpIcao": "JBU", "Sqk": "6702", "Help": false, "Vsi": -576, "VsiT": 1, "Dst": 26.35, "Brng": 78.1, "WTC": 2, "Species": 1, "Engines": "2", "EngType": 3, "EngMount": 0, "Mil": false, "Cou": "United States", "HasPic": false, "Interested": false, "FlightsCount": 0, "Gnd": false, "SpdTyp": 0, "CallSus": false, "Trt": 5, "Year": "2001"}, {"Id": 15204864, "Rcvr": 1, "HasSig": true, "Sig": 98, "Icao": "E80200", "Bad": false, "Reg": "CC-BBH", "FSeen": "/Date(1544393597832)/", "TSecs": 8391, "CMsgs": 3050, "Alt": -275, "GAlt": -286, "InHg": 29.9080849, "AltT": 0, "TAlt": 11008, "Call": "LAN536", "Lat": 40.652264, "Long": -73.787766, "PosTime": 1544401826798, "Mlat": false, "PosStale": true, "Tisb": false, "Spd": 8.5, "Trak": 202.5, "TrkH": false, "TTrk": 49.21875, "Type": "B788", "Mdl": "Boeing 787 8", "Man": "Boeing", "CNum": "42224", "Op": "LATAM Airlines", "OpIcao": "LAN", "Sqk": "3663", "Help": false, "Vsi": -384, "VsiT": 0, "Dst": 1.22, "Brng": 333.3, "WTC": 3, "Species": 1, "Engines": "2", "EngType": 3, "EngMount": 0, "Mil": false, "Cou": "Chile", "HasPic": false, "Interested": false, "FlightsCount": 0, "Gnd": true, "SpdTyp": 0, "CallSus": false, "Trt": 5, "Year": "2014"}, {"Id": 11103138, "Rcvr": 1, "HasSig": true, "Sig": 138, "Icao": "A96BA2", "Bad": false, "Reg": "N706JB", "FSeen": "/Date(1544393460613)/", "TSecs": 8528, "CMsgs": 2782, "Alt": 7146, "GAlt": 7488, "InHg": 30.26245, "AltT": 0, "TAlt": 4000, "Call": "JBU950", "Lat": 40.651291, "Long": -73.775894, "PosTime": 1544395940344, "Mlat": false, "PosStale": true, "Tisb": false, "Spd": 0.1, "Trak": 202.5, "TrkH": false, "TTrk": 0.0, "Type": "A320", "Mdl": "2008 AIRBUS A320-232", "Man": "Airbus", "CNum": "3451", "From": "KMCO Orlando, United States", "To": "KBOS General Edward Lawrence Logan, Boston, United States", "Op": "JetBlue Airways", "OpIcao": "JBU", "Sqk": "2000", "Help": false, "Vsi": -960, "VsiT": 0, "Dst": 1.08, "Brng": 24.9, "WTC": 2, "Species": 1, "Engines": "2", "EngType": 3, "EngMount": 0, "Mil": false, "Cou": "United States", "HasPic": false, "Interested": false, "FlightsCount": 0, "Gnd": true, "SpdTyp": 0, "CallSus": false, "Trt": 5, "Year": "2008"}, {"Id": 10745898, "Rcvr": 1, "HasSig": false, "Icao": "A3F82A", "Bad": false, "Reg": "N355JB", "FSeen": "/Date(1544393335053)/", "TSecs": 8654, "CMsgs": 2542, "Alt": 2700, "GAlt": 3019, "InHg": 30.239172, "AltT": 0, "Call": "JBU507", "Lat": 40.782786, "Long": -73.523317, "PosTime": 1544401985695, "Mlat": true, "Tisb": false, "Spd": 359.7, "Trak": 309.5, "TrkH": false, "Type": "E190", "Mdl": "2013 EMBRAER ERJ 190-100 IGW", "Man": "Embraer", "CNum": "19000617", "From": "KEWR Newark Liberty, United States", "To": "KFLL Fort Lauderdale Hollywood, United States", "Op": "JetBlue Airways", "OpIcao": "JBU", "Sqk": "3556", "Help": false, "Vsi": 0, "VsiT": 0, "Dst": 26.76, "Brng": 54.3, "WTC": 2, "Species": 1, "Engines": "2", "EngType": 3, "EngMount": 0, "Mil": false, "Cou": "United States", "HasPic": false, "Interested": false, "FlightsCount": 0, "Gnd": false, "SpdTyp": 0, "CallSus": true, "Trt": 2, "Year": "2013"}, {"Id": 11123730, "Rcvr": 1, "HasSig": true, "Sig": 185, "Icao": "A9BC12", "Bad": false, "Reg": "N726YX", "FSeen": "/Date(1544393088724)/", "TSecs": 8900, "CMsgs": 3957, "Alt": 375, "GAlt": 717, "InHg": 30.26245, "AltT": 0, "TAlt": 3008, "Call": "RPA3743", "Lat": 40.726227, "Long": -74.14325, "PosTime": 1544401988575, "Mlat": false, "Tisb": false, "Spd": 127.0, "Trak": 206.2, "TrkH": false, "Type": "E75L", "Mdl": " EMBRAER S A ERJ170-200LR", "Man": "Embraer", "CNum": "17000507", "Op": "REPUBLIC AIRLINE INC     - INDIANAPOLIS, IN", "OpIcao": "RPA", "Sqk": "1553", "Help": false, "Vsi": -832, "VsiT": 0, "Dst": 31.91, "Brng": 287.1, "WTC": 2, "Species": 1, "Engines": "2", "EngType": 3, "EngMount": 0, "Mil": false, "Cou": "United States", "HasPic": false, "Interested": false, "FlightsCount": 0, "Gnd": false, "SpdTyp": 0, "CallSus": false, "Trt": 5, "Year": "2015"}, {"Id": 11130414, "Rcvr": 1, "HasSig": true, "Sig": 183, "Icao": "A9D62E", "Bad": false, "Reg": "N73299", "FSeen": "/Date(1544393061028)/", "TSecs": 8928, "CMsgs": 4025, "Alt": 4825, "GAlt": 4837, "InHg": 29.93171, "AltT": 0, "TAlt": 4000, "Call": "UAL488", "Lat": 40.547232, "Long": -74.086054, "PosTime": 1544401988573, "Mlat": false, "Tisb": false, "Spd": 267.7, "Trak": 35.1, "TrkH": false, "TTrk": 45.0, "Type": "B738", "Mdl": "2005 BOEING 737-824", "Man": "Boeing", "CNum": "34005", "From": "KLAX Los Angeles, United States", "To": "KEWR Newark Liberty, United States", "Op": "WELLS FARGO BANK NORTHWEST NA TRUSTEE     - SALT LAKE CITY, UT", "OpIcao": "UAL", "Sqk": "7201", "Help": false, "Vsi": -1472, "VsiT": 1, "Dst": 27.83, "Brng": 247.7, "WTC": 2, "Species": 1, "Engines": "2", "EngType": 3, "EngMount": 0, "Mil": false, "Cou": "United States", "HasPic": false, "Interested": false, "FlightsCount": 0, "Gnd": false, "SpdTyp": 0, "CallSus": false, "Trt": 5, "Year": "2005"}, {"Id": 5023854, "Rcvr": 1, "HasSig": true, "Sig": 75, "Icao": "4CA86E", "Bad": false, "Reg": "EI-GCF", "FSeen": "/Date(1544393036524)/", "TSecs": 8953, "CMsgs": 4035, "Alt": -250, "GAlt": 90, "InHg": 30.2598419, "AltT": 0, "TAlt": 3008, "Call": "EIN10E", "Lat": 40.634113, "Long": -73.777847, "PosTime": 1544401921240, "Mlat": false, "Tisb": false, "Spd": 12.5, "Trak": 30.9, "TrkH": false, "TTrk": 260.15625, "Type": "A333", "Mdl": "Airbus A330 302", "Man": "Airbus", "CNum": "1817", "From": "EIDW Dublin, Ireland", "To": "KJFK John F Kennedy, New York, United States", "Op": "Aer Lingus", "OpIcao": "EIN", "Sqk": "6036", "Help": false, "Vsi": -128, "VsiT": 0, "Dst": 0.98, "Brng": 162.7, "WTC": 3, "Species": 1, "Engines": "2", "EngType": 3, "EngMount": 0, "Mil": false, "Cou": "Ireland", "HasPic": false, "Interested": false, "FlightsCount": 0, "Gnd": true, "SpdTyp": 0, "CallSus": false, "Trt": 5, "Year": "2017"}, {"Id": 10898765, "Rcvr": 1, "HasSig": true, "Sig": 115, "Icao": "A64D4D", "Bad": false, "Reg": "N505JB", "FSeen": "/Date(1544392307516)/", "TSecs": 9682, "CMsgs": 3177, "Alt": -250, "GAlt": 140, "InHg": 30.3096962, "AltT": 0, "TAlt": 4000, "Call": "JBU225", "Lat": 40.651794, "Long": -73.777039, "PosTime": 1544394932478, "Mlat": false, "PosStale": true, "Tisb": false, "Spd": 0.0, "Trak": 230.6, "TrkH": false, "TTrk": 0.0, "Type": "A320", "Mdl": "2000 AIRBUS INDUSTRIE A320-232", "Man": "Airbus", "CNum": "1173", "From": "KJFK John F Kennedy, New York, United States", "To": "KTPA Tampa, United States", "Op": "JetBlue Airways", "OpIcao": "JBU", "Sqk": "7170", "Help": false, "Vsi": -640, "VsiT": 0, "Dst": 1.1, "Brng": 19.1, "WTC": 2, "Species": 1, "Engines": "2", "EngType": 3, "EngMount": 0, "Mil": false, "Cou": "United States", "HasPic": false, "Interested": false, "FlightsCount": 0, "Gnd": true, "SpdTyp": 0, "CallSus": false, "Trt": 5, "Year": "2000"}, {"Id": 10802659, "Rcvr": 1, "HasSig": false, "Icao": "A4D5E3", "Bad": false, "Reg": "N410UA", "FSeen": "/Date(1544388556391)/", "TSecs": 13433, "CMsgs": 4699, "Alt": -275, "GAlt": 74, "InHg": 30.2687035, "AltT": 0, "Call": "UAL537", "Lat": 40.708116, "Long": -74.15397, "PosTime": 1544398248844, "Mlat": true, "PosStale": true, "Tisb": false, "Spd": 533.0, "Trak": 43.0, "TrkH": false, "Type": "A320", "Mdl": "1994 AIRBUS INDUSTRIE A320-232", "Man": "Airbus", "CNum": "463", "From": "KSFO San Francisco, United States", "To": "KAUS Austin Bergstrom, United States", "Op": "United Airlines", "OpIcao": "UAL", "Sqk": "2231", "Help": false, "Vsi": 42, "VsiT": 0, "Dst": 32.27, "Brng": 283.2, "WTC": 2, "Species": 1, "Engines": "2", "EngType": 3, "EngMount": 0, "Mil": false, "Cou": "United States", "HasPic": false, "Interested": false, "FlightsCount": 0, "Gnd": true, "SpdTyp": 0, "CallSus": false, "Trt": 2, "Year": "1994"}, {"Id": 10492032, "Rcvr": 1, "HasSig": true, "Sig": 181, "Icao": "A01880", "Bad": false, "Reg": "N105NN", "FSeen": "/Date(1544385189357)/", "TSecs": 16800, "CMsgs": 6514, "Alt": 6825, "GAlt": 7165, "InHg": 30.2598419, "AltT": 0, "Call": "AAL4", "Lat": 40.451893, "Long": -73.610396, "PosTime": 1544401988562, "Mlat": false, "Tisb": false, "Spd": 287.5, "Trak": 78.8, "TrkH": true, "Type": "A321", "Mdl": "2013 AIRBUS A321-231", "Man": "Airbus", "CNum": "5904", "From": "KLAX Los Angeles, United States", "To": "KJFK John F Kennedy, New York, United States", "Op": "American Airlines", "OpIcao": "AAL", "Sqk": "2637", "Help": false, "Vsi": -2496, "VsiT": 0, "Dst": 25.64, "Brng": 145.7, "WTC": 2, "Species": 1, "Engines": "2", "EngType": 3, "EngMount": 0, "Mil": false, "Cou": "United States", "HasPic": false, "Interested": false, "FlightsCount": 0, "Gnd": false, "SpdTyp": 3, "CallSus": false, "Trt": 2, "Year": "2013"}, {"Id": 11109689, "Rcvr": 1, "HasSig": true, "Sig": 113, "Icao": "A98539", "Bad": false, "Reg": "N712TW", "FSeen": "/Date(1544384253308)/", "TSecs": 17736, "CMsgs": 6278, "Alt": -250, "GAlt": 92, "InHg": 30.26245, "AltT": 0, "TAlt": 3008, "Call": "DAL1542", "Lat": 40.630829, "Long": -73.773041, "PosTime": 1544401982215, "Mlat": false, "Tisb": false, "Spd": 21.0, "Trak": 300.9, "TrkH": false, "TTrk": 224.296875, "Type": "B752", "Mdl": "1997 BOEING 757-2Q8", "Man": "Boeing", "CNum": "27624", "From": "KSEA Seattle Tacoma, United States", "To": "KJFK John F Kennedy, New York, United States", "Op": "Delta Air Lines", "OpIcao": "DAL", "Sqk": "6646", "Help": false, "Vsi": -64, "VsiT": 1, "Dst": 1.47, "Brng": 151.8, "WTC": 2, "Species": 1, "Engines": "2", "EngType": 3, "EngMount": 0, "Mil": false, "Cou": "United States", "HasPic": false, "Interested": false, "FlightsCount": 0, "Gnd": true, "SpdTyp": 0, "CallSus": false, "Trt": 5, "Year": "1997"}, {"Id": 7864852, "Rcvr": 1, "HasSig": false, "Icao": "780214", "Bad": false, "Reg": "B-KPH", "FSeen": "/Date(1544384224608)/", "TSecs": 17764, "CMsgs": 5895, "Alt": 3725, "GAlt": 4065, "InHg": 30.2598419, "AltT": 0, "Call": "CPA840", "Lat": 40.51442, "Long": -73.556763, "PosTime": 1544401973553, "Mlat": false, "Tisb": false, "Spd": 265.0, "Trak": 29.4, "TrkH": false, "Type": "B773", "Mdl": "Boeing 777 367ER", "Man": "Boeing", "CNum": "35301", "From": "VHHH Chek Lap Kok, Hong Kong, Hong Kong", "To": "KJFK John F Kennedy, New York, United States", "Op": "Cathay Pacific Airways", "OpIcao": "CPA", "Sqk": "1464", "Help": false, "Vsi": -64, "VsiT": 0, "Dst": 23.71, "Brng": 126.8, "WTC": 3, "Species": 1, "Engines": "2", "EngType": 3, "EngMount": 0, "Mil": false, "Cou": "Hong Kong", "HasPic": false, "Interested": false, "FlightsCount": 0, "Gnd": false, "SpdTyp": 0, "CallSus": false, "Trt": 2, "Year": "2008"}, {"Id": 131361, "Rcvr": 1, "HasSig": true, "Sig": 145, "Icao": "020121", "Bad": false, "Reg": "CN-RGS", "FSeen": "/Date(1544376193623)/", "TSecs": 25795, "CMsgs": 4161, "Alt": 1700, "GAlt": 2019, "InHg": 30.2388229, "AltT": 0, "TAlt": 2016, "Call": "RAM200", "Lat": 40.806481, "Long": -73.628311, "PosTime": 1544401985676, "Mlat": false, "Tisb": false, "Spd": 164.6, "Trak": 211.1, "TrkH": false, "TTrk": 224.296875, "Type": "B788", "Mdl": "Boeing 787 8", "Man": "Boeing", "CNum": "35506", "From": "GMMN Mohammed V, Casablanca, Morocco", "To": "KJFK John F Kennedy, New York, United States", "Op": "Royal Air Maroc", "OpIcao": "RAM", "Sqk": "2552", "Help": false, "Vsi": 0, "VsiT": 0, "Dst": 22.33, "Brng": 35.2, "WTC": 3, "Species": 1, "Engines": "2", "EngType": 3, "EngMount": 0, "Mil": false, "Cou": "Morocco", "HasPic": false, "Interested": false, "FlightsCount": 0, "Gnd": false, "SpdTyp": 0, "CallSus": false, "Trt": 5, "Year": "2016", "Sat": true}], "totalAc": 5683, "lastDv": "636796354110724097", "shtTrlSec": 65, "stm": 1544401989459}