{"src": 1, "feeds": [{"id": 1, "name": "From Cons", "polarPlot": false}], "srcFeed": 1, "showSil": true, "showFlg": true, "showPic": true, "flgH": 20, "flgW": 85, "acList": [{"Id": 2803298, "Rcvr": 1, "HasSig": false, "Icao": "2AC662", "Bad": false, "FSeen": "/Date(1544418638009)/", "TSecs": 186, "CMsgs": 4, "Alt": 0, "GAlt": 210, "InHg": 30.129921, "AltT": 0, "Lat": 40.768867, "Long": -73.850533, "PosTime": 1544418638009, "Mlat": false, "PosStale": true, "Tisb": false, "Spd": 7.0, "Trak": 236.0, "TrkH": false, "Sqk": "", "Vsi": -64, "VsiT": 0, "Dst": 15.22, "Brng": 337.5, "WTC": 0, "Species": 0, "EngType": 0, "EngMount": 0, "Mil": false, "Cou": "Unknown or unassigned country", "HasPic": false, "Interested": false, "FlightsCount": 0, "Gnd": false, "SpdTyp": 0, "CallSus": false, "Trt": 2}, {"Id": 4704458, "Rcvr": 1, "HasSig": true, "Sig": 211, "Icao": "47C8CA", "Bad": false, "Reg": "LN-LNT", "FSeen": "/Date(1544418241455)/", "TSecs": 583, "CMsgs": 234, "Alt": 2175, "GAlt": 2470, "InHg": 30.2151985, "AltT": 0, "TAlt": 11008, "Call": "NAX7JA", "Lat": 40.619853, "Long": -73.883806, "PosTime": 1544418821898, "Mlat": false, "Tisb": false, "Spd": 263.6, "Trak": 217.9, "TrkH": false, "TTrk": 90.703125, "Type": "B789", "Mdl": "Boeing 787 9", "Man": "Boeing", "CNum": "38774", "Op": "Norwegian", "OpIcao": "NAX", "Sqk": "1672", "Help": false, "Vsi": 2176, "VsiT": 0, "Dst": 9.01, "Brng": 253.8, "WTC": 3, "Species": 1, "Engines": "2", "EngType": 3, "EngMount": 0, "Mil": false, "Cou": "Norway", "HasPic": false, "Interested": false, "FlightsCount": 0, "Gnd": false, "SpdTyp": 0, "CallSus": false, "Trt": 5, "Year": "2017"}, {"Id": 10573414, "Rcvr": 1, "HasSig": true, "Sig": 105, "Icao": "A15666", "Bad": false, "Reg": "N18557", "FSeen": "/Date(1544414763025)/", "TSecs": 4061, "CMsgs": 2540, "Alt": -175, "GAlt": 94, "InHg": 30.1889763, "AltT": 0, "Call": "ASQ4313", "Lat": 40.751969, "Long": -73.846415, "PosTime": 1544418726625, "Mlat": true, "Tisb": false, "Spd": 391.9, "Trak": 323.5, "TrkH": false, "Type": "E145", "Mdl": " EMBRAER EMB-145LR", "Man": "Embraer", "CNum": "145596", "Op": "WELLS FARGO BANK NORTHWEST NA TRUSTEE     - SALT LAKE CITY, UT", "OpIcao": "ASQ", "Sqk": "1707", "Help": false, "Vsi": -896, "VsiT": 1, "Dst": 13.36, "Brng": 335.7, "WTC": 2, "Species": 1, "Engines": "2", "EngType": 3, "EngMount": 1, "Mil": false, "Cou": "United States", "HasPic": false, "Interested": false, "FlightsCount": 0, "Gnd": true, "SpdTyp": 0, "CallSus": true, "Trt": 2}, {"Id": 11357131, "Rcvr": 1, "HasSig": true, "Sig": 77, "Icao": "AD4BCB", "Bad": false, "Reg": "N956JT", "FSeen": "/Date(1544414628629)/", "TSecs": 4195, "CMsgs": 2470, "Alt": -175, "GAlt": 44, "InHg": 30.1801186, "AltT": 0, "TAlt": 36992, "Call": "JBU36", "Lat": 40.642868, "Long": -73.772171, "PosTime": 1544418746442, "Mlat": false, "Tisb": false, "Spd": 12.0, "Trak": 210.9, "TrkH": false, "Type": "A321", "Mdl": "Airbus A321 231SL", "Man": "Airbus", "CNum": "6791", "From": "MDST Cibao, Santiago, Dominican Republic", "To": "KJFK John F Kennedy, New York, United States", "Op": "JetBlue Airways", "OpIcao": "JBU", "Sqk": "7447", "Help": false, "Vsi": -64, "VsiT": 0, "Dst": 0.77, "Brng": 86.8, "WTC": 2, "Species": 1, "Engines": "2", "EngType": 3, "EngMount": 0, "Mil": false, "Cou": "United States", "HasPic": false, "Interested": false, "FlightsCount": 0, "Gnd": true, "SpdTyp": 0, "CallSus": false, "Trt": 5, "Year": "2015"}, {"Id": 11318700, "Rcvr": 1, "HasSig": false, "Icao": "ACB5AC", "Bad": false, "Reg": "N918PD", "FSeen": "/Date(1544414417370)/", "TSecs": 4407, "CMsgs": 2928, "Alt": 325, "GAlt": 544, "InHg": 30.1387787, "AltT": 0, "Call": "N918PD", "Lat": 40.571487, "Long": -73.961647, "PosTime": 1544418823733, "Mlat": false, "Tisb": false, "Spd": 97.0, "Trak": 85.9, "TrkH": false, "Type": "B429", "Mdl": "BELL HELICOPTER TEXTRON CANADA 429", "Man": "BELL", "CNum": "57188", "Op": "NEW YORK CITY POLICE DEPARTMENT", "Sqk": "0362", "Help": false, "Vsi": 64, "VsiT": 0, "Dst": 17.15, "Brng": 242.7, "WTC": 1, "Species": 4, "Engines": "2", "EngType": 2, "EngMount": 0, "Mil": false, "Cou": "United States", "HasPic": true, "PicX": 700, "PicY": 406, "Interested": false, "FlightsCount": 0, "Gnd": false, "SpdTyp": 0, "CallSus": false, "Tag": "LE", "Trt": 5, "Year": "2014"}, {"Id": 11324691, "Rcvr": 1, "HasSig": false, "Icao": "ACCD13", "Bad": false, "Reg": "N924AN", "FSeen": "/Date(1544410824340)/", "TSecs": 8000, "CMsgs": 3229, "Alt": -175, "GAlt": -23, "InHg": 30.0708656, "AltT": 0, "Lat": 40.754901, "Long": -73.840048, "PosTime": 1544418768326, "Mlat": true, "Tisb": false, "Spd": 501.1, "Trak": 24.4, "TrkH": false, "Type": "B738", "Mdl": "BOEING 737-823", "Man": "Boeing", "CNum": "29525", "Op": "American Airlines", "OpIcao": "AAL", "Sqk": "1407", "Help": false, "Vsi": 64, "VsiT": 0, "Dst": 13.45, "Brng": 338.4, "WTC": 2, "Species": 1, "Engines": "2", "EngType": 3, "EngMount": 0, "Mil": false, "Cou": "United States", "HasPic": false, "Interested": false, "FlightsCount": 0, "Gnd": true, "SpdTyp": 0, "CallSus": false, "Trt": 2, "Year": "1999"}, {"Id": 852842, "Rcvr": 1, "HasSig": true, "Sig": 90, "Icao": "0D036A", "Bad": false, "Reg": "XA-VTA", "FSeen": "/Date(1544410658361)/", "TSecs": 8166, "CMsgs": 4770, "Alt": -175, "GAlt": -174, "InHg": 29.9202747, "AltT": 0, "Call": "AIJ960", "Lat": 40.6145, "Long": -73.694167, "PosTime": 1544418662687, "Mlat": true, "PosStale": true, "Tisb": false, "Spd": 540.0, "Trak": 301.4, "TrkH": false, "Type": "A320", "Mdl": "Airbus A320 214", "Man": "Airbus", "CNum": "1259", "Op": "Interjet", "OpIcao": "AIJ", "Sqk": "6145", "Help": false, "Vsi": 33, "VsiT": 0, "Dst": 7.98, "Brng": 112.9, "WTC": 2, "Species": 1, "Engines": "2", "EngType": 3, "EngMount": 0, "Mil": false, "Cou": "Mexico", "HasPic": false, "Interested": false, "FlightsCount": 0, "Gnd": true, "SpdTyp": 0, "CallSus": false, "Trt": 2, "Year": "2000"}, {"Id": 11376402, "Rcvr": 1, "HasSig": true, "Sig": 130, "Icao": "AD9712", "Bad": false, "Reg": "N975JT", "FSeen": "/Date(1544407247437)/", "TSecs": 11577, "CMsgs": 5178, "Alt": 9650, "GAlt": 9945, "InHg": 30.2151985, "AltT": 0, "TAlt": 8992, "Call": "JBU2836", "Lat": 40.647692, "Long": -73.777391, "PosTime": 1544414454696, "Mlat": false, "PosStale": true, "Tisb": false, "Spd": 0.0, "Trak": 160.1, "TrkH": false, "TTrk": 0.0, "Type": "A321", "Mdl": "Airbus A321 231SL", "Man": "Airbus", "CNum": "7520", "Op": "JetBlue Airways", "OpIcao": "JBU", "Sqk": "2000", "Help": false, "Vsi": -128, "VsiT": 0, "Dst": 0.67, "Brng": 29.6, "WTC": 2, "Species": 1, "Engines": "2", "EngType": 3, "EngMount": 0, "Mil": false, "Cou": "United States", "HasPic": false, "Interested": false, "FlightsCount": 0, "Gnd": true, "SpdTyp": 0, "CallSus": false, "Trt": 5, "Year": "2016"}, {"Id": 11366291, "Rcvr": 1, "HasSig": true, "Sig": 68, "Icao": "AD6F93", "Bad": false, "Reg": "N965JT", "FSeen": "/Date(1544406473917)/", "TSecs": 12350, "CMsgs": 5598, "Alt": -175, "GAlt": 115, "InHg": 30.2096462, "AltT": 0, "TAlt": 4000, "Call": "JBU1503", "Lat": 40.650112, "Long": -73.778107, "PosTime": 1544414467002, "Mlat": false, "PosStale": true, "Tisb": false, "Spd": 1.3, "Trak": 118.1, "TrkH": false, "TTrk": 19.6875, "Type": "A321", "Mdl": "Airbus A321 231SL", "Man": "Airbus", "CNum": "6512", "From": "KJFK John F Kennedy, New York, United States", "To": "TJSJ Luis Munoz Marin, San Juan, Puerto Rico", "Op": "JetBlue Airways", "OpIcao": "JBU", "Sqk": "1732", "Help": false, "Vsi": -192, "VsiT": 0, "Dst": 0.89, "Brng": 17.5, "WTC": 2, "Species": 1, "Engines": "2", "EngType": 3, "EngMount": 0, "Mil": false, "Cou": "United States", "HasPic": false, "Interested": false, "FlightsCount": 0, "Gnd": true, "SpdTyp": 0, "CallSus": false, "Trt": 5, "Year": "2016"}, {"Id": 10956578, "Rcvr": 1, "HasSig": true, "Sig": 58, "Icao": "A72F22", "Bad": false, "Reg": "N562JB", "FSeen": "/Date(1544403419239)/", "TSecs": 15405, "CMsgs": 5302, "Alt": -175, "GAlt": 144, "InHg": 30.2388229, "AltT": 0, "TAlt": 3008, "Call": "JBU1818", "Lat": 40.633186, "Long": -73.768875, "PosTime": 1544406818351, "Mlat": false, "PosStale": true, "Tisb": false, "Spd": 0.0, "Trak": 210.9, "TrkH": false, "TTrk": 0.0, "Type": "A320", "Mdl": "2003 AIRBUS A320-232", "Man": "Airbus", "CNum": "1948", "From": "TTPP Piarco, Port of Spain, Trinidad and Tobago", "To": "KJFK John F Kennedy, New York, United States", "Op": "JetBlue Airways", "OpIcao": "JBU", "Sqk": "2666", "Help": false, "Vsi": -640, "VsiT": 0, "Dst": 1.47, "Brng": 134.6, "WTC": 2, "Species": 1, "Engines": "2", "EngType": 3, "EngMount": 0, "Mil": false, "Cou": "United States", "HasPic": false, "Interested": false, "FlightsCount": 0, "Gnd": true, "SpdTyp": 0, "CallSus": false, "Trt": 5, "Year": "2003"}, {"Id": 11309223, "Rcvr": 1, "HasSig": false, "Icao": "AC90A7", "Bad": false, "Reg": "N909AM", "FSeen": "/Date(1544402272435)/", "TSecs": 16552, "CMsgs": 6007, "Alt": -225, "GAlt": 56, "InHg": 30.129921, "AltT": 0, "TAlt": 3008, "Call": "AAL1207", "Lat": 40.776745, "Long": -73.874802, "PosTime": 1544418820706, "Mlat": false, "Tisb": false, "Spd": 0.0, "Trak": 133.6, "TrkH": false, "TTrk": 70.3125, "Type": "A321", "Mdl": "Airbus A321 231SL", "Man": "Airbus", "CNum": "7756", "From": "KDFW Dallas Fort Worth, Dallas-Fort Worth, United States", "To": "KSAN San Diego, United States", "Op": "American Airlines", "OpIcao": "AAL", "Sqk": "6211", "Help": false, "Vsi": -896, "VsiT": 0, "Dst": 16.88, "Brng": 332.2, "WTC": 2, "Species": 1, "Engines": "2", "EngType": 3, "EngMount": 0, "Mil": false, "Cou": "United States", "HasPic": false, "Interested": false, "FlightsCount": 0, "Gnd": true, "SpdTyp": 0, "CallSus": false, "Trt": 5, "Year": "2017"}, {"Id": 10719255, "Rcvr": 1, "HasSig": true, "Sig": 34, "Icao": "A39017", "Bad": false, "Reg": "N329DN", "FSeen": "/Date(1544401944089)/", "TSecs": 16880, "CMsgs": 9154, "Alt": 875, "GAlt": 1076, "InHg": 30.1207027, "AltT": 0, "TAlt": 1504, "Call": "DAL1830", "Lat": 40.606214, "Long": -73.72363, "PosTime": 1544418815412, "Mlat": false, "Tisb": false, "Spd": 136.0, "Trak": 301.5, "TrkH": false, "TTrk": 30.234375, "Type": "A321", "Mdl": "Airbus A321 211SL", "Man": "Airbus", "CNum": "7885", "From": "KSLC Salt Lake City, United States", "To": "KJFK John F Kennedy, New York, United States", "Op": "Delta Air Lines", "OpIcao": "DAL", "Sqk": "6270", "Help": false, "Vsi": -768, "VsiT": 1, "Dst": 6.32, "Brng": 129.6, "WTC": 2, "Species": 1, "Engines": "2", "EngType": 3, "EngMount": 0, "Mil": false, "Cou": "United States", "HasPic": false, "Interested": false, "FlightsCount": 0, "Gnd": false, "SpdTyp": 0, "CallSus": false, "Trt": 5, "Year": "2017"}, {"Id": 11002378, "Rcvr": 1, "HasSig": false, "Icao": "A7E20A", "Bad": false, "Reg": "N607JB", "FSeen": "/Date(1544395581915)/", "TSecs": 23242, "CMsgs": 11773, "Alt": -175, "GAlt": 49, "InHg": 30.1443272, "AltT": 0, "TAlt": 2016, "Call": "JBU2358", "Lat": 40.651579, "Long": -73.781371, "PosTime": 1544416673429, "Mlat": false, "PosStale": true, "Tisb": false, "Spd": 0.0, "Trak": 191.3, "TrkH": false, "TTrk": 0.0, "Type": "A320", "Mdl": "2005 AIRBUS A320-232", "Man": "Airbus", "CNum": "2386", "Op": "JetBlue Airways", "OpIcao": "JBU", "Sqk": "2000", "Help": false, "Vsi": -448, "VsiT": 0, "Dst": 1.01, "Brng": 359.6, "WTC": 2, "Species": 1, "Engines": "2", "EngType": 3, "EngMount": 0, "Mil": false, "Cou": "United States", "HasPic": false, "Interested": false, "FlightsCount": 0, "Gnd": true, "SpdTyp": 0, "CallSus": false, "Trt": 5, "Year": "2005"}, {"Id": 10502143, "Rcvr": 1, "HasSig": true, "Sig": 104, "Icao": "A03FFF", "Bad": false, "Reg": "N115NN", "FSeen": "/Date(1544395090697)/", "TSecs": 23733, "CMsgs": 12304, "Alt": 1893, "GAlt": 2183, "InHg": 30.2096462, "AltT": 0, "TAlt": 4000, "Call": "AAL32", "Lat": 40.649551, "Long": -73.795166, "PosTime": 1544412873510, "Mlat": false, "PosStale": true, "Tisb": false, "Spd": 0.0, "Trak": 165.9, "TrkH": false, "TTrk": 0.0, "Type": "A321", "Mdl": "2014 AIRBUS INDUSTRIE A321-231", "Man": "Airbus", "CNum": "6063", "From": "KLAX Los Angeles, United States", "To": "KJFK John F Kennedy, New York, United States", "Op": "American Airlines", "OpIcao": "AAL", "Sqk": "1200", "Help": false, "Vsi": -128, "VsiT": 0, "Dst": 1.41, "Brng": 303.9, "WTC": 2, "Species": 1, "Engines": "2", "EngType": 3, "EngMount": 0, "Mil": false, "Cou": "United States", "HasPic": false, "Interested": false, "FlightsCount": 0, "Gnd": true, "SpdTyp": 0, "CallSus": false, "Trt": 5, "Year": "2014"}, {"Id": 11363438, "Rcvr": 1, "HasSig": true, "Sig": 148, "Icao": "AD646E", "Bad": false, "Reg": "N962JT", "FSeen": "/Date(1544389410137)/", "TSecs": 29414, "CMsgs": 11356, "Alt": -175, "GAlt": 135, "InHg": 30.2303143, "AltT": 0, "TAlt": 4000, "Call": "JBU6123", "Lat": 40.642769, "Long": -73.771088, "PosTime": 1544407308757, "Mlat": false, "PosStale": true, "Tisb": false, "Spd": 0.0, "Trak": 199.7, "TrkH": false, "TTrk": 250.0, "Type": "A321", "Mdl": "Airbus A321 231SL", "Man": "Airbus", "CNum": "6988", "Op": "JetBlue Airways", "OpIcao": "JBU", "Sqk": "2000", "Help": false, "Vsi": -1280, "VsiT": 0, "Dst": 0.86, "Brng": 87.9, "WTC": 2, "Species": 1, "Engines": "2", "EngType": 3, "EngMount": 0, "Mil": false, "Cou": "United States", "HasPic": false, "Interested": false, "FlightsCount": 0, "Gnd": true, "SpdTyp": 0, "CallSus": false, "Trt": 4, "Year": "2016"}], "totalAc": 3777, "lastDv": "636797564790350647", "shtTrlSec": 65, "stm": 1544418824489}