{"src": 1, "feeds": [{"id": 1, "name": "From Cons", "polarPlot": false}], "srcFeed": 1, "showSil": true, "showFlg": true, "showPic": true, "flgH": 20, "flgW": 85, "acList": [{"Id": 11158856, "Rcvr": 1, "HasSig": false, "Icao": "AA4548", "Bad": false, "Reg": "N761AJ", "FSeen": "/Date(1544406952158)/", "TSecs": 42, "CMsgs": 7, "InHg": 30.2303143, "AltT": 0, "Call": "AAL106", "Lat": 40.650719, "Long": -73.771851, "PosTime": 1544406983199, "Mlat": false, "Tisb": false, "Spd": 21.0, "Trak": 121.1, "TrkH": false, "Type": "B772", "Mdl": "2002 BOEING 777-223", "Man": "Boeing", "CNum": "31478", "From": "KSEA Seattle Tacoma, United States", "To": "EGLL London Heathrow, United Kingdom", "Stops": ["KPHX Phoenix Sky Harbor, United States", "KJFK John F Kennedy, New York, United States"], "Op": "WELLS FARGO BANK NORTHWEST NA TRUSTEE     - SALT LAKE CITY, UT", "OpIcao": "AAL", "Sqk": "", "VsiT": 0, "Dst": 1.21, "Brng": 41.0, "WTC": 3, "Species": 1, "Engines": "2", "EngType": 3, "EngMount": 0, "Mil": false, "Cou": "United States", "HasPic": false, "Interested": false, "FlightsCount": 0, "Gnd": true, "SpdTyp": 0, "CallSus": false, "Trt": 2, "Year": "2002"}, {"Id": 10827757, "Rcvr": 1, "HasSig": true, "Sig": 174, "Icao": "A537ED", "Bad": false, "Reg": "N435YX", "FSeen": "/Date(1544406937770)/", "TSecs": 57, "CMsgs": 32, "Alt": 1375, "GAlt": 1670, "InHg": 30.2151985, "AltT": 0, "TAlt": 15008, "Call": "RPA4365", "Lat": 40.805085, "Long": -73.899224, "PosTime": 1544406993523, "Mlat": false, "Tisb": false, "Spd": 173.7, "Trak": 331.1, "TrkH": false, "Type": "E75L", "Mdl": "2014 EMBRAER S A ERJ170-200LR", "Man": "Embraer", "CNum": "17000423", "Op": "Republic Airlines", "OpIcao": "RPA", "Sqk": "2712", "Help": false, "Vsi": 768, "VsiT": 1, "Dst": 20.63, "Brng": 331.2, "WTC": 2, "Species": 1, "Engines": "2", "EngType": 3, "EngMount": 0, "Mil": false, "Cou": "United States", "HasPic": false, "Interested": false, "FlightsCount": 0, "Gnd": false, "SpdTyp": 0, "CallSus": false, "Trt": 5, "Year": "2014"}, {"Id": 11088421, "Rcvr": 1, "HasSig": false, "Icao": "A93225", "Bad": false, "Reg": "N692AA", "FSeen": "/Date(1544406841151)/", "TSecs": 153, "CMsgs": 85, "Alt": 6625, "GAlt": 6935, "InHg": 30.2303143, "AltT": 0, "Call": "AAL2383", "Lat": 40.497482, "Long": -73.700562, "PosTime": 1544406993523, "Mlat": false, "Tisb": false, "Spd": 281.0, "Trak": 140.3, "TrkH": false, "Type": "B752", "Mdl": "1993 BOEING 757-223", "Man": "Boeing", "CNum": "26972", "From": "KDFW Dallas Fort Worth, Dallas-Fort Worth, United States", "To": "MBPV Providenciales, Providenciales Island, Turks and Caicos Islands", "Op": "American Airlines", "OpIcao": "AAL", "Sqk": "1602", "Help": false, "Vsi": 3520, "VsiT": 0, "Dst": 17.51, "Brng": 157.1, "WTC": 2, "Species": 1, "Engines": "2", "EngType": 3, "EngMount": 0, "Mil": false, "Cou": "United States", "HasPic": false, "Interested": false, "FlightsCount": 0, "Gnd": false, "SpdTyp": 0, "CallSus": false, "Trt": 2, "Year": "1993"}, {"Id": 4224449, "Rcvr": 1, "HasSig": true, "Sig": 100, "Icao": "4075C1", "Bad": false, "Reg": "G-CKWN", "FSeen": "/Date(1544406310731)/", "TSecs": 684, "CMsgs": 60, "Alt": 97800, "GAlt": 98110, "InHg": 30.2303143, "AltT": 0, "Call": "NRS18U", "Lat": 40.651066, "Long": -73.764908, "PosTime": 1544406911795, "Mlat": false, "Tisb": false, "Spd": 5.5, "Trak": 213.8, "TrkH": false, "Type": "B789", "Mdl": "Boeing 787 9", "Man": "Boeing", "CNum": "63317", "Op": "Norwegian Air UK", "OpIcao": "NRS", "Sqk": "7146", "Help": false, "VsiT": 0, "Dst": 1.68, "Brng": 55.4, "WTC": 3, "Species": 1, "Engines": "2", "EngType": 3, "EngMount": 0, "Mil": false, "Cou": "United Kingdom", "HasPic": false, "Interested": false, "FlightsCount": 0, "Gnd": true, "SpdTyp": 0, "CallSus": false, "Trt": 2, "Year": "2018"}, {"Id": 10559389, "Rcvr": 1, "HasSig": true, "Sig": 33, "Icao": "A11F9D", "Bad": false, "Reg": "N17122", "FSeen": "/Date(1544405451312)/", "TSecs": 1543, "CMsgs": 586, "Alt": 10825, "GAlt": 11259, "InHg": 30.35433, "AltT": 0, "TAlt": 13312, "Call": "UAL36", "Lat": 40.930893, "Long": -73.796997, "PosTime": 1544406990579, "Mlat": false, "Tisb": false, "Spd": 353.2, "Trak": 47.6, "TrkH": false, "Type": "B752", "Mdl": "1997 BOEING 757-224", "Man": "Boeing", "CNum": "27564", "From": "KEWR Newark Liberty, United States", "To": "EGPH Edinburgh, United Kingdom", "Op": "United Airlines", "OpIcao": "UAL", "Sqk": "1145", "Help": false, "Vsi": 1728, "VsiT": 0, "Dst": 32.1, "Brng": 357.6, "WTC": 2, "Species": 1, "Engines": "2", "EngType": 3, "EngMount": 0, "Mil": false, "Cou": "United States", "HasPic": false, "Interested": false, "FlightsCount": 0, "Gnd": false, "SpdTyp": 0, "CallSus": false, "Trt": 2, "Year": "1997"}, {"Id": 10491081, "Rcvr": 1, "HasSig": true, "Sig": 221, "Icao": "A014C9", "Bad": false, "Reg": "N104NN", "FSeen": "/Date(1544405423423)/", "TSecs": 1571, "CMsgs": 222, "Alt": 7750, "GAlt": 8060, "InHg": 30.2303143, "AltT": 0, "Call": "AAL177", "Lat": 40.60524, "Long": -73.619141, "PosTime": 1544406993522, "Mlat": false, "Tisb": false, "Spd": 270.5, "Trak": 39.8, "TrkH": false, "Type": "A321", "Mdl": "2013 AIRBUS A321-231", "Man": "Airbus", "CNum": "5895", "From": "KJFK John F Kennedy, New York, United States", "To": "KSFO San Francisco, United States", "Op": "American Airlines", "OpIcao": "AAL", "Sqk": "2632", "Help": false, "Vsi": 2944, "VsiT": 0, "Dst": 14.3, "Brng": 106.8, "WTC": 2, "Species": 1, "Engines": "2", "EngType": 3, "EngMount": 0, "Mil": false, "Cou": "United States", "HasPic": false, "Interested": false, "FlightsCount": 0, "Gnd": false, "SpdTyp": 0, "CallSus": false, "Trt": 2, "Year": "2013"}, {"Id": 11237165, "Rcvr": 1, "HasSig": false, "Icao": "AB772D", "Bad": false, "Reg": "N838MH", "FSeen": "/Date(1544405270627)/", "TSecs": 1724, "CMsgs": 35, "Alt": 825, "GAlt": 1120, "InHg": 30.2151985, "AltT": 0, "TAlt": 4992, "Call": "DAL476", "Lat": 40.624276, "Long": -73.78368, "PosTime": 1544406981660, "Mlat": false, "Tisb": false, "Spd": 184.0, "Trak": 209.5, "TrkH": false, "TTrk": 225.0, "Type": "B764", "Mdl": "2001 BOEING 767-432ER", "Man": "Boeing", "CNum": "29711", "From": "KJFK John F Kennedy, New York, United States", "To": "LEBL Barcelona, Spain", "Op": "Delta Air Lines", "OpIcao": "DAL", "Sqk": "7116", "Help": false, "Vsi": 2688, "VsiT": 1, "Dst": 2.03, "Brng": 185.7, "WTC": 3, "Species": 1, "Engines": "2", "EngType": 3, "EngMount": 0, "Mil": false, "Cou": "United States", "HasPic": false, "Interested": false, "FlightsCount": 0, "Gnd": false, "SpdTyp": 0, "CallSus": false, "Trt": 5, "Year": "2001"}, {"Id": 10800277, "Rcvr": 1, "HasSig": true, "Sig": 61, "Icao": "A4CC95", "Bad": false, "Reg": "N408YX", "FSeen": "/Date(1544404559565)/", "TSecs": 2435, "CMsgs": 1358, "Alt": 3725, "GAlt": 4026, "InHg": 30.2214565, "AltT": 0, "TAlt": 4000, "Call": "RPA4454", "Lat": 40.541832, "Long": -73.485863, "PosTime": 1544406993506, "Mlat": false, "Tisb": false, "Spd": 224.7, "Trak": 28.7, "TrkH": false, "Type": "E75S", "Mdl": "2013 EMBRAER ERJ170-200LR", "Man": "Embraer", "CNum": "17000371", "Op": "Republic Airlines", "OpIcao": "RPA", "Sqk": "2117", "Help": false, "Vsi": -64, "VsiT": 1, "Dst": 27.34, "Brng": 114.1, "WTC": 2, "Species": 1, "Engines": "2", "EngType": 3, "EngMount": 0, "Mil": false, "Cou": "United States", "HasPic": false, "Interested": false, "FlightsCount": 0, "Gnd": false, "SpdTyp": 0, "CallSus": false, "Trt": 5, "Year": "2013"}, {"Id": 11355213, "Rcvr": 1, "HasSig": true, "Sig": 115, "Icao": "AD444D", "Bad": false, "Reg": "N954JB", "FSeen": "/Date(1544404305473)/", "TSecs": 2689, "CMsgs": 1445, "Alt": 1325, "GAlt": 1620, "InHg": 30.2151985, "AltT": 0, "TAlt": 3008, "Call": "JBU410", "Lat": 40.710816, "Long": -73.703468, "PosTime": 1544406993505, "Mlat": false, "Tisb": false, "Spd": 140.8, "Trak": 210.8, "TrkH": false, "TTrk": 270.0, "Type": "A321", "Mdl": "2015 AIRBUS A321-231", "Man": "Airbus", "CNum": "6725", "From": "MDSD Las Am\u00e9ricas, Santo Domingo, Dominican Republic", "To": "KJFK John F Kennedy, New York, United States", "Op": "JET BLUE AIRWAYS CORP     - LONG ISLAND CITY, NY", "OpIcao": "JBU", "Sqk": "1726", "Help": false, "Vsi": -1024, "VsiT": 1, "Dst": 10.04, "Brng": 40.8, "WTC": 2, "Species": 1, "Engines": "2", "EngType": 3, "EngMount": 0, "Mil": false, "Cou": "United States", "HasPic": false, "Interested": false, "FlightsCount": 0, "Gnd": false, "SpdTyp": 0, "CallSus": false, "Trt": 5, "Year": "2015"}, {"Id": 10956578, "Rcvr": 1, "HasSig": true, "Sig": 91, "Icao": "A72F22", "Bad": false, "Reg": "N562JB", "FSeen": "/Date(1544403419152)/", "TSecs": 3575, "CMsgs": 1918, "Alt": -225, "GAlt": 94, "InHg": 30.2388229, "AltT": 0, "TAlt": 3008, "Call": "JBU1818", "Lat": 40.633186, "Long": -73.768875, "PosTime": 1544406818542, "Mlat": false, "PosStale": true, "Tisb": false, "Spd": 0.0, "Trak": 300.9, "TrkH": false, "TTrk": 0.0, "Type": "A320", "Mdl": "2003 AIRBUS A320-232", "Man": "Airbus", "CNum": "1948", "From": "TTPP Piarco, Port of Spain, Trinidad and Tobago", "To": "KJFK John F Kennedy, New York, United States", "Op": "JetBlue Airways", "OpIcao": "JBU", "Sqk": "2666", "Help": false, "Vsi": -640, "VsiT": 0, "Dst": 1.47, "Brng": 134.6, "WTC": 2, "Species": 1, "Engines": "2", "EngType": 3, "EngMount": 0, "Mil": false, "Cou": "United States", "HasPic": false, "Interested": false, "FlightsCount": 0, "Gnd": true, "SpdTyp": 0, "CallSus": false, "Trt": 5, "Year": "2003"}, {"Id": 12615840, "Rcvr": 1, "HasSig": false, "Icao": "C080A0", "Bad": false, "Reg": "C-GWSL", "FSeen": "/Date(1544403390640)/", "TSecs": 3604, "CMsgs": 1966, "Alt": 1150, "GAlt": 1440, "InHg": 30.2096462, "AltT": 0, "Call": "WJA1214", "Lat": 40.843002, "Long": -73.82312, "PosTime": 1544406992106, "Mlat": false, "Tisb": false, "Spd": 134.0, "Trak": 212.5, "TrkH": false, "Type": "B736", "Mdl": "Boeing 737NG 6CT", "Man": "Boeing", "CNum": "34633", "From": "CYYZ Lester B. Pearson, Toronto, Canada", "To": "KLGA La Guardia, New York, United States", "Op": "WestJet", "OpIcao": "WJA", "Sqk": "0570", "Help": false, "Vsi": -576, "VsiT": 0, "Dst": 22.57, "Brng": 351.0, "WTC": 2, "Species": 1, "Engines": "2", "EngType": 3, "EngMount": 0, "Mil": false, "Cou": "Canada", "HasPic": false, "Interested": false, "FlightsCount": 0, "Gnd": false, "SpdTyp": 0, "CallSus": false, "Trt": 2, "Year": "2006"}, {"Id": 11308794, "Rcvr": 1, "HasSig": true, "Sig": 216, "Icao": "AC8EFA", "Bad": false, "Reg": "N908XJ", "FSeen": "/Date(1544403355157)/", "TSecs": 3639, "CMsgs": 2013, "Alt": 5606, "GAlt": 5916, "InHg": 30.2303143, "AltT": 0, "TAlt": 4000, "Call": "EDV5380", "Lat": 40.77887, "Long": -73.87616, "PosTime": 1544406916809, "Mlat": false, "Tisb": false, "Spd": 9.5, "Trak": 30.9, "TrkH": false, "TTrk": 49.921875, "Type": "CRJ9", "Mdl": "2007 BOMBARDIER INC CL-600-2D24", "Man": "Bombardier", "CNum": "15140", "Op": "DELTA AIR LINES INC     - ATLANTA, GA", "OpIcao": "EDV", "Sqk": "2325", "Help": false, "Vsi": 0, "VsiT": 0, "Dst": 17.14, "Brng": 332.2, "WTC": 2, "Species": 1, "Engines": "2", "EngType": 3, "EngMount": 1, "Mil": false, "Cou": "United States", "HasPic": false, "Interested": false, "FlightsCount": 0, "Gnd": true, "SpdTyp": 0, "CallSus": false, "Trt": 5, "Year": "2007"}, {"Id": 11244145, "Rcvr": 1, "HasSig": false, "Icao": "AB9271", "Bad": false, "Reg": "N845AE", "FSeen": "/Date(1544403349876)/", "TSecs": 3644, "CMsgs": 1977, "Alt": -225, "GAlt": 65, "InHg": 30.2096462, "AltT": 0, "Call": "ENY3874", "Lat": 40.783859, "Long": -73.871948, "PosTime": 1544406976540, "Mlat": false, "Tisb": false, "Spd": 15.0, "Trak": 30.9, "TrkH": false, "Type": "E135", "Mdl": "2003 EMBRAER EMB-135KL", "Man": "Embraer", "CNum": "145685", "Op": "American Eagle - Envoy Air", "OpIcao": "ENY", "Sqk": "2432", "Help": false, "Vsi": -704, "VsiT": 0, "Dst": 17.48, "Brng": 334.1, "WTC": 2, "Species": 1, "Engines": "2", "EngType": 3, "EngMount": 1, "Mil": false, "Cou": "United States", "HasPic": false, "Interested": false, "FlightsCount": 0, "Gnd": true, "SpdTyp": 0, "CallSus": false, "Trt": 5, "Year": "2003"}, {"Id": 11094856, "Rcvr": 1, "HasSig": false, "Icao": "A94B48", "Bad": false, "Reg": "N69830", "FSeen": "/Date(1544402808345)/", "TSecs": 4186, "CMsgs": 2273, "Alt": 1425, "GAlt": 1715, "InHg": 30.2096462, "AltT": 0, "TAlt": 8000, "Call": "UAL1997", "Lat": 40.766052, "Long": -74.117981, "PosTime": 1544406993502, "Mlat": false, "Tisb": false, "Spd": 160.0, "Trak": 207.0, "TrkH": false, "TTrk": 52.734375, "Type": "B739", "Mdl": "2014 BOEING 737-924ER", "Man": "Boeing", "CNum": "44560", "From": "KLAX Los Angeles, United States", "To": "KEWR Newark Liberty, United States", "Op": "United Airlines", "OpIcao": "UAL", "Sqk": "0556", "Help": false, "Vsi": -896, "VsiT": 1, "Dst": 31.53, "Brng": 295.9, "WTC": 2, "Species": 1, "Engines": "2", "EngType": 3, "EngMount": 0, "Mil": false, "Cou": "United States", "HasPic": false, "Interested": false, "FlightsCount": 0, "Gnd": false, "SpdTyp": 0, "CallSus": false, "Trt": 5, "Year": "2014"}, {"Id": 10785855, "Rcvr": 1, "HasSig": true, "Sig": 214, "Icao": "A4943F", "Bad": false, "Reg": "N39416", "FSeen": "/Date(1544401258355)/", "TSecs": 5736, "CMsgs": 3150, "Alt": 2725, "GAlt": 3020, "InHg": 30.2151985, "AltT": 0, "TAlt": 3008, "Call": "UAL636", "Lat": 40.827523, "Long": -74.078813, "PosTime": 1544406993500, "Mlat": false, "Tisb": false, "Spd": 172.7, "Trak": 205.4, "TrkH": false, "TTrk": 224.296875, "Type": "B739", "Mdl": "2008 BOEING 737-924ER", "Man": "Boeing", "CNum": "37093", "From": "KORD Chicago O'Hare, United States", "To": "KEWR Newark Liberty, United States", "Op": "United Airlines", "OpIcao": "UAL", "Sqk": "6242", "Help": false, "Vsi": 0, "VsiT": 1, "Dst": 32.43, "Brng": 309.5, "WTC": 2, "Species": 1, "Engines": "2", "EngType": 3, "EngMount": 0, "Mil": false, "Cou": "United States", "HasPic": false, "Interested": false, "FlightsCount": 0, "Gnd": false, "SpdTyp": 0, "CallSus": false, "Trt": 5, "Year": "2008"}, {"Id": 11105991, "Rcvr": 1, "HasSig": true, "Sig": 191, "Icao": "A976C7", "Bad": false, "Reg": "N709JB", "FSeen": "/Date(1544401007406)/", "TSecs": 5987, "CMsgs": 2914, "Alt": -225, "GAlt": 85, "InHg": 30.2303143, "AltT": 0, "TAlt": 35008, "Call": "JBU1374", "Lat": 40.632591, "Long": -73.767609, "PosTime": 1544406220928, "Mlat": false, "PosStale": true, "Tisb": false, "Spd": 0.0, "Trak": 191.3, "TrkH": false, "TTrk": 0.0, "Type": "A320", "Mdl": "2008 AIRBUS A320-232", "Man": "Airbus", "CNum": "3488", "From": "KCHS Charleston Air Force Base-International, United States", "To": "KJFK John F Kennedy, New York, United States", "Op": "JetBlue Airways", "OpIcao": "JBU", "Sqk": "1200", "Help": false, "Vsi": -128, "VsiT": 0, "Dst": 1.59, "Brng": 133.6, "WTC": 2, "Species": 1, "Engines": "2", "EngType": 3, "EngMount": 0, "Mil": false, "Cou": "United States", "HasPic": false, "Interested": false, "FlightsCount": 0, "Gnd": true, "SpdTyp": 0, "CallSus": false, "Trt": 5, "Year": "2008"}, {"Id": 10766767, "Rcvr": 1, "HasSig": true, "Sig": 12, "Icao": "A449AF", "Bad": false, "Reg": "N3757D", "FSeen": "/Date(1544400727368)/", "TSecs": 6267, "CMsgs": 3204, "Alt": 83600, "GAlt": 83890, "InHg": 30.2096462, "AltT": 0, "TAlt": 18016, "Call": "DAL1704", "Lat": 40.774303, "Long": -73.865723, "PosTime": 1544406966891, "Mlat": false, "Tisb": false, "Spd": 9.0, "Trak": 116.6, "TrkH": false, "TTrk": 115.3125, "Type": "B738", "Mdl": "BOEING 737-832", "Man": "Boeing", "CNum": "30813", "From": "KDTW Detroit Metropolitan Wayne County, United States", "To": "KDTW Detroit Metropolitan Wayne County, United States", "Stops": ["KFLL Fort Lauderdale Hollywood, United States"], "Op": "Delta Air Lines", "OpIcao": "DAL", "Sqk": "4055", "Help": false, "Vsi": -768, "VsiT": 0, "Dst": 16.29, "Brng": 334.1, "WTC": 2, "Species": 1, "Engines": "2", "EngType": 3, "EngMount": 0, "Mil": false, "Cou": "United States", "HasPic": false, "Interested": false, "FlightsCount": 0, "Gnd": false, "SpdTyp": 0, "CallSus": false, "Trt": 5, "Year": "2001"}, {"Id": 11278673, "Rcvr": 1, "HasSig": true, "Sig": 162, "Icao": "AC1951", "Bad": false, "Reg": "N879RW", "FSeen": "/Date(1544400680784)/", "TSecs": 6314, "CMsgs": 3269, "Alt": 1750, "GAlt": 2040, "InHg": 30.2096462, "AltT": 0, "Call": "RPA6047", "Lat": 40.891998, "Long": -73.781558, "PosTime": 1544406993499, "Mlat": true, "Tisb": false, "Spd": 360.4, "Trak": 225.6, "TrkH": false, "Type": "E170", "Mdl": "Embraer EMB-170 LR", "Man": "Embraer", "CNum": "17000227", "Op": "Republic Airlines", "OpIcao": "RPA", "Sqk": "3327", "Help": false, "Vsi": 64, "VsiT": 0, "Dst": 27.74, "Brng": 360.0, "WTC": 2, "Species": 1, "Engines": "2", "EngType": 3, "EngMount": 0, "Mil": false, "Cou": "United States", "HasPic": false, "Interested": false, "FlightsCount": 0, "Gnd": false, "SpdTyp": 0, "CallSus": true, "Trt": 2, "Year": "2008"}, {"Id": 10925303, "Rcvr": 1, "HasSig": true, "Sig": 188, "Icao": "A6B4F7", "Bad": false, "Reg": "N531JL", "FSeen": "/Date(1544400039342)/", "TSecs": 6955, "CMsgs": 3188, "Alt": -225, "GAlt": 117, "InHg": 30.26245, "AltT": 0, "TAlt": 3008, "Call": "JBU429", "Lat": 40.632534, "Long": -73.767502, "PosTime": 1544403068414, "Mlat": false, "PosStale": true, "Tisb": false, "Spd": 0.1, "Trak": 199.7, "TrkH": false, "TTrk": 0.0, "Type": "A320", "Mdl": "2001 AIRBUS INDUSTRIE A320-232", "Man": "Airbus", "CNum": "1650", "From": "KBOS General Edward Lawrence Logan, Boston, United States", "To": "KSMF Sacramento, United States", "Op": "JetBlue Airways", "OpIcao": "JBU", "Sqk": "3337", "Help": false, "Vsi": -128, "VsiT": 0, "Dst": 1.61, "Brng": 133.6, "WTC": 2, "Species": 1, "Engines": "2", "EngType": 3, "EngMount": 0, "Mil": false, "Cou": "United States", "HasPic": false, "Interested": false, "FlightsCount": 0, "Gnd": true, "SpdTyp": 0, "CallSus": false, "Trt": 5, "Year": "2001"}, {"Id": 10957529, "Rcvr": 1, "HasSig": true, "Sig": 173, "Icao": "A732D9", "Bad": false, "Reg": "N563JB", "FSeen": "/Date(1544399788502)/", "TSecs": 7206, "CMsgs": 3235, "Alt": -225, "GAlt": 94, "InHg": 30.2388229, "AltT": 0, "TAlt": 2016, "Call": "JBU1042", "Lat": 40.629398, "Long": -73.769943, "PosTime": 1544405433414, "Mlat": false, "PosStale": true, "Tisb": false, "Spd": 0.0, "Trak": 239.1, "TrkH": false, "TTrk": 279.84375, "Type": "A320", "Mdl": "2003 AIRBUS A320-232", "Man": "Airbus", "CNum": "2006", "From": "KSAV Savannah Hilton Head, United States", "To": "KJFK John F Kennedy, New York, United States", "Op": "JetBlue Airways", "OpIcao": "JBU", "Sqk": "0726", "Help": false, "Vsi": -576, "VsiT": 0, "Dst": 1.74, "Brng": 146.7, "WTC": 2, "Species": 1, "Engines": "2", "EngType": 3, "EngMount": 0, "Mil": false, "Cou": "United States", "HasPic": false, "Interested": false, "FlightsCount": 0, "Gnd": true, "SpdTyp": 0, "CallSus": false, "Trt": 5, "Year": "2003"}, {"Id": 10900683, "Rcvr": 1, "HasSig": true, "Sig": 103, "Icao": "A654CB", "Bad": false, "Reg": "N507JT", "FSeen": "/Date(1544399564661)/", "TSecs": 7430, "CMsgs": 3449, "Alt": -225, "GAlt": 94, "InHg": 30.2388229, "AltT": 0, "TAlt": 3008, "Call": "JBU720", "Lat": 40.629604, "Long": -73.770172, "PosTime": 1544405897572, "Mlat": false, "PosStale": true, "Tisb": false, "Spd": 0.1, "Trak": 165.9, "TrkH": false, "Type": "A320", "Mdl": "2000 AIRBUS INDUSTRIE A320-232", "Man": "Airbus", "CNum": "1240", "From": "MYNN Lynden Pindling, Nassau, Bahamas", "To": "KJFK John F Kennedy, New York, United States", "Op": "JetBlue Airways", "OpIcao": "JBU", "Sqk": "2000", "Help": false, "Vsi": -128, "VsiT": 0, "Dst": 1.71, "Brng": 146.8, "WTC": 2, "Species": 1, "Engines": "2", "EngType": 3, "EngMount": 0, "Mil": false, "Cou": "United States", "HasPic": false, "Interested": false, "FlightsCount": 0, "Gnd": true, "SpdTyp": 0, "CallSus": false, "Trt": 5, "Year": "2000"}, {"Id": 10711861, "Rcvr": 1, "HasSig": false, "Icao": "A37335", "Bad": false, "Reg": "N321NB", "FSeen": "/Date(1544399171228)/", "TSecs": 7823, "CMsgs": 4106, "Alt": 50, "GAlt": 345, "InHg": 30.2151985, "AltT": 0, "TAlt": 7008, "Call": "DAL1940", "Lat": 40.795727, "Long": -73.862206, "PosTime": 1544406993498, "Mlat": false, "Tisb": false, "Spd": 126.0, "Trak": 213.7, "TrkH": false, "TTrk": 0.0, "Type": "A319", "Mdl": "2001 AIRBUS INDUSTRIE A319-114", "Man": "Airbus", "CNum": "1414", "From": "KSFO San Francisco, United States", "To": "KJFK John F Kennedy, New York, United States", "Op": "Delta Air Lines", "OpIcao": "DAL", "Sqk": "5021", "Help": false, "Vsi": -192, "VsiT": 0, "Dst": 18.35, "Brng": 338.2, "WTC": 2, "Species": 1, "Engines": "2", "EngType": 3, "EngMount": 0, "Mil": false, "Cou": "United States", "HasPic": false, "Interested": false, "FlightsCount": 0, "Gnd": false, "SpdTyp": 0, "CallSus": false, "Trt": 5, "Year": "2001"}, {"Id": 10755177, "Rcvr": 1, "HasSig": false, "Icao": "A41C69", "Bad": false, "Reg": "N364NW", "FSeen": "/Date(1544399136490)/", "TSecs": 7858, "CMsgs": 4093, "Alt": 3725, "GAlt": 4026, "InHg": 30.2214565, "AltT": 0, "TAlt": 18016, "Call": "DAL2296", "Lat": 40.729065, "Long": -73.876251, "PosTime": 1544406992102, "Mlat": false, "Tisb": false, "Spd": 267.0, "Trak": 60.0, "TrkH": false, "TTrk": 0.0, "Type": "A320", "Mdl": "AIRBUS INDUSTRIE A320-212", "Man": "Airbus", "CNum": "0962", "From": "KMSP Minneapolis-St Paul International/Wold-Chamberlain, Minneapolis, United States", "To": "KLGA La Guardia, New York, United States", "Op": "Delta Air Lines", "OpIcao": "DAL", "Sqk": "2720", "Help": false, "Vsi": -64, "VsiT": 1, "Dst": 12.52, "Brng": 320.3, "WTC": 2, "Species": 1, "Engines": "2", "EngType": 3, "EngMount": 0, "Mil": false, "Cou": "United States", "HasPic": false, "Interested": false, "FlightsCount": 0, "Gnd": false, "SpdTyp": 0, "CallSus": false, "Trt": 5, "Year": "1999"}, {"Id": 4222284, "Rcvr": 1, "HasSig": true, "Sig": 34, "Icao": "406D4C", "Bad": false, "Reg": "G-VCRU", "FSeen": "/Date(1544398606337)/", "TSecs": 8388, "CMsgs": 4443, "Alt": 2725, "GAlt": 3020, "InHg": 30.2151985, "AltT": 0, "TAlt": 3008, "Call": "VIR9M", "Lat": 40.799545, "Long": -73.569572, "PosTime": 1544406986716, "Mlat": false, "Tisb": false, "Spd": 170.3, "Trak": 255.7, "TrkH": false, "TTrk": 279.84375, "Type": "B789", "Mdl": "Boeing 787 9", "Man": "Boeing", "CNum": "37972", "From": "EGLL London Heathrow, United Kingdom", "To": "KJFK John F Kennedy, New York, United States", "Op": "Virgin Atlantic Airways", "OpIcao": "VIR", "Sqk": "2544", "Help": false, "Vsi": -512, "VsiT": 0, "Dst": 24.97, "Brng": 45.5, "WTC": 3, "Species": 1, "Engines": "2", "EngType": 3, "EngMount": 0, "Mil": false, "Cou": "United Kingdom", "HasPic": false, "Interested": false, "FlightsCount": 0, "Gnd": false, "SpdTyp": 0, "CallSus": false, "Trt": 5, "Year": "2015"}, {"Id": 11210316, "Rcvr": 1, "HasSig": false, "Icao": "AB0E4C", "Bad": false, "Reg": "N811NN", "FSeen": "/Date(1544398526533)/", "TSecs": 8468, "CMsgs": 4312, "Alt": -225, "GAlt": 47, "InHg": 30.2096462, "AltT": 0, "TAlt": 3008, "Call": "AAL1311", "Lat": 40.776978, "Long": -73.871712, "PosTime": 1544406993524, "Mlat": false, "Tisb": false, "Spd": 8.0, "Trak": 174.4, "TrkH": false, "TTrk": 229.921875, "Type": "B738", "Mdl": "2009 BOEING 737-823", "Man": "Boeing", "CNum": "31079", "From": "KMIA Miami, United States", "To": "TJSJ Luis Munoz Marin, San Juan, Puerto Rico", "Op": "American Airlines", "OpIcao": "AAL", "Sqk": "3777", "Help": false, "Vsi": -192, "VsiT": 0, "Dst": 16.79, "Brng": 333.0, "WTC": 2, "Species": 1, "Engines": "2", "EngType": 3, "EngMount": 0, "Mil": false, "Cou": "United States", "HasPic": false, "Interested": false, "FlightsCount": 0, "Gnd": true, "SpdTyp": 0, "CallSus": false, "Trt": 5, "Year": "2009"}, {"Id": 11270114, "Rcvr": 1, "HasSig": true, "Sig": 64, "Icao": "ABF7E2", "Bad": false, "Reg": "N870RW", "FSeen": "/Date(1544397910473)/", "TSecs": 9084, "CMsgs": 4117, "Alt": 4400, "GAlt": 4710, "InHg": 30.2303143, "AltT": 0, "Call": "RPA6007", "Lat": 40.5834, "Long": -74.0498, "PosTime": 1544406985122, "Mlat": true, "Tisb": false, "Spd": 340.0, "Trak": 47.0, "TrkH": false, "Type": "E170", "Mdl": "2006 EMBRAER ERJ 170-100SU", "Man": "Embraer", "CNum": "17000138", "Op": "SHUTTLE AMERICA CORP     - INDIANAPOLIS, IN", "OpIcao": "RPA", "Sqk": "4076", "Help": false, "Vsi": -58, "VsiT": 0, "Dst": 23.6, "Brng": 253.9, "WTC": 2, "Species": 1, "Engines": "2", "EngType": 3, "EngMount": 0, "Mil": false, "Cou": "United States", "HasPic": false, "Interested": false, "FlightsCount": 0, "Gnd": false, "SpdTyp": 0, "CallSus": false, "Trt": 2, "Year": "2006"}, {"Id": 11121263, "Rcvr": 1, "HasSig": true, "Sig": 134, "Icao": "A9B26F", "Bad": false, "Reg": "N724AG", "FSeen": "/Date(1544397799339)/", "TSecs": 9195, "CMsgs": 4249, "Alt": -250, "GAlt": 40, "InHg": 30.2096462, "AltT": 0, "Call": "N724AG", "Lat": 40.775974, "Long": -73.87854, "PosTime": 1544406053493, "Mlat": false, "PosStale": true, "Tisb": false, "Spd": 0.0, "Trak": 14.1, "TrkH": false, "Type": "GLF6", "Mdl": "2001 GULFSTREAM AEROSPACE G-V", "Man": "Gulfstream Aerospace", "CNum": "656", "Op": "EDAN LIMITED LLC EDAN LIMITED II LLC    - MORRISTOWN, NJ", "Sqk": "1446", "Help": false, "Vsi": -128, "VsiT": 0, "Dst": 16.96, "Brng": 331.1, "WTC": 2, "Species": 1, "Engines": "2", "EngType": 3, "EngMount": 1, "Mil": false, "Cou": "United States", "HasPic": false, "Interested": false, "FlightsCount": 0, "Gnd": true, "SpdTyp": 0, "CallSus": false, "Trt": 4, "Year": "2001"}, {"Id": 3958020, "Rcvr": 1, "HasSig": true, "Sig": 160, "Icao": "3C6504", "Bad": false, "Reg": "D-AIHD", "FSeen": "/Date(1544396997834)/", "TSecs": 9996, "CMsgs": 5289, "Alt": -225, "GAlt": 85, "InHg": 30.2303143, "AltT": 0, "Call": "DLH404", "Lat": 40.641174, "Long": -73.795013, "PosTime": 1544406992100, "Mlat": false, "Tisb": false, "Spd": 3.0, "Trak": 333.4, "TrkH": true, "Type": "A346", "Mdl": "Airbus A340 642", "Man": "Airbus", "CNum": "537", "From": "EDDF Frankfurt am Main, Frankfurt-am-Main, Germany", "To": "KJFK John F Kennedy, New York, United States", "Op": "Lufthansa", "OpIcao": "DLH", "Sqk": "1164", "Help": false, "Vsi": 0, "VsiT": 1, "Dst": 1.17, "Brng": 262.8, "WTC": 3, "Species": 1, "Engines": "4", "EngType": 3, "EngMount": 0, "Mil": false, "Cou": "Germany", "HasPic": false, "Interested": false, "FlightsCount": 0, "Gnd": true, "SpdTyp": 3, "CallSus": false, "Trt": 2, "Year": "2003"}, {"Id": 4704474, "Rcvr": 1, "HasSig": false, "Icao": "47C8DA", "Bad": false, "Reg": "LN-LNN", "FSeen": "/Date(1544396730952)/", "TSecs": 10263, "CMsgs": 4430, "Alt": 5425, "GAlt": 5735, "InHg": 30.2303143, "AltT": 0, "TAlt": 3008, "Call": "NAX9V", "Lat": 40.640968, "Long": -73.794998, "PosTime": 1544406098785, "Mlat": false, "PosStale": true, "Tisb": false, "Spd": 10.5, "Trak": 73.1, "TrkH": false, "TTrk": 224.296875, "Type": "B789", "Mdl": "Boeing 787 9", "Man": "Boeing", "CNum": "38891", "Op": "Norwegian", "OpIcao": "NAX", "Sqk": "0736", "Help": false, "Vsi": -448, "VsiT": 0, "Dst": 1.17, "Brng": 261.7, "WTC": 3, "Species": 1, "Engines": "2", "EngType": 3, "EngMount": 0, "Mil": false, "Cou": "Norway", "HasPic": false, "Interested": false, "FlightsCount": 0, "Gnd": false, "SpdTyp": 0, "CallSus": false, "Trt": 5, "Year": "2017"}, {"Id": 10763870, "Rcvr": 1, "HasSig": false, "Icao": "A43E5E", "Bad": false, "Reg": "N37255", "FSeen": "/Date(1544396142696)/", "TSecs": 10852, "CMsgs": 4900, "Alt": -250, "GAlt": 81, "InHg": 30.2509861, "AltT": 0, "Lat": 40.711701, "Long": -74.153345, "PosTime": 1544406648958, "Mlat": true, "PosStale": true, "Tisb": false, "Spd": 538.0, "Trak": 203.1, "TrkH": false, "Type": "B738", "Mdl": "BOEING 737-824", "Man": "Boeing", "CNum": "30610", "Op": "United Airlines", "OpIcao": "UAL", "Sqk": "7452", "Help": false, "Vsi": 89, "VsiT": 0, "Dst": 32.31, "Brng": 283.9, "WTC": 2, "Species": 1, "Engines": "2", "EngType": 3, "EngMount": 0, "Mil": false, "Cou": "United States", "HasPic": false, "Interested": false, "FlightsCount": 0, "Gnd": true, "SpdTyp": 0, "CallSus": false, "Trt": 2, "Year": "2000"}, {"Id": 7868223, "Rcvr": 1, "HasSig": true, "Sig": 191, "Icao": "780F3F", "Bad": false, "Reg": "B-7367", "FSeen": "/Date(1544395889757)/", "TSecs": 11105, "CMsgs": 3986, "Alt": 2750, "GAlt": 3045, "InHg": 30.2151985, "AltT": 0, "TAlt": 3008, "Call": "CES297", "Lat": 40.743496, "Long": -73.477624, "PosTime": 1544406993502, "Mlat": false, "Tisb": false, "Spd": 177.7, "Trak": 309.1, "TrkH": false, "TTrk": 319.921875, "Type": "B77W", "Mdl": "777-39PER", "Man": "Boeing", "CNum": "43281", "From": "ZSPD Shanghai Pudong, China", "To": "KJFK John F Kennedy, New York, United States", "Op": "China Eastern Airlines", "OpIcao": "CES", "Sqk": "1757", "Help": false, "Vsi": 0, "VsiT": 1, "Dst": 27.96, "Brng": 66.2, "WTC": 3, "Species": 1, "Engines": "2", "EngType": 3, "EngMount": 0, "Mil": false, "Cou": "China", "HasPic": false, "Interested": false, "FlightsCount": 0, "Gnd": false, "SpdTyp": 0, "CallSus": false, "Tag": "GT", "Trt": 5, "Year": "2016"}, {"Id": 11238284, "Rcvr": 1, "HasSig": true, "Sig": 147, "Icao": "AB7B8C", "Bad": false, "Reg": "N839UA", "FSeen": "/Date(1544395820273)/", "TSecs": 11174, "CMsgs": 4934, "Alt": 250, "GAlt": 551, "InHg": 30.2214565, "AltT": 0, "Call": "UAL2025", "Lat": 40.721663, "Long": -74.146354, "PosTime": 1544406993498, "Mlat": true, "Tisb": false, "Spd": 317.9, "Trak": 208.0, "TrkH": false, "Type": "A319", "Mdl": "2001 AIRBUS INDUSTRIE A319-131", "Man": "Airbus", "CNum": "1507", "From": "KMCO Orlando, United States", "To": "KEWR Newark Liberty, United States", "Op": "United Airlines", "OpIcao": "UAL", "Sqk": "7476", "Help": false, "Vsi": -1088, "VsiT": 1, "Dst": 32.02, "Brng": 286.1, "WTC": 2, "Species": 1, "Engines": "2", "EngType": 3, "EngMount": 0, "Mil": false, "Cou": "United States", "HasPic": false, "Interested": false, "FlightsCount": 0, "Gnd": false, "SpdTyp": 0, "CallSus": true, "Trt": 2, "Year": "2001"}, {"Id": 11373549, "Rcvr": 1, "HasSig": true, "Sig": 114, "Icao": "AD8BED", "Bad": false, "Reg": "N972JT", "FSeen": "/Date(1544394186012)/", "TSecs": 12808, "CMsgs": 3824, "Alt": -225, "GAlt": 117, "InHg": 30.26245, "AltT": 0, "TAlt": 4000, "Call": "JBU2809", "Lat": 40.658432, "Long": -73.791809, "PosTime": 1544396608253, "Mlat": false, "PosStale": true, "Tisb": false, "Spd": 0.0, "Trak": 191.3, "TrkH": false, "TTrk": 0.0, "Type": "A321", "Mdl": "Airbus A321 231SL", "Man": "Airbus", "CNum": "7455", "Op": "JetBlue Airways", "OpIcao": "JBU", "Sqk": "3022", "Help": false, "Vsi": -576, "VsiT": 0, "Dst": 1.98, "Brng": 333.4, "WTC": 2, "Species": 1, "Engines": "2", "EngType": 3, "EngMount": 0, "Mil": false, "Cou": "United States", "HasPic": false, "Interested": false, "FlightsCount": 0, "Gnd": true, "SpdTyp": 0, "CallSus": false, "Trt": 5, "Year": "2016"}, {"Id": 11358066, "Rcvr": 1, "HasSig": true, "Sig": 140, "Icao": "AD4F72", "Bad": false, "Reg": "N957JB", "FSeen": "/Date(1544393964276)/", "TSecs": 13030, "CMsgs": 4799, "Alt": -250, "GAlt": 69, "InHg": 30.2388229, "AltT": 0, "TAlt": 3008, "Call": "JBU1452", "Lat": 40.630293, "Long": -73.770197, "PosTime": 1544404270222, "Mlat": false, "PosStale": true, "Tisb": false, "Spd": 0.0, "Trak": 210.9, "TrkH": false, "TTrk": 260.15625, "Type": "A321", "Mdl": "Airbus A321 231SL", "Man": "Airbus", "CNum": "6809", "From": "KMCO Orlando, United States", "To": "KBOS General Edward Lawrence Logan, Boston, United States", "Op": "JetBlue Airways", "OpIcao": "JBU", "Sqk": "2000", "Help": false, "Vsi": -64, "VsiT": 0, "Dst": 1.65, "Brng": 145.4, "WTC": 2, "Species": 1, "Engines": "2", "EngType": 3, "EngMount": 0, "Mil": false, "Cou": "United States", "HasPic": false, "Interested": false, "FlightsCount": 0, "Gnd": true, "SpdTyp": 0, "CallSus": false, "Trt": 5, "Year": "2015"}, {"Id": 10918036, "Rcvr": 1, "HasSig": true, "Sig": 111, "Icao": "A69894", "Bad": false, "Reg": "N524JB", "FSeen": "/Date(1544393565946)/", "TSecs": 13428, "CMsgs": 5803, "Alt": -225, "GAlt": -212, "InHg": 29.93171, "AltT": 0, "TAlt": 35008, "Call": "JBU1677", "Lat": 40.63262, "Long": -73.767653, "PosTime": 1544402499544, "Mlat": false, "PosStale": true, "Tisb": false, "Spd": 1.0, "Trak": 199.7, "TrkH": false, "TTrk": 0.0, "Type": "A320", "Mdl": "2001 AIRBUS INDUSTRIE A320-232", "Man": "Airbus", "CNum": "1528", "From": "KJFK John F Kennedy, New York, United States", "To": "KJAX Jacksonville, United States", "Op": "JetBlue Airways", "OpIcao": "JBU", "Sqk": "1575", "Help": false, "Vsi": -704, "VsiT": 0, "Dst": 1.59, "Brng": 133.6, "WTC": 2, "Species": 1, "Engines": "2", "EngType": 3, "EngMount": 0, "Mil": false, "Cou": "United States", "HasPic": false, "Interested": false, "FlightsCount": 0, "Gnd": true, "SpdTyp": 0, "CallSus": false, "Trt": 5, "Year": "2001"}, {"Id": 11351678, "Rcvr": 1, "HasSig": true, "Sig": 186, "Icao": "AD367E", "Bad": false, "Reg": "N950UW", "FSeen": "/Date(1544392209690)/", "TSecs": 14785, "CMsgs": 5215, "Alt": 3075, "GAlt": 3365, "InHg": 30.2096462, "AltT": 0, "Call": "1655D4", "Lat": 40.869979, "Long": -73.712644, "PosTime": 1544406992132, "Mlat": true, "Tisb": false, "Spd": 14.0, "Trak": 30.7, "TrkH": false, "Type": "E190", "Mdl": "2007 EMBRAER ERJ 190-100 IGW", "Man": "Embraer", "CNum": "19000106", "Op": "US AIRWAYS INC     - FORT WORTH, TX", "OpIcao": "AAL", "Sqk": "4203", "Help": false, "Vsi": -816, "VsiT": 0, "Dst": 25.95, "Brng": 12.9, "WTC": 2, "Species": 1, "Engines": "2", "EngType": 3, "EngMount": 0, "Mil": false, "Cou": "United States", "HasPic": false, "Interested": false, "FlightsCount": 0, "Gnd": false, "SpdTyp": 0, "CallSus": true, "Trt": 2, "Year": "2007"}, {"Id": 11363438, "Rcvr": 1, "HasSig": false, "Icao": "AD646E", "Bad": false, "Reg": "N962JT", "FSeen": "/Date(1544389404867)/", "TSecs": 17589, "CMsgs": 8827, "Alt": 275, "GAlt": 585, "InHg": 30.2303143, "AltT": 0, "TAlt": 4000, "Call": "JBU190", "Lat": 40.666451, "Long": -73.738235, "PosTime": 1544406993493, "Mlat": false, "Tisb": false, "Spd": 145.0, "Trak": 212.9, "TrkH": false, "TTrk": 250.0, "Type": "A321", "Mdl": "Airbus A321 231SL", "Man": "Airbus", "CNum": "6988", "From": "KSAN San Diego, United States", "To": "KJFK John F Kennedy, New York, United States", "Op": "JetBlue Airways", "OpIcao": "JBU", "Sqk": "1366", "Help": false, "Vsi": -512, "VsiT": 1, "Dst": 4.5, "Brng": 53.7, "WTC": 2, "Species": 1, "Engines": "2", "EngType": 3, "EngMount": 0, "Mil": false, "Cou": "United States", "HasPic": false, "Interested": false, "FlightsCount": 0, "Gnd": false, "SpdTyp": 0, "CallSus": false, "Trt": 4, "Year": "2016"}, {"Id": 3754477, "Rcvr": 1, "HasSig": true, "Sig": 24, "Icao": "3949ED", "Bad": false, "Reg": "F-GSPN", "FSeen": "/Date(1544388963755)/", "TSecs": 18031, "CMsgs": 5263, "Alt": 8300, "GAlt": 8610, "InHg": 30.2303143, "AltT": 0, "Call": "AFR008", "Lat": 40.635146, "Long": -73.78276, "PosTime": 1544406992102, "Mlat": false, "Tisb": false, "Spd": 8.9, "Trak": 296.6, "TrkH": false, "Type": "B772", "Mdl": "Boeing 777 228ER", "Man": "Boeing", "CNum": "29011", "From": "LFPG Charles de Gaulle, Paris, France", "To": "KJFK John F Kennedy, New York, United States", "Op": "Air France", "OpIcao": "AFR", "Sqk": "2576", "Help": false, "Vsi": 0, "VsiT": 1, "Dst": 0.83, "Brng": 188.7, "WTC": 3, "Species": 1, "Engines": "2", "EngType": 3, "EngMount": 0, "Mil": false, "Cou": "France", "HasPic": false, "Interested": false, "FlightsCount": 0, "Gnd": true, "SpdTyp": 0, "CallSus": false, "Trt": 2, "Year": "2000", "Sat": true}, {"Id": 10763141, "Rcvr": 1, "HasSig": true, "Sig": 91, "Icao": "A43B85", "Bad": false, "Reg": "N372DA", "FSeen": "/Date(1544387227821)/", "TSecs": 19767, "CMsgs": 8916, "Alt": -225, "GAlt": 94, "InHg": 30.2388229, "AltT": 0, "TAlt": 1600, "Call": "DAL1455", "Lat": 40.632099, "Long": -73.775833, "PosTime": 1544406976425, "Mlat": false, "Tisb": false, "Spd": 3.5, "Trak": 304.0, "TrkH": false, "TTrk": 224.296875, "Type": "B738", "Mdl": "BOEING 737-832", "Man": "Boeing", "CNum": "29620", "From": "KATL Hartsfield Jackson Atlanta, United States", "To": "KLAX Los Angeles, United States", "Op": "Delta Air Lines", "OpIcao": "DAL", "Sqk": "3725", "Help": false, "Vsi": -128, "VsiT": 1, "Dst": 1.24, "Brng": 158.3, "WTC": 2, "Species": 1, "Engines": "2", "EngType": 3, "EngMount": 0, "Mil": false, "Cou": "United States", "HasPic": false, "Interested": false, "FlightsCount": 0, "Gnd": true, "SpdTyp": 0, "CallSus": false, "Trt": 5, "Year": "1998"}, {"Id": 10502794, "Rcvr": 1, "HasSig": true, "Sig": 87, "Icao": "A0428A", "Bad": false, "Reg": "N116AN", "FSeen": "/Date(1544382891707)/", "TSecs": 24103, "CMsgs": 9004, "Alt": -225, "GAlt": 85, "InHg": 30.2303143, "AltT": 0, "TAlt": 3008, "Call": "AAL16", "Lat": 40.633713, "Long": -73.770081, "PosTime": 1544405313900, "Mlat": false, "PosStale": true, "Tisb": false, "Spd": 0.0, "Trak": 149.1, "TrkH": false, "TTrk": 0.0, "Type": "A321", "Mdl": "2014 AIRBUS INDUSTRIE A321-231", "Man": "Airbus", "CNum": "6070", "From": "KSFO San Francisco, United States", "To": "KJFK John F Kennedy, New York, United States", "Op": "American Airlines", "OpIcao": "AAL", "Sqk": "3213", "Help": false, "Vsi": -64, "VsiT": 0, "Dst": 1.36, "Brng": 135.9, "WTC": 2, "Species": 1, "Engines": "2", "EngType": 3, "EngMount": 0, "Mil": false, "Cou": "United States", "HasPic": false, "Interested": false, "FlightsCount": 0, "Gnd": true, "SpdTyp": 0, "CallSus": false, "Trt": 5, "Year": "2014"}, {"Id": 4195777, "Rcvr": 1, "HasSig": false, "Icao": "4005C1", "Bad": false, "Reg": "G-RAES", "FSeen": "/Date(1544379354958)/", "TSecs": 27639, "CMsgs": 5690, "Alt": 2425, "GAlt": 2715, "InHg": 30.2096462, "AltT": 0, "Call": "BAW179", "Lat": 40.758858, "Long": -73.665703, "PosTime": 1544406993497, "Mlat": false, "Tisb": false, "Spd": 160.0, "Trak": 210.7, "TrkH": false, "Type": "B772", "Mdl": "Boeing 777 236ER", "Man": "Boeing", "CNum": "27491", "From": "EGLL London Heathrow, United Kingdom", "To": "KJFK John F Kennedy, New York, United States", "Op": "British Airways", "OpIcao": "BAW", "Sqk": "2505", "Help": false, "Vsi": -832, "VsiT": 0, "Dst": 16.2, "Brng": 36.9, "WTC": 3, "Species": 1, "Engines": "2", "EngType": 3, "EngMount": 0, "Mil": false, "Cou": "United Kingdom", "HasPic": false, "Interested": false, "FlightsCount": 0, "Gnd": false, "SpdTyp": 0, "CallSus": false, "Trt": 2, "Year": "1997", "Sat": true}], "totalAc": 5314, "lastDv": "636797919001585563", "shtTrlSec": 65, "stm": 1544406994552}