{"src": 1, "feeds": [{"id": 1, "name": "From Cons", "polarPlot": false}], "srcFeed": 1, "showSil": true, "showFlg": true, "showPic": true, "flgH": 20, "flgW": 85, "acList": [{"Id": 10576499, "Rcvr": 1, "HasSig": false, "Icao": "A16273", "Bad": false, "Reg": "N189DN", "FSeen": "/Date(1544403534849)/", "TSecs": 14, "CMsgs": 1, "InHg": 30.2598419, "AltT": 0, "Lat": 40.642799, "Long": -73.771057, "PosTime": 1544403534849, "Mlat": false, "Tisb": false, "Spd": 14.0, "Trak": 34.0, "TrkH": false, "Type": "B763", "Mdl": "1997 BOEING 767-332", "Man": "Boeing", "CNum": "25990", "Op": "Delta Air Lines", "OpIcao": "DAL", "Sqk": "", "VsiT": 0, "Dst": 0.86, "Brng": 87.7, "WTC": 3, "Species": 1, "Engines": "2", "EngType": 3, "EngMount": 0, "Mil": false, "Cou": "United States", "HasPic": false, "Interested": false, "FlightsCount": 0, "Gnd": true, "SpdTyp": 0, "CallSus": false, "Trt": 2, "Year": "1997"}, {"Id": 10563535, "Rcvr": 1, "HasSig": false, "Icao": "A12FCF", "Bad": false, "Reg": "N176DN", "FSeen": "/Date(1544403490374)/", "TSecs": 59, "CMsgs": 3, "Alt": -250, "GAlt": 90, "InHg": 30.2598419, "AltT": 0, "Lat": 40.651611, "Long": -73.773834, "PosTime": 1544403540384, "Mlat": false, "Tisb": false, "Spd": 5.0, "Trak": 120.7, "TrkH": false, "Type": "B763", "Mdl": "1990 BOEING 767-332", "Man": "Boeing", "CNum": "25061", "Op": "Delta Air Lines", "OpIcao": "DAL", "Sqk": "", "VsiT": 0, "Dst": 1.19, "Brng": 31.8, "WTC": 3, "Species": 1, "Engines": "2", "EngType": 3, "EngMount": 0, "Mil": false, "Cou": "United States", "HasPic": false, "Interested": false, "FlightsCount": 0, "Gnd": true, "SpdTyp": 0, "CallSus": false, "Trt": 2, "Year": "1990"}, {"Id": 10738526, "Rcvr": 1, "HasSig": true, "Sig": 55, "Icao": "A3DB5E", "Bad": false, "Reg": "N348DN", "FSeen": "/Date(1544403429472)/", "TSecs": 120, "CMsgs": 60, "Alt": 2750, "GAlt": 3069, "InHg": 30.2388229, "AltT": 0, "TAlt": 8000, "Call": "DAL896", "Lat": 40.856758, "Long": -73.937302, "PosTime": 1544403546058, "Mlat": false, "Tisb": false, "Spd": 241.9, "Trak": 330.3, "TrkH": false, "TTrk": 340.3125, "Type": "A321", "Mdl": "Airbus A321 211SL", "Man": "Airbus", "CNum": "8258", "From": "KSEA Seattle Tacoma, United States", "To": "KDTW Detroit Metropolitan Wayne County, United States", "Op": "Delta Air Lines", "OpIcao": "DAL", "Sqk": "3012", "Help": false, "Vsi": 2432, "VsiT": 1, "Dst": 27.21, "Brng": 331.2, "WTC": 2, "Species": 1, "Engines": "2", "EngType": 3, "EngMount": 0, "Mil": false, "Cou": "United States", "HasPic": false, "Interested": false, "FlightsCount": 0, "Gnd": false, "SpdTyp": 0, "CallSus": false, "Trt": 5, "Year": "2018"}, {"Id": 4195856, "Rcvr": 1, "HasSig": false, "Icao": "400610", "Bad": false, "Reg": "G-VIIJ", "FSeen": "/Date(1544403352540)/", "TSecs": 197, "CMsgs": 106, "Alt": 5800, "GAlt": 6140, "InHg": 30.2598419, "AltT": 0, "Call": "BAW176A", "Lat": 40.590244, "Long": -73.66127, "PosTime": 1544403522951, "Mlat": false, "Tisb": false, "Spd": 274.0, "Trak": 63.2, "TrkH": false, "Type": "B772", "Mdl": "Boeing 777 236ER", "Man": "Boeing", "CNum": "27492", "From": "KJFK John F Kennedy, New York, United States", "To": "EGLL London Heathrow, United Kingdom", "Op": "British Airways", "OpIcao": "BAW", "Sqk": "2644", "Help": false, "Vsi": 2048, "VsiT": 0, "Dst": 11.68, "Brng": 119.8, "WTC": 3, "Species": 1, "Engines": "2", "EngType": 3, "EngMount": 0, "Mil": false, "Cou": "United Kingdom", "HasPic": false, "Interested": false, "FlightsCount": 0, "Gnd": false, "SpdTyp": 0, "CallSus": false, "Trt": 2, "Year": "1997"}, {"Id": 11240619, "Rcvr": 1, "HasSig": false, "Icao": "AB84AB", "Bad": false, "Reg": "N841MH", "FSeen": "/Date(1544403292181)/", "TSecs": 257, "CMsgs": 27, "Alt": -250, "GAlt": 90, "InHg": 30.2598419, "AltT": 0, "Call": "DAL444", "Lat": 40.636765, "Long": -73.781448, "PosTime": 1544403510515, "Mlat": false, "Tisb": false, "Spd": 0.0, "Trak": 2.8, "TrkH": false, "Type": "B764", "Mdl": "2001 BOEING 767-432ER", "Man": "Boeing", "CNum": "29714", "From": "KJFK John F Kennedy, New York, United States", "To": "LIRF Leonardo Da Vinci (Fiumicino), Rome, Italy", "Op": "Delta Air Lines", "OpIcao": "DAL", "Sqk": "1170", "Help": false, "VsiT": 0, "Dst": 0.64, "Brng": 181.3, "WTC": 3, "Species": 1, "Engines": "2", "EngType": 3, "EngMount": 0, "Mil": false, "Cou": "United States", "HasPic": false, "Interested": false, "FlightsCount": 0, "Gnd": true, "SpdTyp": 0, "CallSus": false, "Trt": 2, "Year": "2001"}, {"Id": 10585659, "Rcvr": 1, "HasSig": false, "Icao": "A1863B", "Bad": false, "Reg": "N198DN", "FSeen": "/Date(1544403052209)/", "TSecs": 497, "CMsgs": 26, "Alt": -225, "GAlt": 115, "InHg": 30.2598419, "AltT": 0, "Call": "DAL140", "Lat": 40.649776, "Long": -73.766235, "PosTime": 1544403519169, "Mlat": false, "Tisb": false, "Spd": 3.0, "Trak": 29.8, "TrkH": false, "Type": "B763", "Mdl": "1998 BOEING 767-332", "Man": "Boeing", "CNum": "28455", "From": "KJFK John F Kennedy, New York, United States", "To": "EBBR Brussels, Belgium", "Op": "Delta Air Lines", "OpIcao": "DAL", "Sqk": "3024", "Help": false, "VsiT": 0, "Dst": 1.51, "Brng": 57.4, "WTC": 3, "Species": 1, "Engines": "2", "EngType": 3, "EngMount": 0, "Mil": false, "Cou": "United States", "HasPic": false, "Interested": false, "FlightsCount": 0, "Gnd": true, "SpdTyp": 0, "CallSus": false, "Trt": 2, "Year": "1998"}, {"Id": 4196600, "Rcvr": 1, "HasSig": false, "Icao": "4008F8", "Bad": false, "Reg": "G-VLIP", "FSeen": "/Date(1544403040878)/", "TSecs": 508, "CMsgs": 9, "InHg": 30.2598419, "AltT": 0, "Call": "VIR128", "Lat": 40.650101, "Long": -73.770493, "PosTime": 1544403524616, "Mlat": false, "Tisb": false, "Spd": 0.0, "Trak": 121.0, "TrkH": false, "Type": "B744", "Mdl": "Boeing 747 443", "Man": "Boeing", "CNum": "32338", "From": "KJFK John F Kennedy, New York, United States", "To": "EGCC Manchester, United Kingdom", "Op": "Virgin Atlantic Airways", "OpIcao": "VIR", "Sqk": "", "VsiT": 0, "Dst": 1.24, "Brng": 47.1, "WTC": 3, "Species": 1, "Engines": "4", "EngType": 3, "EngMount": 0, "Mil": false, "Cou": "United Kingdom", "HasPic": false, "Interested": false, "FlightsCount": 0, "Gnd": true, "SpdTyp": 0, "CallSus": false, "Trt": 2, "Year": "2001"}, {"Id": 11222295, "Rcvr": 1, "HasSig": true, "Sig": 53, "Icao": "AB3D17", "Bad": false, "Reg": "N823MD", "FSeen": "/Date(1544402732311)/", "TSecs": 817, "CMsgs": 43, "InHg": 30.2598419, "AltT": 0, "Lat": 40.648879, "Long": -73.767825, "PosTime": 1544403529210, "Mlat": false, "Tisb": false, "Spd": 0.0, "Trak": 119.5, "TrkH": false, "Type": "E170", "Mdl": "2005 EMBRAER ERJ 170-100SU", "Man": "Embraer", "CNum": "17000044", "Op": "REPUBLIC AIRLINE INC     - INDIANAPOLIS, IN", "OpIcao": "RPA", "Sqk": "", "VsiT": 1, "Dst": 1.34, "Brng": 57.9, "WTC": 2, "Species": 1, "Engines": "2", "EngType": 3, "EngMount": 0, "Mil": false, "Cou": "United States", "HasPic": false, "Interested": false, "FlightsCount": 0, "Gnd": true, "SpdTyp": 0, "CallSus": false, "Trt": 2, "Year": "2005"}, {"Id": 3754468, "Rcvr": 1, "HasSig": false, "Icao": "3949E4", "Bad": false, "Reg": "F-GSPE", "FSeen": "/Date(1544402293710)/", "TSecs": 1256, "CMsgs": 106, "Alt": -250, "GAlt": 155, "InHg": 30.2598419, "AltT": 0, "Call": "AFR019", "Lat": 40.650673, "Long": -73.771713, "PosTime": 1544403533294, "Mlat": false, "Tisb": false, "Spd": 0.0, "Trak": 0.0, "TrkH": false, "Type": "B772", "Mdl": "Boeing 777 228ER", "Man": "Boeing", "CNum": "29006", "From": "KEWR Newark Liberty, United States", "To": "LFPG Charles de Gaulle, Paris, France", "Op": "Air France", "OpIcao": "AFR", "Sqk": "3045", "Help": false, "VsiT": 0, "Dst": 1.22, "Brng": 41.6, "WTC": 3, "Species": 1, "Engines": "2", "EngType": 3, "EngMount": 0, "Mil": false, "Cou": "France", "HasPic": false, "Interested": false, "FlightsCount": 0, "Gnd": true, "SpdTyp": 0, "CallSus": false, "Trt": 2, "Year": "1999"}, {"Id": 11030809, "Rcvr": 1, "HasSig": false, "Icao": "A85119", "Bad": false, "Reg": "N635JB", "FSeen": "/Date(1544402160697)/", "TSecs": 1389, "CMsgs": 224, "Alt": 11000, "GAlt": 11342, "InHg": 30.26245, "AltT": 0, "TAlt": 16992, "Call": "JBU81", "Lat": 40.728226, "Long": -73.569008, "PosTime": 1544403547308, "Mlat": false, "Tisb": false, "Spd": 337.0, "Trak": 354.9, "TrkH": false, "TTrk": 49.921875, "Type": "A320", "Mdl": "2006 AIRBUS A320-232", "Man": "Airbus", "CNum": "2725", "From": "KJFK John F Kennedy, New York, United States", "To": "KRNO Reno Tahoe, United States", "Op": "JetBlue Airways", "OpIcao": "JBU", "Sqk": "3353", "Help": false, "Vsi": 832, "VsiT": 1, "Dst": 20.28, "Brng": 61.9, "WTC": 2, "Species": 1, "Engines": "2", "EngType": 3, "EngMount": 0, "Mil": false, "Cou": "United States", "HasPic": false, "Interested": false, "FlightsCount": 0, "Gnd": false, "SpdTyp": 0, "CallSus": false, "Trt": 5, "Year": "2006"}, {"Id": 11040218, "Rcvr": 1, "HasSig": false, "Icao": "A875DA", "Bad": false, "Reg": "N644UA", "FSeen": "/Date(1544401413984)/", "TSecs": 2135, "CMsgs": 888, "Alt": 8875, "GAlt": 9194, "InHg": 30.239172, "AltT": 0, "Call": "UAL19", "Lat": 40.806015, "Long": -73.995728, "PosTime": 1544403547308, "Mlat": false, "Tisb": false, "Spd": 289.0, "Trak": 59.3, "TrkH": false, "Type": "B763", "Mdl": "1991 BOEING 767-322", "Man": "Boeing", "CNum": "25094", "From": "KEWR Newark Liberty, United States", "To": "LIMC Malpensa, Milan, Italy", "Op": "United Airlines", "OpIcao": "UAL", "Sqk": "1607", "Help": false, "Vsi": 2176, "VsiT": 0, "Dst": 25.64, "Brng": 315.2, "WTC": 3, "Species": 1, "Engines": "2", "EngType": 3, "EngMount": 0, "Mil": false, "Cou": "United States", "HasPic": false, "Interested": false, "FlightsCount": 0, "Gnd": false, "SpdTyp": 0, "CallSus": false, "Trt": 2, "Year": "1991"}, {"Id": 11382611, "Rcvr": 1, "HasSig": true, "Sig": 149, "Icao": "ADAF53", "Bad": false, "Reg": "N981EV", "FSeen": "/Date(1544400967046)/", "TSecs": 2582, "CMsgs": 1236, "Alt": 1725, "GAlt": 2006, "InHg": 30.2007866, "AltT": 0, "Lat": 40.815, "Long": -73.630683, "PosTime": 1544403547286, "Mlat": true, "Tisb": false, "Spd": 431.4, "Trak": 237.7, "TrkH": false, "Type": "CRJ2", "Mdl": "2003 BOMBARDIER INC CL-600-2B19", "Man": "Bombardier", "CNum": "7768", "Op": "US BANK NA TRUSTEE     - WILMINGTON, DE", "OpIcao": "EDV", "Sqk": "3442", "Help": false, "Vsi": 64, "VsiT": 0, "Dst": 23.0, "Brng": 33.4, "WTC": 2, "Species": 1, "Engines": "2", "EngType": 3, "EngMount": 1, "Mil": false, "Cou": "United States", "HasPic": false, "Interested": false, "FlightsCount": 0, "Gnd": false, "SpdTyp": 0, "CallSus": false, "Trt": 2, "Year": "2003"}, {"Id": 10995785, "Rcvr": 1, "HasSig": true, "Sig": 177, "Icao": "A7C849", "Bad": false, "Reg": "N600LR", "FSeen": "/Date(1544400706528)/", "TSecs": 2843, "CMsgs": 1513, "Alt": 15100, "GAlt": 15442, "InHg": 30.26245, "AltT": 0, "TAlt": 12992, "Call": "EDV3409", "Lat": 40.662961, "Long": -74.028625, "PosTime": 1544403547285, "Mlat": false, "Tisb": false, "Spd": 330.9, "Trak": 163.3, "TrkH": false, "TTrk": 180.0, "Type": "CRJ9", "Mdl": "2007 BOMBARDIER INC CL-600-2D24", "Man": "Bombardier", "CNum": "15142", "Op": "DELTA AIR LINES INC     - ATLANTA, GA", "OpIcao": "EDV", "Sqk": "4147", "Help": false, "Vsi": -1600, "VsiT": 0, "Dst": 20.99, "Brng": 276.3, "WTC": 2, "Species": 1, "Engines": "2", "EngType": 3, "EngMount": 1, "Mil": false, "Cou": "United States", "HasPic": false, "Interested": false, "FlightsCount": 0, "Gnd": false, "SpdTyp": 0, "CallSus": false, "Trt": 5, "Year": "2007"}, {"Id": 10662507, "Rcvr": 1, "HasSig": true, "Sig": 86, "Icao": "A2B26B", "Bad": false, "Reg": "N273JB", "FSeen": "/Date(1544400503919)/", "TSecs": 3045, "CMsgs": 1492, "Alt": -250, "GAlt": 60, "InHg": 30.2303143, "AltT": 0, "Call": "JBU1815", "Lat": 40.692009, "Long": -74.01508, "PosTime": 1544403473697, "Mlat": true, "Tisb": false, "Spd": 353.6, "Trak": 162.6, "TrkH": false, "Type": "E190", "Mdl": "2007 EMBRAER ERJ 190-100 IGW", "Man": "Embraer", "CNum": "19000073", "From": "KSYR Syracuse Hancock, United States", "To": "KJFK John F Kennedy, New York, United States", "Op": "WELLS FARGO BANK NORTHWEST NA TRUSTEE     - SALT LAKE CITY, UT", "OpIcao": "JBU", "Sqk": "1423", "Help": false, "Vsi": 64, "VsiT": 1, "Dst": 20.47, "Brng": 285.7, "WTC": 2, "Species": 1, "Engines": "2", "EngType": 3, "EngMount": 0, "Mil": false, "Cou": "United States", "HasPic": false, "Interested": false, "FlightsCount": 0, "Gnd": true, "SpdTyp": 0, "CallSus": false, "Trt": 2, "Year": "2007"}, {"Id": 12607666, "Rcvr": 1, "HasSig": false, "Icao": "C060B2", "Bad": false, "Reg": "C-GKQB", "FSeen": "/Date(1544399902332)/", "TSecs": 3647, "CMsgs": 1907, "Alt": 175, "GAlt": 494, "InHg": 30.239172, "AltT": 0, "Lat": 40.714691, "Long": -74.150635, "PosTime": 1544403547282, "Mlat": false, "Tisb": false, "Spd": 115.0, "Trak": 206.1, "TrkH": false, "Type": "DH8D", "Mdl": "Bombardier DHC-8 402 NG", "Man": "Bombardier", "CNum": "4359", "Op": "Porter Airlines", "OpIcao": "POE", "Sqk": "0522", "Help": false, "Vsi": -640, "VsiT": 1, "Dst": 32.16, "Brng": 284.6, "WTC": 2, "Species": 1, "Engines": "2", "EngType": 2, "EngMount": 0, "Mil": false, "Cou": "Canada", "HasPic": false, "Interested": false, "FlightsCount": 0, "Gnd": false, "SpdTyp": 0, "CallSus": false, "Trt": 5, "Year": "2011"}, {"Id": 10573898, "Rcvr": 1, "HasSig": true, "Sig": 208, "Icao": "A1584A", "Bad": false, "Reg": "N186PQ", "FSeen": "/Date(1544398858456)/", "TSecs": 4691, "CMsgs": 2345, "Alt": 3725, "GAlt": 4044, "InHg": 30.239172, "AltT": 0, "Lat": 40.6578, "Long": -73.9871, "PosTime": 1544403537095, "Mlat": true, "Tisb": false, "Spd": 343.0, "Trak": 47.0, "TrkH": false, "Type": "CRJ9", "Mdl": "2008 BOMBARDIER INC CL-600-2D24", "Man": "Bombardier", "CNum": "15186", "Op": "DELTA AIRLINES INC DEPT 595 AIRCRAFT REGISTRATIONS    - ATLANTA, GA", "OpIcao": "EDV", "Sqk": "3003", "Help": false, "Vsi": 31, "VsiT": 1, "Dst": 17.45, "Brng": 275.7, "WTC": 2, "Species": 1, "Engines": "2", "EngType": 3, "EngMount": 1, "Mil": false, "Cou": "United States", "HasPic": false, "Interested": false, "FlightsCount": 0, "Gnd": false, "SpdTyp": 0, "CallSus": false, "Trt": 2, "Year": "2008"}, {"Id": 11306446, "Rcvr": 1, "HasSig": false, "Icao": "AC85CE", "Bad": false, "Reg": "N906DN", "FSeen": "/Date(1544398821335)/", "TSecs": 4728, "CMsgs": 2473, "Alt": 23250, "GAlt": 23481, "InHg": 30.15059, "AltT": 0, "TAlt": 19008, "Call": "DAL2493", "Lat": 40.643734, "Long": -73.618881, "PosTime": 1544403545935, "Mlat": false, "Tisb": false, "Spd": 446.0, "Trak": 58.1, "TrkH": false, "TTrk": 70.3125, "Type": "B739", "Mdl": "Boeing 737NG 900ER/W", "Man": "Boeing", "CNum": "64879", "From": "KATL Hartsfield Jackson Atlanta, United States", "To": "KBDL Bradley, Hartford, United States", "Op": "Delta Air Lines", "OpIcao": "DAL", "Sqk": "2573", "Help": false, "Vsi": -2432, "VsiT": 0, "Dst": 13.7, "Brng": 89.4, "WTC": 2, "Species": 1, "Engines": "2", "EngType": 3, "EngMount": 0, "Mil": false, "Cou": "United States", "HasPic": false, "Interested": false, "FlightsCount": 0, "Gnd": false, "SpdTyp": 0, "CallSus": false, "Trt": 5, "Year": "2018"}, {"Id": 11027199, "Rcvr": 1, "HasSig": true, "Sig": 184, "Icao": "A842FF", "Bad": false, "Reg": "N631RW", "FSeen": "/Date(1544398639022)/", "TSecs": 4910, "CMsgs": 2485, "Alt": 1475, "GAlt": 1794, "InHg": 30.239172, "AltT": 0, "Call": "RPA3676", "Lat": 40.78814, "Long": -74.103345, "PosTime": 1544403542967, "Mlat": true, "Tisb": false, "Spd": 266.0, "Trak": 23.2, "TrkH": false, "Type": "E170", "Mdl": "2004 EMBRAER ERJ 170-100 SE", "Man": "Embraer", "CNum": "17000007", "Op": "SHUTTLE AMERICA CORP     - INDIANAPOLIS, IN", "OpIcao": "RPA", "Sqk": "6675", "Help": false, "Vsi": 49, "VsiT": 0, "Dst": 31.61, "Brng": 300.9, "WTC": 2, "Species": 1, "Engines": "2", "EngType": 3, "EngMount": 0, "Mil": false, "Cou": "United States", "HasPic": false, "Interested": false, "FlightsCount": 0, "Gnd": false, "SpdTyp": 0, "CallSus": true, "Trt": 2, "Year": "2004"}, {"Id": 11390187, "Rcvr": 1, "HasSig": true, "Sig": 72, "Icao": "ADCCEB", "Bad": false, "Reg": "N989DN", "FSeen": "/Date(1544398425168)/", "TSecs": 5124, "CMsgs": 2384, "Alt": -250, "GAlt": -278, "InHg": 29.8907471, "AltT": 0, "Lat": 40.7013, "Long": -73.7113, "PosTime": 1544402993316, "Mlat": true, "PosStale": true, "Tisb": false, "Spd": 522.0, "Trak": 254.2, "TrkH": false, "Type": "B712", "Mdl": "Boeing 717 23S", "Man": "Boeing", "CNum": "55067", "Op": "Delta Air Lines", "OpIcao": "DAL", "Sqk": "0763", "Help": false, "Vsi": 64, "VsiT": 0, "Dst": 8.81, "Brng": 42.0, "WTC": 2, "Species": 1, "Engines": "2", "EngType": 3, "EngMount": 1, "Mil": false, "Cou": "United States", "HasPic": false, "Interested": false, "FlightsCount": 0, "Gnd": true, "SpdTyp": 0, "CallSus": false, "Trt": 2, "Year": "2001"}, {"Id": 11181572, "Rcvr": 1, "HasSig": false, "Icao": "AA9E04", "Bad": false, "Reg": "N7830A", "FSeen": "/Date(1544398114262)/", "TSecs": 5435, "CMsgs": 2825, "Alt": 3725, "GAlt": 4035, "InHg": 30.2303143, "AltT": 0, "Call": "SWA1277", "Lat": 40.754791, "Long": -73.826416, "PosTime": 1544403547279, "Mlat": false, "Tisb": false, "Spd": 265.0, "Trak": 58.7, "TrkH": false, "Type": "B737", "Mdl": " BOEING 737-7L9", "Man": "Boeing", "CNum": "28008", "From": "KFLL Fort Lauderdale Hollywood, United States", "To": "KPVD Theodore Francis Green State, Providence, United States", "Stops": ["KBWI Baltimore/Washington International Thurgood Marshal, Baltimore, United States"], "Op": "Southwest Airlines", "OpIcao": "SWA", "Sqk": "7217", "Help": false, "Vsi": 0, "VsiT": 0, "Dst": 13.05, "Brng": 343.1, "WTC": 2, "Species": 1, "Engines": "2", "EngType": 3, "EngMount": 0, "Mil": false, "Cou": "United States", "HasPic": false, "Interested": false, "FlightsCount": 0, "Gnd": false, "SpdTyp": 0, "CallSus": false, "Trt": 2}, {"Id": 10676643, "Rcvr": 1, "HasSig": true, "Sig": 153, "Icao": "A2E9A3", "Bad": false, "Reg": "N287SY", "FSeen": "/Date(1544397784443)/", "TSecs": 5765, "CMsgs": 2916, "Alt": -250, "GAlt": -237, "InHg": 29.93171, "AltT": 0, "TAlt": 18016, "Call": "SKW3649", "Lat": 40.776106, "Long": -73.876393, "PosTime": 1544403547278, "Mlat": false, "Tisb": false, "Spd": 9.0, "Trak": 98.4, "TrkH": false, "Type": "E75L", "Mdl": "Embraer EMB-175 LL", "Man": "Embraer", "CNum": "17000753", "Op": "Delta Connection", "OpIcao": "SKW", "Sqk": "3151", "Help": false, "Vsi": -768, "VsiT": 1, "Dst": 16.88, "Brng": 331.7, "WTC": 2, "Species": 1, "Engines": "2", "EngType": 3, "EngMount": 0, "Mil": false, "Cou": "United States", "HasPic": false, "Interested": false, "FlightsCount": 0, "Gnd": true, "SpdTyp": 0, "CallSus": false, "Trt": 5, "Year": "2018"}, {"Id": 11039018, "Rcvr": 1, "HasSig": false, "Icao": "A8712A", "Bad": false, "Reg": "N643JB", "FSeen": "/Date(1544396610225)/", "TSecs": 6939, "CMsgs": 3482, "Alt": 3750, "GAlt": 4060, "InHg": 30.2303143, "AltT": 0, "TAlt": 4000, "Call": "JBU1198", "Lat": 40.822124, "Long": -73.73761, "PosTime": 1544403547277, "Mlat": false, "Tisb": false, "Spd": 208.0, "Trak": 30.5, "TrkH": false, "TTrk": 70.3125, "Type": "A320", "Mdl": "2006 AIRBUS A320-232", "Man": "Airbus", "CNum": "2871", "From": "KMCO Orlando, United States", "To": "KLGA La Guardia, New York, United States", "Op": "JetBlue Airways", "OpIcao": "JBU", "Sqk": "2633", "Help": false, "Vsi": 0, "VsiT": 1, "Dst": 20.31, "Brng": 10.4, "WTC": 2, "Species": 1, "Engines": "2", "EngType": 3, "EngMount": 0, "Mil": false, "Cou": "United States", "HasPic": false, "Interested": false, "FlightsCount": 0, "Gnd": false, "SpdTyp": 0, "CallSus": false, "Trt": 5, "Year": "2006"}, {"Id": 10681048, "Rcvr": 1, "HasSig": true, "Sig": 143, "Icao": "A2FAD8", "Bad": false, "Reg": "N291SY", "FSeen": "/Date(1544396562590)/", "TSecs": 6987, "CMsgs": 3501, "Alt": -275, "GAlt": 35, "InHg": 30.2303143, "AltT": 0, "TAlt": 4000, "Call": "SKW3941", "Lat": 40.781622, "Long": -73.873881, "PosTime": 1544403544677, "Mlat": false, "Tisb": false, "Spd": 117.9, "Trak": 212.9, "TrkH": false, "Type": "E75L", "Mdl": "Embraer EMB-175 LL", "Man": "Embraer", "CNum": "17000759", "Op": "Delta Connection", "OpIcao": "SKW", "Sqk": "2542", "Help": false, "Vsi": -256, "VsiT": 1, "Dst": 17.33, "Brng": 333.3, "WTC": 2, "Species": 1, "Engines": "2", "EngType": 3, "EngMount": 0, "Mil": false, "Cou": "United States", "HasPic": false, "Interested": false, "FlightsCount": 0, "Gnd": false, "SpdTyp": 0, "CallSus": false, "Trt": 5, "Year": "2018"}, {"Id": 10979581, "Rcvr": 1, "HasSig": false, "Icao": "A788FD", "Bad": false, "Reg": "N585FE", "FSeen": "/Date(1544396398446)/", "TSecs": 7151, "CMsgs": 3486, "Alt": 625, "GAlt": 965, "InHg": 30.2598419, "AltT": 0, "TAlt": 3008, "Call": "FDX764", "Lat": 40.689926, "Long": -73.71991, "PosTime": 1544403529116, "Mlat": false, "Tisb": false, "Spd": 143.0, "Trak": 210.7, "TrkH": false, "TTrk": 260.15625, "Type": "MD11", "Mdl": "1992 MCDONNELL DOUGLAS MD-11F", "Man": "McDonnell Douglas", "CNum": "48481", "From": "KMEM Memphis, United States", "To": "KJFK John F Kennedy, New York, United States", "Op": "FedEx", "OpIcao": "FDX", "Sqk": "6612", "Help": false, "Vsi": -832, "VsiT": 0, "Dst": 7.39, "Brng": 44.4, "WTC": 3, "Species": 1, "Engines": "3", "EngType": 3, "EngMount": 0, "Mil": false, "Cou": "United States", "HasPic": false, "Interested": false, "FlightsCount": 0, "Gnd": false, "SpdTyp": 0, "CallSus": false, "Trt": 5, "Year": "1992"}, {"Id": 11112593, "Rcvr": 1, "HasSig": true, "Sig": 219, "Icao": "A99091", "Bad": false, "FSeen": "/Date(1544395904714)/", "TSecs": 7645, "CMsgs": 2185, "Alt": 2700, "GAlt": 2440, "InHg": 29.6604328, "AltT": 0, "Lat": 40.744381, "Long": -73.434802, "PosTime": 1544403544720, "Mlat": true, "Tisb": false, "Spd": 509.3, "Trak": 327.4, "TrkH": false, "Sqk": "6601", "Help": false, "Vsi": 128, "VsiT": 1, "Dst": 31.33, "Brng": 68.7, "WTC": 0, "Species": 0, "EngType": 0, "EngMount": 0, "Mil": false, "Cou": "United States", "HasPic": false, "Interested": false, "FlightsCount": 0, "Gnd": false, "SpdTyp": 0, "CallSus": false, "Trt": 2}, {"Id": 11034613, "Rcvr": 1, "HasSig": false, "Icao": "A85FF5", "Bad": false, "Reg": "N639JB", "FSeen": "/Date(1544395823103)/", "TSecs": 7726, "CMsgs": 3856, "Alt": 1675, "GAlt": 2017, "InHg": 30.26245, "AltT": 0, "TAlt": 4000, "Call": "JBU1730", "Lat": 40.750942, "Long": -73.671883, "PosTime": 1544403547276, "Mlat": false, "Tisb": false, "Spd": 159.0, "Trak": 210.9, "TrkH": false, "TTrk": 40.078125, "Type": "A320", "Mdl": "2006 AIRBUS A320-232", "Man": "Airbus", "CNum": "2814", "From": "TXKF L.F. Wade International, Hamilton, Bermuda", "To": "KJFK John F Kennedy, New York, United States", "Op": "JetBlue Airways", "OpIcao": "JBU", "Sqk": "2111", "Help": false, "Vsi": 0, "VsiT": 0, "Dst": 15.18, "Brng": 37.4, "WTC": 2, "Species": 1, "Engines": "2", "EngType": 3, "EngMount": 0, "Mil": false, "Cou": "United States", "HasPic": false, "Interested": false, "FlightsCount": 0, "Gnd": false, "SpdTyp": 0, "CallSus": false, "Trt": 5, "Year": "2006"}, {"Id": 10909827, "Rcvr": 1, "HasSig": true, "Sig": 148, "Icao": "A67883", "Bad": false, "Reg": "N516JB", "FSeen": "/Date(1544395562182)/", "TSecs": 7987, "CMsgs": 4012, "Alt": -275, "GAlt": 67, "InHg": 30.26245, "AltT": 0, "TAlt": 3008, "Call": "JBU1054", "Lat": 40.638474, "Long": -73.76021, "PosTime": 1544403547276, "Mlat": false, "Tisb": false, "Spd": 132.0, "Trak": 210.4, "TrkH": false, "TTrk": 0.0, "Type": "A320", "Mdl": "2000 AIRBUS INDUSTRIE A320-232", "Man": "Airbus", "CNum": "1302", "Op": "JetBlue Airways", "OpIcao": "JBU", "Sqk": "3531", "Help": false, "Vsi": -640, "VsiT": 1, "Dst": 1.83, "Brng": 104.1, "WTC": 2, "Species": 1, "Engines": "2", "EngType": 3, "EngMount": 0, "Mil": false, "Cou": "United States", "HasPic": false, "Interested": false, "FlightsCount": 0, "Gnd": false, "SpdTyp": 0, "CallSus": false, "Trt": 5, "Year": "2000"}, {"Id": 4739594, "Rcvr": 1, "HasSig": false, "Icao": "48520A", "Bad": false, "Reg": "PH-HXB", "FSeen": "/Date(1544395538854)/", "TSecs": 8010, "CMsgs": 4053, "Alt": 3675, "GAlt": 4017, "InHg": 30.26245, "AltT": 0, "TAlt": 4000, "Call": "SCX247", "Lat": 40.572784, "Long": -73.46698, "PosTime": 1544403545925, "Mlat": false, "Tisb": false, "Spd": 264.0, "Trak": 29.0, "TrkH": false, "TTrk": 75.234375, "Type": "B738", "Mdl": "Boeing 737NG 8K2/W", "Man": "Boeing", "CNum": "41340", "From": "KMSP Minneapolis-St Paul International/Wold-Chamberlain, Minneapolis, United States", "To": "KJFK John F Kennedy, New York, United States", "Op": "Transavia", "OpIcao": "TRA", "Sqk": "6263", "Help": false, "Vsi": 0, "VsiT": 1, "Dst": 27.64, "Brng": 106.2, "WTC": 2, "Species": 1, "Engines": "2", "EngType": 3, "EngMount": 0, "Mil": false, "Cou": "Netherlands", "HasPic": false, "Interested": false, "FlightsCount": 0, "Gnd": false, "SpdTyp": 0, "CallSus": false, "Trt": 5, "Year": "2016"}, {"Id": 4735855, "Rcvr": 1, "HasSig": false, "Icao": "48436F", "Bad": false, "Reg": "PH-BQH", "FSeen": "/Date(1544394925423)/", "TSecs": 8624, "CMsgs": 4357, "Alt": 225, "GAlt": 565, "InHg": 30.2598419, "AltT": 0, "Call": "KLM643", "Lat": 40.660912, "Long": -73.755341, "PosTime": 1544403547275, "Mlat": false, "Tisb": false, "Spd": 131.0, "Trak": 210.7, "TrkH": false, "Type": "B772", "Mdl": "Boeing 777 206ER", "Man": "Boeing", "CNum": "32705", "From": "EHAM Amsterdam Airport Schiphol, Netherlands", "To": "KJFK John F Kennedy, New York, United States", "Op": "KLM Royal Dutch Airlines", "OpIcao": "KLM", "Sqk": "2554", "Help": false, "Vsi": -768, "VsiT": 0, "Dst": 3.0, "Brng": 46.9, "WTC": 3, "Species": 1, "Engines": "2", "EngType": 3, "EngMount": 0, "Mil": false, "Cou": "Netherlands", "HasPic": false, "Interested": false, "FlightsCount": 0, "Gnd": false, "SpdTyp": 0, "CallSus": false, "Trt": 2, "Year": "2004"}, {"Id": 11373549, "Rcvr": 1, "HasSig": true, "Sig": 94, "Icao": "AD8BED", "Bad": false, "Reg": "N972JT", "FSeen": "/Date(1544394185553)/", "TSecs": 9364, "CMsgs": 2910, "Alt": -250, "GAlt": 92, "InHg": 30.26245, "AltT": 0, "TAlt": 4000, "Call": "JBU2809", "Lat": 40.658432, "Long": -73.791809, "PosTime": 1544396609066, "Mlat": false, "PosStale": true, "Tisb": false, "Spd": 0.0, "Trak": 191.3, "TrkH": false, "TTrk": 0.0, "Type": "A321", "Mdl": "Airbus A321 231SL", "Man": "Airbus", "CNum": "7455", "Op": "JetBlue Airways", "OpIcao": "JBU", "Sqk": "2000", "Help": false, "Vsi": -576, "VsiT": 0, "Dst": 1.98, "Brng": 333.4, "WTC": 2, "Species": 1, "Engines": "2", "EngType": 3, "EngMount": 0, "Mil": false, "Cou": "United States", "HasPic": false, "Interested": false, "FlightsCount": 0, "Gnd": true, "SpdTyp": 0, "CallSus": false, "Trt": 5, "Year": "2016"}, {"Id": 11358066, "Rcvr": 1, "HasSig": true, "Sig": 161, "Icao": "AD4F72", "Bad": false, "Reg": "N957JB", "FSeen": "/Date(1544393965071)/", "TSecs": 9584, "CMsgs": 3647, "Alt": 3675, "GAlt": 3994, "InHg": 30.2388229, "AltT": 0, "TAlt": 3008, "Call": "JBU1452", "Lat": 40.673482, "Long": -73.45047, "PosTime": 1544403547277, "Mlat": false, "Tisb": false, "Spd": 210.5, "Trak": 10.4, "TrkH": false, "TTrk": 19.6875, "Type": "A321", "Mdl": "Airbus A321 231SL", "Man": "Airbus", "CNum": "6809", "From": "KMCO Orlando, United States", "To": "KBOS General Edward Lawrence Logan, Boston, United States", "Op": "JetBlue Airways", "OpIcao": "JBU", "Sqk": "6103", "Help": false, "Vsi": 0, "VsiT": 0, "Dst": 28.12, "Brng": 82.9, "WTC": 2, "Species": 1, "Engines": "2", "EngType": 3, "EngMount": 0, "Mil": false, "Cou": "United States", "HasPic": false, "Interested": false, "FlightsCount": 0, "Gnd": false, "SpdTyp": 0, "CallSus": false, "Trt": 5, "Year": "2015"}, {"Id": 11356164, "Rcvr": 1, "HasSig": true, "Sig": 123, "Icao": "AD4804", "Bad": false, "Reg": "N955JB", "FSeen": "/Date(1544393937098)/", "TSecs": 9612, "CMsgs": 4351, "Alt": -250, "GAlt": 69, "InHg": 30.2388229, "AltT": 0, "TAlt": 3008, "Call": "JBU480", "Lat": 40.630611, "Long": -73.769989, "PosTime": 1544403008908, "Mlat": false, "PosStale": true, "Tisb": false, "Spd": 3.0, "Trak": 216.6, "TrkH": false, "TTrk": 0.0, "Type": "A321", "Mdl": " AIRBUS A321-231", "Man": "Airbus", "CNum": "6757", "From": "MKJS Sangster, Montego Bay, Jamaica", "To": "KJFK John F Kennedy, New York, United States", "Op": "JetBlue Airways", "OpIcao": "JBU", "Sqk": "3436", "Help": false, "Vsi": 0, "VsiT": 0, "Dst": 1.63, "Brng": 144.2, "WTC": 2, "Species": 1, "Engines": "2", "EngType": 3, "EngMount": 0, "Mil": false, "Cou": "United States", "HasPic": false, "Interested": false, "FlightsCount": 0, "Gnd": true, "SpdTyp": 0, "CallSus": false, "Trt": 5, "Year": "2015"}, {"Id": 10918036, "Rcvr": 1, "HasSig": true, "Sig": 95, "Icao": "A69894", "Bad": false, "Reg": "N524JB", "FSeen": "/Date(1544393566323)/", "TSecs": 9983, "CMsgs": 4279, "Alt": -250, "GAlt": -237, "InHg": 29.93171, "AltT": 0, "TAlt": 35008, "Call": "JBU2960", "Lat": 40.63262, "Long": -73.767653, "PosTime": 1544402499561, "Mlat": false, "PosStale": true, "Tisb": false, "Spd": 0.0, "Trak": 199.7, "TrkH": false, "TTrk": 0.0, "Type": "A320", "Mdl": "2001 AIRBUS INDUSTRIE A320-232", "Man": "Airbus", "CNum": "1528", "Op": "JetBlue Airways", "OpIcao": "JBU", "Sqk": "2000", "Help": false, "Vsi": -704, "VsiT": 0, "Dst": 1.59, "Brng": 133.6, "WTC": 2, "Species": 1, "Engines": "2", "EngType": 3, "EngMount": 0, "Mil": false, "Cou": "United States", "HasPic": false, "Interested": false, "FlightsCount": 0, "Gnd": true, "SpdTyp": 0, "CallSus": false, "Trt": 5, "Year": "2001"}, {"Id": 11103138, "Rcvr": 1, "HasSig": false, "Icao": "A96BA2", "Bad": false, "Reg": "N706JB", "FSeen": "/Date(1544393442623)/", "TSecs": 10107, "CMsgs": 3314, "Alt": 111300, "GAlt": 111642, "InHg": 30.26245, "AltT": 0, "TAlt": 4000, "Call": "JBU950", "Lat": 40.651291, "Long": -73.775894, "PosTime": 1544395941073, "Mlat": false, "PosStale": true, "Tisb": false, "Spd": 0.0, "Trak": 202.5, "TrkH": false, "TTrk": 0.0, "Type": "A320", "Mdl": "2008 AIRBUS A320-232", "Man": "Airbus", "CNum": "3451", "From": "KMCO Orlando, United States", "To": "KBOS General Edward Lawrence Logan, Boston, United States", "Op": "JetBlue Airways", "OpIcao": "JBU", "Sqk": "2000", "Help": false, "Vsi": -960, "VsiT": 0, "Dst": 1.08, "Brng": 24.9, "WTC": 2, "Species": 1, "Engines": "2", "EngType": 3, "EngMount": 0, "Mil": false, "Cou": "United States", "HasPic": false, "Interested": false, "FlightsCount": 0, "Gnd": true, "SpdTyp": 0, "CallSus": false, "Trt": 5, "Year": "2008"}, {"Id": 11130414, "Rcvr": 1, "HasSig": false, "Icao": "A9D62E", "Bad": false, "Reg": "N73299", "FSeen": "/Date(1544393058791)/", "TSecs": 10491, "CMsgs": 4448, "Alt": 4725, "GAlt": 5035, "InHg": 30.2303143, "AltT": 0, "TAlt": 4000, "Call": "UAL488", "Lat": 40.771507, "Long": -73.880699, "PosTime": 1544402622015, "Mlat": false, "PosStale": true, "Tisb": false, "Spd": 11.4, "Trak": 52.1, "TrkH": false, "TTrk": 45.0, "Type": "B738", "Mdl": "2005 BOEING 737-824", "Man": "Boeing", "CNum": "34005", "From": "KLAX Los Angeles, United States", "To": "KEWR Newark Liberty, United States", "Op": "WELLS FARGO BANK NORTHWEST NA TRUSTEE     - SALT LAKE CITY, UT", "OpIcao": "UAL", "Sqk": "7201", "Help": false, "Vsi": -128, "VsiT": 0, "Dst": 16.61, "Brng": 329.7, "WTC": 2, "Species": 1, "Engines": "2", "EngType": 3, "EngMount": 0, "Mil": false, "Cou": "United States", "HasPic": false, "Interested": false, "FlightsCount": 0, "Gnd": false, "SpdTyp": 0, "CallSus": false, "Trt": 5, "Year": "2005"}, {"Id": 10654298, "Rcvr": 1, "HasSig": false, "Icao": "A2925A", "Bad": false, "Reg": "N265JB", "FSeen": "/Date(1544391195918)/", "TSecs": 12353, "CMsgs": 3801, "Alt": 11675, "GAlt": 11994, "InHg": 30.2388229, "AltT": 0, "TAlt": 7008, "Call": "JBU1271", "Lat": 40.730896, "Long": -74.102722, "PosTime": 1544403547308, "Mlat": false, "Tisb": false, "Spd": 349.0, "Trak": 194.6, "TrkH": false, "Type": "E190", "Mdl": "2006 EMBRAER ERJ 190-100 IGW", "Man": "Embraer", "CNum": "19000049", "From": "KLGA La Guardia, New York, United States", "To": "KFLL Fort Lauderdale Hollywood, United States", "Op": "WELLS FARGO BANK NORTHWEST NA TRUSTEE     - SALT LAKE CITY, UT", "OpIcao": "JBU", "Sqk": "2622", "Help": false, "Vsi": 768, "VsiT": 1, "Dst": 28.83, "Brng": 290.0, "WTC": 2, "Species": 1, "Engines": "2", "EngType": 3, "EngMount": 0, "Mil": false, "Cou": "United States", "HasPic": false, "Interested": false, "FlightsCount": 0, "Gnd": false, "SpdTyp": 0, "CallSus": false, "Trt": 5, "Year": "2006"}, {"Id": 10802659, "Rcvr": 1, "HasSig": false, "Icao": "A4D5E3", "Bad": false, "Reg": "N410UA", "FSeen": "/Date(1544388541399)/", "TSecs": 15008, "CMsgs": 5360, "Alt": -275, "GAlt": 74, "InHg": 30.2687035, "AltT": 0, "Call": "UAL856", "Lat": 40.708116, "Long": -74.15397, "PosTime": 1544398248849, "Mlat": true, "PosStale": true, "Tisb": false, "Spd": 533.0, "Trak": 43.0, "TrkH": false, "Type": "A320", "Mdl": "1994 AIRBUS INDUSTRIE A320-232", "Man": "Airbus", "CNum": "463", "From": "KLAX Los Angeles, United States", "To": "KIAD Washington Dulles, United States", "Op": "United Airlines", "OpIcao": "UAL", "Sqk": "1563", "Help": false, "Vsi": 42, "VsiT": 0, "Dst": 32.27, "Brng": 283.2, "WTC": 2, "Species": 1, "Engines": "2", "EngType": 3, "EngMount": 0, "Mil": false, "Cou": "United States", "HasPic": false, "Interested": false, "FlightsCount": 0, "Gnd": true, "SpdTyp": 0, "CallSus": false, "Trt": 2, "Year": "1994"}, {"Id": 11395666, "Rcvr": 1, "HasSig": true, "Sig": 169, "Icao": "ADE252", "Bad": false, "Reg": "N994JL", "FSeen": "/Date(1544388115100)/", "TSecs": 15434, "CMsgs": 4792, "Alt": 10300, "GAlt": 10642, "InHg": 30.26245, "AltT": 0, "TAlt": 16000, "Call": "JBU553", "Lat": 40.492767, "Long": -73.575562, "PosTime": 1544403547309, "Mlat": false, "Tisb": false, "Spd": 309.5, "Trak": 152.7, "TrkH": false, "TTrk": 225.0, "Type": "A321", "Mdl": "Airbus A321 231SL", "Man": "Airbus", "CNum": "8185", "From": "KJFK John F Kennedy, New York, United States", "To": "KPBI Palm Beach, West Palm Beach, United States", "Op": "JetBlue Airways", "OpIcao": "JBU", "Sqk": "3015", "Help": false, "Vsi": 1088, "VsiT": 1, "Dst": 24.06, "Brng": 133.7, "WTC": 2, "Species": 1, "Engines": "2", "EngType": 3, "EngMount": 0, "Mil": false, "Cou": "United States", "HasPic": false, "Interested": false, "FlightsCount": 0, "Gnd": false, "SpdTyp": 0, "CallSus": false, "Trt": 5, "Year": "2018"}, {"Id": 11274786, "Rcvr": 1, "HasSig": false, "Icao": "AC0A22", "Bad": false, "Reg": "N875NN", "FSeen": "/Date(1544387835162)/", "TSecs": 15714, "CMsgs": 7094, "Alt": 12725, "GAlt": 13065, "InHg": 30.2598419, "AltT": 0, "TAlt": 19008, "Call": "AAL2434", "Lat": 40.467682, "Long": -73.953857, "PosTime": 1544403547273, "Mlat": false, "Tisb": false, "Spd": 310.0, "Trak": 165.8, "TrkH": false, "TTrk": 120.9375, "Type": "B738", "Mdl": "2011 BOEING 737-823", "Man": "Boeing", "CNum": "33220", "From": "KDFW Dallas Fort Worth, Dallas-Fort Worth, United States", "To": "KMCO Orlando, United States", "Op": "American Airlines", "OpIcao": "AAL", "Sqk": "1570", "Help": false, "Vsi": 0, "VsiT": 0, "Dst": 24.3, "Brng": 216.9, "WTC": 2, "Species": 1, "Engines": "2", "EngType": 3, "EngMount": 0, "Mil": false, "Cou": "United States", "HasPic": false, "Interested": false, "FlightsCount": 0, "Gnd": false, "SpdTyp": 0, "CallSus": false, "Trt": 5, "Year": "2011"}, {"Id": 10668434, "Rcvr": 1, "HasSig": false, "Icao": "A2C992", "Bad": false, "Reg": "N279SY", "FSeen": "/Date(1544387539799)/", "TSecs": 16010, "CMsgs": 5361, "Alt": 1450, "GAlt": 1781, "InHg": 30.2509861, "AltT": 0, "TAlt": 10016, "Call": "SKW3776", "Lat": 40.861725, "Long": -73.806702, "PosTime": 1544403547280, "Mlat": false, "Tisb": false, "Spd": 133.0, "Trak": 214.3, "TrkH": false, "Type": "E75L", "Mdl": "Embraer EMB-175 LL", "Man": "Embraer", "CNum": "17000743", "Op": "Delta Connection", "OpIcao": "SKW", "Sqk": "3136", "Help": false, "Vsi": -640, "VsiT": 1, "Dst": 24.47, "Brng": 355.0, "WTC": 2, "Species": 1, "Engines": "2", "EngType": 3, "EngMount": 0, "Mil": false, "Cou": "United States", "HasPic": false, "Interested": false, "FlightsCount": 0, "Gnd": false, "SpdTyp": 0, "CallSus": false, "Trt": 5, "Year": "2018"}, {"Id": 11223288, "Rcvr": 1, "HasSig": true, "Sig": 89, "Icao": "AB40F8", "Bad": false, "Reg": "N824NW", "FSeen": "/Date(1544386516184)/", "TSecs": 17033, "CMsgs": 7803, "Alt": 1675, "GAlt": 1994, "InHg": 30.239172, "AltT": 0, "TAlt": 2000, "Call": "DAL953", "Lat": 40.830642, "Long": -73.531744, "PosTime": 1544403547273, "Mlat": false, "Tisb": false, "Spd": 162.6, "Trak": 259.7, "TrkH": false, "TTrk": 260.0, "Type": "A333", "Mdl": "2015 AIRBUS A330-302", "Man": "Airbus", "CNum": "1637", "From": "KATL Hartsfield Jackson Atlanta, United States", "To": "KLAS McCarran, Las Vegas, United States", "Op": "Delta Air Lines", "OpIcao": "DAL", "Sqk": "6400", "Help": false, "Vsi": 64, "VsiT": 1, "Dst": 29.66, "Brng": 45.1, "WTC": 3, "Species": 1, "Engines": "2", "EngType": 3, "EngMount": 0, "Mil": false, "Cou": "United States", "HasPic": false, "Interested": false, "FlightsCount": 0, "Gnd": false, "SpdTyp": 0, "CallSus": false, "Trt": 4, "Year": "2015"}, {"Id": 11110640, "Rcvr": 1, "HasSig": true, "Sig": 218, "Icao": "A988F0", "Bad": false, "Reg": "N713TW", "FSeen": "/Date(1544386146318)/", "TSecs": 17403, "CMsgs": 7697, "Alt": 3700, "GAlt": 4040, "InHg": 30.2598419, "AltT": 0, "TAlt": 12992, "Call": "DAL1583", "Lat": 40.470932, "Long": -73.521179, "PosTime": 1544403547273, "Mlat": false, "Tisb": false, "Spd": 262.0, "Trak": 29.5, "TrkH": false, "TTrk": 40.078125, "Type": "B752", "Mdl": "1997 BOEING 757-2Q8", "Man": "Boeing", "CNum": "28173", "From": "KSFO San Francisco, United States", "To": "KJFK John F Kennedy, New York, United States", "Op": "Delta Air Lines", "OpIcao": "DAL", "Sqk": "1567", "Help": false, "Vsi": 0, "VsiT": 1, "Dst": 29.1, "Brng": 130.9, "WTC": 2, "Species": 1, "Engines": "2", "EngType": 3, "EngMount": 0, "Mil": false, "Cou": "United States", "HasPic": false, "Interested": false, "FlightsCount": 0, "Gnd": false, "SpdTyp": 0, "CallSus": false, "Trt": 5, "Year": "1997"}, {"Id": 4703685, "Rcvr": 1, "HasSig": true, "Sig": 91, "Icao": "47C5C5", "Bad": false, "Reg": "LN-LNB", "FSeen": "/Date(1544385500636)/", "TSecs": 18049, "CMsgs": 3688, "Alt": -250, "GAlt": 90, "InHg": 30.2598419, "AltT": 0, "TAlt": 3008, "Call": "NAX1G", "Lat": 40.633984, "Long": -73.78009, "PosTime": 1544403516103, "Mlat": false, "Tisb": false, "Spd": 15.0, "Trak": 315.0, "TrkH": false, "TTrk": 224.296875, "Type": "B788", "Mdl": "Boeing 787 8", "Man": "Boeing", "CNum": "35305", "Op": "Norwegian", "OpIcao": "NAX", "Sqk": "6345", "Help": false, "Vsi": -64, "VsiT": 0, "Dst": 0.95, "Brng": 173.9, "WTC": 3, "Species": 1, "Engines": "2", "EngType": 3, "EngMount": 0, "Mil": false, "Cou": "Norway", "HasPic": false, "Interested": false, "FlightsCount": 0, "Gnd": true, "SpdTyp": 0, "CallSus": false, "Trt": 5, "Year": "2013", "Sat": true}, {"Id": 11249785, "Rcvr": 1, "HasSig": false, "Icao": "ABA879", "Bad": false, "Reg": "N850MP", "FSeen": "/Date(1544383758994)/", "TSecs": 19790, "CMsgs": 6968, "Alt": -275, "GAlt": 35, "InHg": 30.2303143, "AltT": 0, "TAlt": 4000, "Call": "N850MP", "Lat": 40.85416, "Long": -74.055206, "PosTime": 1544403529209, "Mlat": false, "Tisb": false, "Spd": 0.0, "Trak": 208.1, "TrkH": false, "TTrk": 40.078125, "Type": "GLEX", "Mdl": "Bombardier Global 6000", "Man": "Bombardier", "CNum": "9733", "Op": "TVPX ARS Inc Trustee", "OpIcao": "TWY", "Sqk": "2621", "Help": false, "Vsi": -640, "VsiT": 0, "Dst": 32.96, "Brng": 315.7, "WTC": 2, "Species": 1, "Engines": "2", "EngType": 3, "EngMount": 1, "Mil": false, "Cou": "United States", "HasPic": false, "Interested": false, "FlightsCount": 0, "Gnd": true, "SpdTyp": 0, "CallSus": false, "Trt": 5, "Year": "2015"}, {"Id": 10502794, "Rcvr": 1, "HasSig": true, "Sig": 167, "Icao": "A0428A", "Bad": false, "Reg": "N116AN", "FSeen": "/Date(1544382891994)/", "TSecs": 20657, "CMsgs": 7799, "Alt": 18575, "GAlt": 18885, "InHg": 30.2303143, "AltT": 0, "TAlt": 12992, "Call": "AAL16", "Lat": 40.819842, "Long": -74.07744, "PosTime": 1544403545916, "Mlat": false, "Tisb": false, "Spd": 337.8, "Trak": 163.0, "TrkH": false, "TTrk": 180.0, "Type": "A321", "Mdl": "2014 AIRBUS INDUSTRIE A321-231", "Man": "Airbus", "CNum": "6070", "From": "KSFO San Francisco, United States", "To": "KJFK John F Kennedy, New York, United States", "Op": "American Airlines", "OpIcao": "AAL", "Sqk": "3213", "Help": false, "Vsi": -2304, "VsiT": 1, "Dst": 31.81, "Brng": 308.4, "WTC": 2, "Species": 1, "Engines": "2", "EngType": 3, "EngMount": 0, "Mil": false, "Cou": "United States", "HasPic": false, "Interested": false, "FlightsCount": 0, "Gnd": false, "SpdTyp": 0, "CallSus": false, "Trt": 5, "Year": "2014"}, {"Id": 11246998, "Rcvr": 1, "HasSig": true, "Sig": 103, "Icao": "AB9D96", "Bad": false, "Reg": "N848AE", "FSeen": "/Date(1544381854979)/", "TSecs": 21694, "CMsgs": 5755, "Alt": 4000, "GAlt": 4340, "InHg": 30.2598419, "AltT": 0, "Call": "ENY4093", "Lat": 40.601486, "Long": -74.078857, "PosTime": 1544403524535, "Mlat": false, "Tisb": false, "Spd": 259.9, "Trak": 39.7, "TrkH": false, "Type": "E135", "Mdl": "2003 EMBRAER EMB-135KL", "Man": "Embraer", "CNum": "145710", "Op": "AMERICAN AIRLINES INC     - FORT WORTH, TX", "OpIcao": "ENY", "Sqk": "6605", "Help": false, "Vsi": -960, "VsiT": 1, "Dst": 25.53, "Brng": 259.8, "WTC": 2, "Species": 1, "Engines": "2", "EngType": 3, "EngMount": 1, "Mil": false, "Cou": "United States", "HasPic": false, "Interested": false, "FlightsCount": 0, "Gnd": false, "SpdTyp": 0, "CallSus": false, "Trt": 5, "Year": "2003"}, {"Id": 4703690, "Rcvr": 1, "HasSig": true, "Sig": 193, "Icao": "47C5CA", "Bad": false, "Reg": "LN-LNG", "FSeen": "/Date(1544380354422)/", "TSecs": 23195, "CMsgs": 3587, "Alt": 2675, "GAlt": 3017, "InHg": 30.26245, "AltT": 0, "TAlt": 3008, "Call": "NAX5W", "Lat": 40.8349, "Long": -73.609375, "PosTime": 1544403547279, "Mlat": false, "Tisb": false, "Spd": 170.4, "Trak": 243.9, "TrkH": false, "TTrk": 260.15625, "Type": "B788", "Mdl": "Boeing 787 8", "Man": "Boeing", "CNum": "35314", "Op": "Norwegian", "OpIcao": "NAX", "Sqk": "0740", "Help": false, "Vsi": 0, "VsiT": 0, "Dst": 25.84, "Brng": 34.0, "WTC": 3, "Species": 1, "Engines": "2", "EngType": 3, "EngMount": 0, "Mil": false, "Cou": "Norway", "HasPic": false, "Interested": false, "FlightsCount": 0, "Gnd": false, "SpdTyp": 0, "CallSus": false, "Trt": 5, "Year": "2014", "Sat": true}, {"Id": 4224211, "Rcvr": 1, "HasSig": true, "Sig": 52, "Icao": "4074D3", "Bad": false, "Reg": "G-CKWC", "FSeen": "/Date(1544379087113)/", "TSecs": 24462, "CMsgs": 4912, "Alt": 1275, "GAlt": 1617, "InHg": 30.26245, "AltT": 0, "TAlt": 4000, "Call": "NRS15Z", "Lat": 40.710956, "Long": -73.720759, "PosTime": 1544403537088, "Mlat": false, "Tisb": false, "Spd": 140.9, "Trak": 208.4, "TrkH": false, "TTrk": 220.78125, "Type": "B789", "Mdl": "Boeing 787 9", "Man": "Boeing", "CNum": "38893", "Op": "Norwegian Air UK", "OpIcao": "NRS", "Sqk": "0746", "Help": false, "Vsi": -832, "VsiT": 0, "Dst": 9.17, "Brng": 33.8, "WTC": 3, "Species": 1, "Engines": "2", "EngType": 3, "EngMount": 0, "Mil": false, "Cou": "United Kingdom", "HasPic": false, "Interested": false, "FlightsCount": 0, "Gnd": false, "SpdTyp": 0, "CallSus": false, "Trt": 5, "Year": "2018", "Sat": true}], "totalAc": 5635, "lastDv": "636799758882488959", "shtTrlSec": 65, "stm": 1544403549669}