{"src": 1, "feeds": [{"id": 1, "name": "From Cons", "polarPlot": false}], "srcFeed": 1, "showSil": true, "showFlg": true, "showPic": true, "flgH": 20, "flgW": 85, "acList": [{"Id": 11335942, "Rcvr": 1, "HasSig": true, "Sig": 168, "Icao": "ACF906", "Bad": false, "FSeen": "/Date(1544412723049)/", "TSecs": 56, "CMsgs": 35, "Alt": 2250, "GAlt": 2540, "InHg": 30.2096462, "AltT": 0, "TAlt": 12000, "Call": "JBU711", "Lat": 40.643083, "Long": -73.844292, "PosTime": 1544412778574, "Mlat": false, "Tisb": false, "Spd": 158.8, "Trak": 252.0, "TrkH": false, "From": "KBOS General Edward Lawrence Logan, Boston, United States", "To": "KLAS McCarran, Las Vegas, United States", "Stops": ["KJFK John F Kennedy, New York, United States"], "Sqk": "3332", "Help": false, "Vsi": 1472, "VsiT": 0, "Dst": 5.32, "Brng": 270.7, "WTC": 0, "Species": 0, "EngType": 0, "EngMount": 0, "Mil": false, "Cou": "United States", "HasPic": false, "Interested": false, "FlightsCount": 0, "Gnd": false, "SpdTyp": 0, "CallSus": false, "Trt": 4}, {"Id": 9004131, "Rcvr": 1, "HasSig": true, "Sig": 226, "Icao": "896463", "Bad": false, "Reg": "A6-APH", "FSeen": "/Date(1544412530123)/", "TSecs": 249, "CMsgs": 147, "Alt": 6225, "GAlt": 6520, "InHg": 30.2151985, "AltT": 0, "TAlt": 11008, "Call": "ETD47N", "Lat": 40.551608, "Long": -73.760022, "PosTime": 1544412775029, "Mlat": false, "Tisb": false, "Spd": 275.0, "Trak": 89.4, "TrkH": false, "TTrk": 100.546875, "Type": "A388", "Mdl": "Airbus A380 861", "Man": "Airbus", "CNum": "199", "From": "KJFK John F Kennedy, New York, United States", "To": "OMAA Abu Dhabi, United Arab Emirates", "Op": "Etihad Airways", "OpIcao": "ETD", "Sqk": "1162", "Help": false, "Vsi": 2048, "VsiT": 1, "Dst": 10.26, "Brng": 169.9, "WTC": 3, "Species": 1, "Engines": "4", "EngType": 3, "EngMount": 0, "Mil": false, "Cou": "United Arab Emirates", "HasPic": false, "Interested": false, "FlightsCount": 0, "Gnd": false, "SpdTyp": 0, "CallSus": false, "Trt": 5, "Year": "2015"}, {"Id": 10569143, "Rcvr": 1, "HasSig": true, "Sig": 204, "Icao": "A145B7", "Bad": false, "Reg": "N181PQ", "FSeen": "/Date(1544412380885)/", "TSecs": 398, "CMsgs": 83, "Alt": 40125, "GAlt": 40415, "InHg": 30.2096462, "AltT": 0, "Lat": 40.630956, "Long": -73.773381, "PosTime": 1544412757058, "Mlat": false, "Tisb": false, "Spd": 0.0, "Trak": 116.6, "TrkH": false, "Type": "CRJ9", "Mdl": "2008 BOMBARDIER INC CL-600-2D24", "Man": "Bombardier", "CNum": "15181", "Op": "DELTA AIR LINES INC     - ATLANTA, GA", "OpIcao": "EDV", "Sqk": "0164", "Help": false, "VsiT": 1, "Dst": 1.45, "Brng": 152.5, "WTC": 2, "Species": 1, "Engines": "2", "EngType": 3, "EngMount": 1, "Mil": false, "Cou": "United States", "HasPic": false, "Interested": false, "FlightsCount": 0, "Gnd": true, "SpdTyp": 0, "CallSus": false, "Trt": 2, "Year": "2008"}, {"Id": 4195709, "Rcvr": 1, "HasSig": true, "Sig": 192, "Icao": "40057D", "Bad": false, "Reg": "G-CIVD", "FSeen": "/Date(1544412214367)/", "TSecs": 565, "CMsgs": 243, "Alt": 11450, "GAlt": 11740, "InHg": 30.2096462, "AltT": 0, "Call": "BAW14K", "Lat": 40.674087, "Long": -73.660271, "PosTime": 1544412778570, "Mlat": false, "Tisb": false, "Spd": 344.2, "Trak": 1.8, "TrkH": false, "Type": "B744", "Mdl": "Boeing 747 436", "Man": "Boeing", "CNum": "27349", "From": "KJFK John F Kennedy, New York, United States", "To": "EGLL London Heathrow, United Kingdom", "Op": "British Airways", "OpIcao": "BAW", "Sqk": "3364", "Help": false, "Vsi": 2240, "VsiT": 0, "Dst": 10.8, "Brng": 71.0, "WTC": 3, "Species": 1, "Engines": "4", "EngType": 3, "EngMount": 0, "Mil": false, "Cou": "United Kingdom", "HasPic": false, "Interested": false, "FlightsCount": 0, "Gnd": false, "SpdTyp": 0, "CallSus": false, "Trt": 2, "Year": "1994"}, {"Id": 11118416, "Rcvr": 1, "HasSig": false, "Icao": "A9A750", "Bad": false, "Reg": "N721AN", "FSeen": "/Date(1544412170616)/", "TSecs": 609, "CMsgs": 177, "Alt": -225, "GAlt": 65, "InHg": 30.2096462, "AltT": 0, "Call": "AAL951", "Lat": 40.648888, "Long": -73.790512, "PosTime": 1544412750239, "Mlat": false, "Tisb": false, "Spd": 0.0, "Trak": 171.6, "TrkH": false, "Type": "B77W", "Mdl": "2013 BOEING 777-323ER", "Man": "Boeing", "CNum": "31546", "From": "KJFK John F Kennedy, New York, United States", "To": "SBGR Guarulhos - Governador Andr\u00e9 Franco Montoro, S\u00e3o Paulo, Brazil", "Op": "American Airlines", "OpIcao": "AAL", "Sqk": "1616", "Help": false, "VsiT": 0, "Dst": 1.06, "Brng": 312.4, "WTC": 3, "Species": 1, "Engines": "2", "EngType": 3, "EngMount": 0, "Mil": false, "Cou": "United States", "HasPic": false, "Interested": false, "FlightsCount": 0, "Gnd": true, "SpdTyp": 0, "CallSus": false, "Trt": 2, "Year": "2013"}, {"Id": 4921471, "Rcvr": 1, "HasSig": true, "Sig": 33, "Icao": "4B187F", "Bad": false, "Reg": "HB-JHF", "FSeen": "/Date(1544411950894)/", "TSecs": 828, "CMsgs": 425, "Alt": 13175, "GAlt": 13456, "InHg": 30.2007866, "AltT": 0, "Call": "SWR19R", "Lat": 40.892029, "Long": -73.865662, "PosTime": 1544412778571, "Mlat": false, "Tisb": false, "Spd": 369.6, "Trak": 48.1, "TrkH": false, "Type": "A333", "Mdl": "Airbus A330 343E", "Man": "Airbus", "CNum": "1089", "From": "KEWR Newark Liberty, United States", "To": "LSZH Z\u00fcrich, Switzerland", "Op": "Swiss International Air Lines", "OpIcao": "SWR", "Sqk": "1722", "Help": false, "Vsi": 1344, "VsiT": 0, "Dst": 28.64, "Brng": 345.7, "WTC": 3, "Species": 1, "Engines": "2", "EngType": 3, "EngMount": 0, "Mil": false, "Cou": "Switzerland", "HasPic": false, "Interested": false, "FlightsCount": 0, "Gnd": false, "SpdTyp": 0, "CallSus": false, "Trt": 2, "Year": "2010"}, {"Id": 11267818, "Rcvr": 1, "HasSig": true, "Sig": 194, "Icao": "ABEEEA", "Bad": false, "Reg": "N8680C", "FSeen": "/Date(1544411269103)/", "TSecs": 1510, "CMsgs": 921, "Alt": 25000, "GAlt": 25281, "InHg": 30.2007866, "AltT": 0, "Call": "SWA3299", "Lat": 40.729251, "Long": -73.936802, "PosTime": 1544412778564, "Mlat": false, "Tisb": false, "Spd": 468.2, "Trak": 43.8, "TrkH": false, "Type": "B738", "Mdl": "Boeing 737NG 8H4/W", "Man": "Boeing", "CNum": "36737", "Op": "Southwest Airlines", "OpIcao": "SWA", "Sqk": "2146", "Help": false, "Vsi": -1792, "VsiT": 0, "Dst": 16.28, "Brng": 306.4, "WTC": 2, "Species": 1, "Engines": "2", "EngType": 3, "EngMount": 0, "Mil": false, "Cou": "United States", "HasPic": false, "Interested": false, "FlightsCount": 0, "Gnd": false, "SpdTyp": 0, "CallSus": false, "Trt": 2, "Year": "2016"}, {"Id": 11162167, "Rcvr": 1, "HasSig": true, "Sig": 73, "Icao": "AA5237", "Bad": false, "Reg": "N764US", "FSeen": "/Date(1544411101308)/", "TSecs": 1678, "CMsgs": 1000, "Alt": 29450, "GAlt": 29740, "InHg": 30.2096462, "AltT": 0, "Call": "AAL2138", "Lat": 40.683909, "Long": -73.664641, "PosTime": 1544412776508, "Mlat": true, "Tisb": false, "Trak": 57.8, "TrkH": false, "Type": "A319", "Mdl": "2000 AIRBUS INDUSTRIE A319-112", "Man": "Airbus", "CNum": "1369", "From": "KDCA Ronald Reagan Washington National, United States", "To": "KBOS General Edward Lawrence Logan, Boston, United States", "Op": "American Airlines", "OpIcao": "AAL", "Sqk": "2141", "Help": false, "VsiT": 0, "Dst": 10.86, "Brng": 64.9, "WTC": 2, "Species": 1, "Engines": "2", "EngType": 3, "EngMount": 0, "Mil": false, "Cou": "United States", "HasPic": false, "Interested": false, "FlightsCount": 0, "Gnd": false, "SpdTyp": 0, "CallSus": true, "Trt": 2, "Year": "2000"}, {"Id": 11382611, "Rcvr": 1, "HasSig": true, "Sig": 181, "Icao": "ADAF53", "Bad": false, "Reg": "N981EV", "FSeen": "/Date(1544410050031)/", "TSecs": 2729, "CMsgs": 1019, "Alt": 25300, "GAlt": 25590, "InHg": 30.2096462, "AltT": 0, "Lat": 40.643738, "Long": -73.855713, "PosTime": 1544411927786, "Mlat": false, "PosStale": true, "Tisb": false, "Spd": 223.2, "Trak": 217.5, "TrkH": false, "Type": "CRJ2", "Mdl": "2003 BOMBARDIER INC CL-600-2B19", "Man": "Bombardier", "CNum": "7768", "Op": "US BANK NA TRUSTEE     - WILMINGTON, DE", "OpIcao": "EDV", "Sqk": "1134", "Help": false, "Vsi": 704, "VsiT": 1, "Dst": 6.28, "Brng": 271.3, "WTC": 2, "Species": 1, "Engines": "2", "EngType": 3, "EngMount": 1, "Mil": false, "Cou": "United States", "HasPic": false, "Interested": false, "FlightsCount": 0, "Gnd": false, "SpdTyp": 0, "CallSus": false, "Trt": 2, "Year": "2003"}, {"Id": 11400425, "Rcvr": 1, "HasSig": true, "Sig": 69, "Icao": "ADF4E9", "Bad": false, "Reg": "N999JQ", "FSeen": "/Date(1544408489083)/", "TSecs": 4290, "CMsgs": 1689, "Alt": -225, "GAlt": 70, "InHg": 30.2151985, "AltT": 0, "TAlt": 8992, "Call": "JBU1804", "Lat": 40.646819, "Long": -73.772819, "PosTime": 1544410957255, "Mlat": false, "PosStale": true, "Tisb": false, "Spd": 0.0, "Trak": 177.2, "TrkH": false, "TTrk": 0.0, "Type": "A321", "Mdl": "Airbus A321 231SL", "Man": "Airbus", "CNum": "8538", "Op": "JetBlue Airways", "OpIcao": "JBU", "Sqk": "1422", "Help": false, "Vsi": -64, "VsiT": 0, "Dst": 0.86, "Brng": 56.0, "WTC": 2, "Species": 1, "Engines": "2", "EngType": 3, "EngMount": 0, "Mil": false, "Cou": "United States", "HasPic": false, "Interested": false, "FlightsCount": 0, "Gnd": true, "SpdTyp": 0, "CallSus": false, "Trt": 5}, {"Id": 10950271, "Rcvr": 1, "HasSig": false, "Icao": "A7167F", "Bad": false, "Reg": "N556JB", "FSeen": "/Date(1544407976124)/", "TSecs": 4803, "CMsgs": 2866, "Alt": 27675, "GAlt": 27965, "InHg": 30.2096462, "AltT": 0, "TAlt": 27008, "Call": "JBU796", "Lat": 40.82254, "Long": -73.498161, "PosTime": 1544412778556, "Mlat": false, "Tisb": false, "Spd": 515.0, "Trak": 50.2, "TrkH": false, "Type": "A320", "Mdl": "2002 AIRBUS A320-232", "Man": "Airbus", "CNum": "1904", "From": "TNCM Princess Juliana, Saint Martin, Sint Maarten", "To": "KBOS General Edward Lawrence Logan, Boston, United States", "Op": "JetBlue Airways", "OpIcao": "JBU", "Sqk": "3110", "Help": false, "Vsi": -1984, "VsiT": 0, "Dst": 31.14, "Brng": 49.9, "WTC": 2, "Species": 1, "Engines": "2", "EngType": 3, "EngMount": 0, "Mil": false, "Cou": "United States", "HasPic": false, "Interested": false, "FlightsCount": 0, "Gnd": false, "SpdTyp": 0, "CallSus": false, "Trt": 2, "Year": "2002"}, {"Id": 11376402, "Rcvr": 1, "HasSig": true, "Sig": 134, "Icao": "AD9712", "Bad": false, "Reg": "N975JT", "FSeen": "/Date(1544407246385)/", "TSecs": 5533, "CMsgs": 2736, "Alt": 2386, "GAlt": 2681, "InHg": 30.2151985, "AltT": 0, "TAlt": 8992, "Call": "JBU2836", "Lat": 40.647692, "Long": -73.777391, "PosTime": 1544410466032, "Mlat": false, "PosStale": true, "Tisb": false, "Spd": 0.0, "Trak": 160.1, "TrkH": false, "TTrk": 0.0, "Type": "A321", "Mdl": "Airbus A321 231SL", "Man": "Airbus", "CNum": "7520", "Op": "JetBlue Airways", "OpIcao": "JBU", "Sqk": "2000", "Help": false, "Vsi": -128, "VsiT": 0, "Dst": 0.67, "Brng": 29.6, "WTC": 2, "Species": 1, "Engines": "2", "EngType": 3, "EngMount": 0, "Mil": false, "Cou": "United States", "HasPic": false, "Interested": false, "FlightsCount": 0, "Gnd": true, "SpdTyp": 0, "CallSus": false, "Trt": 5, "Year": "2016"}, {"Id": 10813842, "Rcvr": 1, "HasSig": true, "Sig": 163, "Icao": "A50192", "Bad": false, "Reg": "N421YX", "FSeen": "/Date(1544407119088)/", "TSecs": 5660, "CMsgs": 3270, "Alt": -250, "GAlt": 19, "InHg": 30.1889763, "AltT": 0, "TAlt": 3008, "Call": "RPA4439", "Lat": 40.776315, "Long": -73.87825, "PosTime": 1544412690871, "Mlat": false, "Tisb": false, "Spd": 14.5, "Trak": 30.9, "TrkH": false, "Type": "E75L", "Mdl": "2014 EMBRAER S A ERJ170-200LR", "Man": "Embraer", "CNum": "17000386", "Op": "REPUBLIC AIRLINE INC     - INDIANAPOLIS, IN", "OpIcao": "RPA", "Sqk": "3176", "Help": false, "Vsi": -128, "VsiT": 0, "Dst": 16.98, "Brng": 331.3, "WTC": 2, "Species": 1, "Engines": "2", "EngType": 3, "EngMount": 0, "Mil": false, "Cou": "United States", "HasPic": false, "Interested": false, "FlightsCount": 0, "Gnd": true, "SpdTyp": 0, "CallSus": false, "Trt": 2, "Year": "2014"}, {"Id": 11244453, "Rcvr": 1, "HasSig": true, "Sig": 6, "Icao": "AB93A5", "Bad": false, "Reg": "N845NN", "FSeen": "/Date(1544406147195)/", "TSecs": 6632, "CMsgs": 3806, "Alt": 3450, "GAlt": 3740, "InHg": 30.2096462, "AltT": 0, "Call": "AAL279", "Lat": 40.705463, "Long": -73.929561, "PosTime": 1544412773867, "Mlat": false, "Tisb": false, "Spd": 256.6, "Trak": 49.1, "TrkH": false, "Type": "B738", "Mdl": "2010 BOEING 737-823", "Man": "Boeing", "CNum": "40579", "From": "EGPH Edinburgh, United Kingdom", "To": "KMCO Orlando, United States", "Stops": ["KJFK John F Kennedy, New York, United States"], "Op": "American Airlines", "OpIcao": "AAL", "Sqk": "2556", "Help": false, "Vsi": -704, "VsiT": 0, "Dst": 14.33, "Brng": 299.3, "WTC": 2, "Species": 1, "Engines": "2", "EngType": 3, "EngMount": 0, "Mil": false, "Cou": "United States", "HasPic": true, "PicX": 3441, "PicY": 2271, "Interested": false, "FlightsCount": 0, "Gnd": false, "SpdTyp": 0, "CallSus": false, "Trt": 2, "Year": "2010"}, {"Id": 10533006, "Rcvr": 1, "HasSig": false, "Icao": "A0B88E", "Bad": false, "Reg": "N14568", "FSeen": "/Date(1544406008162)/", "TSecs": 6771, "CMsgs": 3707, "Alt": -225, "GAlt": 6, "InHg": 30.15059, "AltT": 0, "Call": "ASQ3993", "Lat": 40.711608, "Long": -74.15191, "PosTime": 1544412597530, "Mlat": true, "PosStale": true, "Tisb": false, "Spd": 525.4, "Trak": 206.2, "TrkH": false, "Type": "E145", "Mdl": "2002 EMBRAER EMB-145LR", "Man": "Embraer", "CNum": "145628", "Op": "WELLS FARGO BANK NORTHWEST NA TRUSTEE     - SALT LAKE CITY, UT", "OpIcao": "ASQ", "Sqk": "0542", "Help": false, "Vsi": 896, "VsiT": 0, "Dst": 32.19, "Brng": 283.9, "WTC": 2, "Species": 1, "Engines": "2", "EngType": 3, "EngMount": 1, "Mil": false, "Cou": "United States", "HasPic": false, "Interested": false, "FlightsCount": 0, "Gnd": true, "SpdTyp": 0, "CallSus": false, "Trt": 2, "Year": "2002"}, {"Id": 10585572, "Rcvr": 1, "HasSig": false, "Icao": "A185E4", "Bad": false, "Reg": "N198AA", "FSeen": "/Date(1544405026216)/", "TSecs": 7753, "CMsgs": 4333, "Alt": 2400, "GAlt": 2690, "InHg": 30.2096462, "AltT": 0, "Call": "AAL2572", "Lat": 40.565109, "Long": -73.617142, "PosTime": 1544412776501, "Mlat": false, "Tisb": false, "Spd": 172.0, "Trak": 324.5, "TrkH": false, "Type": "B752", "Mdl": "2001 BOEING 757-223", "Man": "Boeing", "CNum": "32392", "From": "KORD Chicago O'Hare, United States", "To": "KLAX Los Angeles, United States", "Stops": ["KMIA Miami, United States"], "Op": "American Airlines", "OpIcao": "AAL", "Sqk": "5755", "Help": false, "Vsi": -576, "VsiT": 0, "Dst": 16.31, "Brng": 121.8, "WTC": 2, "Species": 1, "Engines": "2", "EngType": 3, "EngMount": 0, "Mil": false, "Cou": "United States", "HasPic": false, "Interested": false, "FlightsCount": 0, "Gnd": false, "SpdTyp": 0, "CallSus": false, "Trt": 2, "Year": "2001"}, {"Id": 10693619, "Rcvr": 1, "HasSig": true, "Sig": 129, "Icao": "A32BF3", "Bad": false, "Reg": "N303RE", "FSeen": "/Date(1544404435247)/", "TSecs": 8344, "CMsgs": 4629, "Alt": -225, "GAlt": -212, "InHg": 29.93171, "AltT": 0, "TAlt": 10016, "Call": "AAL1171", "Lat": 40.787064, "Long": -73.869324, "PosTime": 1544412528090, "Mlat": false, "PosStale": true, "Tisb": false, "Spd": 8.5, "Trak": 30.9, "TrkH": false, "TTrk": 42.890625, "Type": "B38M", "Mdl": "Boeing 737MAX 8", "Man": "Boeing", "CNum": "44447", "From": "KLAX Los Angeles, United States", "To": "KBDL Bradley, Hartford, United States", "Op": "American Airlines", "OpIcao": "AAL", "Sqk": "3702", "Help": false, "Vsi": -448, "VsiT": 0, "Dst": 17.71, "Brng": 335.3, "WTC": 2, "Species": 1, "Engines": "2", "EngType": 3, "EngMount": 0, "Mil": false, "Cou": "United States", "HasPic": false, "Interested": false, "FlightsCount": 0, "Gnd": true, "SpdTyp": 0, "CallSus": false, "Trt": 5, "Year": "2018"}, {"Id": 11019747, "Rcvr": 1, "HasSig": true, "Sig": 106, "Icao": "A825E3", "Bad": false, "Reg": "N624JB", "FSeen": "/Date(1544404299861)/", "TSecs": 8479, "CMsgs": 4411, "Alt": -200, "GAlt": 95, "InHg": 30.2151985, "AltT": 0, "TAlt": 4000, "Call": "JBU164", "Lat": 40.64967, "Long": -73.777173, "PosTime": 1544411993688, "Mlat": false, "PosStale": true, "Tisb": false, "Spd": 4.0, "Trak": 165.9, "TrkH": false, "TTrk": 340.3125, "Type": "A320", "Mdl": "2005 AIRBUS A320-232", "Man": "Airbus", "CNum": "2520", "From": "KTPA Tampa, United States", "To": "KJFK John F Kennedy, New York, United States", "Op": "JetBlue Airways", "OpIcao": "JBU", "Sqk": "6657", "Help": false, "Vsi": -128, "VsiT": 0, "Dst": 0.87, "Brng": 23.5, "WTC": 2, "Species": 1, "Engines": "2", "EngType": 3, "EngMount": 0, "Mil": false, "Cou": "United States", "HasPic": true, "PicX": 1024, "PicY": 697, "Interested": false, "FlightsCount": 0, "Gnd": true, "SpdTyp": 0, "CallSus": false, "Trt": 5, "Year": "2005"}, {"Id": 10956578, "Rcvr": 1, "HasSig": true, "Sig": 69, "Icao": "A72F22", "Bad": false, "Reg": "N562JB", "FSeen": "/Date(1544403419204)/", "TSecs": 9360, "CMsgs": 3256, "Alt": 33325, "GAlt": 33644, "InHg": 30.2388229, "AltT": 0, "TAlt": 3008, "Call": "JBU1818", "Lat": 40.633186, "Long": -73.768875, "PosTime": 1544406818514, "Mlat": false, "PosStale": true, "Tisb": false, "Spd": 0.1, "Trak": 210.9, "TrkH": false, "TTrk": 0.0, "Type": "A320", "Mdl": "2003 AIRBUS A320-232", "Man": "Airbus", "CNum": "1948", "From": "TTPP Piarco, Port of Spain, Trinidad and Tobago", "To": "KJFK John F Kennedy, New York, United States", "Op": "JetBlue Airways", "OpIcao": "JBU", "Sqk": "2666", "Help": false, "Vsi": -640, "VsiT": 0, "Dst": 1.47, "Brng": 134.6, "WTC": 2, "Species": 1, "Engines": "2", "EngType": 3, "EngMount": 0, "Mil": false, "Cou": "United States", "HasPic": false, "Interested": false, "FlightsCount": 0, "Gnd": true, "SpdTyp": 0, "CallSus": false, "Trt": 5, "Year": "2003"}, {"Id": 10535980, "Rcvr": 1, "HasSig": false, "Icao": "A0C42C", "Bad": false, "Reg": "N149AN", "FSeen": "/Date(1544403083754)/", "TSecs": 9695, "CMsgs": 5469, "Alt": 125, "GAlt": 406, "InHg": 30.2007866, "AltT": 0, "Call": "AAL2708", "Lat": 40.798519, "Long": -73.859962, "PosTime": 1544412778553, "Mlat": false, "Tisb": false, "Spd": 138.0, "Trak": 212.3, "TrkH": false, "Type": "A321", "Mdl": "Airbus A321 231SL", "Man": "Airbus", "CNum": "6812", "From": "KDFW Dallas Fort Worth, Dallas-Fort Worth, United States", "To": "KEWR Newark Liberty, United States", "Op": "American Airlines", "OpIcao": "AAL", "Sqk": "6753", "Help": false, "Vsi": -640, "VsiT": 0, "Dst": 18.57, "Brng": 339.1, "WTC": 2, "Species": 1, "Engines": "2", "EngType": 3, "EngMount": 0, "Mil": false, "Cou": "United States", "HasPic": false, "Interested": false, "FlightsCount": 0, "Gnd": false, "SpdTyp": 0, "CallSus": false, "Trt": 2, "Year": "2015"}, {"Id": 11309223, "Rcvr": 1, "HasSig": false, "Icao": "AC90A7", "Bad": false, "Reg": "N909AM", "FSeen": "/Date(1544402272208)/", "TSecs": 10507, "CMsgs": 5534, "Alt": -225, "GAlt": 56, "InHg": 30.2007866, "AltT": 0, "TAlt": 3008, "Call": "AAL1207", "Lat": 40.776752, "Long": -73.874802, "PosTime": 1544412776517, "Mlat": false, "Tisb": false, "Spd": 0.0, "Trak": 247.5, "TrkH": false, "TTrk": 70.3125, "Type": "A321", "Mdl": "Airbus A321 231SL", "Man": "Airbus", "CNum": "7756", "From": "KDFW Dallas Fort Worth, Dallas-Fort Worth, United States", "To": "KSAN San Diego, United States", "Op": "American Airlines", "OpIcao": "AAL", "Sqk": "6211", "Help": false, "Vsi": -896, "VsiT": 0, "Dst": 16.88, "Brng": 332.2, "WTC": 2, "Species": 1, "Engines": "2", "EngType": 3, "EngMount": 0, "Mil": false, "Cou": "United States", "HasPic": false, "Interested": false, "FlightsCount": 0, "Gnd": true, "SpdTyp": 0, "CallSus": false, "Trt": 5, "Year": "2017"}, {"Id": 10957529, "Rcvr": 1, "HasSig": true, "Sig": 144, "Icao": "A732D9", "Bad": false, "Reg": "N563JB", "FSeen": "/Date(1544399788729)/", "TSecs": 12990, "CMsgs": 5419, "Alt": -225, "GAlt": 94, "InHg": 30.2388229, "AltT": 0, "TAlt": 2016, "Call": "JBU135", "Lat": 40.629398, "Long": -73.769943, "PosTime": 1544405433414, "Mlat": false, "PosStale": true, "Tisb": false, "Spd": 0.0, "Trak": 239.1, "TrkH": false, "TTrk": 279.84375, "Type": "A320", "Mdl": "2003 AIRBUS A320-232", "Man": "Airbus", "CNum": "2006", "From": "KJFK John F Kennedy, New York, United States", "To": "KRSW Southwest Florida, Fort Myers, United States", "Op": "JetBlue Airways", "OpIcao": "JBU", "Sqk": "7165", "Help": false, "Vsi": -576, "VsiT": 0, "Dst": 1.74, "Brng": 146.7, "WTC": 2, "Species": 1, "Engines": "2", "EngType": 3, "EngMount": 0, "Mil": false, "Cou": "United States", "HasPic": false, "Interested": false, "FlightsCount": 0, "Gnd": true, "SpdTyp": 0, "CallSus": false, "Trt": 5, "Year": "2003"}, {"Id": 10502143, "Rcvr": 1, "HasSig": true, "Sig": 77, "Icao": "A03FFF", "Bad": false, "Reg": "N115NN", "FSeen": "/Date(1544395089875)/", "TSecs": 17689, "CMsgs": 9583, "Alt": -225, "GAlt": -212, "InHg": 29.93171, "AltT": 0, "TAlt": 4000, "Call": "AAL32", "Lat": 40.654093, "Long": -73.782135, "PosTime": 1544412716277, "Mlat": false, "Tisb": false, "Spd": 15.0, "Trak": 241.9, "TrkH": false, "TTrk": 0.0, "Type": "A321", "Mdl": "2014 AIRBUS INDUSTRIE A321-231", "Man": "Airbus", "CNum": "6063", "From": "KLAX Los Angeles, United States", "To": "KJFK John F Kennedy, New York, United States", "Op": "American Airlines", "OpIcao": "AAL", "Sqk": "2023", "Help": false, "Vsi": -128, "VsiT": 0, "Dst": 1.29, "Brng": 356.8, "WTC": 2, "Species": 1, "Engines": "2", "EngType": 3, "EngMount": 0, "Mil": false, "Cou": "United States", "HasPic": false, "Interested": false, "FlightsCount": 0, "Gnd": true, "SpdTyp": 0, "CallSus": false, "Trt": 5, "Year": "2014"}, {"Id": 11337844, "Rcvr": 1, "HasSig": true, "Sig": 132, "Icao": "AD0074", "Bad": false, "Reg": "N937JB", "FSeen": "/Date(1544393577377)/", "TSecs": 19202, "CMsgs": 10123, "Alt": -225, "GAlt": 65, "InHg": 30.2096462, "AltT": 0, "TAlt": 4000, "Call": "JBU624", "Lat": 40.651508, "Long": -73.781235, "PosTime": 1544412253109, "Mlat": false, "PosStale": true, "Tisb": false, "Spd": 0.0, "Trak": 230.6, "TrkH": false, "TTrk": 330.0, "Type": "A321", "Mdl": "2014 AIRBUS A321-231", "Man": "Airbus", "CNum": "6245", "From": "KLAX Los Angeles, United States", "To": "KJFK John F Kennedy, New York, United States", "Op": "JetBlue Airways", "OpIcao": "JBU", "Sqk": "7202", "Help": false, "Vsi": 0, "VsiT": 0, "Dst": 1.0, "Brng": 0.2, "WTC": 2, "Species": 1, "Engines": "2", "EngType": 3, "EngMount": 0, "Mil": false, "Cou": "United States", "HasPic": false, "Interested": false, "FlightsCount": 0, "Gnd": true, "SpdTyp": 0, "CallSus": false, "Trt": 4, "Year": "2014"}, {"Id": 11363438, "Rcvr": 1, "HasSig": true, "Sig": 134, "Icao": "AD646E", "Bad": false, "Reg": "N962JT", "FSeen": "/Date(1544389405871)/", "TSecs": 23373, "CMsgs": 9916, "Alt": 2545, "GAlt": 2855, "InHg": 30.2303143, "AltT": 0, "TAlt": 4000, "Call": "JBU190", "Lat": 40.642769, "Long": -73.771088, "PosTime": 1544407306762, "Mlat": false, "PosStale": true, "Tisb": false, "Spd": 0.0, "Trak": 199.7, "TrkH": false, "TTrk": 250.0, "Type": "A321", "Mdl": "Airbus A321 231SL", "Man": "Airbus", "CNum": "6988", "From": "KSAN San Diego, United States", "To": "KJFK John F Kennedy, New York, United States", "Op": "JetBlue Airways", "OpIcao": "JBU", "Sqk": "2000", "Help": false, "Vsi": -1280, "VsiT": 0, "Dst": 0.86, "Brng": 87.9, "WTC": 2, "Species": 1, "Engines": "2", "EngType": 3, "EngMount": 0, "Mil": false, "Cou": "United States", "HasPic": false, "Interested": false, "FlightsCount": 0, "Gnd": true, "SpdTyp": 0, "CallSus": false, "Trt": 4, "Year": "2016"}, {"Id": 11039969, "Rcvr": 1, "HasSig": true, "Sig": 199, "Icao": "A874E1", "Bad": false, "Reg": "N644JB", "FSeen": "/Date(1544388013139)/", "TSecs": 24766, "CMsgs": 11725, "Alt": -225, "GAlt": 94, "InHg": 30.2388229, "AltT": 0, "TAlt": 3008, "Call": "JBU745", "Lat": 40.63262, "Long": -73.767653, "PosTime": 1544406725782, "Mlat": false, "PosStale": true, "Tisb": false, "Spd": 0.0, "Trak": 188.4, "TrkH": false, "TTrk": 0.0, "Type": "A320", "Mdl": "2006 AIRBUS A320-232", "Man": "Airbus", "CNum": "2880", "From": "KMCO Orlando, United States", "To": "TJSJ Luis Munoz Marin, San Juan, Puerto Rico", "Op": "JetBlue Airways", "OpIcao": "JBU", "Sqk": "1607", "Help": false, "Vsi": -128, "VsiT": 0, "Dst": 1.59, "Brng": 133.6, "WTC": 2, "Species": 1, "Engines": "2", "EngType": 3, "EngMount": 0, "Mil": false, "Cou": "United States", "HasPic": false, "Interested": false, "FlightsCount": 0, "Gnd": true, "SpdTyp": 0, "CallSus": false, "Trt": 5, "Year": "2006"}], "totalAc": 4763, "lastDv": "636797242220960717", "shtTrlSec": 65, "stm": 1544412779614}