{"src": 1, "feeds": [{"id": 1, "name": "From Cons", "polarPlot": false}], "srcFeed": 1, "showSil": true, "showFlg": true, "showPic": true, "flgH": 20, "flgW": 85, "acList": [{"Id": 10668434, "Rcvr": 1, "HasSig": true, "Sig": 201, "Icao": "A2C992", "Bad": false, "Reg": "N279SY", "FSeen": "/Date(1544410540486)/", "TSecs": 28, "CMsgs": 19, "Alt": 900, "GAlt": 1172, "InHg": 30.191576, "AltT": 0, "TAlt": 5024, "Call": "SKW3898", "Lat": 40.790268, "Long": -73.889832, "PosTime": 1544410568531, "Mlat": false, "Tisb": false, "Spd": 128.2, "Trak": 327.4, "TrkH": false, "Type": "E75L", "Mdl": "Embraer EMB-175 LL", "Man": "Embraer", "CNum": "17000743", "Op": "Delta Connection", "OpIcao": "SKW", "Sqk": "7166", "Help": false, "Vsi": 1728, "VsiT": 1, "Dst": 18.81, "Brng": 330.9, "WTC": 2, "Species": 1, "Engines": "2", "EngType": 3, "EngMount": 0, "Mil": false, "Cou": "United States", "HasPic": false, "Interested": false, "FlightsCount": 0, "Gnd": false, "SpdTyp": 0, "CallSus": false, "Trt": 5, "Year": "2018"}, {"Id": 10765169, "Rcvr": 1, "HasSig": true, "Sig": 184, "Icao": "A44371", "Bad": false, "Reg": "N374JB", "FSeen": "/Date(1544410499894)/", "TSecs": 69, "CMsgs": 44, "Alt": 2850, "GAlt": 3140, "InHg": 30.2096462, "AltT": 0, "Call": "JBU1473", "Lat": 40.626114, "Long": -73.875977, "PosTime": 1544410568531, "Mlat": false, "Tisb": false, "Spd": 188.8, "Trak": 225.2, "TrkH": false, "Type": "E190", "Mdl": "2013 EMBRAER ERJ 190-100 IGW", "Man": "Embraer", "CNum": "19000629", "Op": "JETBLUE AIRWAYS CORP     - LONG ISLAND CITY, NY", "OpIcao": "JBU", "Sqk": "1670", "Help": false, "Vsi": 2240, "VsiT": 1, "Dst": 8.2, "Brng": 257.2, "WTC": 2, "Species": 1, "Engines": "2", "EngType": 3, "EngMount": 0, "Mil": false, "Cou": "United States", "HasPic": false, "Interested": false, "FlightsCount": 0, "Gnd": false, "SpdTyp": 0, "CallSus": true, "Trt": 2, "Year": "2013"}, {"Id": 11027199, "Rcvr": 1, "HasSig": true, "Sig": 166, "Icao": "A842FF", "Bad": false, "Reg": "N631RW", "FSeen": "/Date(1544410316488)/", "TSecs": 252, "CMsgs": 150, "Alt": 7250, "GAlt": 7531, "InHg": 30.2007866, "AltT": 0, "Call": "RPA3465", "Lat": 40.78139, "Long": -74.083245, "PosTime": 1544410563056, "Mlat": true, "Tisb": false, "Trak": 58.3, "TrkH": false, "Type": "E170", "Mdl": "2004 EMBRAER ERJ 170-100 SE", "Man": "Embraer", "CNum": "17000007", "Op": "SHUTTLE AMERICA CORP     - INDIANAPOLIS, IN", "OpIcao": "RPA", "Sqk": "1515", "Help": false, "VsiT": 0, "Dst": 29.77, "Brng": 301.4, "WTC": 2, "Species": 1, "Engines": "2", "EngType": 3, "EngMount": 0, "Mil": false, "Cou": "United States", "HasPic": false, "Interested": false, "FlightsCount": 0, "Gnd": false, "SpdTyp": 0, "CallSus": true, "Trt": 2, "Year": "2004"}, {"Id": 7864852, "Rcvr": 1, "HasSig": true, "Sig": 192, "Icao": "780214", "Bad": false, "Reg": "B-KPH", "FSeen": "/Date(1544410302647)/", "TSecs": 266, "CMsgs": 160, "Alt": 11825, "GAlt": 12115, "InHg": 30.2096462, "AltT": 0, "Call": "CPA865", "Lat": 40.691803, "Long": -73.632385, "PosTime": 1544410568530, "Mlat": false, "Tisb": false, "Spd": 295.9, "Trak": 49.8, "TrkH": false, "Type": "B773", "Mdl": "Boeing 777 367ER", "Man": "Boeing", "CNum": "35301", "From": "KJFK John F Kennedy, New York, United States", "To": "VHHH Chek Lap Kok, Hong Kong, Hong Kong", "Stops": ["CYVR Vancouver, Canada"], "Op": "Cathay Pacific Airways", "OpIcao": "CPA", "Sqk": "1641", "Help": false, "Vsi": 3584, "VsiT": 0, "Dst": 13.7, "Brng": 66.4, "WTC": 3, "Species": 1, "Engines": "2", "EngType": 3, "EngMount": 0, "Mil": false, "Cou": "Hong Kong", "HasPic": false, "Interested": false, "FlightsCount": 0, "Gnd": false, "SpdTyp": 0, "CallSus": true, "Trt": 2, "Year": "2008"}, {"Id": 4222834, "Rcvr": 1, "HasSig": true, "Sig": 14, "Icao": "406F72", "Bad": false, "Reg": "G-ZBKF", "FSeen": "/Date(1544409243665)/", "TSecs": 1325, "CMsgs": 465, "Alt": 9775, "GAlt": 10076, "InHg": 30.2214565, "AltT": 0, "TAlt": 15008, "Call": "BAW188", "Lat": 40.866806, "Long": -73.899414, "PosTime": 1544410568528, "Mlat": false, "Tisb": false, "Spd": 316.2, "Trak": 49.1, "TrkH": false, "Type": "B789", "Mdl": "Boeing 787 9", "Man": "Boeing", "CNum": "38622", "From": "KEWR Newark Liberty, United States", "To": "EGLL London Heathrow, United Kingdom", "Op": "British Airways", "OpIcao": "BAW", "Sqk": "2643", "Help": false, "Vsi": 448, "VsiT": 0, "Dst": 26.85, "Brng": 338.3, "WTC": 3, "Species": 1, "Engines": "2", "EngType": 3, "EngMount": 0, "Mil": false, "Cou": "United Kingdom", "HasPic": false, "Interested": false, "FlightsCount": 0, "Gnd": false, "SpdTyp": 0, "CallSus": false, "Trt": 2, "Year": "2015"}, {"Id": 11277151, "Rcvr": 1, "HasSig": true, "Sig": 151, "Icao": "AC135F", "Bad": false, "Reg": "N8775A", "FSeen": "/Date(1544409172760)/", "TSecs": 1396, "CMsgs": 128, "Alt": 1275, "GAlt": 1565, "InHg": 30.2096462, "AltT": 0, "Lat": 40.631241, "Long": -73.769547, "PosTime": 1544410085417, "Mlat": false, "PosStale": true, "Tisb": false, "Spd": 0.0, "Trak": 180.0, "TrkH": false, "Type": "CRJ2", "Mdl": "2003 BOMBARDIER INC CL-600-2B19", "Man": "Bombardier", "CNum": "7775", "Op": "WELLS FARGO BANK NORTHWEST NA TRUSTEE     - SALT LAKE CITY, UT", "OpIcao": "EDV", "Sqk": "1621", "Help": false, "VsiT": 0, "Dst": 1.59, "Brng": 141.6, "WTC": 2, "Species": 1, "Engines": "2", "EngType": 3, "EngMount": 1, "Mil": false, "Cou": "United States", "HasPic": false, "Interested": false, "FlightsCount": 0, "Gnd": false, "SpdTyp": 0, "CallSus": false, "Trt": 2, "Year": "2003"}, {"Id": 11400425, "Rcvr": 1, "HasSig": true, "Sig": 108, "Icao": "ADF4E9", "Bad": false, "Reg": "N999JQ", "FSeen": "/Date(1544408488785)/", "TSecs": 2080, "CMsgs": 1129, "Alt": 2375, "GAlt": 2670, "InHg": 30.2151985, "AltT": 0, "TAlt": 1600, "Call": "JBU1804", "Lat": 40.580098, "Long": -73.619697, "PosTime": 1544410568517, "Mlat": false, "Tisb": false, "Spd": 214.4, "Trak": 300.9, "TrkH": false, "TTrk": 0.0, "Type": "A321", "Mdl": "Airbus A321 231SL", "Man": "Airbus", "CNum": "8538", "Op": "JetBlue Airways", "OpIcao": "JBU", "Sqk": "1422", "Help": false, "Vsi": -1216, "VsiT": 1, "Dst": 15.3, "Brng": 116.9, "WTC": 2, "Species": 1, "Engines": "2", "EngType": 3, "EngMount": 0, "Mil": false, "Cou": "United States", "HasPic": false, "Interested": false, "FlightsCount": 0, "Gnd": false, "SpdTyp": 0, "CallSus": false, "Trt": 5}, {"Id": 11376402, "Rcvr": 1, "HasSig": true, "Sig": 128, "Icao": "AD9712", "Bad": false, "Reg": "N975JT", "FSeen": "/Date(1544407247156)/", "TSecs": 3322, "CMsgs": 1741, "Alt": -225, "GAlt": 70, "InHg": 30.2151985, "AltT": 0, "TAlt": 8992, "Call": "JBU2836", "Lat": 40.647692, "Long": -73.777391, "PosTime": 1544410465690, "Mlat": false, "Tisb": false, "Spd": 0.0, "Trak": 160.1, "TrkH": false, "TTrk": 0.0, "Type": "A321", "Mdl": "Airbus A321 231SL", "Man": "Airbus", "CNum": "7520", "Op": "JetBlue Airways", "OpIcao": "JBU", "Sqk": "2000", "Help": false, "Vsi": -128, "VsiT": 0, "Dst": 0.67, "Brng": 29.6, "WTC": 2, "Species": 1, "Engines": "2", "EngType": 3, "EngMount": 0, "Mil": false, "Cou": "United States", "HasPic": false, "Interested": false, "FlightsCount": 0, "Gnd": true, "SpdTyp": 0, "CallSus": false, "Trt": 5, "Year": "2016"}, {"Id": 10708202, "Rcvr": 1, "HasSig": false, "Icao": "A364EA", "Bad": false, "Reg": "N318DX", "FSeen": "/Date(1544405855030)/", "TSecs": 4714, "CMsgs": 2706, "Alt": 27000, "GAlt": 27310, "InHg": 30.2303143, "AltT": 0, "TAlt": 35008, "Call": "DAL1134", "Lat": 40.44136, "Long": -73.740906, "PosTime": 1544410568501, "Mlat": false, "Tisb": false, "Spd": 462.0, "Trak": 90.7, "TrkH": false, "Type": "A321", "Mdl": "Airbus A321 211SL", "Man": "Airbus", "CNum": "7441", "From": "KLAX Los Angeles, United States", "To": "KSFO San Francisco, United States", "Op": "Delta Air Lines", "OpIcao": "DAL", "Sqk": "2520", "Help": false, "Vsi": 0, "VsiT": 1, "Dst": 22.62, "Brng": 171.3, "WTC": 2, "Species": 1, "Engines": "2", "EngType": 3, "EngMount": 0, "Mil": false, "Cou": "United States", "HasPic": false, "Interested": false, "FlightsCount": 0, "Gnd": false, "SpdTyp": 0, "CallSus": false, "Trt": 5, "Year": "2017"}, {"Id": 10810094, "Rcvr": 1, "HasSig": true, "Sig": 122, "Icao": "A4F2EE", "Bad": false, "Reg": "N418MC", "FSeen": "/Date(1544405149273)/", "TSecs": 5420, "CMsgs": 2928, "Alt": -225, "GAlt": 65, "InHg": 30.2096462, "AltT": 0, "Call": "QFA7589", "Lat": 40.652382, "Long": -73.787582, "PosTime": 1544410543135, "Mlat": false, "Tisb": false, "Spd": 6.0, "Trak": 258.8, "TrkH": false, "Type": "B744", "Mdl": "2002 BOEING 747-47UF", "Man": "Boeing", "CNum": "32840", "From": "YSSY Sydney Kingsford Smith, Australia", "To": "KJFK John F Kennedy, New York, United States", "Stops": ["ZSPD Shanghai Pudong, China", "PANC Ted Stevens Anchorage, United States"], "Op": "ATLAS AIR", "OpIcao": "GTI", "Sqk": "7201", "Help": false, "Vsi": 64, "VsiT": 0, "Dst": 1.22, "Brng": 334.2, "WTC": 3, "Species": 1, "Engines": "4", "EngType": 3, "EngMount": 0, "Mil": false, "Cou": "United States", "HasPic": false, "Interested": false, "FlightsCount": 0, "Gnd": true, "SpdTyp": 0, "CallSus": false, "Trt": 2, "Year": "2002"}, {"Id": 10879142, "Rcvr": 1, "HasSig": true, "Sig": 176, "Icao": "A600A6", "Bad": false, "Reg": "N486UA", "FSeen": "/Date(1544404806669)/", "TSecs": 5762, "CMsgs": 3083, "Alt": 300, "GAlt": 569, "InHg": 30.1889763, "AltT": 0, "Call": "UAL978", "Lat": 40.810066, "Long": -73.846352, "PosTime": 1544410567035, "Mlat": true, "Tisb": false, "Spd": 384.3, "Trak": 191.9, "TrkH": false, "Type": "A320", "Mdl": "2001 AIRBUS INDUSTRIE A320-232", "Man": "Airbus", "CNum": "1620", "From": "SAEZ Ministro Pistarini, Ezeiza, Argentina", "To": "KEWR Newark Liberty, United States", "Op": "United Airlines", "OpIcao": "UAL", "Sqk": "6504", "Help": false, "Vsi": -896, "VsiT": 1, "Dst": 19.42, "Brng": 343.6, "WTC": 2, "Species": 1, "Engines": "2", "EngType": 3, "EngMount": 0, "Mil": false, "Cou": "United States", "HasPic": false, "Interested": false, "FlightsCount": 0, "Gnd": false, "SpdTyp": 0, "CallSus": true, "Trt": 2, "Year": "2001"}, {"Id": 11291860, "Rcvr": 1, "HasSig": false, "Icao": "AC4CD4", "Bad": false, "Reg": "N892AT", "FSeen": "/Date(1544404418008)/", "TSecs": 6151, "CMsgs": 3452, "Alt": 3350, "GAlt": 3279, "InHg": 29.84941, "AltT": 0, "Call": "DAL2713", "Lat": 40.4265, "Long": -73.67, "PosTime": 1544410567035, "Mlat": true, "Tisb": false, "Spd": 568.0, "Trak": 33.1, "TrkH": false, "Type": "B712", "Mdl": "2004 BOEING 717-200", "Man": "Boeing", "CNum": "55044", "From": "KPHF Newport News Williamsburg, United States", "To": "KATL Hartsfield Jackson Atlanta, United States", "Op": "WELLS FARGO BANK NORTHWEST NA TRUSTEE     - SALT LAKE CITY, UT", "OpIcao": "DAL", "Sqk": "3323", "Help": false, "Vsi": 64, "VsiT": 0, "Dst": 25.79, "Brng": 158.6, "WTC": 2, "Species": 1, "Engines": "2", "EngType": 3, "EngMount": 1, "Mil": false, "Cou": "United States", "HasPic": false, "Interested": false, "FlightsCount": 0, "Gnd": false, "SpdTyp": 0, "CallSus": true, "Trt": 2, "Year": "2004"}, {"Id": 10759932, "Rcvr": 1, "HasSig": true, "Sig": 106, "Icao": "A42EFC", "Bad": false, "Reg": "N369NW", "FSeen": "/Date(1544404074347)/", "TSecs": 6495, "CMsgs": 3741, "Alt": 4175, "GAlt": 4470, "InHg": 30.2151985, "AltT": 0, "TAlt": 4000, "Call": "DAL842", "Lat": 40.538773, "Long": -74.100342, "PosTime": 1544410563923, "Mlat": false, "Tisb": false, "Spd": 265.0, "Trak": 35.8, "TrkH": false, "TTrk": 0.0, "Type": "A320", "Mdl": "1999 AIRBUS INDUSTRIE A320-212", "Man": "Airbus", "CNum": "1011", "From": "KSEA Seattle Tacoma, United States", "To": "KMSP Minneapolis-St Paul International/Wold-Chamberlain, Minneapolis, United States", "Op": "Delta Air Lines", "OpIcao": "DAL", "Sqk": "2426", "Help": false, "Vsi": -1856, "VsiT": 1, "Dst": 29.31, "Brng": 246.9, "WTC": 2, "Species": 1, "Engines": "2", "EngType": 3, "EngMount": 0, "Mil": false, "Cou": "United States", "HasPic": false, "Interested": false, "FlightsCount": 0, "Gnd": false, "SpdTyp": 0, "CallSus": false, "Trt": 5, "Year": "1999"}, {"Id": 10726765, "Rcvr": 1, "HasSig": true, "Sig": 87, "Icao": "A3AD6D", "Bad": false, "Reg": "N336PQ", "FSeen": "/Date(1544403960159)/", "TSecs": 6609, "CMsgs": 3829, "Alt": 2425, "GAlt": 2720, "InHg": 30.2151985, "AltT": 0, "TAlt": 2016, "Call": "EDV3425", "Lat": 40.885341, "Long": -73.734429, "PosTime": 1544410568493, "Mlat": false, "Tisb": false, "Spd": 172.7, "Trak": 275.3, "TrkH": false, "TTrk": 270.0, "Type": "CRJ9", "Mdl": "2014 BOMBARDIER INC CL-600-2D24", "Man": "Bombardier", "CNum": "15336", "Op": "WELLS FARGO BANK NORTHWEST NA TRUSTEE     - SALT LAKE CITY, UT", "OpIcao": "EDV", "Sqk": "2130", "Help": false, "Vsi": -960, "VsiT": 0, "Dst": 27.29, "Brng": 8.3, "WTC": 2, "Species": 1, "Engines": "2", "EngType": 3, "EngMount": 1, "Mil": false, "Cou": "United States", "HasPic": false, "Interested": false, "FlightsCount": 0, "Gnd": false, "SpdTyp": 0, "CallSus": false, "Trt": 2, "Year": "2014"}, {"Id": 10715703, "Rcvr": 1, "HasSig": true, "Sig": 211, "Icao": "A38237", "Bad": false, "Reg": "N325PQ", "FSeen": "/Date(1544403848194)/", "TSecs": 6721, "CMsgs": 3640, "Alt": 3750, "GAlt": 4040, "InHg": 30.2096462, "AltT": 0, "Call": "EDV5208", "Lat": 40.732407, "Long": -73.892456, "PosTime": 1544410562892, "Mlat": true, "Tisb": false, "Spd": 389.8, "Trak": 56.8, "TrkH": false, "Type": "CRJ9", "Mdl": "2014 BOMBARDIER INC CL-600-2D24", "Man": "Bombardier", "CNum": "15325", "Op": "WELLS FARGO BANK NORTHWEST NA TRUSTEE     - SALT LAKE CITY, UT", "OpIcao": "EDV", "Sqk": "1523", "Help": false, "Vsi": 0, "VsiT": 1, "Dst": 13.71, "Brng": 316.9, "WTC": 2, "Species": 1, "Engines": "2", "EngType": 3, "EngMount": 1, "Mil": false, "Cou": "United States", "HasPic": false, "Interested": false, "FlightsCount": 0, "Gnd": false, "SpdTyp": 0, "CallSus": true, "Trt": 2, "Year": "2014"}, {"Id": 10747919, "Rcvr": 1, "HasSig": false, "Icao": "A4000F", "Bad": false, "Reg": "N357NW", "FSeen": "/Date(1544403480483)/", "TSecs": 7088, "CMsgs": 3386, "Alt": 3725, "GAlt": 3894, "InHg": 30.088583, "AltT": 0, "TAlt": 4000, "Call": "DAL2370", "Lat": 40.657097, "Long": -73.99929, "PosTime": 1544410568502, "Mlat": false, "Tisb": false, "Spd": 265.0, "Trak": 38.1, "TrkH": false, "TTrk": 0.0, "Type": "A320", "Mdl": "1998 AIRBUS INDUSTRIE A320-212", "Man": "Airbus", "CNum": "830", "From": "KLGA La Guardia, New York, United States", "To": "KPBI Palm Beach, West Palm Beach, United States", "Op": "Delta Air Lines", "OpIcao": "DAL", "Sqk": "0547", "Help": false, "Vsi": 0, "VsiT": 1, "Dst": 18.46, "Brng": 275.1, "WTC": 2, "Species": 1, "Engines": "2", "EngType": 3, "EngMount": 0, "Mil": false, "Cou": "United States", "HasPic": false, "Interested": false, "FlightsCount": 0, "Gnd": false, "SpdTyp": 0, "CallSus": false, "Trt": 5, "Year": "1998"}, {"Id": 10956578, "Rcvr": 1, "HasSig": false, "Icao": "A72F22", "Bad": false, "Reg": "N562JB", "FSeen": "/Date(1544403419152)/", "TSecs": 7150, "CMsgs": 2943, "Alt": 18300, "GAlt": 18619, "InHg": 30.2388229, "AltT": 0, "TAlt": 3008, "Call": "JBU1818", "Lat": 40.633186, "Long": -73.768875, "PosTime": 1544406818542, "Mlat": false, "PosStale": true, "Tisb": false, "Spd": 0.0, "Trak": 210.9, "TrkH": false, "TTrk": 0.0, "Type": "A320", "Mdl": "2003 AIRBUS A320-232", "Man": "Airbus", "CNum": "1948", "From": "TTPP Piarco, Port of Spain, Trinidad and Tobago", "To": "KJFK John F Kennedy, New York, United States", "Op": "JetBlue Airways", "OpIcao": "JBU", "Sqk": "2666", "Help": false, "Vsi": -640, "VsiT": 0, "Dst": 1.47, "Brng": 134.6, "WTC": 2, "Species": 1, "Engines": "2", "EngType": 3, "EngMount": 0, "Mil": false, "Cou": "United States", "HasPic": false, "Interested": false, "FlightsCount": 0, "Gnd": true, "SpdTyp": 0, "CallSus": false, "Trt": 5, "Year": "2003"}, {"Id": 11145558, "Rcvr": 1, "HasSig": true, "Sig": 190, "Icao": "AA1156", "Bad": false, "Reg": "N748MA", "FSeen": "/Date(1544403270569)/", "TSecs": 7298, "CMsgs": 3393, "Alt": 27000, "GAlt": 27290, "InHg": 30.2096462, "AltT": 0, "Call": "BSK628", "Lat": 40.655731, "Long": -73.536621, "PosTime": 1544410568503, "Mlat": false, "Tisb": false, "Spd": 465.1, "Trak": 91.0, "TrkH": false, "Type": "B738", "Mdl": "Boeing 737NG 8K5/W", "Man": "Boeing", "CNum": "39094", "Op": "Miami Air International", "OpIcao": "BSK", "Sqk": "5714", "Help": false, "Vsi": 64, "VsiT": 0, "Dst": 20.69, "Brng": 85.8, "WTC": 2, "Species": 1, "Engines": "2", "EngType": 3, "EngMount": 0, "Mil": false, "Cou": "United States", "HasPic": false, "Interested": false, "FlightsCount": 0, "Gnd": false, "SpdTyp": 0, "CallSus": false, "Trt": 2, "Year": "2011"}, {"Id": 10778883, "Rcvr": 1, "HasSig": false, "Icao": "A47903", "Bad": false, "Reg": "N388AA", "FSeen": "/Date(1544402805109)/", "TSecs": 7764, "CMsgs": 3752, "Alt": -200, "GAlt": 95, "InHg": 30.2151985, "AltT": 0, "TAlt": 4000, "Call": "AAL1142", "Lat": 40.644199, "Long": -73.760208, "PosTime": 1544410562914, "Mlat": false, "Tisb": false, "Spd": 131.0, "Trak": 300.7, "TrkH": false, "TTrk": 314.296875, "Type": "B763", "Mdl": "1995 BOEING 767-323", "Man": "Boeing", "CNum": "27448", "From": "KMIA Miami, United States", "To": "KMIA Miami, United States", "Stops": ["KPHL Philadelphia, United States"], "Op": "American Airlines", "OpIcao": "AAL", "Sqk": "6022", "Help": false, "Vsi": -704, "VsiT": 1, "Dst": 1.79, "Brng": 83.9, "WTC": 3, "Species": 1, "Engines": "2", "EngType": 3, "EngMount": 0, "Mil": false, "Cou": "United States", "HasPic": false, "Interested": false, "FlightsCount": 0, "Gnd": false, "SpdTyp": 0, "CallSus": false, "Trt": 5, "Year": "1995"}, {"Id": 10904121, "Rcvr": 1, "HasSig": true, "Sig": 199, "Icao": "A66239", "Bad": false, "Reg": "N510JB", "FSeen": "/Date(1544401590980)/", "TSecs": 8978, "CMsgs": 4307, "Alt": 27000, "GAlt": 27290, "InHg": 30.2096462, "AltT": 0, "Call": "JBU932", "Lat": 40.531544, "Long": -73.603217, "PosTime": 1544410567035, "Mlat": true, "Tisb": false, "Spd": 545.0, "Trak": 91.0, "TrkH": false, "Type": "A320", "Mdl": "2000 AIRBUS INDUSTRIE A320-232", "Man": "Airbus", "CNum": "1280", "From": "KHOU William P Hobby, Houston, United States", "To": "KBOS General Edward Lawrence Logan, Boston, United States", "Op": "JetBlue Airways", "OpIcao": "JBU", "Sqk": "4001", "Help": false, "Vsi": 64, "VsiT": 0, "Dst": 19.45, "Brng": 129.3, "WTC": 2, "Species": 1, "Engines": "2", "EngType": 3, "EngMount": 0, "Mil": false, "Cou": "United States", "HasPic": false, "Interested": false, "FlightsCount": 0, "Gnd": false, "SpdTyp": 0, "CallSus": true, "Trt": 2, "Year": "2000"}, {"Id": 11370390, "Rcvr": 1, "HasSig": false, "Icao": "AD7F96", "Bad": false, "Reg": "N969WN", "FSeen": "/Date(1544401508226)/", "TSecs": 9061, "CMsgs": 4113, "Alt": 2725, "GAlt": 2976, "InHg": 30.1712589, "AltT": 0, "Lat": 40.787162, "Long": -73.781433, "PosTime": 1544410567035, "Mlat": true, "Tisb": false, "Trak": 32.5, "TrkH": false, "Type": "B737", "Mdl": "2011 BOEING 737-7H4", "Man": "Boeing", "CNum": "41777", "Op": "Southwest Airlines", "OpIcao": "SWA", "Sqk": "2246", "Help": false, "VsiT": 0, "Dst": 16.09, "Brng": 360.0, "WTC": 2, "Species": 1, "Engines": "2", "EngType": 3, "EngMount": 0, "Mil": false, "Cou": "United States", "HasPic": false, "Interested": false, "FlightsCount": 0, "Gnd": false, "SpdTyp": 0, "CallSus": false, "Trt": 2, "Year": "2011"}, {"Id": 10553676, "Rcvr": 1, "HasSig": true, "Sig": 192, "Icao": "A1094C", "Bad": false, "Reg": "N166PQ", "FSeen": "/Date(1544400704990)/", "TSecs": 9864, "CMsgs": 5516, "Alt": 9850, "GAlt": 10140, "InHg": 30.2096462, "AltT": 0, "Lat": 40.485, "Long": -73.9301, "PosTime": 1544410568492, "Mlat": true, "Tisb": false, "Spd": 506.3, "Trak": 188.5, "TrkH": false, "Type": "CRJ9", "Mdl": "2008 BOMBARDIER INC CL-600-2D24", "Man": "Bombardier", "CNum": "15166", "Op": "DELTA AIR LINES INC DEPT 595 AIRCRAFT REGISTRATIONS    - ATLANTA, GA", "OpIcao": "EDV", "Sqk": "2315", "Help": false, "Vsi": 64, "VsiT": 1, "Dst": 21.56, "Brng": 215.7, "WTC": 2, "Species": 1, "Engines": "2", "EngType": 3, "EngMount": 1, "Mil": false, "Cou": "United States", "HasPic": false, "Interested": false, "FlightsCount": 0, "Gnd": false, "SpdTyp": 0, "CallSus": false, "Trt": 2, "Year": "2008"}, {"Id": 10768141, "Rcvr": 1, "HasSig": true, "Sig": 66, "Icao": "A44F0D", "Bad": false, "Reg": "N377NW", "FSeen": "/Date(1544400086759)/", "TSecs": 10482, "CMsgs": 5817, "Alt": 13800, "GAlt": 14095, "InHg": 30.2151985, "AltT": 0, "TAlt": 12992, "Call": "DAL1076", "Lat": 40.584045, "Long": -73.950806, "PosTime": 1544410567030, "Mlat": false, "Tisb": false, "Spd": 317.1, "Trak": 164.8, "TrkH": false, "TTrk": 180.0, "Type": "A320", "Mdl": "2003 AIRBUS A320-211", "Man": "Airbus", "CNum": "2082", "From": "KPDX Portland, United States", "To": "KATL Hartsfield Jackson Atlanta, United States", "Op": "Delta Air Lines", "OpIcao": "DAL", "Sqk": "7450", "Help": false, "Vsi": -1024, "VsiT": 1, "Dst": 15.72, "Brng": 245.6, "WTC": 2, "Species": 1, "Engines": "2", "EngType": 3, "EngMount": 0, "Mil": false, "Cou": "United States", "HasPic": false, "Interested": false, "FlightsCount": 0, "Gnd": false, "SpdTyp": 0, "CallSus": false, "Trt": 5, "Year": "2003"}, {"Id": 10957529, "Rcvr": 1, "HasSig": true, "Sig": 151, "Icao": "A732D9", "Bad": false, "Reg": "N563JB", "FSeen": "/Date(1544399788502)/", "TSecs": 10780, "CMsgs": 4593, "Alt": 5739, "GAlt": 6058, "InHg": 30.2388229, "AltT": 0, "TAlt": 2016, "Call": "JBU135", "Lat": 40.629398, "Long": -73.769943, "PosTime": 1544405433414, "Mlat": false, "PosStale": true, "Tisb": false, "Spd": 0.0, "Trak": 239.1, "TrkH": false, "TTrk": 279.84375, "Type": "A320", "Mdl": "2003 AIRBUS A320-232", "Man": "Airbus", "CNum": "2006", "From": "KJFK John F Kennedy, New York, United States", "To": "KRSW Southwest Florida, Fort Myers, United States", "Op": "JetBlue Airways", "OpIcao": "JBU", "Sqk": "7165", "Help": false, "Vsi": -576, "VsiT": 0, "Dst": 1.74, "Brng": 146.7, "WTC": 2, "Species": 1, "Engines": "2", "EngType": 3, "EngMount": 0, "Mil": false, "Cou": "United States", "HasPic": false, "Interested": false, "FlightsCount": 0, "Gnd": true, "SpdTyp": 0, "CallSus": false, "Trt": 5, "Year": "2003"}, {"Id": 11298461, "Rcvr": 1, "HasSig": false, "Icao": "AC669D", "Bad": false, "Reg": "N89888", "FSeen": "/Date(1544397785319)/", "TSecs": 12784, "CMsgs": 5513, "Alt": -225, "GAlt": 56, "InHg": 30.2007866, "AltT": 0, "Call": "N89888", "Lat": 40.854023, "Long": -74.055542, "PosTime": 1544410553073, "Mlat": false, "Tisb": false, "Spd": 0.0, "Trak": 137.8, "TrkH": false, "Type": "GLF4", "Mdl": "1997 GULFSTREAM AEROSPACE G-IV", "Man": "Gulfstream Aerospace", "CNum": "1306", "Op": "BANK OF UTAH TRUSTEE     - SALT LAKE CITY, UT", "Sqk": "5655", "Help": false, "Vsi": -768, "VsiT": 0, "Dst": 32.97, "Brng": 315.6, "WTC": 2, "Species": 1, "Engines": "2", "EngType": 3, "EngMount": 1, "Mil": false, "Cou": "United States", "HasPic": false, "Interested": false, "FlightsCount": 0, "Gnd": true, "SpdTyp": 0, "CallSus": false, "Trt": 4, "Year": "1997"}, {"Id": 11024776, "Rcvr": 1, "HasSig": false, "Icao": "A83988", "Bad": false, "Reg": "N629VA", "FSeen": "/Date(1544393770806)/", "TSecs": 16798, "CMsgs": 8822, "Alt": -225, "GAlt": 56, "InHg": 30.2007866, "AltT": 0, "TAlt": 12992, "Call": "ASA1166", "Lat": 40.698624, "Long": -74.160889, "PosTime": 1544410568491, "Mlat": false, "Tisb": false, "Spd": 131.0, "Trak": 205.6, "TrkH": false, "Type": "A320", "Mdl": "2007 AIRBUS A320-214", "Man": "Airbus", "CNum": "3037", "Op": "Virgin America", "OpIcao": "ASA", "Sqk": "1051", "Help": false, "Vsi": -576, "VsiT": 1, "Dst": 32.62, "Brng": 281.2, "WTC": 2, "Species": 1, "Engines": "2", "EngType": 3, "EngMount": 0, "Mil": false, "Cou": "United States", "HasPic": false, "Interested": false, "FlightsCount": 0, "Gnd": false, "SpdTyp": 0, "CallSus": false, "Trt": 5, "Year": "2007"}, {"Id": 11103138, "Rcvr": 1, "HasSig": true, "Sig": 131, "Icao": "A96BA2", "Bad": false, "Reg": "N706JB", "FSeen": "/Date(1544393442573)/", "TSecs": 17126, "CMsgs": 4917, "Alt": -225, "GAlt": 117, "InHg": 30.26245, "AltT": 0, "TAlt": 4000, "Call": "JBU2989", "Lat": 40.651291, "Long": -73.775894, "PosTime": 1544395940505, "Mlat": false, "PosStale": true, "Tisb": false, "Spd": 1.3, "Trak": 210.9, "TrkH": false, "TTrk": 0.0, "Type": "A320", "Mdl": "2008 AIRBUS A320-232", "Man": "Airbus", "CNum": "3451", "From": "KBOS General Edward Lawrence Logan, Boston, United States", "To": "KDCA Ronald Reagan Washington National, United States", "Op": "JetBlue Airways", "OpIcao": "JBU", "Sqk": "3056", "Help": false, "Vsi": -960, "VsiT": 0, "Dst": 1.08, "Brng": 24.9, "WTC": 2, "Species": 1, "Engines": "2", "EngType": 3, "EngMount": 0, "Mil": false, "Cou": "United States", "HasPic": false, "Interested": false, "FlightsCount": 0, "Gnd": true, "SpdTyp": 0, "CallSus": false, "Trt": 5, "Year": "2008"}, {"Id": 11038341, "Rcvr": 1, "HasSig": true, "Sig": 56, "Icao": "A86E85", "Bad": false, "Reg": "N642VA", "FSeen": "/Date(1544393439993)/", "TSecs": 17129, "CMsgs": 9025, "Alt": 4000, "GAlt": 4290, "InHg": 30.2096462, "AltT": 0, "Call": "ASA1412", "Lat": 40.391418, "Long": -73.6073, "PosTime": 1544410568491, "Mlat": false, "Tisb": false, "Spd": 258.3, "Trak": 38.6, "TrkH": false, "Type": "A320", "Mdl": "2008 AIRBUS A320-214", "Man": "Airbus", "CNum": "3670", "Op": "Virgin America", "OpIcao": "ASA", "Sqk": "7254", "Help": false, "Vsi": -896, "VsiT": 0, "Dst": 31.55, "Brng": 152.2, "WTC": 2, "Species": 1, "Engines": "2", "EngType": 3, "EngMount": 0, "Mil": false, "Cou": "United States", "HasPic": false, "Interested": false, "FlightsCount": 0, "Gnd": false, "SpdTyp": 0, "CallSus": false, "Trt": 2, "Year": "2008"}, {"Id": 11370095, "Rcvr": 1, "HasSig": true, "Sig": 100, "Icao": "AD7E6F", "Bad": false, "Reg": "N969JT", "FSeen": "/Date(1544391134830)/", "TSecs": 19434, "CMsgs": 9138, "Alt": 2725, "GAlt": 3020, "InHg": 30.2151985, "AltT": 0, "TAlt": 3008, "Call": "JBU516", "Lat": 40.49881, "Long": -73.565857, "PosTime": 1544410568492, "Mlat": false, "Tisb": false, "Spd": 222.1, "Trak": 1.8, "TrkH": false, "TTrk": 9.84375, "Type": "A321", "Mdl": "Airbus A321 231SL", "Man": "Airbus", "CNum": "7353", "From": "KSFO San Francisco, United States", "To": "KJFK John F Kennedy, New York, United States", "Op": "JetBlue Airways", "OpIcao": "JBU", "Sqk": "1341", "Help": false, "Vsi": 64, "VsiT": 1, "Dst": 24.21, "Brng": 131.2, "WTC": 2, "Species": 1, "Engines": "2", "EngType": 3, "EngMount": 0, "Mil": false, "Cou": "United States", "HasPic": false, "Interested": false, "FlightsCount": 0, "Gnd": false, "SpdTyp": 0, "CallSus": false, "Trt": 5, "Year": "2016"}, {"Id": 11363438, "Rcvr": 1, "HasSig": true, "Sig": 138, "Icao": "AD646E", "Bad": false, "Reg": "N962JT", "FSeen": "/Date(1544389404867)/", "TSecs": 21164, "CMsgs": 9449, "Alt": -225, "GAlt": 85, "InHg": 30.2303143, "AltT": 0, "TAlt": 4000, "Call": "JBU190", "Lat": 40.642769, "Long": -73.771088, "PosTime": 1544407306985, "Mlat": false, "PosStale": true, "Tisb": false, "Spd": 0.0, "Trak": 199.7, "TrkH": false, "TTrk": 250.0, "Type": "A321", "Mdl": "Airbus A321 231SL", "Man": "Airbus", "CNum": "6988", "From": "KSAN San Diego, United States", "To": "KJFK John F Kennedy, New York, United States", "Op": "JetBlue Airways", "OpIcao": "JBU", "Sqk": "2000", "Help": false, "Vsi": -1280, "VsiT": 0, "Dst": 0.86, "Brng": 87.9, "WTC": 2, "Species": 1, "Engines": "2", "EngType": 3, "EngMount": 0, "Mil": false, "Cou": "United States", "HasPic": false, "Interested": false, "FlightsCount": 0, "Gnd": true, "SpdTyp": 0, "CallSus": false, "Trt": 4, "Year": "2016"}, {"Id": 11039969, "Rcvr": 1, "HasSig": true, "Sig": 187, "Icao": "A874E1", "Bad": false, "Reg": "N644JB", "FSeen": "/Date(1544388010022)/", "TSecs": 22559, "CMsgs": 10611, "Alt": -250, "GAlt": 69, "InHg": 30.2388229, "AltT": 0, "TAlt": 3008, "Call": "JBU745", "Lat": 40.63262, "Long": -73.767653, "PosTime": 1544406725492, "Mlat": false, "PosStale": true, "Tisb": false, "Spd": 0.0, "Trak": 188.4, "TrkH": false, "TTrk": 0.0, "Type": "A320", "Mdl": "2006 AIRBUS A320-232", "Man": "Airbus", "CNum": "2880", "From": "KMCO Orlando, United States", "To": "TJSJ Luis Munoz Marin, San Juan, Puerto Rico", "Op": "JetBlue Airways", "OpIcao": "JBU", "Sqk": "2000", "Help": false, "Vsi": -128, "VsiT": 0, "Dst": 1.59, "Brng": 133.6, "WTC": 2, "Species": 1, "Engines": "2", "EngType": 3, "EngMount": 0, "Mil": false, "Cou": "United States", "HasPic": false, "Interested": false, "FlightsCount": 0, "Gnd": true, "SpdTyp": 0, "CallSus": false, "Trt": 5, "Year": "2006"}, {"Id": 11314083, "Rcvr": 1, "HasSig": false, "Icao": "ACA3A3", "Bad": false, "Reg": "N913US", "FSeen": "/Date(1544379853860)/", "TSecs": 30715, "CMsgs": 9719, "Alt": 21000, "GAlt": 21012, "InHg": 29.93171, "AltT": 0, "TAlt": 20992, "Call": "AAL1874", "Lat": 40.79393, "Long": -73.52655, "PosTime": 1544410568518, "Mlat": false, "Tisb": false, "Spd": 428.0, "Trak": 45.0, "TrkH": false, "TTrk": 229.921875, "Type": "A321", "Mdl": "2014 AIRBUS A321-231", "Man": "Airbus", "CNum": "6255", "From": "KPHL Philadelphia, United States", "To": "KBOS General Edward Lawrence Logan, Boston, United States", "Op": "American Airlines", "OpIcao": "AAL", "Sqk": "3341", "Help": false, "Vsi": 0, "VsiT": 1, "Dst": 27.28, "Brng": 51.8, "WTC": 2, "Species": 1, "Engines": "2", "EngType": 3, "EngMount": 0, "Mil": false, "Cou": "United States", "HasPic": false, "Interested": false, "FlightsCount": 0, "Gnd": false, "SpdTyp": 0, "CallSus": false, "Trt": 5, "Year": "2014"}], "totalAc": 4972, "lastDv": "636797919010616949", "shtTrlSec": 65, "stm": 1544410569444}