{"src": 1, "feeds": [{"id": 1, "name": "From Cons", "polarPlot": false}], "srcFeed": 1, "showSil": true, "showFlg": true, "showPic": true, "flgH": 20, "flgW": 85, "acList": [{"Id": 11267611, "Rcvr": 1, "HasSig": true, "Sig": 37, "Icao": "ABEE1B", "Bad": false, "Reg": "N868RW", "FSeen": "/Date(1544408866822)/", "TSecs": 77, "CMsgs": 44, "Alt": 2450, "GAlt": 2740, "InHg": 30.2096462, "AltT": 0, "Call": "RPA6073", "Lat": 40.8291, "Long": -73.9228, "PosTime": 1544408944633, "Mlat": true, "Tisb": false, "Trak": 335.0, "TrkH": false, "Type": "E170", "Mdl": "2006 EMBRAER ERJ 170-100SU", "Man": "Embraer", "CNum": "17000131", "Op": "SHUTTLE AMERICA CORP     - INDIANAPOLIS, IN", "OpIcao": "RPA", "Sqk": "1647", "Help": false, "VsiT": 0, "Dst": 23.93, "Brng": 330.2, "WTC": 2, "Species": 1, "Engines": "2", "EngType": 3, "EngMount": 0, "Mil": false, "Cou": "United States", "HasPic": false, "Interested": false, "FlightsCount": 0, "Gnd": false, "SpdTyp": 0, "CallSus": true, "Trt": 2, "Year": "2006"}, {"Id": 11002442, "Rcvr": 1, "HasSig": true, "Sig": 198, "Icao": "A7E24A", "Bad": false, "Reg": "N607LR", "FSeen": "/Date(1544408705416)/", "TSecs": 239, "CMsgs": 142, "Alt": 10650, "GAlt": 10960, "InHg": 30.2303143, "AltT": 0, "Lat": 40.683909, "Long": -73.611145, "PosTime": 1544408938379, "Mlat": true, "Tisb": false, "Trak": 45.3, "TrkH": false, "Type": "CRJ9", "Mdl": "2008 BOMBARDIER INC CL-600-2D24", "Man": "Bombardier", "CNum": "15178", "Op": "DELTA AIR LINES INC     - ATLANTA, GA", "OpIcao": "EDV", "Sqk": "1763", "Help": false, "VsiT": 0, "Dst": 15.07, "Brng": 72.1, "WTC": 2, "Species": 1, "Engines": "2", "EngType": 3, "EngMount": 1, "Mil": false, "Cou": "United States", "HasPic": false, "Interested": false, "FlightsCount": 0, "Gnd": false, "SpdTyp": 0, "CallSus": false, "Trt": 2, "Year": "2008"}, {"Id": 11207779, "Rcvr": 1, "HasSig": true, "Sig": 134, "Icao": "AB0463", "Bad": false, "Reg": "N809MD", "FSeen": "/Date(1544408532072)/", "TSecs": 412, "CMsgs": 234, "Alt": 11725, "GAlt": 12020, "InHg": 30.2151985, "AltT": 0, "TAlt": 16224, "Call": "RPA5877", "Lat": 40.696199, "Long": -74.143857, "PosTime": 1544408918846, "Mlat": false, "Tisb": false, "Spd": 349.4, "Trak": 186.7, "TrkH": false, "Type": "E170", "Mdl": "2004 EMBRAER ERJ 170-100SU", "Man": "Embraer", "CNum": "17000022", "Op": "REPUBLIC AIRLINE INC     - INDIANAPOLIS, IN", "OpIcao": "RPA", "Sqk": "3067", "Help": false, "Vsi": -64, "VsiT": 1, "Dst": 31.16, "Brng": 281.2, "WTC": 2, "Species": 1, "Engines": "2", "EngType": 3, "EngMount": 0, "Mil": false, "Cou": "United States", "HasPic": false, "Interested": false, "FlightsCount": 0, "Gnd": false, "SpdTyp": 0, "CallSus": false, "Trt": 5, "Year": "2004"}, {"Id": 4196017, "Rcvr": 1, "HasSig": false, "Icao": "4006B1", "Bad": false, "Reg": "G-BYGA", "FSeen": "/Date(1544408512109)/", "TSecs": 432, "CMsgs": 62, "Alt": 2525, "GAlt": 2835, "InHg": 30.2303143, "AltT": 0, "Call": "BAW172", "Lat": 40.55809, "Long": -73.772461, "PosTime": 1544408944633, "Mlat": false, "Tisb": false, "Spd": 265.0, "Trak": 108.0, "TrkH": false, "Type": "B744", "Mdl": "Boeing 747 436", "Man": "Boeing", "CNum": "28855", "From": "KJFK John F Kennedy, New York, United States", "To": "EGLL London Heathrow, United Kingdom", "Op": "British Airways", "OpIcao": "BAW", "Sqk": "3006", "Help": false, "Vsi": 2496, "VsiT": 0, "Dst": 9.41, "Brng": 175.5, "WTC": 3, "Species": 1, "Engines": "4", "EngType": 3, "EngMount": 0, "Mil": false, "Cou": "United Kingdom", "HasPic": false, "Interested": false, "FlightsCount": 0, "Gnd": false, "SpdTyp": 0, "CallSus": false, "Trt": 2, "Year": "1998"}, {"Id": 5024306, "Rcvr": 1, "HasSig": true, "Sig": 131, "Icao": "4CAA32", "Bad": false, "Reg": "EI-EJM", "FSeen": "/Date(1544408453578)/", "TSecs": 491, "CMsgs": 130, "Alt": 6375, "GAlt": 6685, "InHg": 30.2303143, "AltT": 0, "TAlt": 23000, "Call": "AZA605", "Lat": 40.512772, "Long": -73.656616, "PosTime": 1544408944632, "Mlat": false, "Tisb": false, "Spd": 281.8, "Trak": 120.0, "TrkH": false, "TTrk": 214.0, "Type": "A332", "Mdl": "Airbus A330 202", "Man": "Airbus", "CNum": "1308", "From": "KJFK John F Kennedy, New York, United States", "To": "LIMC Malpensa, Milan, Italy", "Op": "Alitalia", "OpIcao": "AZA", "Sqk": "1744", "Help": false, "Vsi": 2624, "VsiT": 0, "Dst": 17.86, "Brng": 143.8, "WTC": 3, "Species": 1, "Engines": "2", "EngType": 3, "EngMount": 0, "Mil": false, "Cou": "Ireland", "HasPic": false, "Interested": false, "FlightsCount": 0, "Gnd": false, "SpdTyp": 0, "CallSus": false, "Trt": 4, "Year": "2012"}, {"Id": 10790179, "Rcvr": 1, "HasSig": false, "Icao": "A4A523", "Bad": false, "Reg": "N399KK", "FSeen": "/Date(1544408081446)/", "TSecs": 863, "CMsgs": 385, "Alt": -225, "GAlt": 65, "InHg": 30.2096462, "AltT": 0, "Call": "N399KK", "Lat": 40.754574, "Long": -74.007416, "PosTime": 1544408913586, "Mlat": false, "Tisb": false, "Spd": 0.0, "Trak": 120.9, "TrkH": false, "Type": "S76", "Mdl": "2003 SIKORSKY S-76C", "Man": "Sikorsky", "CNum": "760550", "Op": "CITIFLIGHT INC     - WHITE PLAINS, NY", "Sqk": "1200", "Help": false, "Vsi": 64, "VsiT": 0, "Dst": 22.78, "Brng": 303.2, "WTC": 1, "Species": 4, "Engines": "2", "EngType": 2, "EngMount": 0, "Mil": false, "Cou": "United States", "HasPic": false, "Interested": false, "FlightsCount": 0, "Gnd": true, "SpdTyp": 0, "CallSus": false, "Trt": 5, "Year": "2003"}, {"Id": 11199915, "Rcvr": 1, "HasSig": false, "Icao": "AAE5AB", "Bad": false, "Reg": "N801AY", "FSeen": "/Date(1544407987892)/", "TSecs": 956, "CMsgs": 456, "Alt": 19300, "GAlt": 19610, "InHg": 30.2303143, "AltT": 0, "Lat": 40.530212, "Long": -73.750122, "PosTime": 1544408347613, "Mlat": false, "PosStale": true, "Tisb": false, "Spd": 1100.8, "Trak": 72.9, "TrkH": false, "Type": "CRJ2", "Mdl": "2004 BOMBARDIER INC CL-600-2B19", "Man": "Bombardier", "CNum": "8001", "Op": "WELLS FARGO BANK NORTHWEST NA TRUSTEE     - SALT LAKE CITY, UT", "OpIcao": "EDV", "Sqk": "1125", "Help": false, "Vsi": 2432, "VsiT": 0, "Dst": 12.76, "Brng": 168.1, "WTC": 2, "Species": 1, "Engines": "2", "EngType": 3, "EngMount": 1, "Mil": false, "Cou": "United States", "HasPic": false, "Interested": false, "FlightsCount": 0, "Gnd": true, "SpdTyp": 0, "CallSus": false, "Trt": 2, "Year": "2004"}, {"Id": 10549353, "Rcvr": 1, "HasSig": true, "Sig": 99, "Icao": "A0F869", "Bad": false, "FSeen": "/Date(1544407520220)/", "TSecs": 1424, "CMsgs": 498, "Alt": 12325, "GAlt": 12759, "InHg": 30.35433, "AltT": 0, "TAlt": 16992, "Call": "UCA4935", "Lat": 40.898254, "Long": -73.733337, "PosTime": 1544408944622, "Mlat": false, "Tisb": false, "Spd": 349.5, "Trak": 49.1, "TrkH": false, "Sqk": "2601", "Help": false, "Vsi": 1728, "VsiT": 0, "Dst": 28.73, "Brng": 8.1, "WTC": 0, "Species": 0, "EngType": 0, "EngMount": 0, "Mil": false, "Cou": "United States", "HasPic": false, "Interested": false, "FlightsCount": 0, "Gnd": false, "SpdTyp": 0, "CallSus": false, "Trt": 2}, {"Id": 12585852, "Rcvr": 1, "HasSig": true, "Sig": 118, "Icao": "C00B7C", "Bad": false, "Reg": "C-FEJB", "FSeen": "/Date(1544406015289)/", "TSecs": 2929, "CMsgs": 1433, "Alt": 2825, "GAlt": 3076, "InHg": 30.1712589, "AltT": 0, "Call": "SKV7642", "Lat": 40.9192, "Long": -73.7588, "PosTime": 1544408939606, "Mlat": true, "Tisb": false, "Spd": 167.3, "Trak": 214.6, "TrkH": false, "Type": "E170", "Mdl": "Embraer EMB-175 SU", "Man": "Embraer", "CNum": "17000086", "From": "CYUL Montreal / Pierre Elliott Trudeau, Montr\u00e9al, Canada", "To": "KLGA La Guardia, New York, United States", "Op": "Air Canada Express", "OpIcao": "SKV", "Sqk": "6565", "Help": false, "Vsi": -768, "VsiT": 1, "Dst": 30.83, "Brng": 3.5, "WTC": 2, "Species": 1, "Engines": "2", "EngType": 3, "EngMount": 0, "Mil": false, "Cou": "Canada", "HasPic": false, "Interested": false, "FlightsCount": 0, "Gnd": false, "SpdTyp": 0, "CallSus": true, "Trt": 2, "Year": "2005"}, {"Id": 10956578, "Rcvr": 1, "HasSig": false, "Icao": "A72F22", "Bad": false, "Reg": "N562JB", "FSeen": "/Date(1544403419152)/", "TSecs": 5525, "CMsgs": 2620, "Alt": -250, "GAlt": 69, "InHg": 30.2388229, "AltT": 0, "TAlt": 3008, "Call": "JBU1818", "Lat": 40.633186, "Long": -73.768875, "PosTime": 1544406818542, "Mlat": false, "PosStale": true, "Tisb": false, "Spd": 0.0, "Trak": 210.9, "TrkH": false, "TTrk": 0.0, "Type": "A320", "Mdl": "2003 AIRBUS A320-232", "Man": "Airbus", "CNum": "1948", "From": "TTPP Piarco, Port of Spain, Trinidad and Tobago", "To": "KJFK John F Kennedy, New York, United States", "Op": "JetBlue Airways", "OpIcao": "JBU", "Sqk": "2666", "Help": false, "Vsi": -640, "VsiT": 0, "Dst": 1.47, "Brng": 134.6, "WTC": 2, "Species": 1, "Engines": "2", "EngType": 3, "EngMount": 0, "Mil": false, "Cou": "United States", "HasPic": false, "Interested": false, "FlightsCount": 0, "Gnd": true, "SpdTyp": 0, "CallSus": false, "Trt": 5, "Year": "2003"}, {"Id": 11313199, "Rcvr": 1, "HasSig": true, "Sig": 13, "Icao": "ACA02F", "Bad": false, "Reg": "N912XJ", "FSeen": "/Date(1544403379474)/", "TSecs": 5565, "CMsgs": 3069, "Alt": 3750, "GAlt": 4022, "InHg": 30.191576, "AltT": 0, "TAlt": 4000, "Call": "EDV5149", "Lat": 40.726039, "Long": -73.888675, "PosTime": 1544408932810, "Mlat": false, "Tisb": false, "Spd": 266.0, "Trak": 59.0, "TrkH": false, "TTrk": 70.3125, "Type": "CRJ9", "Mdl": "2007 BOMBARDIER INC CL-600-2D24", "Man": "Bombardier", "CNum": "15144", "Op": "DELTA AIR LINES INC     - ATLANTA, GA", "OpIcao": "EDV", "Sqk": "1007", "Help": false, "Vsi": 64, "VsiT": 0, "Dst": 12.97, "Brng": 315.8, "WTC": 2, "Species": 1, "Engines": "2", "EngType": 3, "EngMount": 1, "Mil": false, "Cou": "United States", "HasPic": false, "Interested": false, "FlightsCount": 0, "Gnd": false, "SpdTyp": 0, "CallSus": false, "Trt": 5, "Year": "2007"}, {"Id": 11346322, "Rcvr": 1, "HasSig": false, "Icao": "AD2192", "Bad": false, "Reg": "N945UW", "FSeen": "/Date(1544403289481)/", "TSecs": 5655, "CMsgs": 3157, "Alt": 725, "GAlt": 864, "InHg": 30.0590553, "AltT": 0, "Call": "C31662", "Lat": 40.827616, "Long": -73.835616, "PosTime": 1544408943100, "Mlat": true, "Tisb": false, "Spd": 484.4, "Trak": 37.7, "TrkH": false, "Type": "E190", "Mdl": " EMBRAER ERJ 190-100 IGW", "Man": "Embraer", "CNum": "19000062", "Op": "US AIRWAYS INC     - FORT WORTH, TX", "OpIcao": "AAL", "Sqk": "7227", "Help": false, "Vsi": 64, "VsiT": 1, "Dst": 21.09, "Brng": 347.5, "WTC": 2, "Species": 1, "Engines": "2", "EngType": 3, "EngMount": 0, "Mil": false, "Cou": "United States", "HasPic": false, "Interested": false, "FlightsCount": 0, "Gnd": false, "SpdTyp": 0, "CallSus": false, "Trt": 2}, {"Id": 11231489, "Rcvr": 1, "HasSig": false, "Icao": "AB6101", "Bad": false, "Reg": "N832NN", "FSeen": "/Date(1544403278994)/", "TSecs": 5665, "CMsgs": 3214, "Alt": 3550, "GAlt": 3840, "InHg": 30.2096462, "AltT": 0, "Call": "AAL294", "Lat": 40.823566, "Long": -73.754593, "PosTime": 1544408944588, "Mlat": false, "Tisb": false, "Spd": 187.0, "Trak": 31.5, "TrkH": false, "Type": "B738", "Mdl": "2010 BOEING 737-823", "Man": "Boeing", "CNum": "33521", "From": "KDFW Dallas Fort Worth, Dallas-Fort Worth, United States", "To": "KLGA La Guardia, New York, United States", "Op": "American Airlines", "OpIcao": "AAL", "Sqk": "7262", "Help": false, "Vsi": -1216, "VsiT": 0, "Dst": 20.26, "Brng": 6.4, "WTC": 2, "Species": 1, "Engines": "2", "EngType": 3, "EngMount": 0, "Mil": false, "Cou": "United States", "HasPic": false, "Interested": false, "FlightsCount": 0, "Gnd": false, "SpdTyp": 0, "CallSus": false, "Trt": 2, "Year": "2010"}, {"Id": 11357226, "Rcvr": 1, "HasSig": false, "Icao": "AD4C2A", "Bad": false, "Reg": "N956NN", "FSeen": "/Date(1544403102529)/", "TSecs": 5842, "CMsgs": 3287, "Alt": -225, "GAlt": 65, "InHg": 30.2096462, "AltT": 0, "Call": "AAL295", "Lat": 40.784695, "Long": -73.871262, "PosTime": 1544408944587, "Mlat": false, "Tisb": false, "Spd": 137.0, "Trak": 212.2, "TrkH": false, "Type": "B738", "Mdl": "2014 BOEING 737-823", "Man": "Boeing", "CNum": "31200", "From": "KMIA Miami, United States", "To": "KLAX Los Angeles, United States", "Op": "American Airlines", "OpIcao": "AAL", "Sqk": "1300", "Help": false, "Vsi": -512, "VsiT": 0, "Dst": 17.54, "Brng": 334.4, "WTC": 2, "Species": 1, "Engines": "2", "EngType": 3, "EngMount": 0, "Mil": false, "Cou": "United States", "HasPic": false, "Interested": false, "FlightsCount": 0, "Gnd": false, "SpdTyp": 0, "CallSus": false, "Trt": 2, "Year": "2014"}, {"Id": 10660826, "Rcvr": 1, "HasSig": false, "Icao": "A2ABDA", "Bad": false, "Reg": "N271SY", "FSeen": "/Date(1544403002130)/", "TSecs": 5942, "CMsgs": 3326, "Alt": 2725, "GAlt": 3020, "InHg": 30.2151985, "AltT": 0, "TAlt": 3008, "Call": "SKW3792", "Lat": 40.569946, "Long": -73.597351, "PosTime": 1544408944587, "Mlat": false, "Tisb": false, "Spd": 167.0, "Trak": 300.8, "TrkH": false, "Type": "E75L", "Mdl": "Embraer EMB-175 LL", "Man": "Embraer", "CNum": "17000729", "Op": "Delta Connection", "OpIcao": "SKW", "Sqk": "6526", "Help": false, "Vsi": -64, "VsiT": 1, "Dst": 17.5, "Brng": 117.4, "WTC": 2, "Species": 1, "Engines": "2", "EngType": 3, "EngMount": 0, "Mil": false, "Cou": "United States", "HasPic": false, "Interested": false, "FlightsCount": 0, "Gnd": false, "SpdTyp": 0, "CallSus": false, "Trt": 5, "Year": "2018"}, {"Id": 11211993, "Rcvr": 1, "HasSig": true, "Sig": 115, "Icao": "AB14D9", "Bad": false, "Reg": "N813DN", "FSeen": "/Date(1544402840513)/", "TSecs": 6104, "CMsgs": 3329, "Alt": -250, "GAlt": 60, "InHg": 30.2303143, "AltT": 0, "Call": "DAL214", "Lat": 40.629478, "Long": -73.77005, "PosTime": 1544408934230, "Mlat": false, "Tisb": false, "Spd": 19.0, "Trak": 300.9, "TrkH": false, "Type": "B739", "Mdl": "2014 BOEING 737-932ER", "Man": "Boeing", "CNum": "31925", "From": "LGAV Eleftherios Venizelos, Athens, Greece", "To": "KJFK John F Kennedy, New York, United States", "Op": "Delta Air Lines", "OpIcao": "DAL", "Sqk": "7154", "Help": false, "Vsi": -128, "VsiT": 0, "Dst": 1.73, "Brng": 146.8, "WTC": 2, "Species": 1, "Engines": "2", "EngType": 3, "EngMount": 0, "Mil": false, "Cou": "United States", "HasPic": false, "Interested": false, "FlightsCount": 0, "Gnd": true, "SpdTyp": 0, "CallSus": false, "Trt": 2, "Year": "2014"}, {"Id": 10620161, "Rcvr": 1, "HasSig": true, "Sig": 52, "Icao": "A20D01", "Bad": false, "Reg": "N231JB", "FSeen": "/Date(1544402245112)/", "TSecs": 6699, "CMsgs": 3643, "Alt": -250, "GAlt": 45, "InHg": 30.2151985, "AltT": 0, "TAlt": 3008, "Call": "JBU1106", "Lat": 40.629501, "Long": -73.770025, "PosTime": 1544408848219, "Mlat": false, "Tisb": false, "Spd": 19.0, "Trak": 284.1, "TrkH": false, "Type": "E190", "Mdl": "2006 EMBRAER ERJ 190-100 IGW", "Man": "Embraer", "CNum": "19000033", "From": "KORD Chicago O'Hare, United States", "To": "KJFK John F Kennedy, New York, United States", "Op": "JetBlue Airways", "OpIcao": "JBU", "Sqk": "6206", "Help": false, "Vsi": 0, "VsiT": 0, "Dst": 1.73, "Brng": 146.7, "WTC": 2, "Species": 1, "Engines": "2", "EngType": 3, "EngMount": 0, "Mil": false, "Cou": "United States", "HasPic": false, "Interested": false, "FlightsCount": 0, "Gnd": true, "SpdTyp": 0, "CallSus": false, "Trt": 5, "Year": "2006"}, {"Id": 10726522, "Rcvr": 1, "HasSig": false, "Icao": "A3AC7A", "Bad": false, "Reg": "N336DX", "FSeen": "/Date(1544402107611)/", "TSecs": 6837, "CMsgs": 3716, "Alt": 1650, "GAlt": 1951, "InHg": 30.2214565, "AltT": 0, "TAlt": 10016, "Call": "DAL869", "Lat": 40.865185, "Long": -73.800781, "PosTime": 1544408944585, "Mlat": false, "Tisb": false, "Spd": 163.0, "Trak": 237.0, "TrkH": false, "TTrk": 70.3125, "Type": "A321", "Mdl": "Airbus A321 211SL", "Man": "Airbus", "CNum": "8063", "From": "KEWR Newark Liberty, United States", "To": "KDTW Detroit Metropolitan Wayne County, United States", "Op": "Delta Air Lines", "OpIcao": "DAL", "Sqk": "1701", "Help": false, "Vsi": -64, "VsiT": 1, "Dst": 24.82, "Brng": 356.2, "WTC": 2, "Species": 1, "Engines": "2", "EngType": 3, "EngMount": 0, "Mil": false, "Cou": "United States", "HasPic": false, "Interested": false, "FlightsCount": 0, "Gnd": false, "SpdTyp": 0, "CallSus": false, "Trt": 5, "Year": "2017"}, {"Id": 10988813, "Rcvr": 1, "HasSig": true, "Sig": 194, "Icao": "A7AD0D", "Bad": false, "Reg": "N594JB", "FSeen": "/Date(1544401689092)/", "TSecs": 7255, "CMsgs": 4001, "Alt": 27675, "GAlt": 27684, "InHg": 29.9291344, "AltT": 0, "TAlt": 27008, "Call": "JBU1070", "Lat": 40.757695, "Long": -73.53474, "PosTime": 1544408944585, "Mlat": false, "Tisb": false, "Spd": 535.7, "Trak": 35.0, "TrkH": false, "TTrk": 289.6875, "Type": "A320", "Mdl": "2004 AIRBUS A320-232", "Man": "Airbus", "CNum": "2284", "From": "KFLL Fort Lauderdale Hollywood, United States", "To": "KBOS General Edward Lawrence Logan, Boston, United States", "Op": "JetBlue Airways", "OpIcao": "JBU", "Sqk": "6067", "Help": false, "Vsi": -1792, "VsiT": 0, "Dst": 24.41, "Brng": 58.3, "WTC": 2, "Species": 1, "Engines": "2", "EngType": 3, "EngMount": 0, "Mil": false, "Cou": "United States", "HasPic": false, "Interested": false, "FlightsCount": 0, "Gnd": false, "SpdTyp": 0, "CallSus": false, "Trt": 5, "Year": "2004"}, {"Id": 10868080, "Rcvr": 1, "HasSig": false, "Icao": "A5D570", "Bad": false, "Reg": "N475UA", "FSeen": "/Date(1544401663265)/", "TSecs": 7281, "CMsgs": 3969, "Alt": -250, "GAlt": 51, "InHg": 30.2214565, "AltT": 0, "Call": "UAL1814", "Lat": 40.704765, "Long": -74.160149, "PosTime": 1544408870385, "Mlat": true, "Tisb": false, "Spd": 304.0, "Trak": 43.0, "TrkH": false, "Type": "A320", "Mdl": "2001 AIRBUS INDUSTRIE A320-232", "Man": "Airbus", "CNum": "1495", "From": "KIAH George Bush Intercontinental Houston, United States", "To": "KEWR Newark Liberty, United States", "Stops": ["KTPA Tampa, United States"], "Op": "United Airlines", "OpIcao": "UAL", "Sqk": "2332", "Help": false, "Vsi": -1100, "VsiT": 0, "Dst": 32.69, "Brng": 282.4, "WTC": 2, "Species": 1, "Engines": "2", "EngType": 3, "EngMount": 0, "Mil": false, "Cou": "United States", "HasPic": false, "Interested": false, "FlightsCount": 0, "Gnd": true, "SpdTyp": 0, "CallSus": true, "Trt": 2, "Year": "2001"}, {"Id": 11105991, "Rcvr": 1, "HasSig": true, "Sig": 187, "Icao": "A976C7", "Bad": false, "Reg": "N709JB", "FSeen": "/Date(1544401007406)/", "TSecs": 7937, "CMsgs": 3673, "Alt": -250, "GAlt": 60, "InHg": 30.2303143, "AltT": 0, "TAlt": 35008, "Call": "JBU1295", "Lat": 40.632591, "Long": -73.767609, "PosTime": 1544406220928, "Mlat": false, "PosStale": true, "Tisb": false, "Spd": 0.0, "Trak": 191.3, "TrkH": false, "TTrk": 0.0, "Type": "A320", "Mdl": "2008 AIRBUS A320-232", "Man": "Airbus", "CNum": "3488", "From": "KJFK John F Kennedy, New York, United States", "To": "KAUS Austin Bergstrom, United States", "Op": "JetBlue Airways", "OpIcao": "JBU", "Sqk": "1553", "Help": false, "Vsi": -128, "VsiT": 0, "Dst": 1.59, "Brng": 133.6, "WTC": 2, "Species": 1, "Engines": "2", "EngType": 3, "EngMount": 0, "Mil": false, "Cou": "United States", "HasPic": false, "Interested": false, "FlightsCount": 0, "Gnd": true, "SpdTyp": 0, "CallSus": false, "Trt": 5, "Year": "2008"}, {"Id": 10590792, "Rcvr": 1, "HasSig": true, "Sig": 56, "Icao": "A19A48", "Bad": false, "Reg": "N202JQ", "FSeen": "/Date(1544400770728)/", "TSecs": 8173, "CMsgs": 4259, "Alt": 3750, "GAlt": 4060, "InHg": 30.2303143, "AltT": 0, "Call": "RPA5995", "Lat": 40.651602, "Long": -74.012833, "PosTime": 1544408944585, "Mlat": true, "Tisb": false, "Spd": 473.9, "Trak": 133.4, "TrkH": false, "Type": "E75S", "Mdl": "2008 EMBRAER-EMPRESA BRASILEIRA DE ERJ 170-200 LR", "Man": "Embraer", "CNum": "17000240", "Op": "SHUTTLE AMERICA CORP     - INDIANAPOLIS, IN", "OpIcao": "RPA", "Sqk": "7141", "Help": false, "Vsi": 0, "VsiT": 0, "Dst": 19.56, "Brng": 273.0, "WTC": 2, "Species": 1, "Engines": "2", "EngType": 3, "EngMount": 0, "Mil": false, "Cou": "United States", "HasPic": false, "Interested": false, "FlightsCount": 0, "Gnd": false, "SpdTyp": 0, "CallSus": true, "Trt": 2, "Year": "2008"}, {"Id": 4804978, "Rcvr": 1, "HasSig": true, "Sig": 108, "Icao": "495172", "Bad": false, "Reg": "CS-TKR", "FSeen": "/Date(1544400431174)/", "TSecs": 8513, "CMsgs": 4677, "Alt": -225, "GAlt": 85, "InHg": 30.2303143, "AltT": 0, "Call": "LOT26", "Lat": 40.632545, "Long": -73.767471, "PosTime": 1544408920396, "Mlat": false, "Tisb": false, "Spd": 12.0, "Trak": 298.1, "TrkH": false, "Type": "B763", "Mdl": "Boeing 767 36NER", "Man": "Boeing", "CNum": "30854", "From": "EPWA Warsaw Chopin, Poland", "To": "KJFK John F Kennedy, New York, United States", "Op": "Air Niugini", "OpIcao": "ANG", "Sqk": "2504", "Help": false, "Vsi": -896, "VsiT": 0, "Dst": 1.61, "Brng": 133.5, "WTC": 3, "Species": 1, "Engines": "2", "EngType": 3, "EngMount": 0, "Mil": false, "Cou": "Portugal", "HasPic": false, "Interested": false, "FlightsCount": 0, "Gnd": true, "SpdTyp": 0, "CallSus": false, "Trt": 2, "Year": "2001"}, {"Id": 10925303, "Rcvr": 1, "HasSig": true, "Sig": 70, "Icao": "A6B4F7", "Bad": false, "Reg": "N531JL", "FSeen": "/Date(1544400039342)/", "TSecs": 8905, "CMsgs": 3887, "Alt": -250, "GAlt": 92, "InHg": 30.26245, "AltT": 0, "TAlt": 3008, "Call": "JBU429", "Lat": 40.632534, "Long": -73.767502, "PosTime": 1544403068414, "Mlat": false, "PosStale": true, "Tisb": false, "Spd": 13.5, "Trak": 210.9, "TrkH": false, "TTrk": 0.0, "Type": "A320", "Mdl": "2001 AIRBUS INDUSTRIE A320-232", "Man": "Airbus", "CNum": "1650", "From": "KBOS General Edward Lawrence Logan, Boston, United States", "To": "KSMF Sacramento, United States", "Op": "JetBlue Airways", "OpIcao": "JBU", "Sqk": "3337", "Help": false, "Vsi": -128, "VsiT": 0, "Dst": 1.61, "Brng": 133.6, "WTC": 2, "Species": 1, "Engines": "2", "EngType": 3, "EngMount": 0, "Mil": false, "Cou": "United States", "HasPic": false, "Interested": false, "FlightsCount": 0, "Gnd": true, "SpdTyp": 0, "CallSus": false, "Trt": 5, "Year": "2001"}, {"Id": 10957529, "Rcvr": 1, "HasSig": true, "Sig": 156, "Icao": "A732D9", "Bad": false, "Reg": "N563JB", "FSeen": "/Date(1544399788502)/", "TSecs": 9156, "CMsgs": 3949, "Alt": -250, "GAlt": 69, "InHg": 30.2388229, "AltT": 0, "TAlt": 2016, "Call": "JBU1042", "Lat": 40.629398, "Long": -73.769943, "PosTime": 1544405433414, "Mlat": false, "PosStale": true, "Tisb": false, "Spd": 0.0, "Trak": 239.1, "TrkH": false, "TTrk": 279.84375, "Type": "A320", "Mdl": "2003 AIRBUS A320-232", "Man": "Airbus", "CNum": "2006", "From": "KSAV Savannah Hilton Head, United States", "To": "KJFK John F Kennedy, New York, United States", "Op": "JetBlue Airways", "OpIcao": "JBU", "Sqk": "6017", "Help": false, "Vsi": -576, "VsiT": 0, "Dst": 1.74, "Brng": 146.7, "WTC": 2, "Species": 1, "Engines": "2", "EngType": 3, "EngMount": 0, "Mil": false, "Cou": "United States", "HasPic": false, "Interested": false, "FlightsCount": 0, "Gnd": true, "SpdTyp": 0, "CallSus": false, "Trt": 5, "Year": "2003"}, {"Id": 11121263, "Rcvr": 1, "HasSig": false, "Icao": "A9B26F", "Bad": false, "Reg": "N724AG", "FSeen": "/Date(1544397799339)/", "TSecs": 11145, "CMsgs": 4450, "Alt": 5750, "GAlt": 6040, "InHg": 30.2096462, "AltT": 0, "Call": "N724AG", "Lat": 40.825287, "Long": -73.79348, "PosTime": 1544408943116, "Mlat": false, "Tisb": false, "Spd": 274.0, "Trak": 164.8, "TrkH": false, "Type": "GLF6", "Mdl": "2001 GULFSTREAM AEROSPACE G-V", "Man": "Gulfstream Aerospace", "CNum": "656", "Op": "EDAN LIMITED LLC EDAN LIMITED II LLC    - MORRISTOWN, NJ", "Sqk": "1710", "Help": false, "Vsi": 256, "VsiT": 0, "Dst": 20.35, "Brng": 357.1, "WTC": 2, "Species": 1, "Engines": "2", "EngType": 3, "EngMount": 1, "Mil": false, "Cou": "United States", "HasPic": false, "Interested": false, "FlightsCount": 0, "Gnd": false, "SpdTyp": 0, "CallSus": false, "Trt": 4, "Year": "2001"}, {"Id": 10578165, "Rcvr": 1, "HasSig": true, "Sig": 37, "Icao": "A168F5", "Bad": false, "Reg": "N190JB", "FSeen": "/Date(1544397310048)/", "TSecs": 11634, "CMsgs": 4427, "Alt": 475, "GAlt": 785, "InHg": 30.2303143, "AltT": 0, "Call": "JBU1808", "Lat": 40.759277, "Long": -73.826065, "PosTime": 1544408916355, "Mlat": true, "Tisb": false, "Spd": 286.0, "Trak": 306.8, "TrkH": false, "Type": "E190", "Mdl": "2005 EMBRAER ERJ 190-100 IGW", "Man": "Embraer", "CNum": "19000011", "From": "KIAD Washington Dulles, United States", "To": "KJFK John F Kennedy, New York, United States", "Op": "JetBlue Airways", "OpIcao": "JBU", "Sqk": "2165", "Help": false, "Vsi": 16, "VsiT": 0, "Dst": 13.52, "Brng": 343.8, "WTC": 2, "Species": 1, "Engines": "2", "EngType": 3, "EngMount": 0, "Mil": false, "Cou": "United States", "HasPic": false, "Interested": false, "FlightsCount": 0, "Gnd": false, "SpdTyp": 0, "CallSus": true, "Trt": 2, "Year": "2005"}, {"Id": 10958480, "Rcvr": 1, "HasSig": true, "Sig": 167, "Icao": "A73690", "Bad": false, "Reg": "N564JB", "FSeen": "/Date(1544395614511)/", "TSecs": 13330, "CMsgs": 5257, "Alt": -250, "GAlt": 60, "InHg": 30.2303143, "AltT": 0, "TAlt": 18016, "Call": "JBU922", "Lat": 40.633633, "Long": -73.769897, "PosTime": 1544408020992, "Mlat": false, "PosStale": true, "Tisb": false, "Spd": 0.0, "Trak": 210.9, "TrkH": false, "TTrk": 0.0, "Type": "A320", "Mdl": "2003 AIRBUS A320-232", "Man": "Airbus", "CNum": "2020", "From": "KORD Chicago O'Hare, United States", "To": "KBOS General Edward Lawrence Logan, Boston, United States", "Op": "JetBlue Airways", "OpIcao": "JBU", "Sqk": "2000", "Help": false, "Vsi": 256, "VsiT": 0, "Dst": 1.38, "Brng": 135.7, "WTC": 2, "Species": 1, "Engines": "2", "EngType": 3, "EngMount": 0, "Mil": false, "Cou": "United States", "HasPic": false, "Interested": false, "FlightsCount": 0, "Gnd": true, "SpdTyp": 0, "CallSus": false, "Trt": 5, "Year": "2003"}, {"Id": 11103138, "Rcvr": 1, "HasSig": true, "Sig": 107, "Icao": "A96BA2", "Bad": false, "Reg": "N706JB", "FSeen": "/Date(1544393442573)/", "TSecs": 15502, "CMsgs": 4530, "Alt": 6260, "GAlt": 6602, "InHg": 30.26245, "AltT": 0, "TAlt": 4000, "Call": "JBU2989", "Lat": 40.651291, "Long": -73.775894, "PosTime": 1544395940505, "Mlat": false, "PosStale": true, "Tisb": false, "Spd": 0.0, "Trak": 177.2, "TrkH": false, "TTrk": 0.0, "Type": "A320", "Mdl": "2008 AIRBUS A320-232", "Man": "Airbus", "CNum": "3451", "From": "KBOS General Edward Lawrence Logan, Boston, United States", "To": "KDCA Ronald Reagan Washington National, United States", "Op": "JetBlue Airways", "OpIcao": "JBU", "Sqk": "3056", "Help": false, "Vsi": -960, "VsiT": 0, "Dst": 1.08, "Brng": 24.9, "WTC": 2, "Species": 1, "Engines": "2", "EngType": 3, "EngMount": 0, "Mil": false, "Cou": "United States", "HasPic": false, "Interested": false, "FlightsCount": 0, "Gnd": true, "SpdTyp": 0, "CallSus": false, "Trt": 5, "Year": "2008"}, {"Id": 11232410, "Rcvr": 1, "HasSig": true, "Sig": 63, "Icao": "AB649A", "Bad": false, "Reg": "N833MH", "FSeen": "/Date(1544391034216)/", "TSecs": 17910, "CMsgs": 8798, "Alt": -250, "GAlt": 60, "InHg": 30.2303143, "AltT": 0, "TAlt": 3008, "Call": "DAL1197", "Lat": 40.633495, "Long": -73.778915, "PosTime": 1544408889805, "Mlat": false, "Tisb": false, "Spd": 20.0, "Trak": 300.9, "TrkH": false, "TTrk": 224.296875, "Type": "B764", "Mdl": "2000 BOEING 767-432ER", "Man": "Boeing", "CNum": "29706", "From": "KLAX Los Angeles, United States", "To": "KJFK John F Kennedy, New York, United States", "Op": "Delta Air Lines", "OpIcao": "DAL", "Sqk": "4063", "Help": false, "Vsi": -64, "VsiT": 0, "Dst": 1.02, "Brng": 168.7, "WTC": 3, "Species": 1, "Engines": "2", "EngType": 3, "EngMount": 0, "Mil": false, "Cou": "United States", "HasPic": false, "Interested": false, "FlightsCount": 0, "Gnd": true, "SpdTyp": 0, "CallSus": false, "Trt": 5, "Year": "2000"}, {"Id": 10518986, "Rcvr": 1, "HasSig": false, "Icao": "A081CA", "Bad": false, "Reg": "N13138", "FSeen": "/Date(1544390497370)/", "TSecs": 18447, "CMsgs": 8614, "Alt": 350, "GAlt": 640, "InHg": 30.2096462, "AltT": 0, "TAlt": 18016, "Call": "UAL2018", "Lat": 40.719498, "Long": -74.147644, "PosTime": 1544408943089, "Mlat": false, "Tisb": false, "Spd": 133.0, "Trak": 205.8, "TrkH": false, "TTrk": 116.015625, "Type": "B752", "Mdl": "1999 BOEING 757-224", "Man": "Boeing", "CNum": "30351", "From": "KDEN Denver, United States", "To": "KEWR Newark Liberty, United States", "Op": "United Airlines", "OpIcao": "UAL", "Sqk": "3350", "Help": false, "Vsi": -448, "VsiT": 1, "Dst": 32.06, "Brng": 285.6, "WTC": 2, "Species": 1, "Engines": "2", "EngType": 3, "EngMount": 0, "Mil": false, "Cou": "United States", "HasPic": false, "Interested": false, "FlightsCount": 0, "Gnd": false, "SpdTyp": 0, "CallSus": false, "Trt": 5, "Year": "1999"}, {"Id": 11120751, "Rcvr": 1, "HasSig": true, "Sig": 53, "Icao": "A9B06F", "Bad": false, "Reg": "N723TW", "FSeen": "/Date(1544389840213)/", "TSecs": 19104, "CMsgs": 8620, "Alt": 2725, "GAlt": 3020, "InHg": 30.2151985, "AltT": 0, "TAlt": 12992, "Call": "DAL1164", "Lat": 40.458503, "Long": -73.515389, "PosTime": 1544408941106, "Mlat": false, "Tisb": false, "Spd": 251.2, "Trak": 29.3, "TrkH": false, "TTrk": 40.078125, "Type": "B752", "Mdl": "2000 BOEING 757-231", "Man": "Boeing", "CNum": "29378", "From": "KJFK John F Kennedy, New York, United States", "To": "KBOS General Edward Lawrence Logan, Boston, United States", "Op": "DELTA AIR LINES INC     - ATLANTA, GA", "OpIcao": "DAL", "Sqk": "3704", "Help": false, "Vsi": -64, "VsiT": 0, "Dst": 30.38, "Brng": 132.2, "WTC": 2, "Species": 1, "Engines": "2", "EngType": 3, "EngMount": 0, "Mil": false, "Cou": "United States", "HasPic": false, "Interested": false, "FlightsCount": 0, "Gnd": false, "SpdTyp": 0, "CallSus": false, "Trt": 5, "Year": "2000"}, {"Id": 11363438, "Rcvr": 1, "HasSig": true, "Sig": 145, "Icao": "AD646E", "Bad": false, "Reg": "N962JT", "FSeen": "/Date(1544389404867)/", "TSecs": 19539, "CMsgs": 9098, "Alt": -250, "GAlt": 60, "InHg": 30.2303143, "AltT": 0, "TAlt": 4000, "Call": "JBU190", "Lat": 40.642769, "Long": -73.771088, "PosTime": 1544407306985, "Mlat": false, "PosStale": true, "Tisb": false, "Spd": 0.0, "Trak": 199.7, "TrkH": false, "TTrk": 250.0, "Type": "A321", "Mdl": "Airbus A321 231SL", "Man": "Airbus", "CNum": "6988", "From": "KSAN San Diego, United States", "To": "KJFK John F Kennedy, New York, United States", "Op": "JetBlue Airways", "OpIcao": "JBU", "Sqk": "2000", "Help": false, "Vsi": -1280, "VsiT": 0, "Dst": 0.86, "Brng": 87.9, "WTC": 2, "Species": 1, "Engines": "2", "EngType": 3, "EngMount": 0, "Mil": false, "Cou": "United States", "HasPic": false, "Interested": false, "FlightsCount": 0, "Gnd": true, "SpdTyp": 0, "CallSus": false, "Trt": 4, "Year": "2016"}, {"Id": 9003275, "Rcvr": 1, "HasSig": false, "Icao": "89610B", "Bad": false, "Reg": "A6-ECD", "FSeen": "/Date(1544388893501)/", "TSecs": 20051, "CMsgs": 4296, "Alt": 1800, "GAlt": 2090, "InHg": 30.2096462, "AltT": 0, "Call": "UAE209", "Lat": 40.786415, "Long": -74.104904, "PosTime": 1544408943102, "Mlat": false, "Tisb": false, "Spd": 182.0, "Trak": 206.4, "TrkH": false, "Type": "B773", "Mdl": "Boeing 777 36NER", "Man": "Boeing", "CNum": "32795", "From": "OMDB Dubai, United Arab Emirates", "To": "KEWR Newark Liberty, United States", "Stops": ["LGAV Eleftherios Venizelos, Athens, Greece"], "Op": "Emirates Airline", "OpIcao": "UAE", "Sqk": "2465", "Help": false, "Vsi": -1088, "VsiT": 0, "Dst": 31.62, "Brng": 300.5, "WTC": 3, "Species": 1, "Engines": "2", "EngType": 3, "EngMount": 0, "Mil": false, "Cou": "United Arab Emirates", "HasPic": false, "Interested": false, "FlightsCount": 0, "Gnd": false, "SpdTyp": 0, "CallSus": false, "Trt": 2, "Year": "2007", "Sat": true}, {"Id": 11039969, "Rcvr": 1, "HasSig": true, "Sig": 186, "Icao": "A874E1", "Bad": false, "Reg": "N644JB", "FSeen": "/Date(1544388010022)/", "TSecs": 20934, "CMsgs": 9815, "Alt": -250, "GAlt": 69, "InHg": 30.2388229, "AltT": 0, "TAlt": 3008, "Call": "JBU514", "Lat": 40.63262, "Long": -73.767653, "PosTime": 1544406725492, "Mlat": false, "PosStale": true, "Tisb": false, "Spd": 0.0, "Trak": 188.4, "TrkH": false, "TTrk": 0.0, "Type": "A320", "Mdl": "2006 AIRBUS A320-232", "Man": "Airbus", "CNum": "2880", "From": "KLGB Long Beach /Daugherty Field/, United States", "To": "KJFK John F Kennedy, New York, United States", "Op": "JetBlue Airways", "OpIcao": "JBU", "Sqk": "2000", "Help": false, "Vsi": -128, "VsiT": 0, "Dst": 1.59, "Brng": 133.6, "WTC": 2, "Species": 1, "Engines": "2", "EngType": 3, "EngMount": 0, "Mil": false, "Cou": "United States", "HasPic": false, "Interested": false, "FlightsCount": 0, "Gnd": true, "SpdTyp": 0, "CallSus": false, "Trt": 5, "Year": "2006"}, {"Id": 10502794, "Rcvr": 1, "HasSig": true, "Sig": 84, "Icao": "A0428A", "Bad": false, "Reg": "N116AN", "FSeen": "/Date(1544382891707)/", "TSecs": 26052, "CMsgs": 9540, "Alt": -250, "GAlt": 60, "InHg": 30.2303143, "AltT": 0, "TAlt": 3008, "Call": "AAL185", "Lat": 40.633713, "Long": -73.770081, "PosTime": 1544405313900, "Mlat": false, "PosStale": true, "Tisb": false, "Spd": 0.0, "Trak": 149.1, "TrkH": false, "TTrk": 0.0, "Type": "A321", "Mdl": "2014 AIRBUS INDUSTRIE A321-231", "Man": "Airbus", "CNum": "6070", "From": "KJFK John F Kennedy, New York, United States", "To": "KLAX Los Angeles, United States", "Op": "American Airlines", "OpIcao": "AAL", "Sqk": "3041", "Help": false, "Vsi": -64, "VsiT": 0, "Dst": 1.36, "Brng": 135.9, "WTC": 2, "Species": 1, "Engines": "2", "EngType": 3, "EngMount": 0, "Mil": false, "Cou": "United States", "HasPic": false, "Interested": false, "FlightsCount": 0, "Gnd": true, "SpdTyp": 0, "CallSus": false, "Trt": 5, "Year": "2014"}, {"Id": 4805112, "Rcvr": 1, "HasSig": true, "Sig": 146, "Icao": "4951F8", "Bad": false, "Reg": "CS-TOX", "FSeen": "/Date(1544380639764)/", "TSecs": 28304, "CMsgs": 5462, "Alt": -225, "GAlt": 85, "InHg": 30.2303143, "AltT": 0, "Call": "TAP209", "Lat": 40.629269, "Long": -73.769214, "PosTime": 1544408183207, "Mlat": false, "Tisb": false, "Spd": 2.5, "Trak": 191.3, "TrkH": false, "Type": "A333", "Mdl": "Airbus A330 343E", "Man": "Airbus", "CNum": "1015", "From": "LPPT Lisbon Portela, Portugal", "To": "KJFK John F Kennedy, New York, United States", "Op": "TAP Portugal", "OpIcao": "TAP", "Sqk": "6016", "Help": false, "Vsi": -64, "VsiT": 0, "Dst": 1.79, "Brng": 145.3, "WTC": 3, "Species": 1, "Engines": "2", "EngType": 3, "EngMount": 0, "Mil": false, "Cou": "Portugal", "HasPic": false, "Interested": false, "FlightsCount": 0, "Gnd": true, "SpdTyp": 0, "CallSus": false, "Trt": 2, "Year": "2009", "Sat": true}, {"Id": 4704458, "Rcvr": 1, "HasSig": true, "Sig": 153, "Icao": "47C8CA", "Bad": false, "Reg": "LN-LNT", "FSeen": "/Date(1544379972707)/", "TSecs": 28971, "CMsgs": 5974, "Alt": -250, "GAlt": 60, "InHg": 30.2303143, "AltT": 0, "TAlt": 4992, "Call": "NAX3RV", "Lat": 40.632832, "Long": -73.773773, "PosTime": 1544408871705, "Mlat": false, "Tisb": false, "Spd": 0.0, "Trak": 63.4, "TrkH": false, "TTrk": 350.15625, "Type": "B789", "Mdl": "Boeing 787 9", "Man": "Boeing", "CNum": "38774", "Op": "Norwegian", "OpIcao": "NAX", "Sqk": "6037", "Help": false, "Vsi": 0, "VsiT": 0, "Dst": 1.25, "Brng": 149.5, "WTC": 3, "Species": 1, "Engines": "2", "EngType": 3, "EngMount": 0, "Mil": false, "Cou": "Norway", "HasPic": false, "Interested": false, "FlightsCount": 0, "Gnd": true, "SpdTyp": 0, "CallSus": false, "Trt": 5, "Year": "2017", "Sat": true}], "totalAc": 5066, "lastDv": "636797919006558313", "shtTrlSec": 65, "stm": 1544408944537}