{"src": 1, "feeds": [{"id": 1, "name": "From Cons", "polarPlot": false}], "srcFeed": 1, "showSil": true, "showFlg": true, "showPic": true, "flgH": 20, "flgW": 85, "acList": [{"Id": 10486044, "Rcvr": 1, "HasSig": true, "Sig": 205, "Icao": "A0011C", "Bad": false, "Reg": "N1MG", "FSeen": "/Date(1544433710569)/", "TSecs": 390, "CMsgs": 232, "Alt": 21425, "GAlt": 21437, "InHg": 29.93171, "AltT": 0, "TAlt": 34016, "Call": "N1MG", "Lat": 40.599789, "Long": -73.871821, "PosTime": 1544434099048, "Mlat": false, "Tisb": false, "Spd": 287.8, "Trak": 265.8, "TrkH": false, "TTrk": 248.203125, "Type": "C25C", "Mdl": "2012 CESSNA 525B", "Man": "Textron Aviation", "CNum": "525B0391", "Op": "HAGEDORN AVIATION INC     - WILMINGTON, DE", "Sqk": "3001", "Help": false, "Vsi": 2560, "VsiT": 0, "Dst": 9.0, "Brng": 238.2, "WTC": 2, "Species": 1, "Engines": "2", "EngType": 3, "EngMount": 1, "Mil": false, "Cou": "United States", "HasPic": false, "Interested": false, "FlightsCount": 0, "Gnd": false, "SpdTyp": 0, "CallSus": false, "Trt": 5, "Year": "2012"}, {"Id": 11123178, "Rcvr": 1, "HasSig": false, "Icao": "A9B9EA", "Bad": false, "Reg": "N726AV", "FSeen": "/Date(1544426200587)/", "TSecs": 7899, "CMsgs": 3628, "Alt": -100, "GAlt": 69, "InHg": 30.088583, "AltT": 0, "TAlt": 11008, "Call": "AVA042", "Lat": 40.650627, "Long": -73.774445, "PosTime": 1544434098985, "Mlat": false, "Tisb": false, "Spd": 84.0, "Trak": 301.7, "TrkH": false, "Type": "A319", "Mdl": "2014 AIRBUS A319-115", "Man": "Airbus", "CNum": "6174", "From": "SKCL Alfonso Bonilla Aragon, Cali, Colombia", "To": "KJFK John F Kennedy, New York, United States", "Stops": ["SKRG Jose Maria C\u00f3rdova, Rionegro, Colombia"], "Op": "WILMINGTON TRUST CO TRUSTEE     - WILMINGTON, DE", "OpIcao": "AVA", "Sqk": "2450", "Help": false, "Vsi": -128, "VsiT": 0, "Dst": 1.07, "Brng": 32.5, "WTC": 2, "Species": 1, "Engines": "2", "EngType": 3, "EngMount": 0, "Mil": false, "Cou": "United States", "HasPic": false, "Interested": false, "FlightsCount": 0, "Gnd": false, "SpdTyp": 0, "CallSus": false, "Trt": 5, "Year": "2014"}, {"Id": 11371631, "Rcvr": 1, "HasSig": true, "Sig": 200, "Icao": "AD846F", "Bad": false, "Reg": "N970JB", "FSeen": "/Date(1544424986471)/", "TSecs": 9114, "CMsgs": 5329, "Alt": -125, "GAlt": 55, "InHg": 30.1003933, "AltT": 0, "TAlt": 2016, "Call": "JBU837", "Lat": 40.646365, "Long": -73.774457, "PosTime": 1544434098972, "Mlat": false, "Tisb": false, "Spd": 0.0, "Trak": 130.0, "TrkH": false, "TTrk": 0.0, "Type": "A321", "Mdl": "Airbus A321 231SL", "Man": "Airbus", "CNum": "7415", "From": "KJFK John F Kennedy, New York, United States", "To": "MDST Cibao, Santiago, Dominican Republic", "Op": "JetBlue Airways", "OpIcao": "JBU", "Sqk": "2000", "Help": false, "Vsi": -192, "VsiT": 0, "Dst": 0.72, "Brng": 53.2, "WTC": 2, "Species": 1, "Engines": "2", "EngType": 3, "EngMount": 0, "Mil": false, "Cou": "United States", "HasPic": false, "Interested": false, "FlightsCount": 0, "Gnd": true, "SpdTyp": 0, "CallSus": false, "Trt": 5, "Year": "2016"}, {"Id": 11334991, "Rcvr": 1, "HasSig": true, "Sig": 107, "Icao": "ACF54F", "Bad": false, "Reg": "N934JB", "FSeen": "/Date(1544403282228)/", "TSecs": 30818, "CMsgs": 16776, "Alt": 14700, "GAlt": 14901, "InHg": 30.1003933, "AltT": 0, "TAlt": 3000, "Call": "JBU1224", "Lat": 40.647214, "Long": -73.775768, "PosTime": 1544434098967, "Mlat": false, "Tisb": false, "Spd": 0.0, "Trak": 18.7, "TrkH": false, "TTrk": 130.0, "Type": "A321", "Mdl": "2014 AIRBUS INDUSTRIE A321-231", "Man": "Airbus", "CNum": "6130", "From": "KLAX Los Angeles, United States", "To": "KJFK John F Kennedy, New York, United States", "Op": "JetBlue Airways", "OpIcao": "JBU", "Sqk": "7370", "Help": false, "Vsi": -704, "VsiT": 0, "Dst": 0.7, "Brng": 41.5, "WTC": 2, "Species": 1, "Engines": "2", "EngType": 3, "EngMount": 0, "Mil": false, "Cou": "United States", "HasPic": false, "Interested": false, "FlightsCount": 0, "Gnd": true, "SpdTyp": 0, "CallSus": false, "Trt": 4, "Year": "2014"}, {"Id": 11309223, "Rcvr": 1, "HasSig": false, "Icao": "AC90A7", "Bad": false, "Reg": "N909AM", "FSeen": "/Date(1544402272247)/", "TSecs": 31828, "CMsgs": 9233, "Alt": -225, "GAlt": 56, "InHg": 30.088583, "AltT": 0, "TAlt": 3008, "Call": "AAL1207", "Lat": 40.776756, "Long": -73.874786, "PosTime": 1544434095836, "Mlat": false, "Tisb": false, "Spd": 0.0, "Trak": 183.5, "TrkH": false, "TTrk": 70.3125, "Type": "A321", "Mdl": "Airbus A321 231SL", "Man": "Airbus", "CNum": "7756", "From": "KDFW Dallas Fort Worth, Dallas-Fort Worth, United States", "To": "KSAN San Diego, United States", "Op": "American Airlines", "OpIcao": "AAL", "Sqk": "6211", "Help": false, "Vsi": -896, "VsiT": 0, "Dst": 16.88, "Brng": 332.2, "WTC": 2, "Species": 1, "Engines": "2", "EngType": 3, "EngMount": 0, "Mil": false, "Cou": "United States", "HasPic": false, "Interested": false, "FlightsCount": 0, "Gnd": true, "SpdTyp": 0, "CallSus": false, "Trt": 5, "Year": "2017"}, {"Id": 10488228, "Rcvr": 1, "HasSig": true, "Sig": 215, "Icao": "A009A4", "Bad": false, "Reg": "N101NN", "FSeen": "/Date(1544390419282)/", "TSecs": 43681, "CMsgs": 22621, "Alt": 1675, "GAlt": 1855, "InHg": 30.1003933, "AltT": 0, "Call": "AAL164", "Lat": 40.599884, "Long": -73.664124, "PosTime": 1544434098968, "Mlat": false, "Tisb": false, "Spd": 126.2, "Trak": 303.7, "TrkH": false, "Type": "A321", "Mdl": "2013 AIRBUS INDUSTRIE A321-231", "Man": "Airbus", "CNum": "5834", "From": "KSFO San Francisco, United States", "To": "KJFK John F Kennedy, New York, United States", "Op": "American Airlines", "OpIcao": "AAL", "Sqk": "3757", "Help": false, "Vsi": -640, "VsiT": 0, "Dst": 10.96, "Brng": 115.6, "WTC": 2, "Species": 1, "Engines": "2", "EngType": 3, "EngMount": 0, "Mil": false, "Cou": "United States", "HasPic": false, "Interested": false, "FlightsCount": 0, "Gnd": false, "SpdTyp": 0, "CallSus": false, "Trt": 2, "Year": "2013"}], "totalAc": 4962, "lastDv": "636799846329632735", "shtTrlSec": 65, "stm": 1544434099587}