{"src": 1, "feeds": [{"id": 1, "name": "From Cons", "polarPlot": false}], "srcFeed": 1, "showSil": true, "showFlg": true, "showPic": true, "flgH": 20, "flgW": 85, "acList": [{"Id": 794771, "Rcvr": 1, "HasSig": true, "Sig": 64, "Icao": "0C2093", "Bad": false, "Reg": "HP-1832CMP", "FSeen": "/Date(1544415472616)/", "TSecs": 11022, "CMsgs": 3883, "Alt": -175, "GAlt": 26, "InHg": 30.1210632, "AltT": 0, "TAlt": 36992, "Call": "CMP808", "Lat": 40.643269, "Long": -73.776595, "PosTime": 1544426441536, "Mlat": false, "Tisb": false, "Spd": 9.0, "Trak": 331.9, "TrkH": false, "TTrk": 26.71875, "Type": "B738", "Mdl": "Boeing 737NG 8V3/W", "Man": "Boeing", "CNum": "40789", "Op": "Copa Airlines", "OpIcao": "CMP", "Sqk": "1642", "Help": false, "Vsi": -128, "VsiT": 0, "Dst": 0.4, "Brng": 77.6, "WTC": 2, "Species": 1, "Engines": "2", "EngType": 3, "EngMount": 0, "Mil": false, "Cou": "Panama", "HasPic": false, "Interested": false, "FlightsCount": 0, "Gnd": true, "SpdTyp": 0, "CallSus": false, "Trt": 5, "Year": "2013"}, {"Id": 10571744, "Rcvr": 1, "HasSig": true, "Sig": 91, "Icao": "A14FE0", "Bad": false, "Reg": "N184DN", "FSeen": "/Date(1544415120098)/", "TSecs": 11374, "CMsgs": 5379, "Alt": -150, "GAlt": 51, "InHg": 30.1210632, "AltT": 0, "TAlt": 3008, "Call": "DAL948", "Lat": 40.637238, "Long": -73.782715, "PosTime": 1544426494587, "Mlat": false, "Tisb": false, "Spd": 10.5, "Trak": 354.4, "TrkH": false, "TTrk": 314.296875, "Type": "B763", "Mdl": "1993 BOEING 767-332", "Man": "Boeing", "CNum": "27111", "From": "MMMX Licenciado Benito Juarez, Mexico City, Mexico", "To": "KJFK John F Kennedy, New York, United States", "Op": "Delta Air Lines", "OpIcao": "DAL", "Sqk": "2402", "Help": false, "Vsi": 0, "VsiT": 0, "Dst": 0.6, "Brng": 191.7, "WTC": 3, "Species": 1, "Engines": "2", "EngType": 3, "EngMount": 0, "Mil": false, "Cou": "United States", "HasPic": false, "Interested": false, "FlightsCount": 0, "Gnd": true, "SpdTyp": 0, "CallSus": false, "Trt": 5, "Year": "1993"}, {"Id": 11334991, "Rcvr": 1, "HasSig": true, "Sig": 113, "Icao": "ACF54F", "Bad": false, "Reg": "N934JB", "FSeen": "/Date(1544403282164)/", "TSecs": 23212, "CMsgs": 13391, "Alt": 3188, "GAlt": 3389, "InHg": 30.1210632, "AltT": 0, "TAlt": 3000, "Call": "JBU1224", "Lat": 40.646954, "Long": -73.775757, "PosTime": 1544426493140, "Mlat": false, "Tisb": false, "Spd": 0.0, "Trak": 3.8, "TrkH": false, "TTrk": 130.0, "Type": "A321", "Mdl": "2014 AIRBUS INDUSTRIE A321-231", "Man": "Airbus", "CNum": "6130", "From": "KLAX Los Angeles, United States", "To": "KJFK John F Kennedy, New York, United States", "Op": "JetBlue Airways", "OpIcao": "JBU", "Sqk": "7370", "Help": false, "Vsi": -704, "VsiT": 0, "Dst": 0.68, "Brng": 43.2, "WTC": 2, "Species": 1, "Engines": "2", "EngType": 3, "EngMount": 0, "Mil": false, "Cou": "United States", "HasPic": false, "Interested": false, "FlightsCount": 0, "Gnd": true, "SpdTyp": 0, "CallSus": false, "Trt": 4, "Year": "2014"}, {"Id": 11309223, "Rcvr": 1, "HasSig": false, "Icao": "AC90A7", "Bad": false, "Reg": "N909AM", "FSeen": "/Date(1544402272435)/", "TSecs": 24222, "CMsgs": 7180, "Alt": -225, "GAlt": 56, "InHg": 30.1092529, "AltT": 0, "TAlt": 3008, "Call": "AAL1207", "Lat": 40.776756, "Long": -73.874802, "PosTime": 1544426471799, "Mlat": false, "Tisb": false, "Spd": 0.0, "Trak": 141.4, "TrkH": false, "TTrk": 70.3125, "Type": "A321", "Mdl": "Airbus A321 231SL", "Man": "Airbus", "CNum": "7756", "From": "KDFW Dallas Fort Worth, Dallas-Fort Worth, United States", "To": "KSAN San Diego, United States", "Op": "American Airlines", "OpIcao": "AAL", "Sqk": "6211", "Help": false, "Vsi": -896, "VsiT": 0, "Dst": 16.88, "Brng": 332.2, "WTC": 2, "Species": 1, "Engines": "2", "EngType": 3, "EngMount": 0, "Mil": false, "Cou": "United States", "HasPic": false, "Interested": false, "FlightsCount": 0, "Gnd": true, "SpdTyp": 0, "CallSus": false, "Trt": 5, "Year": "2017"}], "totalAc": 4652, "lastDv": "636799758936631111", "shtTrlSec": 65, "stm": 1544426494630}