{"src": 1, "feeds": [{"id": 1, "name": "From Cons", "polarPlot": false}], "srcFeed": 1, "showSil": true, "showFlg": true, "showPic": true, "flgH": 20, "flgW": 85, "acList": [{"Id": 11334991, "Rcvr": 1, "HasSig": true, "Sig": 110, "Icao": "ACF54F", "Bad": false, "Reg": "N934JB", "FSeen": "/Date(1544428875735)/", "TSecs": 1649, "CMsgs": 693, "Alt": 35200, "GAlt": 35401, "InHg": 30.1210632, "AltT": 0, "Lat": 40.646965, "Long": -73.775757, "PosTime": 1544430523040, "Mlat": false, "Tisb": false, "Trak": 109.9, "TrkH": false, "Type": "A321", "Mdl": "2014 AIRBUS INDUSTRIE A321-231", "Man": "Airbus", "CNum": "6130", "Op": "JetBlue Airways", "OpIcao": "JBU", "Sqk": "7370", "Help": false, "VsiT": 0, "Dst": 0.68, "Brng": 43.1, "WTC": 2, "Species": 1, "Engines": "2", "EngType": 3, "EngMount": 0, "Mil": false, "Cou": "United States", "HasPic": false, "Interested": false, "FlightsCount": 0, "SpdTyp": 0, "CallSus": false, "Trt": 2, "Year": "2014"}, {"Id": 11309223, "Rcvr": 1, "HasSig": false, "Icao": "AC90A7", "Bad": false, "Reg": "N909AM", "FSeen": "/Date(1544428874593)/", "TSecs": 1650, "CMsgs": 451, "InHg": 30.1092529, "AltT": 0, "Lat": 40.776752, "Long": -73.874802, "PosTime": 1544430519423, "Mlat": false, "Tisb": false, "Spd": 0.0, "TrkH": false, "Type": "A321", "Mdl": "Airbus A321 231SL", "Man": "Airbus", "CNum": "7756", "Op": "American Airlines", "OpIcao": "AAL", "Sqk": "6211", "Help": false, "VsiT": 0, "Dst": 16.88, "Brng": 332.2, "WTC": 2, "Species": 1, "Engines": "2", "EngType": 3, "EngMount": 0, "Mil": false, "Cou": "United States", "HasPic": false, "Interested": false, "FlightsCount": 0, "Gnd": true, "SpdTyp": 0, "CallSus": false, "Trt": 2, "Year": "2017"}, {"Id": 7864489, "Rcvr": 1, "HasSig": true, "Sig": 72, "Icao": "7800A9", "Bad": false, "Reg": "B-2099", "FSeen": "/Date(1544428874575)/", "TSecs": 1650, "CMsgs": 940, "Alt": -150, "GAlt": 51, "InHg": 30.1210632, "AltT": 0, "Call": "CSN399", "Lat": 40.64843, "Long": -73.774414, "PosTime": 1544430523261, "Mlat": false, "Tisb": false, "Spd": 21.0, "Trak": 120.9, "TrkH": false, "Type": "B773", "Mdl": "Boeing 777 31BER", "Man": "Boeing", "CNum": "43219", "From": "ZGGG Guangzhou Baiyun, China", "To": "KJFK John F Kennedy, New York, United States", "Op": "China Southern Airlines", "OpIcao": "CSN", "Sqk": "6135", "Help": false, "Vsi": -448, "VsiT": 0, "Dst": 0.88, "Brng": 41.2, "WTC": 3, "Species": 1, "Engines": "2", "EngType": 3, "EngMount": 0, "Mil": false, "Cou": "China", "HasPic": false, "Interested": false, "FlightsCount": 0, "Gnd": true, "SpdTyp": 0, "CallSus": false, "Trt": 2, "Year": "2014"}, {"Id": 10608970, "Rcvr": 1, "HasSig": false, "Icao": "A1E14A", "Bad": false, "Reg": "N220CY", "FSeen": "/Date(1544428874552)/", "TSecs": 1650, "CMsgs": 1059, "Alt": 1850, "GAlt": 2051, "InHg": 30.1210632, "AltT": 0, "Lat": 40.566925, "Long": -73.647217, "PosTime": 1544430523050, "Mlat": false, "Tisb": false, "Spd": 161.0, "Trak": 347.1, "TrkH": false, "Type": "B763", "Mdl": " BOEING 767-383ER", "Man": "Boeing", "CNum": "24729", "Op": "ABX Air", "OpIcao": "ABX", "Sqk": "", "Vsi": 256, "VsiT": 0, "Dst": 14.1, "Brng": 126.5, "WTC": 3, "Species": 1, "Engines": "2", "EngType": 3, "EngMount": 0, "Mil": false, "Cou": "United States", "HasPic": false, "Interested": false, "FlightsCount": 0, "SpdTyp": 0, "CallSus": false, "Trt": 2}, {"Id": 11371631, "Rcvr": 1, "HasSig": true, "Sig": 196, "Icao": "AD846F", "Bad": false, "Reg": "N970JB", "FSeen": "/Date(1544428874514)/", "TSecs": 1650, "CMsgs": 903, "Alt": 42050, "GAlt": 42251, "InHg": 30.1210632, "AltT": 0, "Lat": 40.64621, "Long": -73.77449, "PosTime": 1544430516159, "Mlat": false, "Tisb": false, "Trak": 112.4, "TrkH": false, "Type": "A321", "Mdl": "Airbus A321 231SL", "Man": "Airbus", "CNum": "7415", "Op": "JetBlue Airways", "OpIcao": "JBU", "Sqk": "2000", "Help": false, "VsiT": 0, "Dst": 0.71, "Brng": 54.1, "WTC": 2, "Species": 1, "Engines": "2", "EngType": 3, "EngMount": 0, "Mil": false, "Cou": "United States", "HasPic": false, "Interested": false, "FlightsCount": 0, "SpdTyp": 0, "CallSus": false, "Trt": 2, "Year": "2016"}], "totalAc": 4774, "lastDv": "636800256733479741", "shtTrlSec": 65, "stm": 1544430524623}