{"src": 1, "feeds": [{"id": 1, "name": "From Cons", "polarPlot": false}], "srcFeed": 1, "showSil": true, "showFlg": true, "showPic": true, "flgH": 20, "flgW": 85, "acList": [{"Id": 5276239, "Rcvr": 1, "HasSig": true, "Sig": 211, "Icao": "50824F", "Bad": false, "Reg": "UR-GEB", "FSeen": "/Date(1544421000883)/", "TSecs": 228, "CMsgs": 156, "Alt": 10025, "GAlt": 10244, "InHg": 30.1387787, "AltT": 0, "Call": "AUI232", "Lat": 40.653259, "Long": -73.693848, "PosTime": 1544421228358, "Mlat": true, "Tisb": false, "Trak": 7.3, "TrkH": false, "Type": "B763", "Mdl": "Boeing 767 33AER/W", "Man": "Boeing", "CNum": "25530", "From": "KJFK John F Kennedy, New York, United States", "To": "UKBB Boryspil, Kiev, Ukraine", "Op": "Ukraine International Airlines", "OpIcao": "AUI", "Sqk": "3316", "Help": false, "VsiT": 0, "Dst": 7.47, "Brng": 80.7, "WTC": 3, "Species": 1, "Engines": "2", "EngType": 3, "EngMount": 0, "Mil": false, "Cou": "Ukraine", "HasPic": false, "Interested": false, "FlightsCount": 0, "Gnd": false, "SpdTyp": 0, "CallSus": true, "Trt": 2, "Year": "1992"}, {"Id": 9015523, "Rcvr": 1, "HasSig": true, "Sig": 168, "Icao": "8990E3", "Bad": false, "Reg": "B-16721", "FSeen": "/Date(1544420186645)/", "TSecs": 1043, "CMsgs": 157, "Alt": 3675, "GAlt": 3899, "InHg": 30.1443272, "AltT": 0, "TAlt": 16992, "Call": "EVA031", "Lat": 40.562576, "Long": -73.882568, "PosTime": 1544421228359, "Mlat": false, "Tisb": false, "Spd": 284.8, "Trak": 138.4, "TrkH": false, "TTrk": 90.0, "Type": "B773", "Mdl": "Boeing 777 35EER", "Man": "Boeing", "CNum": "43290", "From": "KJFK John F Kennedy, New York, United States", "To": "RCTP Taiwan Taoyuan, Taipei, Taiwan", "Op": "EVA Air", "OpIcao": "EVA", "Sqk": "7126", "Help": false, "Vsi": 1664, "VsiT": 1, "Dst": 12.33, "Brng": 223.9, "WTC": 3, "Species": 1, "Engines": "2", "EngType": 3, "EngMount": 0, "Mil": false, "Cou": "Taiwan", "HasPic": false, "Interested": false, "FlightsCount": 0, "Gnd": false, "SpdTyp": 0, "CallSus": false, "Trt": 5, "Year": "2015"}, {"Id": 10803672, "Rcvr": 1, "HasSig": true, "Sig": 63, "Icao": "A4D9D8", "Bad": false, "Reg": "N411WN", "FSeen": "/Date(1544415235125)/", "TSecs": 5994, "CMsgs": 3373, "Alt": 25000, "GAlt": 25080, "InHg": 30.0, "AltT": 0, "Lat": 40.454086, "Long": -73.723328, "PosTime": 1544421225794, "Mlat": true, "Tisb": false, "Spd": 515.0, "Trak": 43.6, "TrkH": false, "Type": "B737", "Mdl": "2001 BOEING 737-7H4", "Man": "Boeing", "CNum": "29821", "Op": "Southwest Airlines", "OpIcao": "SWA", "Sqk": "0722", "Help": false, "Vsi": 64, "VsiT": 0, "Dst": 21.51, "Brng": 166.8, "WTC": 2, "Species": 1, "Engines": "2", "EngType": 3, "EngMount": 0, "Mil": false, "Cou": "United States", "HasPic": false, "Interested": false, "FlightsCount": 0, "Gnd": false, "SpdTyp": 0, "CallSus": false, "Trt": 2, "Year": "2001"}, {"Id": 11334991, "Rcvr": 1, "HasSig": false, "Icao": "ACF54F", "Bad": false, "Reg": "N934JB", "FSeen": "/Date(1544403282228)/", "TSecs": 17947, "CMsgs": 11278, "Alt": 1325, "GAlt": 1544, "InHg": 30.1387787, "AltT": 0, "TAlt": 3000, "Call": "JBU1224", "Lat": 40.608727, "Long": -73.682434, "PosTime": 1544421228338, "Mlat": false, "Tisb": false, "Spd": 136.0, "Trak": 300.9, "TrkH": false, "TTrk": 130.0, "Type": "A321", "Mdl": "2014 AIRBUS INDUSTRIE A321-231", "Man": "Airbus", "CNum": "6130", "From": "KLAX Los Angeles, United States", "To": "KJFK John F Kennedy, New York, United States", "Op": "JetBlue Airways", "OpIcao": "JBU", "Sqk": "7370", "Help": false, "Vsi": -768, "VsiT": 0, "Dst": 9.15, "Brng": 114.2, "WTC": 2, "Species": 1, "Engines": "2", "EngType": 3, "EngMount": 0, "Mil": false, "Cou": "United States", "HasPic": false, "Interested": false, "FlightsCount": 0, "Gnd": false, "SpdTyp": 0, "CallSus": false, "Trt": 4, "Year": "2014"}, {"Id": 11309223, "Rcvr": 1, "HasSig": false, "Icao": "AC90A7", "Bad": false, "Reg": "N909AM", "FSeen": "/Date(1544402272247)/", "TSecs": 18957, "CMsgs": 6601, "Alt": -225, "GAlt": 56, "InHg": 30.129921, "AltT": 0, "TAlt": 3008, "Call": "AAL1207", "Lat": 40.776764, "Long": -73.874817, "PosTime": 1544421219469, "Mlat": false, "Tisb": false, "Spd": 0.0, "Trak": 141.4, "TrkH": false, "TTrk": 70.3125, "Type": "A321", "Mdl": "Airbus A321 231SL", "Man": "Airbus", "CNum": "7756", "From": "KDFW Dallas Fort Worth, Dallas-Fort Worth, United States", "To": "KSAN San Diego, United States", "Op": "American Airlines", "OpIcao": "AAL", "Sqk": "6211", "Help": false, "Vsi": -896, "VsiT": 0, "Dst": 16.88, "Brng": 332.2, "WTC": 2, "Species": 1, "Engines": "2", "EngType": 3, "EngMount": 0, "Mil": false, "Cou": "United States", "HasPic": false, "Interested": false, "FlightsCount": 0, "Gnd": true, "SpdTyp": 0, "CallSus": false, "Trt": 5, "Year": "2017"}], "totalAc": 4231, "lastDv": "636799846299813059", "shtTrlSec": 65, "stm": 1544421229496}