{"src": 1, "feeds": [{"id": 1, "name": "From Cons", "polarPlot": false}], "srcFeed": 1, "showSil": true, "showFlg": true, "showPic": true, "flgH": 20, "flgW": 85, "acList": [{"Id": 11267611, "Rcvr": 1, "HasSig": false, "Icao": "ABEE1B", "Bad": false, "Reg": "N868RW", "FSeen": "/Date(1544408866629)/", "TSecs": 142, "CMsgs": 82, "Alt": 4725, "GAlt": 5015, "InHg": 30.2096462, "AltT": 0, "Call": "RPA6073", "Lat": 40.879568, "Long": -73.976503, "PosTime": 1544409007728, "Mlat": true, "Tisb": false, "Trak": 296.2, "TrkH": false, "Type": "E170", "Mdl": "2006 EMBRAER ERJ 170-100SU", "Man": "Embraer", "CNum": "17000131", "Op": "SHUTTLE AMERICA CORP     - INDIANAPOLIS, IN", "OpIcao": "RPA", "Sqk": "1647", "Help": false, "VsiT": 0, "Dst": 31.07, "Brng": 328.1, "WTC": 2, "Species": 1, "Engines": "2", "EngType": 3, "EngMount": 0, "Mil": false, "Cou": "United States", "HasPic": false, "Interested": false, "FlightsCount": 0, "Gnd": false, "SpdTyp": 0, "CallSus": true, "Trt": 2, "Year": "2006"}, {"Id": 11002442, "Rcvr": 1, "HasSig": true, "Sig": 201, "Icao": "A7E24A", "Bad": false, "Reg": "N607LR", "FSeen": "/Date(1544408705420)/", "TSecs": 304, "CMsgs": 180, "Alt": 10800, "GAlt": 11090, "InHg": 30.2096462, "AltT": 0, "Lat": 40.762303, "Long": -73.518385, "PosTime": 1544409006154, "Mlat": true, "Tisb": false, "Trak": 51.0, "TrkH": false, "Type": "CRJ9", "Mdl": "2008 BOMBARDIER INC CL-600-2D24", "Man": "Bombardier", "CNum": "15178", "Op": "DELTA AIR LINES INC     - ATLANTA, GA", "OpIcao": "EDV", "Sqk": "1763", "Help": false, "VsiT": 0, "Dst": 25.86, "Brng": 58.9, "WTC": 2, "Species": 1, "Engines": "2", "EngType": 3, "EngMount": 1, "Mil": false, "Cou": "United States", "HasPic": false, "Interested": false, "FlightsCount": 0, "Gnd": false, "SpdTyp": 0, "CallSus": false, "Trt": 2, "Year": "2008"}, {"Id": 4196017, "Rcvr": 1, "HasSig": false, "Icao": "4006B1", "Bad": false, "Reg": "G-BYGA", "FSeen": "/Date(1544408512095)/", "TSecs": 497, "CMsgs": 100, "Alt": 6075, "GAlt": 6385, "InHg": 30.2303143, "AltT": 0, "Call": "BAW172", "Lat": 40.551315, "Long": -73.670959, "PosTime": 1544409007728, "Mlat": false, "Tisb": false, "Spd": 271.0, "Trak": 55.2, "TrkH": false, "Type": "B744", "Mdl": "Boeing 747 436", "Man": "Boeing", "CNum": "28855", "From": "KJFK John F Kennedy, New York, United States", "To": "EGLL London Heathrow, United Kingdom", "Op": "British Airways", "OpIcao": "BAW", "Sqk": "3006", "Help": false, "Vsi": 3072, "VsiT": 0, "Dst": 13.77, "Brng": 137.4, "WTC": 3, "Species": 1, "Engines": "4", "EngType": 3, "EngMount": 0, "Mil": false, "Cou": "United Kingdom", "HasPic": false, "Interested": false, "FlightsCount": 0, "Gnd": false, "SpdTyp": 0, "CallSus": false, "Trt": 2, "Year": "1998"}, {"Id": 5024306, "Rcvr": 1, "HasSig": true, "Sig": 195, "Icao": "4CAA32", "Bad": false, "Reg": "EI-EJM", "FSeen": "/Date(1544408453513)/", "TSecs": 556, "CMsgs": 167, "Alt": 9500, "GAlt": 9810, "InHg": 30.2303143, "AltT": 0, "TAlt": 23000, "Call": "AZA605", "Lat": 40.467911, "Long": -73.556458, "PosTime": 1544409007727, "Mlat": false, "Tisb": false, "Spd": 295.0, "Trak": 120.6, "TrkH": false, "TTrk": 214.0, "Type": "A332", "Mdl": "Airbus A330 202", "Man": "Airbus", "CNum": "1308", "From": "KJFK John F Kennedy, New York, United States", "To": "LIMC Malpensa, Milan, Italy", "Op": "Alitalia", "OpIcao": "AZA", "Sqk": "1744", "Help": false, "Vsi": 2880, "VsiT": 0, "Dst": 27.16, "Brng": 135.6, "WTC": 3, "Species": 1, "Engines": "2", "EngType": 3, "EngMount": 0, "Mil": false, "Cou": "Ireland", "HasPic": false, "Interested": false, "FlightsCount": 0, "Gnd": false, "SpdTyp": 0, "CallSus": false, "Trt": 4, "Year": "2012"}, {"Id": 11307843, "Rcvr": 1, "HasSig": true, "Sig": 175, "Icao": "AC8B43", "Bad": false, "Reg": "N907XJ", "FSeen": "/Date(1544408267954)/", "TSecs": 741, "CMsgs": 308, "Alt": 1250, "GAlt": 1684, "InHg": 30.35433, "AltT": 0, "Lat": 40.652756, "Long": -73.828491, "PosTime": 1544409007705, "Mlat": false, "Tisb": false, "Spd": 151.9, "Trak": 290.8, "TrkH": false, "Type": "CRJ9", "Mdl": "2007 BOMBARDIER INC CL-600-2D24", "Man": "Bombardier", "CNum": "15139", "Op": "DELTA AIR LINES INC     - ATLANTA, GA", "OpIcao": "EDV", "Sqk": "2152", "Help": false, "Vsi": 2560, "VsiT": 1, "Dst": 4.14, "Brng": 286.0, "WTC": 2, "Species": 1, "Engines": "2", "EngType": 3, "EngMount": 1, "Mil": false, "Cou": "United States", "HasPic": false, "Interested": false, "FlightsCount": 0, "Gnd": false, "SpdTyp": 0, "CallSus": false, "Trt": 2, "Year": "2007"}, {"Id": 11039018, "Rcvr": 1, "HasSig": true, "Sig": 53, "Icao": "A8712A", "Bad": false, "Reg": "N643JB", "FSeen": "/Date(1544408131268)/", "TSecs": 878, "CMsgs": 212, "Alt": 11750, "GAlt": 12040, "InHg": 30.2096462, "AltT": 0, "TAlt": 12000, "Call": "JBU499", "Lat": 40.722641, "Long": -74.122634, "PosTime": 1544409006154, "Mlat": false, "Tisb": false, "Spd": 333.1, "Trak": 187.8, "TrkH": false, "TTrk": 0.0, "Type": "A320", "Mdl": "2006 AIRBUS A320-232", "Man": "Airbus", "CNum": "2871", "From": "KLGA La Guardia, New York, United States", "To": "KMCO Orlando, United States", "Op": "JetBlue Airways", "OpIcao": "JBU", "Sqk": "7160", "Help": false, "Vsi": 0, "VsiT": 1, "Dst": 30.13, "Brng": 287.3, "WTC": 2, "Species": 1, "Engines": "2", "EngType": 3, "EngMount": 0, "Mil": false, "Cou": "United States", "HasPic": false, "Interested": false, "FlightsCount": 0, "Gnd": false, "SpdTyp": 0, "CallSus": false, "Trt": 2, "Year": "2006"}, {"Id": 10790179, "Rcvr": 1, "HasSig": false, "Icao": "A4A523", "Bad": false, "Reg": "N399KK", "FSeen": "/Date(1544408081467)/", "TSecs": 928, "CMsgs": 391, "Alt": -225, "GAlt": 65, "InHg": 30.2096462, "AltT": 0, "Call": "N399KK", "Lat": 40.754341, "Long": -74.007545, "PosTime": 1544408999602, "Mlat": false, "Tisb": false, "Spd": 0.0, "Trak": 329.1, "TrkH": false, "Type": "S76", "Mdl": "2003 SIKORSKY S-76C", "Man": "Sikorsky", "CNum": "760550", "Op": "CITIFLIGHT INC     - WHITE PLAINS, NY", "Sqk": "1200", "Help": false, "Vsi": 64, "VsiT": 0, "Dst": 22.77, "Brng": 303.2, "WTC": 1, "Species": 4, "Engines": "2", "EngType": 2, "EngMount": 0, "Mil": false, "Cou": "United States", "HasPic": false, "Interested": false, "FlightsCount": 0, "Gnd": false, "SpdTyp": 0, "CallSus": false, "Trt": 5, "Year": "2003"}, {"Id": 12585852, "Rcvr": 1, "HasSig": true, "Sig": 52, "Icao": "C00B7C", "Bad": false, "Reg": "C-FEJB", "FSeen": "/Date(1544406015193)/", "TSecs": 2994, "CMsgs": 1473, "Alt": 2050, "GAlt": 2301, "InHg": 30.1712589, "AltT": 0, "Call": "SKV7642", "Lat": 40.8796, "Long": -73.7927, "PosTime": 1544409006134, "Mlat": true, "Tisb": false, "Spd": 167.3, "Trak": 213.0, "TrkH": false, "Type": "E170", "Mdl": "Embraer EMB-175 SU", "Man": "Embraer", "CNum": "17000086", "From": "CYUL Montreal / Pierre Elliott Trudeau, Montr\u00e9al, Canada", "To": "KLGA La Guardia, New York, United States", "Op": "Air Canada Express", "OpIcao": "SKV", "Sqk": "6565", "Help": false, "Vsi": -768, "VsiT": 1, "Dst": 26.38, "Brng": 357.9, "WTC": 2, "Species": 1, "Engines": "2", "EngType": 3, "EngMount": 0, "Mil": false, "Cou": "Canada", "HasPic": false, "Interested": false, "FlightsCount": 0, "Gnd": false, "SpdTyp": 0, "CallSus": true, "Trt": 2, "Year": "2005"}, {"Id": 11091324, "Rcvr": 1, "HasSig": false, "Icao": "A93D7C", "Bad": false, "Reg": "N695CA", "FSeen": "/Date(1544404033483)/", "TSecs": 4976, "CMsgs": 2771, "Alt": 34475, "GAlt": 34776, "InHg": 30.2214565, "AltT": 0, "TAlt": 36992, "Call": "EDV5236", "Lat": 40.368938, "Long": -73.922005, "PosTime": 1544409006129, "Mlat": false, "Tisb": false, "Spd": 555.0, "Trak": 36.7, "TrkH": false, "TTrk": 40.78125, "Type": "CRJ9", "Mdl": "2006 BOMBARDIER INC CL-600-2D24", "Man": "Bombardier", "CNum": "15097", "Op": "Delta Air Lines", "OpIcao": "EDV", "Sqk": "3036", "Help": false, "Vsi": -2112, "VsiT": 0, "Dst": 32.66, "Brng": 201.4, "WTC": 2, "Species": 1, "Engines": "2", "EngType": 3, "EngMount": 1, "Mil": false, "Cou": "United States", "HasPic": false, "Interested": false, "FlightsCount": 0, "Gnd": false, "SpdTyp": 0, "CallSus": false, "Trt": 5, "Year": "2006"}, {"Id": 10663679, "Rcvr": 1, "HasSig": false, "Icao": "A2B6FF", "Bad": false, "Reg": "N274SY", "FSeen": "/Date(1544403563473)/", "TSecs": 5446, "CMsgs": 3085, "Alt": 6050, "GAlt": 6322, "InHg": 30.191576, "AltT": 0, "TAlt": 13024, "Call": "SKW3785", "Lat": 40.579193, "Long": -74.095276, "PosTime": 1544409007691, "Mlat": false, "Tisb": false, "Spd": 269.0, "Trak": 40.2, "TrkH": false, "Type": "E75L", "Mdl": "ERJ 170-200 LR", "Man": "Embraer", "CNum": "17000736 ", "Op": "SkyWest Airlines", "OpIcao": "SKW", "Sqk": "4602", "Help": false, "Vsi": -1984, "VsiT": 1, "Dst": 27.42, "Brng": 255.2, "WTC": 2, "Species": 1, "Engines": "2", "EngType": 3, "EngMount": 0, "Mil": false, "Cou": "United States", "HasPic": false, "Interested": false, "FlightsCount": 0, "Gnd": false, "SpdTyp": 0, "CallSus": false, "Trt": 5, "Year": "2018"}, {"Id": 10956578, "Rcvr": 1, "HasSig": true, "Sig": 120, "Icao": "A72F22", "Bad": false, "Reg": "N562JB", "FSeen": "/Date(1544403419095)/", "TSecs": 5590, "CMsgs": 2647, "Alt": -250, "GAlt": 69, "InHg": 30.2388229, "AltT": 0, "TAlt": 3008, "Call": "JBU1818", "Lat": 40.633186, "Long": -73.768875, "PosTime": 1544406818368, "Mlat": false, "PosStale": true, "Tisb": false, "Spd": 0.1, "Trak": 210.9, "TrkH": false, "TTrk": 0.0, "Type": "A320", "Mdl": "2003 AIRBUS A320-232", "Man": "Airbus", "CNum": "1948", "From": "TTPP Piarco, Port of Spain, Trinidad and Tobago", "To": "KJFK John F Kennedy, New York, United States", "Op": "JetBlue Airways", "OpIcao": "JBU", "Sqk": "2666", "Help": false, "Vsi": -640, "VsiT": 0, "Dst": 1.47, "Brng": 134.6, "WTC": 2, "Species": 1, "Engines": "2", "EngType": 3, "EngMount": 0, "Mil": false, "Cou": "United States", "HasPic": false, "Interested": false, "FlightsCount": 0, "Gnd": true, "SpdTyp": 0, "CallSus": false, "Trt": 5, "Year": "2003"}, {"Id": 11313199, "Rcvr": 1, "HasSig": true, "Sig": 6, "Icao": "ACA02F", "Bad": false, "Reg": "N912XJ", "FSeen": "/Date(1544403379241)/", "TSecs": 5630, "CMsgs": 3102, "Alt": 3650, "GAlt": 3922, "InHg": 30.191576, "AltT": 0, "TAlt": 3008, "Call": "EDV5149", "Lat": 40.7715, "Long": -73.797485, "PosTime": 1544409002623, "Mlat": false, "Tisb": false, "Spd": 254.3, "Trak": 33.9, "TrkH": false, "TTrk": 40.078125, "Type": "CRJ9", "Mdl": "2007 BOMBARDIER INC CL-600-2D24", "Man": "Bombardier", "CNum": "15144", "Op": "DELTA AIR LINES INC     - ATLANTA, GA", "OpIcao": "EDV", "Sqk": "1007", "Help": false, "Vsi": -576, "VsiT": 0, "Dst": 14.41, "Brng": 354.6, "WTC": 2, "Species": 1, "Engines": "2", "EngType": 3, "EngMount": 1, "Mil": false, "Cou": "United States", "HasPic": false, "Interested": false, "FlightsCount": 0, "Gnd": false, "SpdTyp": 0, "CallSus": false, "Trt": 5, "Year": "2007"}, {"Id": 11346322, "Rcvr": 1, "HasSig": false, "Icao": "AD2192", "Bad": false, "Reg": "N945UW", "FSeen": "/Date(1544403289573)/", "TSecs": 5719, "CMsgs": 3195, "Alt": 0, "GAlt": 160, "InHg": 30.0797253, "AltT": 0, "Call": "C31662", "Lat": 40.808669, "Long": -73.853219, "PosTime": 1544408986417, "Mlat": true, "Tisb": false, "Spd": 484.4, "Trak": 37.7, "TrkH": false, "Type": "E190", "Mdl": " EMBRAER ERJ 190-100 IGW", "Man": "Embraer", "CNum": "19000062", "Op": "US AIRWAYS INC     - FORT WORTH, TX", "OpIcao": "AAL", "Sqk": "7227", "Help": false, "Vsi": 64, "VsiT": 1, "Dst": 19.45, "Brng": 341.9, "WTC": 2, "Species": 1, "Engines": "2", "EngType": 3, "EngMount": 0, "Mil": false, "Cou": "United States", "HasPic": false, "Interested": false, "FlightsCount": 0, "Gnd": false, "SpdTyp": 0, "CallSus": false, "Trt": 2}, {"Id": 11231489, "Rcvr": 1, "HasSig": false, "Icao": "AB6101", "Bad": false, "Reg": "N832NN", "FSeen": "/Date(1544403278984)/", "TSecs": 5730, "CMsgs": 3248, "Alt": 2225, "GAlt": 2515, "InHg": 30.2096462, "AltT": 0, "Call": "AAL294", "Lat": 40.870102, "Long": -73.733826, "PosTime": 1544409007691, "Mlat": false, "Tisb": false, "Spd": 164.0, "Trak": 325.9, "TrkH": false, "Type": "B738", "Mdl": "2010 BOEING 737-823", "Man": "Boeing", "CNum": "33521", "From": "KDFW Dallas Fort Worth, Dallas-Fort Worth, United States", "To": "KLGA La Guardia, New York, United States", "Op": "American Airlines", "OpIcao": "AAL", "Sqk": "7262", "Help": false, "Vsi": -1600, "VsiT": 0, "Dst": 25.62, "Brng": 9.0, "WTC": 2, "Species": 1, "Engines": "2", "EngType": 3, "EngMount": 0, "Mil": false, "Cou": "United States", "HasPic": false, "Interested": false, "FlightsCount": 0, "Gnd": false, "SpdTyp": 0, "CallSus": false, "Trt": 2, "Year": "2010"}, {"Id": 11357226, "Rcvr": 1, "HasSig": true, "Sig": 13, "Icao": "AD4C2A", "Bad": false, "Reg": "N956NN", "FSeen": "/Date(1544403102599)/", "TSecs": 5906, "CMsgs": 3288, "Alt": 2919, "GAlt": 3209, "InHg": 30.2096462, "AltT": 0, "Call": "AAL295", "Lat": 40.776688, "Long": -73.877969, "PosTime": 1544408992834, "Mlat": false, "Tisb": false, "Spd": 110.0, "Trak": 213.8, "TrkH": false, "Type": "B738", "Mdl": "2014 BOEING 737-823", "Man": "Boeing", "CNum": "31200", "From": "KMIA Miami, United States", "To": "KLAX Los Angeles, United States", "Op": "American Airlines", "OpIcao": "AAL", "Sqk": "3143", "Help": false, "Vsi": -512, "VsiT": 0, "Dst": 17.0, "Brng": 331.4, "WTC": 2, "Species": 1, "Engines": "2", "EngType": 3, "EngMount": 0, "Mil": false, "Cou": "United States", "HasPic": false, "Interested": false, "FlightsCount": 0, "Gnd": true, "SpdTyp": 0, "CallSus": false, "Trt": 2, "Year": "2014"}, {"Id": 10660826, "Rcvr": 1, "HasSig": false, "Icao": "A2ABDA", "Bad": false, "Reg": "N271SY", "FSeen": "/Date(1544403002150)/", "TSecs": 6007, "CMsgs": 3364, "Alt": 1825, "GAlt": 2120, "InHg": 30.2151985, "AltT": 0, "TAlt": 3008, "Call": "SKW3792", "Lat": 40.59343, "Long": -73.648743, "PosTime": 1544409006127, "Mlat": false, "Tisb": false, "Spd": 154.0, "Trak": 300.7, "TrkH": false, "Type": "E75L", "Mdl": "Embraer EMB-175 LL", "Man": "Embraer", "CNum": "17000729", "Op": "Delta Connection", "OpIcao": "SKW", "Sqk": "6526", "Help": false, "Vsi": -896, "VsiT": 1, "Dst": 12.45, "Brng": 116.0, "WTC": 2, "Species": 1, "Engines": "2", "EngType": 3, "EngMount": 0, "Mil": false, "Cou": "United States", "HasPic": false, "Interested": false, "FlightsCount": 0, "Gnd": false, "SpdTyp": 0, "CallSus": false, "Trt": 5, "Year": "2018"}, {"Id": 11211993, "Rcvr": 1, "HasSig": true, "Sig": 63, "Icao": "AB14D9", "Bad": false, "Reg": "N813DN", "FSeen": "/Date(1544402840314)/", "TSecs": 6169, "CMsgs": 3328, "Alt": -250, "GAlt": 60, "InHg": 30.2303143, "AltT": 0, "Call": "DAL214", "Lat": 40.629478, "Long": -73.77005, "PosTime": 1544408934225, "Mlat": false, "Tisb": false, "Spd": 15.0, "Trak": 303.8, "TrkH": false, "Type": "B739", "Mdl": "2014 BOEING 737-932ER", "Man": "Boeing", "CNum": "31925", "From": "LGAV Eleftherios Venizelos, Athens, Greece", "To": "KJFK John F Kennedy, New York, United States", "Op": "Delta Air Lines", "OpIcao": "DAL", "Sqk": "7154", "Help": false, "Vsi": -128, "VsiT": 0, "Dst": 1.73, "Brng": 146.8, "WTC": 2, "Species": 1, "Engines": "2", "EngType": 3, "EngMount": 0, "Mil": false, "Cou": "United States", "HasPic": false, "Interested": false, "FlightsCount": 0, "Gnd": true, "SpdTyp": 0, "CallSus": false, "Trt": 2, "Year": "2014"}, {"Id": 10726522, "Rcvr": 1, "HasSig": false, "Icao": "A3AC7A", "Bad": false, "Reg": "N336DX", "FSeen": "/Date(1544402107434)/", "TSecs": 6902, "CMsgs": 3750, "Alt": 875, "GAlt": 1176, "InHg": 30.2214565, "AltT": 0, "TAlt": 10016, "Call": "DAL869", "Lat": 40.83041, "Long": -73.833427, "PosTime": 1544409007672, "Mlat": false, "Tisb": false, "Spd": 144.0, "Trak": 212.3, "TrkH": false, "TTrk": 70.3125, "Type": "A321", "Mdl": "Airbus A321 211SL", "Man": "Airbus", "CNum": "8063", "From": "KEWR Newark Liberty, United States", "To": "KDTW Detroit Metropolitan Wayne County, United States", "Op": "Delta Air Lines", "OpIcao": "DAL", "Sqk": "1701", "Help": false, "Vsi": -832, "VsiT": 1, "Dst": 21.35, "Brng": 348.1, "WTC": 2, "Species": 1, "Engines": "2", "EngType": 3, "EngMount": 0, "Mil": false, "Cou": "United States", "HasPic": false, "Interested": false, "FlightsCount": 0, "Gnd": false, "SpdTyp": 0, "CallSus": false, "Trt": 5, "Year": "2017"}, {"Id": 10868080, "Rcvr": 1, "HasSig": false, "Icao": "A5D570", "Bad": false, "Reg": "N475UA", "FSeen": "/Date(1544401662963)/", "TSecs": 7346, "CMsgs": 3996, "Alt": -250, "GAlt": 51, "InHg": 30.2214565, "AltT": 0, "Call": "UAL1814", "Lat": 40.704765, "Long": -74.160149, "PosTime": 1544408870250, "Mlat": true, "PosStale": true, "Tisb": false, "Spd": 304.0, "Trak": 43.0, "TrkH": false, "Type": "A320", "Mdl": "2001 AIRBUS INDUSTRIE A320-232", "Man": "Airbus", "CNum": "1495", "From": "KIAH George Bush Intercontinental Houston, United States", "To": "KEWR Newark Liberty, United States", "Stops": ["KTPA Tampa, United States"], "Op": "United Airlines", "OpIcao": "UAL", "Sqk": "2332", "Help": false, "Vsi": -1100, "VsiT": 0, "Dst": 32.69, "Brng": 282.4, "WTC": 2, "Species": 1, "Engines": "2", "EngType": 3, "EngMount": 0, "Mil": false, "Cou": "United States", "HasPic": false, "Interested": false, "FlightsCount": 0, "Gnd": true, "SpdTyp": 0, "CallSus": true, "Trt": 2, "Year": "2001"}, {"Id": 10755700, "Rcvr": 1, "HasSig": true, "Sig": 190, "Icao": "A41E74", "Bad": false, "Reg": "N36469", "FSeen": "/Date(1544401247586)/", "TSecs": 7761, "CMsgs": 4279, "Alt": 2725, "GAlt": 3015, "InHg": 30.2096462, "AltT": 0, "TAlt": 3008, "Call": "UAL1076", "Lat": 40.836787, "Long": -74.074381, "PosTime": 1544408999570, "Mlat": false, "Tisb": false, "Spd": 175.5, "Trak": 201.7, "TrkH": false, "TTrk": 189.84375, "Type": "B739", "Mdl": "2013 BOEING 737-924ER", "Man": "Boeing", "CNum": "36600", "From": "KSFO San Francisco, United States", "To": "KEWR Newark Liberty, United States", "Op": "United Airlines", "OpIcao": "UAL", "Sqk": "6617", "Help": false, "Vsi": 0, "VsiT": 0, "Dst": 32.81, "Brng": 311.3, "WTC": 2, "Species": 1, "Engines": "2", "EngType": 3, "EngMount": 0, "Mil": false, "Cou": "United States", "HasPic": false, "Interested": false, "FlightsCount": 0, "Gnd": false, "SpdTyp": 0, "CallSus": false, "Trt": 5, "Year": "2013"}, {"Id": 11105991, "Rcvr": 1, "HasSig": true, "Sig": 192, "Icao": "A976C7", "Bad": false, "Reg": "N709JB", "FSeen": "/Date(1544401007392)/", "TSecs": 8002, "CMsgs": 3685, "Alt": -250, "GAlt": 60, "InHg": 30.2303143, "AltT": 0, "TAlt": 35008, "Call": "JBU1295", "Lat": 40.632591, "Long": -73.767609, "PosTime": 1544406220944, "Mlat": false, "PosStale": true, "Tisb": false, "Spd": 0.4, "Trak": 191.3, "TrkH": false, "TTrk": 0.0, "Type": "A320", "Mdl": "2008 AIRBUS A320-232", "Man": "Airbus", "CNum": "3488", "From": "KJFK John F Kennedy, New York, United States", "To": "KAUS Austin Bergstrom, United States", "Op": "JetBlue Airways", "OpIcao": "JBU", "Sqk": "1553", "Help": false, "Vsi": -128, "VsiT": 0, "Dst": 1.59, "Brng": 133.6, "WTC": 2, "Species": 1, "Engines": "2", "EngType": 3, "EngMount": 0, "Mil": false, "Cou": "United States", "HasPic": false, "Interested": false, "FlightsCount": 0, "Gnd": true, "SpdTyp": 0, "CallSus": false, "Trt": 5, "Year": "2008"}, {"Id": 10589767, "Rcvr": 1, "HasSig": false, "Icao": "A19647", "Bad": false, "Reg": "N201FR", "FSeen": "/Date(1544400865215)/", "TSecs": 8144, "CMsgs": 4270, "Alt": -250, "GAlt": 40, "InHg": 30.2096462, "AltT": 0, "Call": "1596", "Lat": 40.77813, "Long": -73.874802, "PosTime": 1544408987818, "Mlat": false, "Tisb": false, "Spd": 20.0, "Trak": 59.1, "TrkH": false, "Type": "A320", "Mdl": "2008 AIRBUS A320-214", "Man": "Airbus", "CNum": "3389", "Op": "Frontier Airlines", "OpIcao": "FFT", "Sqk": "1441", "Help": false, "Vsi": -192, "VsiT": 0, "Dst": 17.02, "Brng": 332.4, "WTC": 2, "Species": 1, "Engines": "2", "EngType": 3, "EngMount": 0, "Mil": false, "Cou": "United States", "HasPic": false, "Interested": false, "FlightsCount": 0, "Gnd": true, "SpdTyp": 0, "CallSus": false, "Trt": 2, "Year": "2008"}, {"Id": 10590792, "Rcvr": 1, "HasSig": true, "Sig": 0, "Icao": "A19A48", "Bad": false, "Reg": "N202JQ", "FSeen": "/Date(1544400770782)/", "TSecs": 8238, "CMsgs": 4299, "Alt": 3750, "GAlt": 4060, "InHg": 30.2303143, "AltT": 0, "Call": "RPA5995", "Lat": 40.703415, "Long": -73.942732, "PosTime": 1544409006126, "Mlat": true, "Tisb": false, "Spd": 473.9, "Trak": 48.7, "TrkH": false, "Type": "E75S", "Mdl": "2008 EMBRAER-EMPRESA BRASILEIRA DE ERJ 170-200 LR", "Man": "Embraer", "CNum": "17000240", "Op": "SHUTTLE AMERICA CORP     - INDIANAPOLIS, IN", "OpIcao": "RPA", "Sqk": "7141", "Help": false, "Vsi": 0, "VsiT": 0, "Dst": 15.21, "Brng": 296.5, "WTC": 2, "Species": 1, "Engines": "2", "EngType": 3, "EngMount": 0, "Mil": false, "Cou": "United States", "HasPic": false, "Interested": false, "FlightsCount": 0, "Gnd": false, "SpdTyp": 0, "CallSus": true, "Trt": 2, "Year": "2008"}, {"Id": 4804978, "Rcvr": 1, "HasSig": true, "Sig": 128, "Icao": "495172", "Bad": false, "Reg": "CS-TKR", "FSeen": "/Date(1544400431331)/", "TSecs": 8578, "CMsgs": 4673, "Alt": -225, "GAlt": 85, "InHg": 30.2303143, "AltT": 0, "Call": "LOT26", "Lat": 40.632545, "Long": -73.767471, "PosTime": 1544408920144, "Mlat": false, "Tisb": false, "Spd": 19.0, "Trak": 2.8, "TrkH": false, "Type": "B763", "Mdl": "Boeing 767 36NER", "Man": "Boeing", "CNum": "30854", "From": "EPWA Warsaw Chopin, Poland", "To": "KJFK John F Kennedy, New York, United States", "Op": "Air Niugini", "OpIcao": "ANG", "Sqk": "2504", "Help": false, "Vsi": -896, "VsiT": 0, "Dst": 1.61, "Brng": 133.5, "WTC": 3, "Species": 1, "Engines": "2", "EngType": 3, "EngMount": 0, "Mil": false, "Cou": "Portugal", "HasPic": false, "Interested": false, "FlightsCount": 0, "Gnd": true, "SpdTyp": 0, "CallSus": false, "Trt": 2, "Year": "2001"}, {"Id": 10925303, "Rcvr": 1, "HasSig": true, "Sig": 60, "Icao": "A6B4F7", "Bad": false, "Reg": "N531JL", "FSeen": "/Date(1544400039701)/", "TSecs": 8969, "CMsgs": 3886, "Alt": -250, "GAlt": 92, "InHg": 30.26245, "AltT": 0, "TAlt": 3008, "Call": "JBU429", "Lat": 40.632534, "Long": -73.767502, "PosTime": 1544403068465, "Mlat": false, "PosStale": true, "Tisb": false, "Spd": 8.0, "Trak": 210.9, "TrkH": false, "TTrk": 0.0, "Type": "A320", "Mdl": "2001 AIRBUS INDUSTRIE A320-232", "Man": "Airbus", "CNum": "1650", "From": "KBOS General Edward Lawrence Logan, Boston, United States", "To": "KSMF Sacramento, United States", "Op": "JetBlue Airways", "OpIcao": "JBU", "Sqk": "3337", "Help": false, "Vsi": -128, "VsiT": 0, "Dst": 1.61, "Brng": 133.6, "WTC": 2, "Species": 1, "Engines": "2", "EngType": 3, "EngMount": 0, "Mil": false, "Cou": "United States", "HasPic": false, "Interested": false, "FlightsCount": 0, "Gnd": true, "SpdTyp": 0, "CallSus": false, "Trt": 5, "Year": "2001"}, {"Id": 10957529, "Rcvr": 1, "HasSig": true, "Sig": 159, "Icao": "A732D9", "Bad": false, "Reg": "N563JB", "FSeen": "/Date(1544399788612)/", "TSecs": 9220, "CMsgs": 3971, "Alt": -250, "GAlt": 69, "InHg": 30.2388229, "AltT": 0, "TAlt": 2016, "Call": "JBU1042", "Lat": 40.629398, "Long": -73.769943, "PosTime": 1544405433448, "Mlat": false, "PosStale": true, "Tisb": false, "Spd": 0.0, "Trak": 239.1, "TrkH": false, "TTrk": 279.84375, "Type": "A320", "Mdl": "2003 AIRBUS A320-232", "Man": "Airbus", "CNum": "2006", "From": "KSAV Savannah Hilton Head, United States", "To": "KJFK John F Kennedy, New York, United States", "Op": "JetBlue Airways", "OpIcao": "JBU", "Sqk": "6017", "Help": false, "Vsi": -576, "VsiT": 0, "Dst": 1.74, "Brng": 146.7, "WTC": 2, "Species": 1, "Engines": "2", "EngType": 3, "EngMount": 0, "Mil": false, "Cou": "United States", "HasPic": false, "Interested": false, "FlightsCount": 0, "Gnd": true, "SpdTyp": 0, "CallSus": false, "Trt": 5, "Year": "2003"}, {"Id": 11121263, "Rcvr": 1, "HasSig": false, "Icao": "A9B26F", "Bad": false, "Reg": "N724AG", "FSeen": "/Date(1544397797560)/", "TSecs": 11211, "CMsgs": 4453, "Alt": 6550, "GAlt": 6840, "InHg": 30.2096462, "AltT": 0, "Call": "N724AG", "Lat": 40.744614, "Long": -73.765518, "PosTime": 1544409007727, "Mlat": false, "Tisb": false, "Spd": 278.0, "Trak": 165.4, "TrkH": false, "Type": "GLF6", "Mdl": "2001 GULFSTREAM AEROSPACE G-V", "Man": "Gulfstream Aerospace", "CNum": "656", "Op": "EDAN LIMITED LLC EDAN LIMITED II LLC    - MORRISTOWN, NJ", "Sqk": "1710", "Help": false, "Vsi": 768, "VsiT": 0, "Dst": 11.43, "Brng": 6.7, "WTC": 2, "Species": 1, "Engines": "2", "EngType": 3, "EngMount": 1, "Mil": false, "Cou": "United States", "HasPic": false, "Interested": false, "FlightsCount": 0, "Gnd": false, "SpdTyp": 0, "CallSus": false, "Trt": 4, "Year": "2001"}, {"Id": 10578165, "Rcvr": 1, "HasSig": false, "Icao": "A168F5", "Bad": false, "Reg": "N190JB", "FSeen": "/Date(1544397313564)/", "TSecs": 11695, "CMsgs": 4433, "Alt": -125, "GAlt": 185, "InHg": 30.2303143, "AltT": 0, "Call": "JBU1808", "Lat": 40.759277, "Long": -73.826065, "PosTime": 1544408916347, "Mlat": true, "Tisb": false, "Spd": 286.0, "Trak": 306.8, "TrkH": false, "Type": "E190", "Mdl": "2005 EMBRAER ERJ 190-100 IGW", "Man": "Embraer", "CNum": "19000011", "From": "KIAD Washington Dulles, United States", "To": "KJFK John F Kennedy, New York, United States", "Op": "JetBlue Airways", "OpIcao": "JBU", "Sqk": "2165", "Help": false, "Vsi": 16, "VsiT": 0, "Dst": 13.52, "Brng": 343.8, "WTC": 2, "Species": 1, "Engines": "2", "EngType": 3, "EngMount": 0, "Mil": false, "Cou": "United States", "HasPic": false, "Interested": false, "FlightsCount": 0, "Gnd": false, "SpdTyp": 0, "CallSus": true, "Trt": 2, "Year": "2005"}, {"Id": 4704474, "Rcvr": 1, "HasSig": true, "Sig": 70, "Icao": "47C8DA", "Bad": false, "Reg": "LN-LNN", "FSeen": "/Date(1544396729716)/", "TSecs": 12279, "CMsgs": 4515, "Alt": -250, "GAlt": 60, "InHg": 30.2303143, "AltT": 0, "TAlt": 3008, "Call": "NAX9V", "Lat": 40.642197, "Long": -73.799507, "PosTime": 1544408984285, "Mlat": false, "Tisb": false, "Spd": 2.0, "Trak": 149.1, "TrkH": false, "TTrk": 224.296875, "Type": "B789", "Mdl": "Boeing 787 9", "Man": "Boeing", "CNum": "38891", "Op": "Norwegian", "OpIcao": "NAX", "Sqk": "0736", "Help": false, "Vsi": -448, "VsiT": 0, "Dst": 1.54, "Brng": 268.8, "WTC": 3, "Species": 1, "Engines": "2", "EngType": 3, "EngMount": 0, "Mil": false, "Cou": "Norway", "HasPic": false, "Interested": false, "FlightsCount": 0, "Gnd": true, "SpdTyp": 0, "CallSus": false, "Trt": 5, "Year": "2017"}, {"Id": 10958480, "Rcvr": 1, "HasSig": true, "Sig": 165, "Icao": "A73690", "Bad": false, "Reg": "N564JB", "FSeen": "/Date(1544395614045)/", "TSecs": 13395, "CMsgs": 5259, "Alt": -250, "GAlt": 60, "InHg": 30.2303143, "AltT": 0, "TAlt": 18016, "Call": "JBU922", "Lat": 40.633633, "Long": -73.769897, "PosTime": 1544408021013, "Mlat": false, "PosStale": true, "Tisb": false, "Spd": 0.1, "Trak": 210.9, "TrkH": false, "TTrk": 0.0, "Type": "A320", "Mdl": "2003 AIRBUS A320-232", "Man": "Airbus", "CNum": "2020", "From": "KORD Chicago O'Hare, United States", "To": "KBOS General Edward Lawrence Logan, Boston, United States", "Op": "JetBlue Airways", "OpIcao": "JBU", "Sqk": "2000", "Help": false, "Vsi": 256, "VsiT": 0, "Dst": 1.38, "Brng": 135.7, "WTC": 2, "Species": 1, "Engines": "2", "EngType": 3, "EngMount": 0, "Mil": false, "Cou": "United States", "HasPic": false, "Interested": false, "FlightsCount": 0, "Gnd": true, "SpdTyp": 0, "CallSus": false, "Trt": 5, "Year": "2003"}, {"Id": 11373549, "Rcvr": 1, "HasSig": true, "Sig": 74, "Icao": "AD8BED", "Bad": false, "Reg": "N972JT", "FSeen": "/Date(1544394253157)/", "TSecs": 14756, "CMsgs": 4162, "Alt": -250, "GAlt": 92, "InHg": 30.26245, "AltT": 0, "TAlt": 3008, "Call": "JBU2809", "Lat": 40.658432, "Long": -73.791809, "PosTime": 1544396608282, "Mlat": false, "PosStale": true, "Tisb": false, "Spd": 11.0, "Trak": 210.9, "TrkH": false, "Type": "A321", "Mdl": "Airbus A321 231SL", "Man": "Airbus", "CNum": "7455", "Op": "JetBlue Airways", "OpIcao": "JBU", "Sqk": "3022", "Help": false, "Vsi": -576, "VsiT": 0, "Dst": 1.98, "Brng": 333.4, "WTC": 2, "Species": 1, "Engines": "2", "EngType": 3, "EngMount": 0, "Mil": false, "Cou": "United States", "HasPic": false, "Interested": false, "FlightsCount": 0, "Gnd": true, "SpdTyp": 0, "CallSus": false, "Trt": 5, "Year": "2016"}, {"Id": 11103138, "Rcvr": 1, "HasSig": true, "Sig": 113, "Icao": "A96BA2", "Bad": false, "Reg": "N706JB", "FSeen": "/Date(1544393460613)/", "TSecs": 15548, "CMsgs": 4517, "Alt": 6260, "GAlt": 6602, "InHg": 30.26245, "AltT": 0, "TAlt": 4000, "Call": "JBU2989", "Lat": 40.651291, "Long": -73.775894, "PosTime": 1544395940344, "Mlat": false, "PosStale": true, "Tisb": false, "Spd": 0.0, "Trak": 177.2, "TrkH": false, "TTrk": 0.0, "Type": "A320", "Mdl": "2008 AIRBUS A320-232", "Man": "Airbus", "CNum": "3451", "From": "KBOS General Edward Lawrence Logan, Boston, United States", "To": "KDCA Ronald Reagan Washington National, United States", "Op": "JetBlue Airways", "OpIcao": "JBU", "Sqk": "3056", "Help": false, "Vsi": -960, "VsiT": 0, "Dst": 1.08, "Brng": 24.9, "WTC": 2, "Species": 1, "Engines": "2", "EngType": 3, "EngMount": 0, "Mil": false, "Cou": "United States", "HasPic": false, "Interested": false, "FlightsCount": 0, "Gnd": true, "SpdTyp": 0, "CallSus": false, "Trt": 5, "Year": "2008"}, {"Id": 11232410, "Rcvr": 1, "HasSig": false, "Icao": "AB649A", "Bad": false, "Reg": "N833MH", "FSeen": "/Date(1544391032388)/", "TSecs": 17977, "CMsgs": 8608, "Alt": -250, "GAlt": 60, "InHg": 30.2303143, "AltT": 0, "TAlt": 3008, "Call": "DAL1197", "Lat": 40.633495, "Long": -73.778915, "PosTime": 1544408984284, "Mlat": false, "Tisb": false, "Spd": 20.0, "Trak": 300.9, "TrkH": false, "TTrk": 224.296875, "Type": "B764", "Mdl": "2000 BOEING 767-432ER", "Man": "Boeing", "CNum": "29706", "From": "KLAX Los Angeles, United States", "To": "KJFK John F Kennedy, New York, United States", "Op": "Delta Air Lines", "OpIcao": "DAL", "Sqk": "4063", "Help": false, "Vsi": -64, "VsiT": 0, "Dst": 1.02, "Brng": 168.7, "WTC": 3, "Species": 1, "Engines": "2", "EngType": 3, "EngMount": 0, "Mil": false, "Cou": "United States", "HasPic": false, "Interested": false, "FlightsCount": 0, "Gnd": true, "SpdTyp": 0, "CallSus": false, "Trt": 5, "Year": "2000"}, {"Id": 10518986, "Rcvr": 1, "HasSig": false, "Icao": "A081CA", "Bad": false, "Reg": "N13138", "FSeen": "/Date(1544390495424)/", "TSecs": 18514, "CMsgs": 8532, "Alt": -200, "GAlt": 101, "InHg": 30.2214565, "AltT": 0, "TAlt": 18016, "Call": "UAL2018", "Lat": 40.68824, "Long": -74.167465, "PosTime": 1544409007667, "Mlat": false, "Tisb": false, "Spd": 49.0, "Trak": 205.3, "TrkH": false, "TTrk": 116.015625, "Type": "B752", "Mdl": "1999 BOEING 757-224", "Man": "Boeing", "CNum": "30351", "From": "KDEN Denver, United States", "To": "KEWR Newark Liberty, United States", "Op": "United Airlines", "OpIcao": "UAL", "Sqk": "3350", "Help": false, "Vsi": -64, "VsiT": 1, "Dst": 32.97, "Brng": 279.0, "WTC": 2, "Species": 1, "Engines": "2", "EngType": 3, "EngMount": 0, "Mil": false, "Cou": "United States", "HasPic": false, "Interested": false, "FlightsCount": 0, "Gnd": true, "SpdTyp": 0, "CallSus": false, "Trt": 5, "Year": "1999"}, {"Id": 11120751, "Rcvr": 1, "HasSig": true, "Sig": 180, "Icao": "A9B06F", "Bad": false, "Reg": "N723TW", "FSeen": "/Date(1544389874026)/", "TSecs": 19135, "CMsgs": 8519, "Alt": 2750, "GAlt": 3045, "InHg": 30.2151985, "AltT": 0, "TAlt": 12992, "Call": "DAL1164", "Lat": 40.518814, "Long": -73.500854, "PosTime": 1544409007667, "Mlat": false, "Tisb": false, "Spd": 178.4, "Trak": 322.7, "TrkH": false, "TTrk": 352.265625, "Type": "B752", "Mdl": "2000 BOEING 757-231", "Man": "Boeing", "CNum": "29378", "From": "KJFK John F Kennedy, New York, United States", "To": "KBOS General Edward Lawrence Logan, Boston, United States", "Op": "DELTA AIR LINES INC     - ATLANTA, GA", "OpIcao": "DAL", "Sqk": "3704", "Help": false, "Vsi": -64, "VsiT": 0, "Dst": 27.39, "Brng": 120.1, "WTC": 2, "Species": 1, "Engines": "2", "EngType": 3, "EngMount": 0, "Mil": false, "Cou": "United States", "HasPic": false, "Interested": false, "FlightsCount": 0, "Gnd": false, "SpdTyp": 0, "CallSus": false, "Trt": 5, "Year": "2000"}, {"Id": 11363438, "Rcvr": 1, "HasSig": true, "Sig": 170, "Icao": "AD646E", "Bad": false, "Reg": "N962JT", "FSeen": "/Date(1544389476038)/", "TSecs": 19533, "CMsgs": 8813, "Alt": -250, "GAlt": 60, "InHg": 30.2303143, "AltT": 0, "TAlt": 4000, "Lat": 40.642769, "Long": -73.771088, "PosTime": 1544407306749, "Mlat": false, "PosStale": true, "Tisb": false, "Spd": 0.0, "Trak": 199.7, "TrkH": false, "TTrk": 250.0, "Type": "A321", "Mdl": "Airbus A321 231SL", "Man": "Airbus", "CNum": "6988", "Op": "JetBlue Airways", "OpIcao": "JBU", "Sqk": "2000", "Help": false, "Vsi": -1280, "VsiT": 0, "Dst": 0.86, "Brng": 87.9, "WTC": 2, "Species": 1, "Engines": "2", "EngType": 3, "EngMount": 0, "Mil": false, "Cou": "United States", "HasPic": false, "Interested": false, "FlightsCount": 0, "Gnd": true, "SpdTyp": 0, "CallSus": false, "Trt": 4, "Year": "2016"}, {"Id": 9003275, "Rcvr": 1, "HasSig": false, "Icao": "89610B", "Bad": false, "Reg": "A6-ECD", "FSeen": "/Date(1544388992490)/", "TSecs": 20017, "CMsgs": 4330, "Alt": 800, "GAlt": 1090, "InHg": 30.2096462, "AltT": 0, "Call": "UAE209", "Lat": 40.743942, "Long": -74.132019, "PosTime": 1544409006129, "Mlat": false, "Tisb": false, "Spd": 148.0, "Trak": 206.0, "TrkH": false, "Type": "B773", "Mdl": "Boeing 777 36NER", "Man": "Boeing", "CNum": "32795", "From": "OMDB Dubai, United Arab Emirates", "To": "KEWR Newark Liberty, United States", "Stops": ["LGAV Eleftherios Venizelos, Athens, Greece"], "Op": "Emirates Airline", "OpIcao": "UAE", "Sqk": "2465", "Help": false, "Vsi": -832, "VsiT": 0, "Dst": 31.65, "Brng": 291.0, "WTC": 3, "Species": 1, "Engines": "2", "EngType": 3, "EngMount": 0, "Mil": false, "Cou": "United Arab Emirates", "HasPic": false, "Interested": false, "FlightsCount": 0, "Gnd": false, "SpdTyp": 0, "CallSus": false, "Trt": 2, "Year": "2007", "Sat": true}, {"Id": 11039969, "Rcvr": 1, "HasSig": true, "Sig": 190, "Icao": "A874E1", "Bad": false, "Reg": "N644JB", "FSeen": "/Date(1544388071631)/", "TSecs": 20937, "CMsgs": 9488, "Alt": -250, "GAlt": 69, "InHg": 30.2388229, "AltT": 0, "TAlt": 3008, "Call": "JBU514", "Lat": 40.63262, "Long": -73.767653, "PosTime": 1544406725487, "Mlat": false, "PosStale": true, "Tisb": false, "Spd": 0.0, "Trak": 188.4, "TrkH": false, "TTrk": 0.0, "Type": "A320", "Mdl": "2006 AIRBUS A320-232", "Man": "Airbus", "CNum": "2880", "From": "KLGB Long Beach /Daugherty Field/, United States", "To": "KJFK John F Kennedy, New York, United States", "Op": "JetBlue Airways", "OpIcao": "JBU", "Sqk": "2000", "Help": false, "Vsi": -128, "VsiT": 0, "Dst": 1.59, "Brng": 133.6, "WTC": 2, "Species": 1, "Engines": "2", "EngType": 3, "EngMount": 0, "Mil": false, "Cou": "United States", "HasPic": false, "Interested": false, "FlightsCount": 0, "Gnd": true, "SpdTyp": 0, "CallSus": false, "Trt": 5, "Year": "2006"}, {"Id": 10502794, "Rcvr": 1, "HasSig": true, "Sig": 101, "Icao": "A0428A", "Bad": false, "Reg": "N116AN", "FSeen": "/Date(1544386022153)/", "TSecs": 22987, "CMsgs": 9028, "Alt": -250, "GAlt": 60, "InHg": 30.2303143, "AltT": 0, "TAlt": 3008, "Call": "AAL185", "Lat": 40.633713, "Long": -73.770081, "PosTime": 1544405313839, "Mlat": false, "PosStale": true, "Tisb": false, "Spd": 0.0, "Trak": 149.1, "TrkH": false, "TTrk": 0.0, "Type": "A321", "Mdl": "2014 AIRBUS INDUSTRIE A321-231", "Man": "Airbus", "CNum": "6070", "From": "KJFK John F Kennedy, New York, United States", "To": "KLAX Los Angeles, United States", "Op": "American Airlines", "OpIcao": "AAL", "Sqk": "3041", "Help": false, "Vsi": -64, "VsiT": 0, "Dst": 1.36, "Brng": 135.9, "WTC": 2, "Species": 1, "Engines": "2", "EngType": 3, "EngMount": 0, "Mil": false, "Cou": "United States", "HasPic": false, "Interested": false, "FlightsCount": 0, "Gnd": true, "SpdTyp": 0, "CallSus": false, "Trt": 5, "Year": "2014"}, {"Id": 4704458, "Rcvr": 1, "HasSig": true, "Sig": 115, "Icao": "47C8CA", "Bad": false, "Reg": "LN-LNT", "FSeen": "/Date(1544380092148)/", "TSecs": 28917, "CMsgs": 5741, "Alt": -250, "GAlt": 60, "InHg": 30.2303143, "AltT": 0, "TAlt": 4992, "Call": "NAX3RV", "Lat": 40.632832, "Long": -73.773773, "PosTime": 1544408871681, "Mlat": false, "Tisb": false, "Spd": 0.0, "Trak": 71.6, "TrkH": false, "TTrk": 350.15625, "Type": "B789", "Mdl": "Boeing 787 9", "Man": "Boeing", "CNum": "38774", "Op": "Norwegian", "OpIcao": "NAX", "Sqk": "6037", "Help": false, "Vsi": 0, "VsiT": 1, "Dst": 1.25, "Brng": 149.5, "WTC": 3, "Species": 1, "Engines": "2", "EngType": 3, "EngMount": 0, "Mil": false, "Cou": "Norway", "HasPic": false, "Interested": false, "FlightsCount": 0, "Gnd": true, "SpdTyp": 0, "CallSus": false, "Trt": 5, "Year": "2017", "Sat": true}], "totalAc": 5091, "lastDv": "636796354128970176", "shtTrlSec": 65, "stm": 1544409009443}