{"src": 1, "feeds": [{"id": 1, "name": "From Cons", "polarPlot": false}], "srcFeed": 1, "showSil": true, "showFlg": true, "showPic": true, "flgH": 20, "flgW": 85, "acList": [{"Id": 10687484, "Rcvr": 1, "HasSig": true, "Sig": 201, "Icao": "A313FC", "Bad": false, "Reg": "N298JB", "FSeen": "/Date(1544414720221)/", "TSecs": 204, "CMsgs": 131, "Alt": 8400, "GAlt": 8695, "InHg": 30.2151985, "AltT": 0, "TAlt": 11008, "Call": "JBU108", "Lat": 40.591922, "Long": -73.783992, "PosTime": 1544414906084, "Mlat": false, "Tisb": false, "Spd": 286.1, "Trak": 88.6, "TrkH": false, "Type": "E190", "Mdl": "2009 EMBRAER ERJ 190-100 IGW", "Man": "Embraer", "CNum": "19000249", "From": "KJFK John F Kennedy, New York, United States", "To": "KBUF Buffalo Niagara, United States", "Op": "JetBlue Airways", "OpIcao": "JBU", "Sqk": "7122", "Help": false, "Vsi": 2496, "VsiT": 1, "Dst": 5.63, "Brng": 182.3, "WTC": 2, "Species": 1, "Engines": "2", "EngType": 3, "EngMount": 0, "Mil": false, "Cou": "United States", "HasPic": false, "Interested": false, "FlightsCount": 0, "Gnd": false, "SpdTyp": 0, "CallSus": false, "Trt": 5, "Year": "2009"}, {"Id": 10729480, "Rcvr": 1, "HasSig": true, "Sig": 177, "Icao": "A3B808", "Bad": false, "Reg": "N339JB", "FSeen": "/Date(1544414463476)/", "TSecs": 461, "CMsgs": 260, "Alt": 9200, "GAlt": 9490, "InHg": 30.2096462, "AltT": 0, "Lat": 40.64029, "Long": -73.77363, "PosTime": 1544414521474, "Mlat": false, "PosStale": true, "Tisb": false, "Spd": 0.0, "Trak": 206.6, "TrkH": false, "Type": "E190", "Mdl": "2011 EMBRAER ERJ 190-100 IGW", "Man": "Embraer", "CNum": "19000490", "Op": "JetBlue Airways", "OpIcao": "JBU", "Sqk": "2776", "Help": false, "VsiT": 1, "Dst": 0.69, "Brng": 110.7, "WTC": 2, "Species": 1, "Engines": "2", "EngType": 3, "EngMount": 0, "Mil": false, "Cou": "United States", "HasPic": false, "Interested": false, "FlightsCount": 0, "Gnd": true, "SpdTyp": 0, "CallSus": false, "Trt": 2, "Year": "2011"}, {"Id": 11318700, "Rcvr": 1, "HasSig": false, "Icao": "ACB5AC", "Bad": false, "Reg": "N918PD", "FSeen": "/Date(1544414417434)/", "TSecs": 507, "CMsgs": 308, "Alt": 725, "GAlt": 976, "InHg": 30.1712589, "AltT": 0, "Call": "N918PD", "Lat": 40.604965, "Long": -74.068909, "PosTime": 1544414923915, "Mlat": false, "Tisb": false, "Spd": 57.0, "Trak": 170.0, "TrkH": false, "Type": "B429", "Mdl": "BELL HELICOPTER TEXTRON CANADA 429", "Man": "BELL", "CNum": "57188", "Op": "NEW YORK CITY POLICE DEPARTMENT", "Sqk": "0362", "Help": false, "Vsi": 128, "VsiT": 0, "Dst": 24.63, "Brng": 260.3, "WTC": 1, "Species": 4, "Engines": "2", "EngType": 2, "EngMount": 0, "Mil": false, "Cou": "United States", "HasPic": true, "PicX": 700, "PicY": 406, "Interested": false, "FlightsCount": 0, "Gnd": false, "SpdTyp": 0, "CallSus": false, "Tag": "LE", "Trt": 5, "Year": "2014"}, {"Id": 10745898, "Rcvr": 1, "HasSig": true, "Sig": 204, "Icao": "A3F82A", "Bad": false, "Reg": "N355JB", "FSeen": "/Date(1544414365794)/", "TSecs": 559, "CMsgs": 318, "Alt": 11100, "GAlt": 11360, "InHg": 30.1801186, "AltT": 0, "Call": "JBU234", "Lat": 40.578887, "Long": -73.796102, "PosTime": 1544414829420, "Mlat": false, "Tisb": false, "Spd": 247.9, "Trak": 82.8, "TrkH": false, "Type": "E190", "Mdl": "2013 EMBRAER ERJ 190-100 IGW", "Man": "Embraer", "CNum": "19000617", "From": "KJFK John F Kennedy, New York, United States", "To": "KBTV Burlington, United States", "Op": "JetBlue Airways", "OpIcao": "JBU", "Sqk": "1704", "Help": false, "Vsi": 1984, "VsiT": 1, "Dst": 7.18, "Brng": 190.0, "WTC": 2, "Species": 1, "Engines": "2", "EngType": 3, "EngMount": 0, "Mil": false, "Cou": "United States", "HasPic": false, "Interested": false, "FlightsCount": 0, "Gnd": false, "SpdTyp": 0, "CallSus": true, "Trt": 2, "Year": "2013"}, {"Id": 11118416, "Rcvr": 1, "HasSig": true, "Sig": 194, "Icao": "A9A750", "Bad": false, "Reg": "N721AN", "FSeen": "/Date(1544412170670)/", "TSecs": 2754, "CMsgs": 431, "Alt": 2900, "GAlt": 3160, "InHg": 30.1801186, "AltT": 0, "Call": "AAL951", "Lat": 40.598831, "Long": -73.89209, "PosTime": 1544414923932, "Mlat": false, "Tisb": false, "Spd": 267.4, "Trak": 183.0, "TrkH": false, "Type": "B77W", "Mdl": "2013 BOEING 777-323ER", "Man": "Boeing", "CNum": "31546", "From": "KJFK John F Kennedy, New York, United States", "To": "SBGR Guarulhos - Governador Andr\u00e9 Franco Montoro, S\u00e3o Paulo, Brazil", "Op": "American Airlines", "OpIcao": "AAL", "Sqk": "1616", "Help": false, "Vsi": 1664, "VsiT": 0, "Dst": 10.54, "Brng": 242.6, "WTC": 3, "Species": 1, "Engines": "2", "EngType": 3, "EngMount": 0, "Mil": false, "Cou": "United States", "HasPic": false, "Interested": false, "FlightsCount": 0, "Gnd": false, "SpdTyp": 0, "CallSus": false, "Trt": 2, "Year": "2013"}, {"Id": 3958115, "Rcvr": 1, "HasSig": false, "Icao": "3C6563", "Bad": false, "Reg": "D-AIKC", "FSeen": "/Date(1544411689552)/", "TSecs": 3235, "CMsgs": 1341, "Alt": 38325, "GAlt": 38606, "InHg": 30.2007866, "AltT": 0, "Call": "DLH415", "Lat": 40.814987, "Long": -73.827515, "PosTime": 1544414923882, "Mlat": false, "Tisb": false, "Spd": 549.0, "Trak": 49.2, "TrkH": false, "Type": "A333", "Mdl": "Airbus A330 343X", "Man": "Airbus", "CNum": "579", "From": "KIAD Washington Dulles, United States", "To": "EDDM Munich, Germany", "Op": "Lufthansa", "OpIcao": "DLH", "Sqk": "2157", "Help": false, "Vsi": 256, "VsiT": 0, "Dst": 19.57, "Brng": 348.5, "WTC": 3, "Species": 1, "Engines": "2", "EngType": 3, "EngMount": 0, "Mil": false, "Cou": "Germany", "HasPic": false, "Interested": false, "FlightsCount": 0, "Gnd": false, "SpdTyp": 0, "CallSus": false, "Trt": 2, "Year": "2003"}, {"Id": 11273918, "Rcvr": 1, "HasSig": false, "Icao": "AC06BE", "Bad": false, "Reg": "N874RW", "FSeen": "/Date(1544411043201)/", "TSecs": 3881, "CMsgs": 2400, "Alt": 0, "GAlt": 239, "InHg": 30.1594486, "AltT": 0, "TAlt": 4000, "Call": "RPA5965", "Lat": 40.79126, "Long": -73.865829, "PosTime": 1544414923870, "Mlat": false, "Tisb": false, "Spd": 122.0, "Trak": 213.0, "TrkH": false, "Type": "E170", "Mdl": "2006 EMBRAER ERJ 170-100SU", "Man": "Embraer", "CNum": "17000148", "Op": "Republic Airlines", "OpIcao": "RPA", "Sqk": "2445", "Help": false, "Vsi": -768, "VsiT": 1, "Dst": 18.01, "Brng": 336.7, "WTC": 2, "Species": 1, "Engines": "2", "EngType": 3, "EngMount": 0, "Mil": false, "Cou": "United States", "HasPic": false, "Interested": false, "FlightsCount": 0, "Gnd": false, "SpdTyp": 0, "CallSus": false, "Trt": 5, "Year": "2006"}, {"Id": 11170825, "Rcvr": 1, "HasSig": false, "Icao": "AA7409", "Bad": false, "Reg": "N7729A", "FSeen": "/Date(1544409420228)/", "TSecs": 5504, "CMsgs": 3392, "Alt": 2775, "GAlt": 3014, "InHg": 30.1594486, "AltT": 0, "Call": "SWA757", "Lat": 40.796146, "Long": -73.74498, "PosTime": 1544414923849, "Mlat": false, "Tisb": false, "Spd": 233.0, "Trak": 41.0, "TrkH": false, "Type": "B737", "Mdl": "2006 BOEING 737-76N", "Man": "Boeing", "CNum": "32675", "From": "KDEN Denver, United States", "To": "KMCO Orlando, United States", "Stops": ["KBWI Baltimore/Washington International Thurgood Marshal, Baltimore, United States"], "Op": "Southwest Airlines", "OpIcao": "SWA", "Sqk": "3126", "Help": false, "Vsi": 64, "VsiT": 0, "Dst": 17.36, "Brng": 10.1, "WTC": 2, "Species": 1, "Engines": "2", "EngType": 3, "EngMount": 0, "Mil": false, "Cou": "United States", "HasPic": false, "Interested": false, "FlightsCount": 0, "Gnd": false, "SpdTyp": 0, "CallSus": false, "Trt": 2, "Year": "2006"}, {"Id": 11400425, "Rcvr": 1, "HasSig": true, "Sig": 79, "Icao": "ADF4E9", "Bad": false, "Reg": "N999JQ", "FSeen": "/Date(1544408488782)/", "TSecs": 6436, "CMsgs": 2563, "Alt": -200, "GAlt": 95, "InHg": 30.2151985, "AltT": 0, "TAlt": 8992, "Call": "JBU839", "Lat": 40.646819, "Long": -73.772819, "PosTime": 1544410957155, "Mlat": false, "PosStale": true, "Tisb": false, "Spd": 0.0, "Trak": 177.2, "TrkH": false, "TTrk": 0.0, "Type": "A321", "Mdl": "Airbus A321 231SL", "Man": "Airbus", "CNum": "8538", "From": "KJFK John F Kennedy, New York, United States", "To": "TJBQ Rafael Hernandez, Aguadilla, Puerto Rico", "Op": "JetBlue Airways", "OpIcao": "JBU", "Sqk": "2000", "Help": false, "Vsi": -64, "VsiT": 0, "Dst": 0.86, "Brng": 56.0, "WTC": 2, "Species": 1, "Engines": "2", "EngType": 3, "EngMount": 0, "Mil": false, "Cou": "United States", "HasPic": false, "Interested": false, "FlightsCount": 0, "Gnd": true, "SpdTyp": 0, "CallSus": false, "Trt": 5}, {"Id": 11067557, "Rcvr": 1, "HasSig": true, "Sig": 37, "Icao": "A8E0A5", "Bad": false, "Reg": "N671NK", "FSeen": "/Date(1544407597129)/", "TSecs": 7327, "CMsgs": 3788, "Alt": 5550, "GAlt": 5819, "InHg": 30.1889763, "AltT": 0, "Call": "NKS710", "Lat": 40.541794, "Long": -74.083862, "PosTime": 1544414923870, "Mlat": false, "Tisb": false, "Spd": 263.2, "Trak": 33.7, "TrkH": false, "Type": "A321", "Mdl": "Airbus A321 231SL", "Man": "Airbus", "CNum": "7246", "From": "TIST Cyril E. King, Charlotte Amalie, Harry S. Truman Airport, U.S. Virgin Islands", "To": "KLGA La Guardia, New York, United States", "Stops": ["KFLL Fort Lauderdale Hollywood, United States"], "Op": "Spirit Airlines", "OpIcao": "NKS", "Sqk": "3317", "Help": false, "Vsi": -1408, "VsiT": 0, "Dst": 27.89, "Brng": 246.4, "WTC": 2, "Species": 1, "Engines": "2", "EngType": 3, "EngMount": 0, "Mil": false, "Cou": "United States", "HasPic": false, "Interested": false, "FlightsCount": 0, "Gnd": false, "SpdTyp": 0, "CallSus": false, "Trt": 2, "Year": "2016"}, {"Id": 11376402, "Rcvr": 1, "HasSig": true, "Sig": 82, "Icao": "AD9712", "Bad": false, "Reg": "N975JT", "FSeen": "/Date(1544407246193)/", "TSecs": 7678, "CMsgs": 3741, "Alt": 2245, "GAlt": 2540, "InHg": 30.2151985, "AltT": 0, "TAlt": 8992, "Call": "JBU2836", "Lat": 40.647692, "Long": -73.777391, "PosTime": 1544414454695, "Mlat": false, "PosStale": true, "Tisb": false, "Spd": 0.0, "Trak": 160.1, "TrkH": false, "TTrk": 0.0, "Type": "A321", "Mdl": "Airbus A321 231SL", "Man": "Airbus", "CNum": "7520", "Op": "JetBlue Airways", "OpIcao": "JBU", "Sqk": "4730", "Help": false, "Vsi": -128, "VsiT": 0, "Dst": 0.67, "Brng": 29.6, "WTC": 2, "Species": 1, "Engines": "2", "EngType": 3, "EngMount": 0, "Mil": false, "Cou": "United States", "HasPic": false, "Interested": false, "FlightsCount": 0, "Gnd": true, "SpdTyp": 0, "CallSus": false, "Trt": 5, "Year": "2016"}, {"Id": 10746968, "Rcvr": 1, "HasSig": false, "Icao": "A3FC58", "Bad": false, "Reg": "N356NW", "FSeen": "/Date(1544407232826)/", "TSecs": 7692, "CMsgs": 3849, "Alt": 1750, "GAlt": 1989, "InHg": 30.1594486, "AltT": 0, "TAlt": 19008, "Call": "DAL952", "Lat": 40.866989, "Long": -73.775085, "PosTime": 1544414923869, "Mlat": false, "Tisb": false, "Spd": 170.0, "Trak": 277.4, "TrkH": false, "TTrk": 59.765625, "Type": "A320", "Mdl": "1998 AIRBUS INDUSTRIE A320-212", "Man": "Airbus", "CNum": "818", "From": "KSLC Salt Lake City, United States", "To": "KSLC Salt Lake City, United States", "Stops": ["KPDX Portland, United States"], "Op": "Delta Air Lines", "OpIcao": "DAL", "Sqk": "1452", "Help": false, "Vsi": -640, "VsiT": 1, "Dst": 24.97, "Brng": 1.2, "WTC": 2, "Species": 1, "Engines": "2", "EngType": 3, "EngMount": 0, "Mil": false, "Cou": "United States", "HasPic": false, "Interested": false, "FlightsCount": 0, "Gnd": false, "SpdTyp": 0, "CallSus": false, "Trt": 5, "Year": "1998"}, {"Id": 11170685, "Rcvr": 1, "HasSig": false, "Icao": "AA737D", "Bad": false, "Reg": "N7725A", "FSeen": "/Date(1544406539378)/", "TSecs": 8385, "CMsgs": 4361, "Alt": -275, "GAlt": -23, "InHg": 30.1712589, "AltT": 0, "Call": "SWA2926", "Lat": 40.690891, "Long": -74.165802, "PosTime": 1544414923850, "Mlat": false, "Tisb": false, "Spd": 115.0, "Trak": 207.1, "TrkH": false, "Type": "B737", "Mdl": "2006 BOEING 737-76N", "Man": "Boeing", "CNum": "32671", "Op": "Southwest Airlines", "OpIcao": "SWA", "Sqk": "2114", "Help": false, "Vsi": 384, "VsiT": 0, "Dst": 32.88, "Brng": 279.5, "WTC": 2, "Species": 1, "Engines": "2", "EngType": 3, "EngMount": 0, "Mil": false, "Cou": "United States", "HasPic": false, "Interested": false, "FlightsCount": 0, "Gnd": true, "SpdTyp": 0, "CallSus": false, "Trt": 2, "Year": "2006"}, {"Id": 11366291, "Rcvr": 1, "HasSig": true, "Sig": 131, "Icao": "AD6F93", "Bad": false, "Reg": "N965JT", "FSeen": "/Date(1544406473303)/", "TSecs": 8451, "CMsgs": 4000, "Alt": -200, "GAlt": 90, "InHg": 30.2096462, "AltT": 0, "TAlt": 4000, "Call": "JBU1802", "Lat": 40.650112, "Long": -73.778107, "PosTime": 1544414467057, "Mlat": false, "PosStale": true, "Tisb": false, "Spd": 0.0, "Trak": 210.9, "TrkH": false, "TTrk": 19.6875, "Type": "A321", "Mdl": "Airbus A321 231SL", "Man": "Airbus", "CNum": "6512", "From": "KFLL Fort Lauderdale Hollywood, United States", "To": "KJFK John F Kennedy, New York, United States", "Op": "JetBlue Airways", "OpIcao": "JBU", "Sqk": "2000", "Help": false, "Vsi": -192, "VsiT": 0, "Dst": 0.89, "Brng": 17.5, "WTC": 2, "Species": 1, "Engines": "2", "EngType": 3, "EngMount": 0, "Mil": false, "Cou": "United States", "HasPic": false, "Interested": false, "FlightsCount": 0, "Gnd": true, "SpdTyp": 0, "CallSus": false, "Trt": 5, "Year": "2016"}, {"Id": 10748637, "Rcvr": 1, "HasSig": false, "Icao": "A402DD", "Bad": false, "Reg": "N358DN", "FSeen": "/Date(1544406426540)/", "TSecs": 8498, "CMsgs": 4277, "Alt": -200, "GAlt": 39, "InHg": 30.1594486, "AltT": 0, "TAlt": 35008, "Call": "DAL2820", "Lat": 40.7757, "Long": -73.867027, "PosTime": 1544414882285, "Mlat": false, "Tisb": false, "Spd": 18.0, "Trak": 123.8, "TrkH": false, "TTrk": 0.0, "Type": "A321", "Mdl": "Airbus A321 211SL", "Man": "Airbus", "CNum": "8316", "Op": "Delta Air Lines", "OpIcao": "DAL", "Sqk": "1040", "Help": false, "Vsi": -1024, "VsiT": 0, "Dst": 16.48, "Brng": 334.0, "WTC": 2, "Species": 1, "Engines": "2", "EngType": 3, "EngMount": 0, "Mil": false, "Cou": "United States", "HasPic": false, "Interested": false, "FlightsCount": 0, "Gnd": true, "SpdTyp": 0, "CallSus": false, "Trt": 5, "Year": "2018"}, {"Id": 11019747, "Rcvr": 1, "HasSig": true, "Sig": 89, "Icao": "A825E3", "Bad": false, "Reg": "N624JB", "FSeen": "/Date(1544404299798)/", "TSecs": 10625, "CMsgs": 5494, "Alt": 3140, "GAlt": 3435, "InHg": 30.2151985, "AltT": 0, "TAlt": 4000, "Call": "JBU164", "Lat": 40.64967, "Long": -73.777173, "PosTime": 1544411993274, "Mlat": false, "PosStale": true, "Tisb": false, "Spd": 0.1, "Trak": 165.9, "TrkH": false, "TTrk": 0.0, "Type": "A320", "Mdl": "2005 AIRBUS A320-232", "Man": "Airbus", "CNum": "2520", "From": "KTPA Tampa, United States", "To": "KJFK John F Kennedy, New York, United States", "Op": "JetBlue Airways", "OpIcao": "JBU", "Sqk": "6657", "Help": false, "Vsi": -128, "VsiT": 0, "Dst": 0.87, "Brng": 23.5, "WTC": 2, "Species": 1, "Engines": "2", "EngType": 3, "EngMount": 0, "Mil": false, "Cou": "United States", "HasPic": true, "PicX": 1024, "PicY": 697, "Interested": false, "FlightsCount": 0, "Gnd": true, "SpdTyp": 0, "CallSus": false, "Trt": 5, "Year": "2005"}, {"Id": 10579878, "Rcvr": 1, "HasSig": true, "Sig": 98, "Icao": "A16FA6", "Bad": false, "Reg": "N192AN", "FSeen": "/Date(1544403782002)/", "TSecs": 11142, "CMsgs": 6027, "Alt": -175, "GAlt": 73, "InHg": 30.16795, "AltT": 0, "TAlt": 1888, "Call": "AAL2292", "Lat": 40.653877, "Long": -73.781647, "PosTime": 1544414817795, "Mlat": false, "Tisb": false, "Spd": 11.5, "Trak": 250.3, "TrkH": false, "TTrk": 352.96875, "Type": "B752", "Mdl": "757-223", "Man": "Boeing", "CNum": "32386", "From": "KDFW Dallas Fort Worth, Dallas-Fort Worth, United States", "To": "KFAT Fresno Yosemite, United States", "Op": "American Airlines", "OpIcao": "AAL", "Sqk": "0551", "Help": false, "Vsi": -128, "VsiT": 1, "Dst": 1.27, "Brng": 358.6, "WTC": 2, "Species": 1, "Engines": "2", "EngType": 3, "EngMount": 0, "Mil": false, "Cou": "United States", "HasPic": false, "Interested": false, "FlightsCount": 0, "Gnd": true, "SpdTyp": 0, "CallSus": false, "Trt": 5, "Year": "2001"}, {"Id": 10956578, "Rcvr": 1, "HasSig": true, "Sig": 135, "Icao": "A72F22", "Bad": false, "Reg": "N562JB", "FSeen": "/Date(1544403419110)/", "TSecs": 11505, "CMsgs": 4086, "Alt": -200, "GAlt": 119, "InHg": 30.2388229, "AltT": 0, "TAlt": 3008, "Call": "JBU1818", "Lat": 40.633186, "Long": -73.768875, "PosTime": 1544406818460, "Mlat": false, "PosStale": true, "Tisb": false, "Spd": 0.0, "Trak": 210.9, "TrkH": false, "TTrk": 0.0, "Type": "A320", "Mdl": "2003 AIRBUS A320-232", "Man": "Airbus", "CNum": "1948", "From": "TTPP Piarco, Port of Spain, Trinidad and Tobago", "To": "KJFK John F Kennedy, New York, United States", "Op": "JetBlue Airways", "OpIcao": "JBU", "Sqk": "2666", "Help": false, "Vsi": -640, "VsiT": 0, "Dst": 1.47, "Brng": 134.6, "WTC": 2, "Species": 1, "Engines": "2", "EngType": 3, "EngMount": 0, "Mil": false, "Cou": "United States", "HasPic": false, "Interested": false, "FlightsCount": 0, "Gnd": true, "SpdTyp": 0, "CallSus": false, "Trt": 5, "Year": "2003"}, {"Id": 11309223, "Rcvr": 1, "HasSig": false, "Icao": "AC90A7", "Bad": false, "Reg": "N909AM", "FSeen": "/Date(1544402272435)/", "TSecs": 12652, "CMsgs": 5629, "Alt": -225, "GAlt": 56, "InHg": 30.1594486, "AltT": 0, "TAlt": 3008, "Call": "AAL1207", "Lat": 40.776752, "Long": -73.874802, "PosTime": 1544414892586, "Mlat": false, "Tisb": false, "Spd": 0.0, "Trak": 78.8, "TrkH": false, "TTrk": 70.3125, "Type": "A321", "Mdl": "Airbus A321 231SL", "Man": "Airbus", "CNum": "7756", "From": "KDFW Dallas Fort Worth, Dallas-Fort Worth, United States", "To": "KSAN San Diego, United States", "Op": "American Airlines", "OpIcao": "AAL", "Sqk": "6211", "Help": false, "Vsi": -896, "VsiT": 0, "Dst": 16.88, "Brng": 332.2, "WTC": 2, "Species": 1, "Engines": "2", "EngType": 3, "EngMount": 0, "Mil": false, "Cou": "United States", "HasPic": false, "Interested": false, "FlightsCount": 0, "Gnd": true, "SpdTyp": 0, "CallSus": false, "Trt": 5, "Year": "2017"}, {"Id": 11302867, "Rcvr": 1, "HasSig": true, "Sig": 59, "Icao": "AC77D3", "Bad": false, "Reg": "N902NN", "FSeen": "/Date(1544397292539)/", "TSecs": 17632, "CMsgs": 8989, "Alt": 850, "GAlt": 1019, "InHg": 30.088583, "AltT": 0, "TAlt": 3008, "Call": "AAL1388", "Lat": 40.608124, "Long": -73.728088, "PosTime": 1544414922648, "Mlat": false, "Tisb": false, "Spd": 133.8, "Trak": 301.6, "TrkH": false, "TTrk": 341.015625, "Type": "B738", "Mdl": "2012 BOEING 737-823", "Man": "Boeing", "CNum": "31154", "From": "KMSP Minneapolis-St Paul International/Wold-Chamberlain, Minneapolis, United States", "To": "KPHX Phoenix Sky Harbor, United States", "Op": "American Airlines", "OpIcao": "AAL", "Sqk": "4160", "Help": false, "Vsi": -768, "VsiT": 1, "Dst": 5.9, "Brng": 130.4, "WTC": 2, "Species": 1, "Engines": "2", "EngType": 3, "EngMount": 0, "Mil": false, "Cou": "United States", "HasPic": false, "Interested": false, "FlightsCount": 0, "Gnd": false, "SpdTyp": 0, "CallSus": false, "Trt": 5, "Year": "2012"}, {"Id": 11235263, "Rcvr": 1, "HasSig": true, "Sig": 70, "Icao": "AB6FBF", "Bad": false, "Reg": "N836MH", "FSeen": "/Date(1544396959454)/", "TSecs": 17965, "CMsgs": 9805, "Alt": -200, "GAlt": 90, "InHg": 30.2096462, "AltT": 0, "TAlt": 1600, "Call": "DAL1077", "Lat": 40.643108, "Long": -73.801254, "PosTime": 1544414619229, "Mlat": false, "PosStale": true, "Tisb": false, "Spd": 0.4, "Trak": 14.1, "TrkH": false, "TTrk": 314.296875, "Type": "B764", "Mdl": "2000 BOEING 767-432ER", "Man": "Boeing", "CNum": "29709", "From": "KRIC Richmond, United States", "To": "KMSY Louis Armstrong New Orleans, United States", "Stops": ["KATL Hartsfield Jackson Atlanta, United States"], "Op": "Delta Air Lines", "OpIcao": "DAL", "Sqk": "6371", "Help": false, "Vsi": -64, "VsiT": 0, "Dst": 1.69, "Brng": 272.4, "WTC": 3, "Species": 1, "Engines": "2", "EngType": 3, "EngMount": 0, "Mil": false, "Cou": "United States", "HasPic": false, "Interested": false, "FlightsCount": 0, "Gnd": true, "SpdTyp": 0, "CallSus": false, "Trt": 5, "Year": "2000"}, {"Id": 10502143, "Rcvr": 1, "HasSig": true, "Sig": 108, "Icao": "A03FFF", "Bad": false, "Reg": "N115NN", "FSeen": "/Date(1544395091035)/", "TSecs": 19833, "CMsgs": 10465, "Alt": 4550, "GAlt": 4840, "InHg": 30.2096462, "AltT": 0, "TAlt": 4000, "Call": "AAL32", "Lat": 40.649551, "Long": -73.795166, "PosTime": 1544412873427, "Mlat": false, "PosStale": true, "Tisb": false, "Spd": 0.0, "Trak": 165.9, "TrkH": false, "TTrk": 0.0, "Type": "A321", "Mdl": "2014 AIRBUS INDUSTRIE A321-231", "Man": "Airbus", "CNum": "6063", "From": "KLAX Los Angeles, United States", "To": "KJFK John F Kennedy, New York, United States", "Op": "American Airlines", "OpIcao": "AAL", "Sqk": "2023", "Help": false, "Vsi": -128, "VsiT": 0, "Dst": 1.41, "Brng": 303.9, "WTC": 2, "Species": 1, "Engines": "2", "EngType": 3, "EngMount": 0, "Mil": false, "Cou": "United States", "HasPic": false, "Interested": false, "FlightsCount": 0, "Gnd": true, "SpdTyp": 0, "CallSus": false, "Trt": 5, "Year": "2014"}, {"Id": 11363438, "Rcvr": 1, "HasSig": true, "Sig": 145, "Icao": "AD646E", "Bad": false, "Reg": "N962JT", "FSeen": "/Date(1544389404861)/", "TSecs": 25520, "CMsgs": 10664, "Alt": 2545, "GAlt": 2855, "InHg": 30.2303143, "AltT": 0, "TAlt": 4000, "Call": "JBU190", "Lat": 40.642769, "Long": -73.771088, "PosTime": 1544407306749, "Mlat": false, "PosStale": true, "Tisb": false, "Spd": 0.0, "Trak": 199.7, "TrkH": false, "TTrk": 250.0, "Type": "A321", "Mdl": "Airbus A321 231SL", "Man": "Airbus", "CNum": "6988", "From": "KSAN San Diego, United States", "To": "KJFK John F Kennedy, New York, United States", "Op": "JetBlue Airways", "OpIcao": "JBU", "Sqk": "2000", "Help": false, "Vsi": -1280, "VsiT": 0, "Dst": 0.86, "Brng": 87.9, "WTC": 2, "Species": 1, "Engines": "2", "EngType": 3, "EngMount": 0, "Mil": false, "Cou": "United States", "HasPic": false, "Interested": false, "FlightsCount": 0, "Gnd": true, "SpdTyp": 0, "CallSus": false, "Trt": 4, "Year": "2016"}, {"Id": 4198005, "Rcvr": 1, "HasSig": true, "Sig": 162, "Icao": "400E75", "Bad": false, "Reg": "G-VYOU", "FSeen": "/Date(1544387237737)/", "TSecs": 27687, "CMsgs": 7120, "Alt": 3375, "GAlt": 3599, "InHg": 30.1443272, "AltT": 0, "TAlt": 2016, "Call": "VIR25B", "Lat": 40.57358, "Long": -73.454777, "PosTime": 1544414923847, "Mlat": false, "Tisb": false, "Spd": 229.8, "Trak": 265.3, "TrkH": false, "TTrk": 279.84375, "Type": "A346", "Mdl": "Airbus A340 642", "Man": "Airbus", "CNum": "765", "From": "EGLL London Heathrow, United Kingdom", "To": "KJFK John F Kennedy, New York, United States", "Op": "Virgin Atlantic Airways", "OpIcao": "VIR", "Sqk": "2541", "Help": false, "Vsi": -512, "VsiT": 1, "Dst": 28.61, "Brng": 105.4, "WTC": 3, "Species": 1, "Engines": "4", "EngType": 3, "EngMount": 0, "Mil": false, "Cou": "United Kingdom", "HasPic": false, "Interested": false, "FlightsCount": 0, "Gnd": false, "SpdTyp": 0, "CallSus": false, "Trt": 5, "Year": "2006", "Sat": true}], "totalAc": 4445, "lastDv": "636799758911145557", "shtTrlSec": 65, "stm": 1544414924640}