{"src": 1, "feeds": [{"id": 1, "name": "From Cons", "polarPlot": false}], "srcFeed": 1, "showSil": true, "showFlg": true, "showPic": true, "flgH": 20, "flgW": 85, "acList": [{"Id": 2804860, "Rcvr": 1, "HasSig": false, "Icao": "2ACC7C", "Bad": false, "FSeen": "/Date(1544402164549)/", "TSecs": 19, "CMsgs": 1, "Alt": 3475, "GAlt": 3785, "InHg": 30.2303143, "AltT": 0, "Lat": 40.80867, "Long": -73.770882, "PosTime": 1544402164549, "Mlat": false, "Tisb": false, "TrkH": false, "Sqk": "", "VsiT": 0, "Dst": 18.5, "Brng": 2.7, "WTC": 0, "Species": 0, "EngType": 0, "EngMount": 0, "Mil": false, "Cou": "Unknown or unassigned country", "HasPic": false, "Interested": false, "FlightsCount": 0, "Gnd": false, "SpdTyp": 0, "CallSus": false, "Trt": 2}, {"Id": 11030809, "Rcvr": 1, "HasSig": false, "Icao": "A85119", "Bad": false, "Reg": "N635JB", "FSeen": "/Date(1544402160697)/", "TSecs": 23, "CMsgs": 3, "InHg": 30.2598419, "AltT": 0, "Lat": 40.651279, "Long": -73.778732, "PosTime": 1544402160697, "Mlat": false, "Tisb": false, "Spd": 0.0, "Trak": 300.9, "TrkH": false, "Type": "A320", "Mdl": "2006 AIRBUS A320-232", "Man": "Airbus", "CNum": "2725", "Op": "JetBlue Airways", "OpIcao": "JBU", "Sqk": "3353", "Help": false, "VsiT": 0, "Dst": 1.0, "Brng": 12.4, "WTC": 2, "Species": 1, "Engines": "2", "EngType": 3, "EngMount": 0, "Mil": false, "Cou": "United States", "HasPic": false, "Interested": false, "FlightsCount": 0, "Gnd": true, "SpdTyp": 0, "CallSus": false, "Trt": 2, "Year": "2006"}, {"Id": 11285623, "Rcvr": 1, "HasSig": true, "Sig": 199, "Icao": "AC3477", "Bad": false, "Reg": "N886DN", "FSeen": "/Date(1544402093049)/", "TSecs": 91, "CMsgs": 48, "Alt": 3100, "GAlt": 3442, "InHg": 30.26245, "AltT": 0, "TAlt": 4992, "Call": "DAL432", "Lat": 40.547745, "Long": -73.802734, "PosTime": 1544402184075, "Mlat": false, "Tisb": false, "Spd": 261.3, "Trak": 141.7, "TrkH": false, "TTrk": 90.0, "Type": "B739", "Mdl": "Boeing 737NG 900ER/W", "Man": "Boeing", "CNum": "31998", "From": "KJFK John F Kennedy, New York, United States", "To": "MDST Cibao, Santiago, Dominican Republic", "Op": "Delta Air Lines", "OpIcao": "DAL", "Sqk": "2734", "Help": false, "Vsi": 2560, "VsiT": 1, "Dst": 10.69, "Brng": 189.8, "WTC": 2, "Species": 1, "Engines": "2", "EngType": 3, "EngMount": 0, "Mil": false, "Cou": "United States", "HasPic": false, "Interested": false, "FlightsCount": 0, "Gnd": false, "SpdTyp": 0, "CallSus": false, "Trt": 5, "Year": "2017"}, {"Id": 10594596, "Rcvr": 1, "HasSig": true, "Sig": 167, "Icao": "A1A924", "Bad": false, "Reg": "N206JQ", "FSeen": "/Date(1544402087151)/", "TSecs": 97, "CMsgs": 46, "Alt": 2700, "GAlt": 3019, "InHg": 30.2388229, "AltT": 0, "TAlt": 8000, "Call": "RPA6070", "Lat": 40.839533, "Long": -73.906465, "PosTime": 1544402184075, "Mlat": false, "Tisb": false, "Spd": 216.1, "Trak": 358.4, "TrkH": false, "Type": "E170", "Mdl": "ERJ 170-200 LR", "Man": "Embraer-Empresa", "CNum": "17000249", "Op": "Republic Airline", "OpIcao": "RPA", "Sqk": "1653", "Help": false, "Vsi": 2624, "VsiT": 1, "Dst": 24.32, "Brng": 334.3, "WTC": 2, "Species": 1, "Engines": "2", "EngType": 3, "EngMount": 0, "Mil": false, "Cou": "United States", "HasPic": false, "Interested": false, "FlightsCount": 0, "Gnd": false, "SpdTyp": 0, "CallSus": false, "Trt": 5, "Year": "2008"}, {"Id": 11290028, "Rcvr": 1, "HasSig": true, "Sig": 214, "Icao": "AC45AC", "Bad": false, "Reg": "N890DN", "FSeen": "/Date(1544402037303)/", "TSecs": 147, "CMsgs": 77, "Alt": 6025, "GAlt": 6367, "InHg": 30.26245, "AltT": 0, "TAlt": 16992, "Call": "DAL1251", "Lat": 40.545044, "Long": -73.732369, "PosTime": 1544402184075, "Mlat": false, "Tisb": false, "Spd": 270.7, "Trak": 39.5, "TrkH": false, "TTrk": 40.78125, "Type": "B739", "Mdl": "Boeing 737NG 900ER/W", "Man": "Boeing", "CNum": "62775", "From": "KSEA Seattle Tacoma, United States", "To": "KCVG Cincinnati Northern Kentucky, United States", "Op": "Delta Air Lines", "OpIcao": "DAL", "Sqk": "1561", "Help": false, "Vsi": 2496, "VsiT": 1, "Dst": 11.6, "Brng": 159.1, "WTC": 2, "Species": 1, "Engines": "2", "EngType": 3, "EngMount": 0, "Mil": false, "Cou": "United States", "HasPic": false, "Interested": false, "FlightsCount": 0, "Gnd": false, "SpdTyp": 0, "CallSus": false, "Trt": 5, "Year": "2018"}, {"Id": 10699285, "Rcvr": 1, "HasSig": true, "Sig": 66, "Icao": "A34215", "Bad": false, "Reg": "N309PQ", "FSeen": "/Date(1544402030292)/", "TSecs": 154, "CMsgs": 76, "Alt": 4775, "GAlt": 5085, "InHg": 30.2303143, "AltT": 0, "Call": "00000000", "Lat": 40.894605, "Long": -73.951846, "PosTime": 1544402184075, "Mlat": true, "Tisb": false, "Trak": 336.6, "TrkH": false, "Type": "CRJ9", "Mdl": "2014 BOMBARDIER INC CL-600-2D24", "Man": "Bombardier", "CNum": "15309", "Op": "WELLS FARGO BANK NORTHWEST NA TRUSTEE     - SALT LAKE CITY, UT", "OpIcao": "EDV", "Sqk": "1544", "Help": false, "VsiT": 0, "Dst": 31.5, "Brng": 332.9, "WTC": 2, "Species": 1, "Engines": "2", "EngType": 3, "EngMount": 1, "Mil": false, "Cou": "United States", "HasPic": false, "Interested": false, "FlightsCount": 0, "Gnd": false, "SpdTyp": 0, "CallSus": true, "Trt": 2, "Year": "2014"}, {"Id": 11251502, "Rcvr": 1, "HasSig": false, "Icao": "ABAF2E", "Bad": false, "Reg": "N852DN", "FSeen": "/Date(1544401979278)/", "TSecs": 205, "CMsgs": 105, "Alt": 8325, "GAlt": 8665, "InHg": 30.2598419, "AltT": 0, "Call": "DAL497", "Lat": 40.552772, "Long": -73.604903, "PosTime": 1544402184074, "Mlat": false, "Tisb": false, "Spd": 293.6, "Trak": 112.6, "TrkH": false, "Type": "B739", "Mdl": "Boeing 737NG 932ER/W", "Man": "Boeing", "CNum": "31963", "From": "KBDL Bradley, Hartford, United States", "To": "MMUN Canc\u00fan, Mexico", "Op": "Delta Air Lines", "OpIcao": "DAL", "Sqk": "1633", "Help": false, "Vsi": 1728, "VsiT": 0, "Dst": 17.92, "Brng": 123.8, "WTC": 2, "Species": 1, "Engines": "2", "EngType": 3, "EngMount": 0, "Mil": false, "Cou": "United States", "HasPic": false, "Interested": false, "FlightsCount": 0, "Gnd": false, "SpdTyp": 0, "CallSus": false, "Trt": 2, "Year": "2015"}, {"Id": 11061142, "Rcvr": 1, "HasSig": false, "Icao": "A8C796", "Bad": false, "Reg": "N665JB", "FSeen": "/Date(1544401729712)/", "TSecs": 454, "CMsgs": 24, "Alt": -250, "GAlt": 155, "InHg": 30.3248043, "AltT": 0, "Call": "JBU2231", "Lat": 40.649227, "Long": -73.766655, "PosTime": 1544402146732, "Mlat": false, "Tisb": false, "Spd": 4.0, "Trak": 28.1, "TrkH": false, "Type": "A320", "Mdl": "2007 AIRBUS A320-232", "Man": "Airbus", "CNum": "3348", "From": "KJFK John F Kennedy, New York, United States", "To": "TXKF L.F. Wade International, Hamilton, Bermuda", "Op": "JetBlue Airways", "OpIcao": "JBU", "Sqk": "1525", "Help": false, "VsiT": 0, "Dst": 1.44, "Brng": 58.7, "WTC": 2, "Species": 1, "Engines": "2", "EngType": 3, "EngMount": 0, "Mil": false, "Cou": "United States", "HasPic": false, "Interested": false, "FlightsCount": 0, "Gnd": true, "SpdTyp": 0, "CallSus": false, "Trt": 2, "Year": "2007"}, {"Id": 4344316, "Rcvr": 1, "HasSig": true, "Sig": 94, "Icao": "4249FC", "Bad": false, "Reg": "VQ-BQZ", "FSeen": "/Date(1544401307580)/", "TSecs": 876, "CMsgs": 79, "Alt": -250, "GAlt": 90, "InHg": 30.2598419, "AltT": 0, "Call": "AFL103", "Lat": 40.649776, "Long": -73.79702, "PosTime": 1544402180826, "Mlat": false, "Tisb": false, "Spd": 13.5, "Trak": 61.9, "TrkH": false, "Type": "A333", "Mdl": "Airbus A330 343E", "Man": "Airbus", "CNum": "1270", "From": "KJFK John F Kennedy, New York, United States", "To": "UUEE Sheremetyevo, Moscow, Russia", "Op": "Aeroflot Russian Airlines", "OpIcao": "AFL", "Sqk": "3365", "Help": false, "VsiT": 0, "Dst": 1.56, "Brng": 301.4, "WTC": 3, "Species": 1, "Engines": "2", "EngType": 3, "EngMount": 0, "Mil": false, "Cou": "Bermuda", "HasPic": false, "Interested": false, "FlightsCount": 0, "Gnd": true, "SpdTyp": 0, "CallSus": false, "Trt": 2, "Year": "2011"}, {"Id": 11087356, "Rcvr": 1, "HasSig": true, "Sig": 98, "Icao": "A92DFC", "Bad": false, "Reg": "N69063", "FSeen": "/Date(1544400594714)/", "TSecs": 1589, "CMsgs": 544, "Alt": 9700, "GAlt": 9957, "InHg": 30.177166, "AltT": 0, "Call": "UAL110", "Lat": 40.749847, "Long": -74.052795, "PosTime": 1544402184068, "Mlat": false, "Tisb": false, "Spd": 373.6, "Trak": 79.2, "TrkH": false, "Type": "B764", "Mdl": "2002 BOEING 767-424ER", "Man": "Boeing", "CNum": "29458", "From": "KEWR Newark Liberty, United States", "To": "EGLL London Heathrow, United Kingdom", "Op": "United Airlines", "OpIcao": "UAL", "Sqk": "7163", "Help": false, "Vsi": 64, "VsiT": 0, "Dst": 25.82, "Brng": 297.6, "WTC": 3, "Species": 1, "Engines": "2", "EngType": 3, "EngMount": 0, "Mil": false, "Cou": "United States", "HasPic": false, "Interested": false, "FlightsCount": 0, "Gnd": false, "SpdTyp": 0, "CallSus": false, "Trt": 2, "Year": "2002"}, {"Id": 11247949, "Rcvr": 1, "HasSig": true, "Sig": 218, "Icao": "ABA14D", "Bad": false, "Reg": "N849AE", "FSeen": "/Date(1544400550055)/", "TSecs": 1634, "CMsgs": 826, "Alt": 3725, "GAlt": 4074, "InHg": 30.2687035, "AltT": 0, "Call": "ENY4103", "Lat": 40.532382, "Long": -73.487237, "PosTime": 1544402184043, "Mlat": false, "Tisb": false, "Spd": 263.2, "Trak": 29.1, "TrkH": false, "Type": "E135", "Mdl": "2003 EMBRAER EMB-135KL", "Man": "Embraer", "CNum": "145716", "Op": "AMERICAN AIRLINES INC     - FORT WORTH, TX", "OpIcao": "ENY", "Sqk": "4235", "Help": false, "Vsi": 64, "VsiT": 0, "Dst": 27.68, "Brng": 116.2, "WTC": 2, "Species": 1, "Engines": "2", "EngType": 3, "EngMount": 1, "Mil": false, "Cou": "United States", "HasPic": false, "Interested": false, "FlightsCount": 0, "Gnd": false, "SpdTyp": 0, "CallSus": false, "Trt": 2, "Year": "2003"}, {"Id": 10662507, "Rcvr": 1, "HasSig": false, "Icao": "A2B26B", "Bad": false, "Reg": "N273JB", "FSeen": "/Date(1544400503919)/", "TSecs": 1680, "CMsgs": 785, "Alt": 8775, "GAlt": 9115, "InHg": 30.2598419, "AltT": 0, "Call": "JBU1815", "Lat": 40.364933, "Long": -73.904155, "PosTime": 1544402184043, "Mlat": true, "Tisb": false, "Spd": 341.7, "Trak": 162.5, "TrkH": false, "Type": "E190", "Mdl": "2007 EMBRAER ERJ 190-100 IGW", "Man": "Embraer", "CNum": "19000073", "From": "KSYR Syracuse Hancock, United States", "To": "KJFK John F Kennedy, New York, United States", "Op": "WELLS FARGO BANK NORTHWEST NA TRUSTEE     - SALT LAKE CITY, UT", "OpIcao": "JBU", "Sqk": "1423", "Help": false, "Vsi": -640, "VsiT": 1, "Dst": 32.56, "Brng": 198.6, "WTC": 2, "Species": 1, "Engines": "2", "EngType": 3, "EngMount": 0, "Mil": false, "Cou": "United States", "HasPic": false, "Interested": false, "FlightsCount": 0, "Gnd": false, "SpdTyp": 0, "CallSus": true, "Trt": 2, "Year": "2007"}, {"Id": 11270757, "Rcvr": 1, "HasSig": true, "Sig": 215, "Icao": "ABFA65", "Bad": false, "Reg": "N871DN", "FSeen": "/Date(1544400454446)/", "TSecs": 1730, "CMsgs": 23, "Alt": 1800, "GAlt": 2142, "InHg": 30.26245, "AltT": 0, "TAlt": 4992, "Lat": 40.604095, "Long": -73.799316, "PosTime": 1544402180842, "Mlat": false, "Tisb": false, "Spd": 214.2, "Trak": 210.3, "TrkH": false, "TTrk": 225.0, "Type": "B739", "Mdl": "Boeing 737NG 932ER/W", "Man": "Boeing", "CNum": "31982", "Op": "Delta Air Lines", "OpIcao": "DAL", "Sqk": "1165", "Help": false, "Vsi": 1984, "VsiT": 1, "Dst": 4.53, "Brng": 199.6, "WTC": 2, "Species": 1, "Engines": "2", "EngType": 3, "EngMount": 0, "Mil": false, "Cou": "United States", "HasPic": false, "Interested": false, "FlightsCount": 0, "Gnd": false, "SpdTyp": 0, "CallSus": false, "Trt": 5, "Year": "2016"}, {"Id": 11060440, "Rcvr": 1, "HasSig": true, "Sig": 186, "Icao": "A8C4D8", "Bad": false, "Reg": "N664UA", "FSeen": "/Date(1544400339199)/", "TSecs": 1845, "CMsgs": 668, "Alt": 11725, "GAlt": 12020, "InHg": 30.2151985, "AltT": 0, "TAlt": 12000, "Call": "UAL14", "Lat": 40.913412, "Long": -73.695165, "PosTime": 1544402184066, "Mlat": false, "Tisb": false, "Spd": 361.0, "Trak": 41.8, "TrkH": false, "TTrk": 52.734375, "Type": "B763", "Mdl": "1998 BOEING 767-322", "Man": "Boeing", "CNum": "29236", "From": "KEWR Newark Liberty, United States", "To": "EGLL London Heathrow, United Kingdom", "Op": "UNITED AIRLINES INC     - CHICAGO, IL", "OpIcao": "UAL", "Sqk": "3041", "Help": false, "Vsi": 320, "VsiT": 1, "Dst": 30.99, "Brng": 13.5, "WTC": 3, "Species": 1, "Engines": "2", "EngType": 3, "EngMount": 0, "Mil": false, "Cou": "United States", "HasPic": false, "Interested": false, "FlightsCount": 0, "Gnd": false, "SpdTyp": 0, "CallSus": false, "Trt": 5, "Year": "1998"}, {"Id": 10648767, "Rcvr": 1, "HasSig": false, "Icao": "A27CBF", "Bad": false, "Reg": "N26BB", "FSeen": "/Date(1544399949106)/", "TSecs": 2235, "CMsgs": 808, "Alt": 500, "GAlt": 810, "InHg": 30.2303143, "AltT": 0, "Call": "N26BB", "Lat": 40.830276, "Long": -73.96582, "PosTime": 1544402184059, "Mlat": false, "Tisb": false, "Spd": 91.0, "Trak": 203.8, "TrkH": false, "Type": "B06", "Mdl": "Bell 206L Long Ranger IV", "Man": "Bell", "CNum": "52493", "Op": "Bell Helicopter Textron Inc", "Sqk": "1200", "Help": false, "Vsi": -64, "VsiT": 0, "Dst": 26.03, "Brng": 323.4, "WTC": 1, "Species": 4, "Engines": "1", "EngType": 2, "EngMount": 0, "Mil": false, "Cou": "United States", "HasPic": false, "Interested": false, "FlightsCount": 0, "Gnd": false, "SpdTyp": 0, "CallSus": false, "Trt": 5, "Year": "2016"}, {"Id": 11140148, "Rcvr": 1, "HasSig": true, "Sig": 200, "Icao": "A9FC34", "Bad": false, "Reg": "N742YX", "FSeen": "/Date(1544399707120)/", "TSecs": 2477, "CMsgs": 1314, "Alt": 1200, "GAlt": 1519, "InHg": 30.2388229, "AltT": 0, "TAlt": 3008, "Call": "RPA3627", "Lat": 40.758499, "Long": -74.12262, "PosTime": 1544402184039, "Mlat": false, "Tisb": false, "Spd": 143.6, "Trak": 206.9, "TrkH": false, "Type": "E75L", "Mdl": "Embraer EMB-175 200LR", "Man": "Embraer", "CNum": "17000654", "From": "KORD Chicago O'Hare, United States", "To": "KORF Norfolk, United States", "Op": "United Express", "OpIcao": "RPA", "Sqk": "7352", "Help": false, "Vsi": -1024, "VsiT": 1, "Dst": 31.53, "Brng": 294.3, "WTC": 2, "Species": 1, "Engines": "2", "EngType": 3, "EngMount": 0, "Mil": false, "Cou": "United States", "HasPic": false, "Interested": false, "FlightsCount": 0, "Gnd": false, "SpdTyp": 0, "CallSus": false, "Trt": 5, "Year": "2017"}, {"Id": 10745898, "Rcvr": 1, "HasSig": true, "Sig": 69, "Icao": "A3F82A", "Bad": false, "Reg": "N355JB", "FSeen": "/Date(1544399109165)/", "TSecs": 3075, "CMsgs": 1442, "Alt": 2250, "GAlt": 2569, "InHg": 30.239172, "AltT": 0, "Call": "JBU507", "Lat": 40.7605, "Long": -73.6854, "PosTime": 1544402173962, "Mlat": true, "Tisb": false, "Spd": 359.7, "Trak": 293.3, "TrkH": false, "Type": "E190", "Mdl": "2013 EMBRAER ERJ 190-100 IGW", "Man": "Embraer", "CNum": "19000617", "From": "KEWR Newark Liberty, United States", "To": "KFLL Fort Lauderdale Hollywood, United States", "Op": "JetBlue Airways", "OpIcao": "JBU", "Sqk": "3556", "Help": false, "Vsi": 0, "VsiT": 0, "Dst": 15.41, "Brng": 31.6, "WTC": 2, "Species": 1, "Engines": "2", "EngType": 3, "EngMount": 0, "Mil": false, "Cou": "United States", "HasPic": false, "Interested": false, "FlightsCount": 0, "Gnd": false, "SpdTyp": 0, "CallSus": true, "Trt": 2, "Year": "2013"}, {"Id": 12592268, "Rcvr": 1, "HasSig": true, "Sig": 163, "Icao": "C0248C", "Bad": false, "Reg": "C-FNVV", "FSeen": "/Date(1544398119691)/", "TSecs": 4064, "CMsgs": 1794, "Alt": -275, "GAlt": 26, "InHg": 30.2214565, "AltT": 0, "Call": "ACA722", "Lat": 40.930481, "Long": -73.747192, "PosTime": 1544402166898, "Mlat": true, "Tisb": false, "Spd": 324.2, "Trak": 210.6, "TrkH": false, "Type": "A320", "Mdl": "Airbus A320 211", "Man": "Airbus", "CNum": "404", "From": "CYYZ Lester B. Pearson, Toronto, Canada", "To": "KLGA La Guardia, New York, United States", "Op": "Air Canada", "OpIcao": "ACA", "Sqk": "2216", "Help": false, "Vsi": -960, "VsiT": 0, "Dst": 32.15, "Brng": 5.1, "WTC": 2, "Species": 1, "Engines": "2", "EngType": 3, "EngMount": 0, "Mil": false, "Cou": "Canada", "HasPic": false, "Interested": false, "FlightsCount": 0, "Gnd": true, "SpdTyp": 0, "CallSus": false, "Trt": 2, "Year": "1992"}, {"Id": 11355029, "Rcvr": 1, "HasSig": false, "Icao": "AD4395", "Bad": false, "Reg": "N954AT", "FSeen": "/Date(1544397626301)/", "TSecs": 4558, "CMsgs": 2264, "Alt": 350, "GAlt": 660, "InHg": 30.2303143, "AltT": 0, "Call": "DAL959", "Lat": 40.81905, "Long": -73.842482, "PosTime": 1544402184033, "Mlat": true, "Tisb": false, "Spd": 342.1, "Trak": 196.9, "TrkH": false, "Type": "B712", "Mdl": "2000 BOEING 717-200", "Man": "Boeing", "CNum": "55016", "From": "KJFK John F Kennedy, New York, United States", "To": "KFLL Fort Lauderdale Hollywood, United States", "Op": "WELLS FARGO BANK NORTHWEST NA TRUSTEE     - SALT LAKE CITY, UT", "OpIcao": "DAL", "Sqk": "2477", "Help": false, "Vsi": -448, "VsiT": 1, "Dst": 20.3, "Brng": 345.3, "WTC": 2, "Species": 1, "Engines": "2", "EngType": 3, "EngMount": 1, "Mil": false, "Cou": "United States", "HasPic": false, "Interested": false, "FlightsCount": 0, "Gnd": false, "SpdTyp": 0, "CallSus": true, "Trt": 2, "Year": "2000"}, {"Id": 10603756, "Rcvr": 1, "HasSig": true, "Sig": 69, "Icao": "A1CCEC", "Bad": false, "Reg": "N215JQ", "FSeen": "/Date(1544397135257)/", "TSecs": 5049, "CMsgs": 2507, "Alt": 25, "GAlt": 344, "InHg": 30.239172, "AltT": 0, "Call": "RPA5906", "Lat": 40.689682, "Long": -73.719947, "PosTime": 1544402133612, "Mlat": true, "Tisb": false, "Spd": 435.2, "Trak": 172.2, "TrkH": false, "Type": "E170", "Mdl": "ERJ 170-200 LR", "Man": "EMBRAER-EMPRESA BRASILEIRA DE ", "CNum": "17000270", "Op": "Republic Airline", "OpIcao": "RPA", "Sqk": "6635", "Help": false, "Vsi": 0, "VsiT": 0, "Dst": 7.37, "Brng": 44.6, "WTC": 2, "Species": 1, "Engines": "2", "EngType": 3, "EngMount": 0, "Mil": false, "Cou": "United States", "HasPic": false, "Interested": false, "FlightsCount": 0, "Gnd": false, "SpdTyp": 0, "CallSus": true, "Trt": 2, "Year": "2009"}, {"Id": 11242243, "Rcvr": 1, "HasSig": true, "Sig": 150, "Icao": "AB8B03", "Bad": false, "Reg": "N843AE", "FSeen": "/Date(1544396859866)/", "TSecs": 5324, "CMsgs": 2559, "Alt": 3125, "GAlt": 3415, "InHg": 30.2096462, "AltT": 0, "Call": "ENY3836", "Lat": 40.806702, "Long": -73.771729, "PosTime": 1544402184032, "Mlat": true, "Tisb": false, "Spd": 378.4, "Trak": 27.5, "TrkH": false, "Type": "E135", "Mdl": "2003 EMBRAER EMB-135KL", "Man": "Embraer", "CNum": "145680", "Op": "AMERICAN AIRLINES INC     - FORT WORTH, TX", "OpIcao": "ENY", "Sqk": "6630", "Help": false, "Vsi": -960, "VsiT": 1, "Dst": 18.28, "Brng": 2.5, "WTC": 2, "Species": 1, "Engines": "2", "EngType": 3, "EngMount": 1, "Mil": false, "Cou": "United States", "HasPic": false, "Interested": false, "FlightsCount": 0, "Gnd": false, "SpdTyp": 0, "CallSus": true, "Trt": 2, "Year": "2003"}, {"Id": 10845848, "Rcvr": 1, "HasSig": true, "Sig": 100, "Icao": "A57E98", "Bad": false, "Reg": "N453PT", "FSeen": "/Date(1544396772443)/", "TSecs": 5412, "CMsgs": 1957, "Alt": 1300, "GAlt": 1610, "InHg": 30.2303143, "AltT": 0, "Call": "N453PT", "Lat": 40.794192, "Long": -73.989487, "PosTime": 1544402184041, "Mlat": true, "Tisb": false, "Spd": 89.0, "Trak": 200.0, "TrkH": false, "Type": "C172", "Mdl": "1984 CESSNA 172P", "Man": "Cessna", "CNum": "17276262", "Op": "HENRIE AVIATION LLC     - FAIRFIELD, NJ", "Sqk": "4370", "Help": false, "Vsi": 125, "VsiT": 0, "Dst": 24.34, "Brng": 313.9, "WTC": 1, "Species": 1, "Engines": "1", "EngType": 1, "EngMount": 0, "Mil": false, "Cou": "United States", "HasPic": false, "Interested": false, "FlightsCount": 0, "Gnd": false, "SpdTyp": 0, "CallSus": false, "Trt": 2, "Year": "1984"}, {"Id": 10979581, "Rcvr": 1, "HasSig": false, "Icao": "A788FD", "Bad": false, "Reg": "N585FE", "FSeen": "/Date(1544396398446)/", "TSecs": 5786, "CMsgs": 2787, "Alt": 17525, "GAlt": 17835, "InHg": 30.2303143, "AltT": 0, "TAlt": 19008, "Call": "FDX764", "Lat": 40.723251, "Long": -74.010681, "PosTime": 1544402184031, "Mlat": false, "Tisb": false, "Spd": 340.0, "Trak": 162.7, "TrkH": false, "TTrk": 180.0, "Type": "MD11", "Mdl": "1992 MCDONNELL DOUGLAS MD-11F", "Man": "McDonnell Douglas", "CNum": "48481", "From": "KMEM Memphis, United States", "To": "KJFK John F Kennedy, New York, United States", "Op": "FedEx", "OpIcao": "FDX", "Sqk": "6612", "Help": false, "Vsi": -1856, "VsiT": 0, "Dst": 21.33, "Brng": 295.0, "WTC": 3, "Species": 1, "Engines": "3", "EngType": 3, "EngMount": 0, "Mil": false, "Cou": "United States", "HasPic": false, "Interested": false, "FlightsCount": 0, "Gnd": false, "SpdTyp": 0, "CallSus": false, "Trt": 5, "Year": "1992"}, {"Id": 10863387, "Rcvr": 1, "HasSig": false, "Icao": "A5C31B", "Bad": false, "Reg": "N470WN", "FSeen": "/Date(1544396320811)/", "TSecs": 5863, "CMsgs": 2959, "Alt": 1500, "GAlt": 1819, "InHg": 30.239172, "AltT": 0, "Lat": 40.875286, "Long": -73.796227, "PosTime": 1544402179912, "Mlat": true, "Tisb": false, "Spd": 285.0, "Trak": 216.1, "TrkH": false, "Type": "B737", "Mdl": "2004 BOEING 737-7H4", "Man": "Boeing", "CNum": "33860", "Op": "Southwest Airlines", "OpIcao": "SWA", "Sqk": "2401", "Help": false, "Vsi": 7, "VsiT": 0, "Dst": 25.92, "Brng": 357.2, "WTC": 2, "Species": 1, "Engines": "2", "EngType": 3, "EngMount": 0, "Mil": false, "Cou": "United States", "HasPic": false, "Interested": false, "FlightsCount": 0, "Gnd": false, "SpdTyp": 0, "CallSus": false, "Trt": 2, "Year": "2004"}, {"Id": 11359017, "Rcvr": 1, "HasSig": true, "Sig": 156, "Icao": "AD5329", "Bad": false, "Reg": "N958JB", "FSeen": "/Date(1544395738505)/", "TSecs": 6446, "CMsgs": 2291, "Alt": 20750, "GAlt": 21092, "InHg": 30.26245, "AltT": 0, "TAlt": 3008, "Call": "JBU1304", "Lat": 40.650879, "Long": -73.77504, "PosTime": 1544398477098, "Mlat": false, "PosStale": true, "Tisb": false, "Spd": 8.0, "Trak": 191.3, "TrkH": false, "TTrk": 19.6875, "Type": "A321", "Mdl": "Airbus A321 231SL", "Man": "Airbus", "CNum": "6859", "From": "TJSJ Luis Munoz Marin, San Juan, Puerto Rico", "To": "KJFK John F Kennedy, New York, United States", "Op": "JetBlue Airways", "OpIcao": "JBU", "Sqk": "2000", "Help": false, "Vsi": -896, "VsiT": 0, "Dst": 1.07, "Brng": 29.4, "WTC": 2, "Species": 1, "Engines": "2", "EngType": 3, "EngMount": 0, "Mil": false, "Cou": "United States", "HasPic": false, "Interested": false, "FlightsCount": 0, "Gnd": true, "SpdTyp": 0, "CallSus": false, "Trt": 5, "Year": "2015"}, {"Id": 11281860, "Rcvr": 1, "HasSig": false, "Icao": "AC25C4", "Bad": false, "Reg": "N882FD", "FSeen": "/Date(1544395582744)/", "TSecs": 6601, "CMsgs": 3157, "Alt": 2200, "GAlt": 2519, "InHg": 30.2388229, "AltT": 0, "TAlt": 7008, "Call": "FDX721", "Lat": 40.806713, "Long": -74.091858, "PosTime": 1544402184030, "Mlat": false, "Tisb": false, "Spd": 168.0, "Trak": 206.1, "TrkH": false, "TTrk": 120.9375, "Type": "B77L", "Mdl": "2009 BOEING 777F28", "Man": "Boeing", "CNum": "32969", "From": "KMEM Memphis, United States", "To": "KEWR Newark Liberty, United States", "Op": "FedEx", "OpIcao": "FDX", "Sqk": "5744", "Help": false, "Vsi": -192, "VsiT": 0, "Dst": 31.91, "Brng": 305.0, "WTC": 3, "Species": 1, "Engines": "2", "EngType": 3, "EngMount": 0, "Mil": false, "Cou": "United States", "HasPic": false, "Interested": false, "FlightsCount": 0, "Gnd": false, "SpdTyp": 0, "CallSus": false, "Trt": 5, "Year": "2009"}, {"Id": 10522295, "Rcvr": 1, "HasSig": false, "Icao": "A08EB7", "Bad": false, "Reg": "N135KT", "FSeen": "/Date(1544395542109)/", "TSecs": 6642, "CMsgs": 1485, "Alt": 600, "GAlt": 931, "InHg": 30.2509861, "AltT": 0, "Call": "N135KT", "Lat": 40.53273, "Long": -74.124634, "PosTime": 1544402184039, "Mlat": false, "Tisb": false, "Spd": 97.0, "Trak": 221.7, "TrkH": false, "Type": "R44", "Mdl": "2013 ROBINSON HELICOPTER COMPANY R44 II", "Man": "Robinson", "CNum": "13469", "Op": "D R HORTON - CROWN LLC     - FT WORTH, TX", "Sqk": "5262", "Help": false, "Vsi": 0, "VsiT": 0, "Dst": 31.46, "Brng": 247.3, "WTC": 1, "Species": 4, "Engines": "1", "EngType": 1, "EngMount": 0, "Mil": false, "Cou": "United States", "HasPic": false, "Interested": false, "FlightsCount": 0, "Gnd": false, "SpdTyp": 0, "CallSus": false, "Trt": 5, "Year": "2013"}, {"Id": 11373549, "Rcvr": 1, "HasSig": true, "Sig": 145, "Icao": "AD8BED", "Bad": false, "Reg": "N972JT", "FSeen": "/Date(1544394185553)/", "TSecs": 7998, "CMsgs": 2406, "Alt": 4940, "GAlt": 5282, "InHg": 30.26245, "AltT": 0, "TAlt": 4000, "Call": "JBU1536", "Lat": 40.658432, "Long": -73.791809, "PosTime": 1544396609066, "Mlat": false, "PosStale": true, "Tisb": false, "Spd": 0.0, "Trak": 199.7, "TrkH": false, "TTrk": 0.0, "Type": "A321", "Mdl": "Airbus A321 231SL", "Man": "Airbus", "CNum": "7455", "From": "MDST Cibao, Santiago, Dominican Republic", "To": "KJFK John F Kennedy, New York, United States", "Op": "JetBlue Airways", "OpIcao": "JBU", "Sqk": "2224", "Help": false, "Vsi": -576, "VsiT": 0, "Dst": 1.98, "Brng": 333.4, "WTC": 2, "Species": 1, "Engines": "2", "EngType": 3, "EngMount": 0, "Mil": false, "Cou": "United States", "HasPic": false, "Interested": false, "FlightsCount": 0, "Gnd": true, "SpdTyp": 0, "CallSus": false, "Trt": 5, "Year": "2016"}, {"Id": 4195709, "Rcvr": 1, "HasSig": false, "Icao": "40057D", "Bad": false, "Reg": "G-CIVD", "FSeen": "/Date(1544394024928)/", "TSecs": 8159, "CMsgs": 4020, "Alt": -250, "GAlt": 90, "InHg": 30.2598419, "AltT": 0, "Call": "BAW33K", "Lat": 40.630222, "Long": -73.767014, "PosTime": 1544402155739, "Mlat": false, "Tisb": false, "Spd": 25.0, "Trak": 227.8, "TrkH": false, "Type": "B744", "Mdl": "Boeing 747 436", "Man": "Boeing", "CNum": "27349", "From": "EGLL London Heathrow, United Kingdom", "To": "KJFK John F Kennedy, New York, United States", "Op": "British Airways", "OpIcao": "BAW", "Sqk": "2763", "Help": false, "Vsi": -704, "VsiT": 0, "Dst": 1.82, "Brng": 138.6, "WTC": 3, "Species": 1, "Engines": "4", "EngType": 3, "EngMount": 0, "Mil": false, "Cou": "United Kingdom", "HasPic": false, "Interested": false, "FlightsCount": 0, "Gnd": true, "SpdTyp": 0, "CallSus": false, "Trt": 2, "Year": "1994"}, {"Id": 10965251, "Rcvr": 1, "HasSig": true, "Sig": 166, "Icao": "A75103", "Bad": false, "Reg": "N57016", "FSeen": "/Date(1544393884408)/", "TSecs": 8300, "CMsgs": 3906, "Alt": 37000, "GAlt": 37340, "InHg": 30.2598419, "AltT": 0, "Call": "UAL20", "Lat": 40.657333, "Long": -73.800903, "PosTime": 1544402184028, "Mlat": false, "Tisb": false, "Spd": 589.0, "Trak": 57.9, "TrkH": false, "Type": "B772", "Mdl": "2000 BOEING 777-224", "Man": "Boeing", "CNum": "28679", "From": "KIAH George Bush Intercontinental Houston, United States", "To": "EHAM Amsterdam Airport Schiphol, Netherlands", "Op": "United Airlines", "OpIcao": "UAL", "Sqk": "7067", "Help": false, "Vsi": -64, "VsiT": 0, "Dst": 2.34, "Brng": 314.9, "WTC": 3, "Species": 1, "Engines": "2", "EngType": 3, "EngMount": 0, "Mil": false, "Cou": "United States", "HasPic": false, "Interested": false, "FlightsCount": 0, "Gnd": false, "SpdTyp": 0, "CallSus": false, "Trt": 2, "Year": "2000"}, {"Id": 4196210, "Rcvr": 1, "HasSig": true, "Sig": 213, "Icao": "400772", "Bad": false, "Reg": "G-VIIU", "FSeen": "/Date(1544393791670)/", "TSecs": 8392, "CMsgs": 4137, "Alt": 2500, "GAlt": 2819, "InHg": 30.239172, "AltT": 0, "Call": "BAW2273", "Lat": 40.798279, "Long": -73.55542, "PosTime": 1544402184028, "Mlat": false, "Tisb": false, "Spd": 172.1, "Trak": 276.3, "TrkH": false, "Type": "B772", "Mdl": "Boeing 777 236ER", "Man": "Boeing", "CNum": "29963", "From": "EGKK London Gatwick, United Kingdom", "To": "KJFK John F Kennedy, New York, United States", "Op": "British Airways", "OpIcao": "BAW", "Sqk": "1475", "Help": false, "Vsi": -384, "VsiT": 0, "Dst": 25.74, "Brng": 47.6, "WTC": 3, "Species": 1, "Engines": "2", "EngType": 3, "EngMount": 0, "Mil": false, "Cou": "United Kingdom", "HasPic": false, "Interested": false, "FlightsCount": 0, "Gnd": false, "SpdTyp": 0, "CallSus": false, "Trt": 2, "Year": "1999"}, {"Id": 10918036, "Rcvr": 1, "HasSig": false, "Icao": "A69894", "Bad": false, "Reg": "N524JB", "FSeen": "/Date(1544393566323)/", "TSecs": 8618, "CMsgs": 3948, "Alt": 1700, "GAlt": 1712, "InHg": 29.93171, "AltT": 0, "TAlt": 35008, "Call": "JBU2960", "Lat": 40.777679, "Long": -73.649048, "PosTime": 1544402184028, "Mlat": false, "Tisb": false, "Spd": 156.0, "Trak": 219.8, "TrkH": false, "TTrk": 0.0, "Type": "A320", "Mdl": "2001 AIRBUS INDUSTRIE A320-232", "Man": "Airbus", "CNum": "1528", "Op": "JetBlue Airways", "OpIcao": "JBU", "Sqk": "6702", "Help": false, "Vsi": 0, "VsiT": 1, "Dst": 18.71, "Brng": 36.5, "WTC": 2, "Species": 1, "Engines": "2", "EngType": 3, "EngMount": 0, "Mil": false, "Cou": "United States", "HasPic": false, "Interested": false, "FlightsCount": 0, "Gnd": false, "SpdTyp": 0, "CallSus": false, "Trt": 5, "Year": "2001"}, {"Id": 15204864, "Rcvr": 1, "HasSig": false, "Icao": "E80200", "Bad": false, "Reg": "CC-BBH", "FSeen": "/Date(1544393565146)/", "TSecs": 8619, "CMsgs": 3153, "Alt": -275, "GAlt": -286, "InHg": 30.2598419, "AltT": 0, "TAlt": 11008, "Call": "LAN536", "Lat": 40.648575, "Long": -73.793587, "PosTime": 1544402168328, "Mlat": false, "Tisb": false, "Spd": 9.0, "Trak": 253.1, "TrkH": false, "TTrk": 49.21875, "Type": "B788", "Mdl": "Boeing 787 8", "Man": "Boeing", "CNum": "42224", "Op": "LATAM Airlines", "OpIcao": "LAN", "Sqk": "3663", "Help": false, "Vsi": -384, "VsiT": 0, "Dst": 1.24, "Brng": 303.1, "WTC": 3, "Species": 1, "Engines": "2", "EngType": 3, "EngMount": 0, "Mil": false, "Cou": "Chile", "HasPic": false, "Interested": false, "FlightsCount": 0, "Gnd": true, "SpdTyp": 0, "CallSus": false, "Trt": 5, "Year": "2014"}, {"Id": 11103138, "Rcvr": 1, "HasSig": true, "Sig": 94, "Icao": "A96BA2", "Bad": false, "Reg": "N706JB", "FSeen": "/Date(1544393442623)/", "TSecs": 8741, "CMsgs": 2885, "Alt": 111300, "GAlt": 111642, "InHg": 30.26245, "AltT": 0, "TAlt": 4000, "Call": "JBU950", "Lat": 40.651291, "Long": -73.775894, "PosTime": 1544395941073, "Mlat": false, "PosStale": true, "Tisb": false, "Spd": 0.0, "Trak": 202.5, "TrkH": false, "TTrk": 0.0, "Type": "A320", "Mdl": "2008 AIRBUS A320-232", "Man": "Airbus", "CNum": "3451", "From": "KMCO Orlando, United States", "To": "KBOS General Edward Lawrence Logan, Boston, United States", "Op": "JetBlue Airways", "OpIcao": "JBU", "Sqk": "2000", "Help": false, "Vsi": -960, "VsiT": 0, "Dst": 1.08, "Brng": 24.9, "WTC": 2, "Species": 1, "Engines": "2", "EngType": 3, "EngMount": 0, "Mil": false, "Cou": "United States", "HasPic": false, "Interested": false, "FlightsCount": 0, "Gnd": true, "SpdTyp": 0, "CallSus": false, "Trt": 5, "Year": "2008"}, {"Id": 11183837, "Rcvr": 1, "HasSig": true, "Sig": 121, "Icao": "AAA6DD", "Bad": false, "Reg": "N786AN", "FSeen": "/Date(1544393199569)/", "TSecs": 8984, "CMsgs": 4145, "Alt": 37000, "GAlt": 37151, "InHg": 30.0708656, "AltT": 0, "TAlt": 36000, "Call": "AAL70", "Lat": 40.72435, "Long": -73.658569, "PosTime": 1544402182095, "Mlat": false, "Tisb": false, "Spd": 591.3, "Trak": 57.9, "TrkH": false, "TTrk": 71.015625, "Type": "B772", "Mdl": "2000 BOEING 777-223", "Man": "Boeing", "CNum": "30250", "From": "KDFW Dallas Fort Worth, Dallas-Fort Worth, United States", "To": "EDDF Frankfurt am Main, Frankfurt-am-Main, Germany", "Op": "American Airlines", "OpIcao": "AAL", "Sqk": "3664", "Help": false, "Vsi": 0, "VsiT": 1, "Dst": 13.78, "Brng": 48.6, "WTC": 3, "Species": 1, "Engines": "2", "EngType": 3, "EngMount": 0, "Mil": false, "Cou": "United States", "HasPic": false, "Interested": false, "FlightsCount": 0, "Gnd": false, "SpdTyp": 0, "CallSus": false, "Trt": 5, "Year": "2000"}, {"Id": 11130414, "Rcvr": 1, "HasSig": true, "Sig": 194, "Icao": "A9D62E", "Bad": false, "Reg": "N73299", "FSeen": "/Date(1544393058791)/", "TSecs": 9125, "CMsgs": 4227, "Alt": 3725, "GAlt": 3737, "InHg": 29.93171, "AltT": 0, "TAlt": 4000, "Call": "UAL488", "Lat": 40.725899, "Long": -73.88031, "PosTime": 1544402184030, "Mlat": false, "Tisb": false, "Spd": 266.0, "Trak": 59.0, "TrkH": false, "TTrk": 45.0, "Type": "B738", "Mdl": "2005 BOEING 737-824", "Man": "Boeing", "CNum": "34005", "From": "KLAX Los Angeles, United States", "To": "KEWR Newark Liberty, United States", "Op": "WELLS FARGO BANK NORTHWEST NA TRUSTEE     - SALT LAKE CITY, UT", "OpIcao": "UAL", "Sqk": "7201", "Help": false, "Vsi": 0, "VsiT": 1, "Dst": 12.48, "Brng": 318.0, "WTC": 2, "Species": 1, "Engines": "2", "EngType": 3, "EngMount": 0, "Mil": false, "Cou": "United States", "HasPic": false, "Interested": false, "FlightsCount": 0, "Gnd": false, "SpdTyp": 0, "CallSus": false, "Trt": 5, "Year": "2005"}, {"Id": 10898765, "Rcvr": 1, "HasSig": true, "Sig": 138, "Icao": "A64D4D", "Bad": false, "Reg": "N505JB", "FSeen": "/Date(1544392305793)/", "TSecs": 9878, "CMsgs": 3327, "Alt": -250, "GAlt": 140, "InHg": 30.3096962, "AltT": 0, "TAlt": 4000, "Call": "JBU225", "Lat": 40.651794, "Long": -73.777039, "PosTime": 1544394928694, "Mlat": false, "PosStale": true, "Tisb": false, "Spd": 2.0, "Trak": 160.3, "TrkH": false, "TTrk": 0.0, "Type": "A320", "Mdl": "2000 AIRBUS INDUSTRIE A320-232", "Man": "Airbus", "CNum": "1173", "From": "KJFK John F Kennedy, New York, United States", "To": "KTPA Tampa, United States", "Op": "JetBlue Airways", "OpIcao": "JBU", "Sqk": "7170", "Help": false, "Vsi": -640, "VsiT": 0, "Dst": 1.1, "Brng": 19.1, "WTC": 2, "Species": 1, "Engines": "2", "EngType": 3, "EngMount": 0, "Mil": false, "Cou": "United States", "HasPic": false, "Interested": false, "FlightsCount": 0, "Gnd": true, "SpdTyp": 0, "CallSus": false, "Trt": 5, "Year": "2000"}, {"Id": 10917085, "Rcvr": 1, "HasSig": true, "Sig": 53, "Icao": "A694DD", "Bad": false, "Reg": "N523JB", "FSeen": "/Date(1544389951666)/", "TSecs": 12232, "CMsgs": 4056, "Alt": 32275, "GAlt": 32606, "InHg": 30.2509861, "AltT": 0, "TAlt": 27008, "Call": "JBU484", "Lat": 40.661591, "Long": -73.756042, "PosTime": 1544402184030, "Mlat": false, "Tisb": false, "Spd": 551.3, "Trak": 50.6, "TrkH": false, "TTrk": 0.0, "Type": "A320", "Mdl": "2001 AIRBUS INDUSTRIE A320-232", "Man": "Airbus", "CNum": "1506", "From": "KMCO Orlando, United States", "To": "KJFK John F Kennedy, New York, United States", "Op": "JetBlue Airways", "OpIcao": "JBU", "Sqk": "3220", "Help": false, "Vsi": -3200, "VsiT": 0, "Dst": 3.01, "Brng": 45.1, "WTC": 2, "Species": 1, "Engines": "2", "EngType": 3, "EngMount": 0, "Mil": false, "Cou": "United States", "HasPic": false, "Interested": false, "FlightsCount": 0, "Gnd": false, "SpdTyp": 0, "CallSus": false, "Trt": 5, "Year": "2001"}, {"Id": 10802659, "Rcvr": 1, "HasSig": false, "Icao": "A4D5E3", "Bad": false, "Reg": "N410UA", "FSeen": "/Date(1544388541399)/", "TSecs": 13643, "CMsgs": 4989, "Alt": -275, "GAlt": 74, "InHg": 30.2687035, "AltT": 0, "Call": "UAL537", "Lat": 40.708116, "Long": -74.15397, "PosTime": 1544398248849, "Mlat": true, "PosStale": true, "Tisb": false, "Spd": 533.0, "Trak": 43.0, "TrkH": false, "Type": "A320", "Mdl": "1994 AIRBUS INDUSTRIE A320-232", "Man": "Airbus", "CNum": "463", "From": "KSFO San Francisco, United States", "To": "KAUS Austin Bergstrom, United States", "Op": "United Airlines", "OpIcao": "UAL", "Sqk": "2231", "Help": false, "Vsi": 42, "VsiT": 0, "Dst": 32.27, "Brng": 283.2, "WTC": 2, "Species": 1, "Engines": "2", "EngType": 3, "EngMount": 0, "Mil": false, "Cou": "United States", "HasPic": false, "Interested": false, "FlightsCount": 0, "Gnd": true, "SpdTyp": 0, "CallSus": false, "Trt": 2, "Year": "1994"}, {"Id": 11395666, "Rcvr": 1, "HasSig": true, "Sig": 95, "Icao": "ADE252", "Bad": false, "Reg": "N994JL", "FSeen": "/Date(1544388115100)/", "TSecs": 14069, "CMsgs": 4595, "Alt": -250, "GAlt": 187, "InHg": 30.3569431, "AltT": 0, "TAlt": 4000, "Call": "JBU553", "Lat": 40.650879, "Long": -73.775024, "PosTime": 1544390596399, "Mlat": false, "PosStale": true, "Tisb": false, "Spd": 12.0, "Trak": 300.9, "TrkH": false, "TTrk": 135.0, "Type": "A321", "Mdl": "Airbus A321 231SL", "Man": "Airbus", "CNum": "8185", "From": "KJFK John F Kennedy, New York, United States", "To": "KPBI Palm Beach, West Palm Beach, United States", "Op": "JetBlue Airways", "OpIcao": "JBU", "Sqk": "3015", "Help": false, "Vsi": -512, "VsiT": 0, "Dst": 1.07, "Brng": 29.5, "WTC": 2, "Species": 1, "Engines": "2", "EngType": 3, "EngMount": 0, "Mil": false, "Cou": "United States", "HasPic": false, "Interested": false, "FlightsCount": 0, "Gnd": true, "SpdTyp": 0, "CallSus": false, "Trt": 5, "Year": "2018"}, {"Id": 11253183, "Rcvr": 1, "HasSig": false, "Icao": "ABB5BF", "Bad": false, "Reg": "N8536Z", "FSeen": "/Date(1544387043135)/", "TSecs": 15141, "CMsgs": 6615, "Alt": 200, "GAlt": 519, "InHg": 30.239172, "AltT": 0, "Call": "SWA1750", "Lat": 40.716637, "Long": -74.149414, "PosTime": 1544402184030, "Mlat": false, "Tisb": false, "Spd": 145.0, "Trak": 206.9, "TrkH": false, "Type": "B738", "Mdl": "Boeing 737NG 800/W", "Man": "Boeing", "CNum": "63571", "From": "KAUS Austin Bergstrom, United States", "To": "KSJC Norman Y. Mineta San Jose, United States", "Op": "Southwest Airlines", "OpIcao": "SWA", "Sqk": "7073", "Help": false, "Vsi": -768, "VsiT": 0, "Dst": 32.12, "Brng": 285.0, "WTC": 2, "Species": 1, "Engines": "2", "EngType": 3, "EngMount": 0, "Mil": false, "Cou": "United States", "HasPic": false, "Interested": false, "FlightsCount": 0, "Gnd": false, "SpdTyp": 0, "CallSus": false, "Trt": 2, "Year": "2017"}, {"Id": 10492032, "Rcvr": 1, "HasSig": true, "Sig": 200, "Icao": "A01880", "Bad": false, "Reg": "N105NN", "FSeen": "/Date(1544385093705)/", "TSecs": 17090, "CMsgs": 7429, "Alt": 3650, "GAlt": 3969, "InHg": 30.239172, "AltT": 0, "Call": "AAL4", "Lat": 40.643735, "Long": -73.426749, "PosTime": 1544402184017, "Mlat": false, "Tisb": false, "Spd": 255.6, "Trak": 29.3, "TrkH": true, "Type": "A321", "Mdl": "2013 AIRBUS A321-231", "Man": "Airbus", "CNum": "5904", "From": "KLAX Los Angeles, United States", "To": "KJFK John F Kennedy, New York, United States", "Op": "American Airlines", "OpIcao": "AAL", "Sqk": "2637", "Help": false, "Vsi": 0, "VsiT": 0, "Dst": 29.91, "Brng": 89.6, "WTC": 2, "Species": 1, "Engines": "2", "EngType": 3, "EngMount": 0, "Mil": false, "Cou": "United States", "HasPic": false, "Interested": false, "FlightsCount": 0, "Gnd": false, "SpdTyp": 3, "CallSus": false, "Trt": 2, "Year": "2013"}, {"Id": 11109689, "Rcvr": 1, "HasSig": true, "Sig": 109, "Icao": "A98539", "Bad": false, "Reg": "N712TW", "FSeen": "/Date(1544384239228)/", "TSecs": 17945, "CMsgs": 7032, "Alt": -250, "GAlt": 92, "InHg": 30.26245, "AltT": 0, "TAlt": 3008, "Call": "DAL1542", "Lat": 40.630829, "Long": -73.773041, "PosTime": 1544401982264, "Mlat": false, "PosStale": true, "Tisb": false, "Spd": 0.0, "Trak": 300.9, "TrkH": false, "TTrk": 224.296875, "Type": "B752", "Mdl": "1997 BOEING 757-2Q8", "Man": "Boeing", "CNum": "27624", "From": "KSEA Seattle Tacoma, United States", "To": "KJFK John F Kennedy, New York, United States", "Op": "Delta Air Lines", "OpIcao": "DAL", "Sqk": "6646", "Help": false, "Vsi": -64, "VsiT": 0, "Dst": 1.47, "Brng": 151.8, "WTC": 2, "Species": 1, "Engines": "2", "EngType": 3, "EngMount": 0, "Mil": false, "Cou": "United States", "HasPic": false, "Interested": false, "FlightsCount": 0, "Gnd": true, "SpdTyp": 0, "CallSus": false, "Trt": 5, "Year": "1997"}, {"Id": 7864852, "Rcvr": 1, "HasSig": false, "Icao": "780214", "Bad": false, "Reg": "B-KPH", "FSeen": "/Date(1544383995831)/", "TSecs": 18188, "CMsgs": 6840, "Alt": 2700, "GAlt": 3019, "InHg": 30.239172, "AltT": 0, "Call": "CPA840", "Lat": 40.743404, "Long": -73.42775, "PosTime": 1544402184028, "Mlat": false, "Tisb": false, "Spd": 238.0, "Trak": 6.7, "TrkH": false, "Type": "B773", "Mdl": "Boeing 777 367ER", "Man": "Boeing", "CNum": "35301", "From": "VHHH Chek Lap Kok, Hong Kong, Hong Kong", "To": "KJFK John F Kennedy, New York, United States", "Op": "Cathay Pacific Airways", "OpIcao": "CPA", "Sqk": "6272", "Help": false, "Vsi": 192, "VsiT": 0, "Dst": 31.85, "Brng": 69.3, "WTC": 3, "Species": 1, "Engines": "2", "EngType": 3, "EngMount": 0, "Mil": false, "Cou": "Hong Kong", "HasPic": false, "Interested": false, "FlightsCount": 0, "Gnd": false, "SpdTyp": 0, "CallSus": false, "Trt": 2, "Year": "2008"}, {"Id": 131361, "Rcvr": 1, "HasSig": true, "Sig": 112, "Icao": "020121", "Bad": false, "Reg": "CN-RGS", "FSeen": "/Date(1544379140240)/", "TSecs": 23044, "CMsgs": 4325, "Alt": 850, "GAlt": 1169, "InHg": 30.2388229, "AltT": 0, "TAlt": 3008, "Call": "RAM200", "Lat": 40.692627, "Long": -73.717712, "PosTime": 1544402184029, "Mlat": false, "Tisb": false, "Spd": 126.9, "Trak": 210.8, "TrkH": false, "TTrk": 224.296875, "Type": "B788", "Mdl": "Boeing 787 8", "Man": "Boeing", "CNum": "35506", "From": "GMMN Mohammed V, Casablanca, Morocco", "To": "KJFK John F Kennedy, New York, United States", "Op": "Royal Air Maroc", "OpIcao": "RAM", "Sqk": "2552", "Help": false, "Vsi": -640, "VsiT": 0, "Dst": 7.74, "Brng": 43.9, "WTC": 3, "Species": 1, "Engines": "2", "EngType": 3, "EngMount": 0, "Mil": false, "Cou": "Morocco", "HasPic": false, "Interested": false, "FlightsCount": 0, "Gnd": false, "SpdTyp": 0, "CallSus": false, "Trt": 5, "Year": "2016", "Sat": true}], "totalAc": 5669, "lastDv": "636799758878903677", "shtTrlSec": 65, "stm": 1544402184480}