{"src": 1, "feeds": [{"id": 1, "name": "From Cons", "polarPlot": false}], "srcFeed": 1, "showSil": true, "showFlg": true, "showPic": true, "flgH": 20, "flgW": 85, "acList": [{"Id": 11002442, "Rcvr": 1, "HasSig": true, "Sig": 197, "Icao": "A7E24A", "Bad": false, "Reg": "N607LR", "FSeen": "/Date(1544408705554)/", "TSecs": 173, "CMsgs": 102, "Alt": 7850, "GAlt": 8160, "InHg": 30.2303143, "AltT": 0, "Lat": 40.620026, "Long": -73.685852, "PosTime": 1544408873101, "Mlat": true, "Tisb": false, "Trak": 46.0, "TrkH": false, "Type": "CRJ9", "Mdl": "2008 BOMBARDIER INC CL-600-2D24", "Man": "Bombardier", "CNum": "15178", "Op": "DELTA AIR LINES INC     - ATLANTA, GA", "OpIcao": "EDV", "Sqk": "1763", "Help": false, "VsiT": 0, "Dst": 8.43, "Brng": 107.2, "WTC": 2, "Species": 1, "Engines": "2", "EngType": 3, "EngMount": 1, "Mil": false, "Cou": "United States", "HasPic": false, "Interested": false, "FlightsCount": 0, "Gnd": false, "SpdTyp": 0, "CallSus": false, "Trt": 2, "Year": "2008"}, {"Id": 11207779, "Rcvr": 1, "HasSig": true, "Sig": 186, "Icao": "AB0463", "Bad": false, "Reg": "N809MD", "FSeen": "/Date(1544408532078)/", "TSecs": 347, "CMsgs": 201, "Alt": 11750, "GAlt": 12045, "InHg": 30.2151985, "AltT": 0, "TAlt": 12000, "Call": "RPA5877", "Lat": 40.757446, "Long": -74.134216, "PosTime": 1544408878237, "Mlat": false, "Tisb": false, "Spd": 332.4, "Trak": 186.9, "TrkH": false, "Type": "E170", "Mdl": "2004 EMBRAER ERJ 170-100SU", "Man": "Embraer", "CNum": "17000022", "Op": "REPUBLIC AIRLINE INC     - INDIANAPOLIS, IN", "OpIcao": "RPA", "Sqk": "3067", "Help": false, "Vsi": 64, "VsiT": 1, "Dst": 32.38, "Brng": 293.4, "WTC": 2, "Species": 1, "Engines": "2", "EngType": 3, "EngMount": 0, "Mil": false, "Cou": "United States", "HasPic": false, "Interested": false, "FlightsCount": 0, "Gnd": false, "SpdTyp": 0, "CallSus": false, "Trt": 5, "Year": "2004"}, {"Id": 2803409, "Rcvr": 1, "HasSig": false, "Icao": "2AC6D1", "Bad": false, "FSeen": "/Date(1544408522922)/", "TSecs": 356, "CMsgs": 18, "Alt": 3800, "GAlt": 4090, "InHg": 30.2096462, "AltT": 0, "Lat": 40.730942, "Long": -73.868103, "PosTime": 1544408680643, "Mlat": false, "PosStale": true, "Tisb": false, "Spd": 161.0, "Trak": 295.0, "TrkH": false, "Sqk": "", "Vsi": -1280, "VsiT": 0, "Dst": 12.26, "Brng": 323.4, "WTC": 0, "Species": 0, "EngType": 0, "EngMount": 0, "Mil": false, "Cou": "Unknown or unassigned country", "HasPic": false, "Interested": false, "FlightsCount": 0, "Gnd": false, "SpdTyp": 0, "CallSus": false, "Trt": 2}, {"Id": 4196017, "Rcvr": 1, "HasSig": false, "Icao": "4006B1", "Bad": false, "Reg": "G-BYGA", "FSeen": "/Date(1544408512106)/", "TSecs": 367, "CMsgs": 22, "Alt": 1150, "GAlt": 1460, "InHg": 30.2303143, "AltT": 0, "Call": "BAW172", "Lat": 40.609726, "Long": -73.794495, "PosTime": 1544408878245, "Mlat": false, "Tisb": false, "Spd": 162.0, "Trak": 207.8, "TrkH": false, "Type": "B744", "Mdl": "Boeing 747 436", "Man": "Boeing", "CNum": "28855", "From": "KJFK John F Kennedy, New York, United States", "To": "EGLL London Heathrow, United Kingdom", "Op": "British Airways", "OpIcao": "BAW", "Sqk": "3006", "Help": false, "Vsi": 768, "VsiT": 0, "Dst": 3.81, "Brng": 197.0, "WTC": 3, "Species": 1, "Engines": "4", "EngType": 3, "EngMount": 0, "Mil": false, "Cou": "United Kingdom", "HasPic": false, "Interested": false, "FlightsCount": 0, "Gnd": false, "SpdTyp": 0, "CallSus": false, "Trt": 2, "Year": "1998"}, {"Id": 5024306, "Rcvr": 1, "HasSig": true, "Sig": 198, "Icao": "4CAA32", "Bad": false, "Reg": "EI-EJM", "FSeen": "/Date(1544408453514)/", "TSecs": 426, "CMsgs": 90, "Alt": 3025, "GAlt": 3335, "InHg": 30.2303143, "AltT": 0, "TAlt": 12000, "Call": "AZA605", "Lat": 40.552492, "Long": -73.750035, "PosTime": 1544408878244, "Mlat": false, "Tisb": false, "Spd": 256.8, "Trak": 115.4, "TrkH": false, "TTrk": 214.0, "Type": "A332", "Mdl": "Airbus A330 202", "Man": "Airbus", "CNum": "1308", "From": "KJFK John F Kennedy, New York, United States", "To": "LIMC Malpensa, Milan, Italy", "Op": "Alitalia", "OpIcao": "AZA", "Sqk": "1744", "Help": false, "Vsi": 1856, "VsiT": 0, "Dst": 10.35, "Brng": 165.2, "WTC": 3, "Species": 1, "Engines": "2", "EngType": 3, "EngMount": 0, "Mil": false, "Cou": "Ireland", "HasPic": false, "Interested": false, "FlightsCount": 0, "Gnd": false, "SpdTyp": 0, "CallSus": false, "Trt": 4, "Year": "2012"}, {"Id": 5023854, "Rcvr": 1, "HasSig": true, "Sig": 218, "Icao": "4CA86E", "Bad": false, "Reg": "EI-GCF", "FSeen": "/Date(1544408304680)/", "TSecs": 574, "CMsgs": 203, "Alt": 9575, "GAlt": 9894, "InHg": 30.2388229, "AltT": 0, "TAlt": 11008, "Call": "EIN10X", "Lat": 40.75951, "Long": -73.56077, "PosTime": 1544408871660, "Mlat": false, "Tisb": false, "Spd": 289.9, "Trak": 39.4, "TrkH": false, "TTrk": 49.921875, "Type": "A333", "Mdl": "Airbus A330 302", "Man": "Airbus", "CNum": "1817", "From": "EIDW Dublin, Ireland", "To": "EIDW Dublin, Ireland", "Stops": ["KJFK John F Kennedy, New York, United States"], "Op": "Aer Lingus", "OpIcao": "EIN", "Sqk": "1756", "Help": false, "Vsi": 2304, "VsiT": 1, "Dst": 22.69, "Brng": 54.9, "WTC": 3, "Species": 1, "Engines": "2", "EngType": 3, "EngMount": 0, "Mil": false, "Cou": "Ireland", "HasPic": false, "Interested": false, "FlightsCount": 0, "Gnd": false, "SpdTyp": 0, "CallSus": false, "Trt": 5, "Year": "2017"}, {"Id": 11199915, "Rcvr": 1, "HasSig": false, "Icao": "AAE5AB", "Bad": false, "Reg": "N801AY", "FSeen": "/Date(1544407987616)/", "TSecs": 891, "CMsgs": 418, "Alt": 18200, "GAlt": 18510, "InHg": 30.2303143, "AltT": 0, "Lat": 40.530212, "Long": -73.750122, "PosTime": 1544408347615, "Mlat": false, "PosStale": true, "Tisb": false, "Spd": 1100.8, "Trak": 72.9, "TrkH": false, "Type": "CRJ2", "Mdl": "2004 BOMBARDIER INC CL-600-2B19", "Man": "Bombardier", "CNum": "8001", "Op": "WELLS FARGO BANK NORTHWEST NA TRUSTEE     - SALT LAKE CITY, UT", "OpIcao": "EDV", "Sqk": "1125", "Help": false, "Vsi": 2432, "VsiT": 0, "Dst": 12.76, "Brng": 168.1, "WTC": 2, "Species": 1, "Engines": "2", "EngType": 3, "EngMount": 1, "Mil": false, "Cou": "United States", "HasPic": false, "Interested": false, "FlightsCount": 0, "Gnd": true, "SpdTyp": 0, "CallSus": false, "Trt": 2, "Year": "2004"}, {"Id": 10549353, "Rcvr": 1, "HasSig": true, "Sig": 56, "Icao": "A0F869", "Bad": false, "Reg": "N16147", "FSeen": "/Date(1544407520224)/", "TSecs": 1359, "CMsgs": 458, "Alt": 9950, "GAlt": 10384, "InHg": 30.35433, "AltT": 0, "TAlt": 16992, "Call": "UCA4935", "Lat": 40.825836, "Long": -73.841187, "PosTime": 1544408878228, "Mlat": false, "Tisb": false, "Spd": 359.3, "Trak": 48.7, "TrkH": false, "Type": "E45X", "Mdl": "2003 EMBRAER EMB-145XR", "Man": "Embraer", "CNum": "145749", "Op": "WELLS FARGO BANK NORTHWEST NA TRUSTEE     - SALT LAKE CITY, UT", "OpIcao": "UCA", "Sqk": "2601", "Help": false, "Vsi": 1920, "VsiT": 0, "Dst": 21.0, "Brng": 346.1, "WTC": 2, "Species": 1, "Engines": "2", "EngType": 3, "EngMount": 1, "Mil": false, "Cou": "United States", "HasPic": false, "Interested": false, "FlightsCount": 0, "Gnd": false, "SpdTyp": 0, "CallSus": false, "Trt": 2, "Year": "2003"}, {"Id": 3960938, "Rcvr": 1, "HasSig": true, "Sig": 83, "Icao": "3C706A", "Bad": false, "Reg": "D-ALCJ", "FSeen": "/Date(1544404307079)/", "TSecs": 4572, "CMsgs": 2584, "Alt": 35000, "GAlt": 35310, "InHg": 30.2303143, "AltT": 0, "Call": "GEC8171", "Lat": 40.820307, "Long": -73.556463, "PosTime": 1544408878202, "Mlat": false, "Tisb": false, "Spd": 575.3, "Trak": 58.2, "TrkH": false, "Type": "MD11", "Mdl": "McDonnell Douglas MD-11 F", "Man": "McDonnell Douglas", "CNum": "48802", "From": "KATL Hartsfield Jackson Atlanta, United States", "To": "EDDF Frankfurt am Main, Frankfurt-am-Main, Germany", "Stops": ["KJFK John F Kennedy, New York, United States"], "Op": "Lufthansa Cargo Airlines", "OpIcao": "GEC", "Sqk": "2031", "Help": false, "Vsi": 0, "VsiT": 0, "Dst": 27.38, "Brng": 43.7, "WTC": 3, "Species": 1, "Engines": "3", "EngType": 3, "EngMount": 0, "Mil": false, "Cou": "Germany", "HasPic": false, "Interested": false, "FlightsCount": 0, "Gnd": false, "SpdTyp": 0, "CallSus": false, "Trt": 2, "Year": "2000"}, {"Id": 10956578, "Rcvr": 1, "HasSig": true, "Sig": 106, "Icao": "A72F22", "Bad": false, "Reg": "N562JB", "FSeen": "/Date(1544403419083)/", "TSecs": 5460, "CMsgs": 2607, "Alt": -250, "GAlt": 69, "InHg": 30.2388229, "AltT": 0, "TAlt": 3008, "Call": "JBU1818", "Lat": 40.633186, "Long": -73.768875, "PosTime": 1544406818358, "Mlat": false, "PosStale": true, "Tisb": false, "Spd": 0.0, "Trak": 210.9, "TrkH": false, "TTrk": 0.0, "Type": "A320", "Mdl": "2003 AIRBUS A320-232", "Man": "Airbus", "CNum": "1948", "From": "TTPP Piarco, Port of Spain, Trinidad and Tobago", "To": "KJFK John F Kennedy, New York, United States", "Op": "JetBlue Airways", "OpIcao": "JBU", "Sqk": "2666", "Help": false, "Vsi": -640, "VsiT": 0, "Dst": 1.47, "Brng": 134.6, "WTC": 2, "Species": 1, "Engines": "2", "EngType": 3, "EngMount": 0, "Mil": false, "Cou": "United States", "HasPic": false, "Interested": false, "FlightsCount": 0, "Gnd": true, "SpdTyp": 0, "CallSus": false, "Trt": 5, "Year": "2003"}, {"Id": 11313199, "Rcvr": 1, "HasSig": true, "Sig": 79, "Icao": "ACA02F", "Bad": false, "Reg": "N912XJ", "FSeen": "/Date(1544403379195)/", "TSecs": 5500, "CMsgs": 3035, "Alt": 3800, "GAlt": 4072, "InHg": 30.191576, "AltT": 0, "TAlt": 4000, "Call": "EDV5149", "Lat": 40.635681, "Long": -74.015808, "PosTime": 1544408822404, "Mlat": false, "Tisb": false, "Spd": 251.8, "Trak": 37.4, "TrkH": false, "TTrk": 48.515625, "Type": "CRJ9", "Mdl": "2007 BOMBARDIER INC CL-600-2D24", "Man": "Bombardier", "CNum": "15144", "Op": "DELTA AIR LINES INC     - ATLANTA, GA", "OpIcao": "EDV", "Sqk": "1007", "Help": false, "Vsi": -512, "VsiT": 0, "Dst": 19.8, "Brng": 267.9, "WTC": 2, "Species": 1, "Engines": "2", "EngType": 3, "EngMount": 1, "Mil": false, "Cou": "United States", "HasPic": false, "Interested": false, "FlightsCount": 0, "Gnd": false, "SpdTyp": 0, "CallSus": false, "Trt": 5, "Year": "2007"}, {"Id": 11346322, "Rcvr": 1, "HasSig": false, "Icao": "AD2192", "Bad": false, "Reg": "N945UW", "FSeen": "/Date(1544403289667)/", "TSecs": 5589, "CMsgs": 3119, "Alt": 1550, "GAlt": 1689, "InHg": 30.0590553, "AltT": 0, "Call": "C31662", "Lat": 40.858946, "Long": -73.807588, "PosTime": 1544408878201, "Mlat": true, "Tisb": false, "Spd": 484.4, "Trak": 37.7, "TrkH": false, "Type": "E190", "Mdl": " EMBRAER ERJ 190-100 IGW", "Man": "Embraer", "CNum": "19000062", "Op": "US AIRWAYS INC     - FORT WORTH, TX", "OpIcao": "AAL", "Sqk": "7227", "Help": false, "Vsi": 64, "VsiT": 1, "Dst": 24.17, "Brng": 354.7, "WTC": 2, "Species": 1, "Engines": "2", "EngType": 3, "EngMount": 0, "Mil": false, "Cou": "United States", "HasPic": false, "Interested": false, "FlightsCount": 0, "Gnd": false, "SpdTyp": 0, "CallSus": false, "Trt": 2}, {"Id": 11231489, "Rcvr": 1, "HasSig": true, "Sig": 105, "Icao": "AB6101", "Bad": false, "Reg": "N832NN", "FSeen": "/Date(1544403279160)/", "TSecs": 5600, "CMsgs": 3178, "Alt": 3700, "GAlt": 3990, "InHg": 30.2096462, "AltT": 0, "Call": "AAL294", "Lat": 40.756019, "Long": -73.812769, "PosTime": 1544408865304, "Mlat": false, "Tisb": false, "Spd": 266.8, "Trak": 57.1, "TrkH": false, "Type": "B738", "Mdl": "2010 BOEING 737-823", "Man": "Boeing", "CNum": "33521", "From": "KDFW Dallas Fort Worth, Dallas-Fort Worth, United States", "To": "KLGA La Guardia, New York, United States", "Op": "American Airlines", "OpIcao": "AAL", "Sqk": "7262", "Help": false, "Vsi": 0, "VsiT": 0, "Dst": 12.9, "Brng": 348.1, "WTC": 2, "Species": 1, "Engines": "2", "EngType": 3, "EngMount": 0, "Mil": false, "Cou": "United States", "HasPic": false, "Interested": false, "FlightsCount": 0, "Gnd": false, "SpdTyp": 0, "CallSus": false, "Trt": 2, "Year": "2010"}, {"Id": 11357226, "Rcvr": 1, "HasSig": false, "Icao": "AD4C2A", "Bad": false, "Reg": "N956NN", "FSeen": "/Date(1544403102532)/", "TSecs": 5777, "CMsgs": 3249, "Alt": 625, "GAlt": 915, "InHg": 30.2096462, "AltT": 0, "Call": "AAL295", "Lat": 40.820354, "Long": -73.841919, "PosTime": 1544408878201, "Mlat": false, "Tisb": false, "Spd": 134.0, "Trak": 212.3, "TrkH": false, "Type": "B738", "Mdl": "2014 BOEING 737-823", "Man": "Boeing", "CNum": "31200", "From": "KMIA Miami, United States", "To": "KLAX Los Angeles, United States", "Op": "American Airlines", "OpIcao": "AAL", "Sqk": "1300", "Help": false, "Vsi": -256, "VsiT": 0, "Dst": 20.43, "Brng": 345.5, "WTC": 2, "Species": 1, "Engines": "2", "EngType": 3, "EngMount": 0, "Mil": false, "Cou": "United States", "HasPic": false, "Interested": false, "FlightsCount": 0, "Gnd": false, "SpdTyp": 0, "CallSus": false, "Trt": 2, "Year": "2014"}, {"Id": 10660826, "Rcvr": 1, "HasSig": false, "Icao": "A2ABDA", "Bad": false, "Reg": "N271SY", "FSeen": "/Date(1544403002379)/", "TSecs": 5877, "CMsgs": 3287, "Alt": 2725, "GAlt": 3020, "InHg": 30.2151985, "AltT": 0, "TAlt": 3008, "Call": "SKW3792", "Lat": 40.539505, "Long": -73.538612, "PosTime": 1544408878201, "Mlat": false, "Tisb": false, "Spd": 181.0, "Trak": 309.8, "TrkH": false, "Type": "E75L", "Mdl": "Embraer EMB-175 LL", "Man": "Embraer", "CNum": "17000729", "Op": "Delta Connection", "OpIcao": "SKW", "Sqk": "6526", "Help": false, "Vsi": 192, "VsiT": 1, "Dst": 23.47, "Brng": 119.1, "WTC": 2, "Species": 1, "Engines": "2", "EngType": 3, "EngMount": 0, "Mil": false, "Cou": "United States", "HasPic": false, "Interested": false, "FlightsCount": 0, "Gnd": false, "SpdTyp": 0, "CallSus": false, "Trt": 5, "Year": "2018"}, {"Id": 11211993, "Rcvr": 1, "HasSig": true, "Sig": 121, "Icao": "AB14D9", "Bad": false, "Reg": "N813DN", "FSeen": "/Date(1544402840222)/", "TSecs": 6039, "CMsgs": 3324, "Alt": -275, "GAlt": 35, "InHg": 30.2303143, "AltT": 0, "Call": "DAL214", "Lat": 40.629478, "Long": -73.77005, "PosTime": 1544408801989, "Mlat": false, "Tisb": false, "Spd": 16.0, "Trak": 300.9, "TrkH": false, "Type": "B739", "Mdl": "2014 BOEING 737-932ER", "Man": "Boeing", "CNum": "31925", "From": "LGAV Eleftherios Venizelos, Athens, Greece", "To": "KJFK John F Kennedy, New York, United States", "Op": "Delta Air Lines", "OpIcao": "DAL", "Sqk": "7154", "Help": false, "Vsi": -128, "VsiT": 0, "Dst": 1.73, "Brng": 146.8, "WTC": 2, "Species": 1, "Engines": "2", "EngType": 3, "EngMount": 0, "Mil": false, "Cou": "United States", "HasPic": false, "Interested": false, "FlightsCount": 0, "Gnd": true, "SpdTyp": 0, "CallSus": false, "Trt": 2, "Year": "2014"}, {"Id": 10620161, "Rcvr": 1, "HasSig": true, "Sig": 113, "Icao": "A20D01", "Bad": false, "Reg": "N231JB", "FSeen": "/Date(1544402245289)/", "TSecs": 6634, "CMsgs": 3631, "Alt": -250, "GAlt": 45, "InHg": 30.2151985, "AltT": 0, "TAlt": 3008, "Call": "JBU1106", "Lat": 40.629501, "Long": -73.770025, "PosTime": 1544408848258, "Mlat": false, "Tisb": false, "Spd": 15.0, "Trak": 300.9, "TrkH": false, "Type": "E190", "Mdl": "2006 EMBRAER ERJ 190-100 IGW", "Man": "Embraer", "CNum": "19000033", "From": "KORD Chicago O'Hare, United States", "To": "KJFK John F Kennedy, New York, United States", "Op": "JetBlue Airways", "OpIcao": "JBU", "Sqk": "6206", "Help": false, "Vsi": 0, "VsiT": 0, "Dst": 1.73, "Brng": 146.7, "WTC": 2, "Species": 1, "Engines": "2", "EngType": 3, "EngMount": 0, "Mil": false, "Cou": "United States", "HasPic": false, "Interested": false, "FlightsCount": 0, "Gnd": true, "SpdTyp": 0, "CallSus": false, "Trt": 5, "Year": "2006"}, {"Id": 10726522, "Rcvr": 1, "HasSig": false, "Icao": "A3AC7A", "Bad": false, "Reg": "N336DX", "FSeen": "/Date(1544402107409)/", "TSecs": 6772, "CMsgs": 3678, "Alt": 2725, "GAlt": 3026, "InHg": 30.2214565, "AltT": 0, "TAlt": 10016, "Call": "DAL869", "Lat": 40.857269, "Long": -73.740356, "PosTime": 1544408878200, "Mlat": false, "Tisb": false, "Spd": 179.0, "Trak": 329.6, "TrkH": false, "TTrk": 70.3125, "Type": "A321", "Mdl": "Airbus A321 211SL", "Man": "Airbus", "CNum": "8063", "From": "KEWR Newark Liberty, United States", "To": "KDTW Detroit Metropolitan Wayne County, United States", "Op": "Delta Air Lines", "OpIcao": "DAL", "Sqk": "1701", "Help": false, "Vsi": -256, "VsiT": 1, "Dst": 24.13, "Brng": 8.2, "WTC": 2, "Species": 1, "Engines": "2", "EngType": 3, "EngMount": 0, "Mil": false, "Cou": "United States", "HasPic": false, "Interested": false, "FlightsCount": 0, "Gnd": false, "SpdTyp": 0, "CallSus": false, "Trt": 5, "Year": "2017"}, {"Id": 10988813, "Rcvr": 1, "HasSig": true, "Sig": 216, "Icao": "A7AD0D", "Bad": false, "Reg": "N594JB", "FSeen": "/Date(1544401689049)/", "TSecs": 7190, "CMsgs": 3963, "Alt": 30050, "GAlt": 30059, "InHg": 29.9291344, "AltT": 0, "TAlt": 27008, "Call": "JBU1070", "Lat": 40.617619, "Long": -73.663642, "PosTime": 1544408878200, "Mlat": false, "Tisb": false, "Spd": 553.7, "Trak": 34.9, "TrkH": false, "TTrk": 289.6875, "Type": "A320", "Mdl": "2004 AIRBUS A320-232", "Man": "Airbus", "CNum": "2284", "From": "KFLL Fort Lauderdale Hollywood, United States", "To": "KBOS General Edward Lawrence Logan, Boston, United States", "Op": "JetBlue Airways", "OpIcao": "JBU", "Sqk": "6067", "Help": false, "Vsi": -2048, "VsiT": 0, "Dst": 10.31, "Brng": 105.5, "WTC": 2, "Species": 1, "Engines": "2", "EngType": 3, "EngMount": 0, "Mil": false, "Cou": "United States", "HasPic": false, "Interested": false, "FlightsCount": 0, "Gnd": false, "SpdTyp": 0, "CallSus": false, "Trt": 5, "Year": "2004"}, {"Id": 10868080, "Rcvr": 1, "HasSig": false, "Icao": "A5D570", "Bad": false, "Reg": "N475UA", "FSeen": "/Date(1544401662877)/", "TSecs": 7216, "CMsgs": 3931, "Alt": -150, "GAlt": 151, "InHg": 30.2214565, "AltT": 0, "Call": "UAL1814", "Lat": 40.704765, "Long": -74.160149, "PosTime": 1544408870157, "Mlat": true, "Tisb": false, "Spd": 304.0, "Trak": 43.0, "TrkH": false, "Type": "A320", "Mdl": "2001 AIRBUS INDUSTRIE A320-232", "Man": "Airbus", "CNum": "1495", "From": "KIAH George Bush Intercontinental Houston, United States", "To": "KEWR Newark Liberty, United States", "Stops": ["KTPA Tampa, United States"], "Op": "United Airlines", "OpIcao": "UAL", "Sqk": "2332", "Help": false, "Vsi": -1100, "VsiT": 0, "Dst": 32.69, "Brng": 282.4, "WTC": 2, "Species": 1, "Engines": "2", "EngType": 3, "EngMount": 0, "Mil": false, "Cou": "United States", "HasPic": false, "Interested": false, "FlightsCount": 0, "Gnd": false, "SpdTyp": 0, "CallSus": true, "Trt": 2, "Year": "2001"}, {"Id": 11105991, "Rcvr": 1, "HasSig": true, "Sig": 179, "Icao": "A976C7", "Bad": false, "Reg": "N709JB", "FSeen": "/Date(1544401007387)/", "TSecs": 7872, "CMsgs": 3651, "Alt": -250, "GAlt": 60, "InHg": 30.2303143, "AltT": 0, "TAlt": 35008, "Call": "JBU1295", "Lat": 40.632591, "Long": -73.767609, "PosTime": 1544406220922, "Mlat": false, "PosStale": true, "Tisb": false, "Spd": 0.1, "Trak": 191.3, "TrkH": false, "TTrk": 0.0, "Type": "A320", "Mdl": "2008 AIRBUS A320-232", "Man": "Airbus", "CNum": "3488", "From": "KJFK John F Kennedy, New York, United States", "To": "KAUS Austin Bergstrom, United States", "Op": "JetBlue Airways", "OpIcao": "JBU", "Sqk": "1553", "Help": false, "Vsi": -128, "VsiT": 0, "Dst": 1.59, "Brng": 133.6, "WTC": 2, "Species": 1, "Engines": "2", "EngType": 3, "EngMount": 0, "Mil": false, "Cou": "United States", "HasPic": false, "Interested": false, "FlightsCount": 0, "Gnd": true, "SpdTyp": 0, "CallSus": false, "Trt": 5, "Year": "2008"}, {"Id": 10589767, "Rcvr": 1, "HasSig": true, "Sig": 168, "Icao": "A19647", "Bad": false, "Reg": "N201FR", "FSeen": "/Date(1544400865470)/", "TSecs": 8014, "CMsgs": 4279, "Alt": -250, "GAlt": 40, "InHg": 30.2096462, "AltT": 0, "Call": "1596", "Lat": 40.776211, "Long": -73.878359, "PosTime": 1544408829194, "Mlat": false, "Tisb": false, "Spd": 110.0, "Trak": 211.7, "TrkH": false, "Type": "A320", "Mdl": "2008 AIRBUS A320-214", "Man": "Airbus", "CNum": "3389", "Op": "Frontier Airlines", "OpIcao": "FFT", "Sqk": "1441", "Help": false, "Vsi": -192, "VsiT": 0, "Dst": 16.97, "Brng": 331.2, "WTC": 2, "Species": 1, "Engines": "2", "EngType": 3, "EngMount": 0, "Mil": false, "Cou": "United States", "HasPic": false, "Interested": false, "FlightsCount": 0, "Gnd": true, "SpdTyp": 0, "CallSus": false, "Trt": 2, "Year": "2008"}, {"Id": 10590792, "Rcvr": 1, "HasSig": true, "Sig": 92, "Icao": "A19A48", "Bad": false, "Reg": "N202JQ", "FSeen": "/Date(1544400770916)/", "TSecs": 8108, "CMsgs": 4230, "Alt": 4050, "GAlt": 4360, "InHg": 30.2303143, "AltT": 0, "Call": "RPA5995", "Lat": 40.582146, "Long": -74.086116, "PosTime": 1544408873069, "Mlat": true, "Tisb": false, "Spd": 473.9, "Trak": 133.4, "TrkH": false, "Type": "E75S", "Mdl": "2008 EMBRAER-EMPRESA BRASILEIRA DE ERJ 170-200 LR", "Man": "Embraer", "CNum": "17000240", "Op": "SHUTTLE AMERICA CORP     - INDIANAPOLIS, IN", "OpIcao": "RPA", "Sqk": "7141", "Help": false, "Vsi": 0, "VsiT": 0, "Dst": 26.59, "Brng": 255.5, "WTC": 2, "Species": 1, "Engines": "2", "EngType": 3, "EngMount": 0, "Mil": false, "Cou": "United States", "HasPic": false, "Interested": false, "FlightsCount": 0, "Gnd": false, "SpdTyp": 0, "CallSus": true, "Trt": 2, "Year": "2008"}, {"Id": 4804978, "Rcvr": 1, "HasSig": true, "Sig": 113, "Icao": "495172", "Bad": false, "Reg": "CS-TKR", "FSeen": "/Date(1544400431187)/", "TSecs": 8448, "CMsgs": 4659, "Alt": -225, "GAlt": 85, "InHg": 30.2303143, "AltT": 0, "Call": "LOT26", "Lat": 40.633358, "Long": -73.764359, "PosTime": 1544408878199, "Mlat": false, "Tisb": false, "Spd": 25.0, "Trak": 230.6, "TrkH": false, "Type": "B763", "Mdl": "Boeing 767 36NER", "Man": "Boeing", "CNum": "30854", "From": "EPWA Warsaw Chopin, Poland", "To": "KJFK John F Kennedy, New York, United States", "Op": "Air Niugini", "OpIcao": "ANG", "Sqk": "4573", "Help": false, "Vsi": -64, "VsiT": 0, "Dst": 1.75, "Brng": 125.4, "WTC": 3, "Species": 1, "Engines": "2", "EngType": 3, "EngMount": 0, "Mil": false, "Cou": "Portugal", "HasPic": false, "Interested": false, "FlightsCount": 0, "Gnd": false, "SpdTyp": 0, "CallSus": false, "Trt": 2, "Year": "2001"}, {"Id": 10823953, "Rcvr": 1, "HasSig": false, "Icao": "A52911", "Bad": false, "Reg": "N431YX", "FSeen": "/Date(1544400341077)/", "TSecs": 8538, "CMsgs": 4467, "Alt": -250, "GAlt": 40, "InHg": 30.2096462, "AltT": 0, "TAlt": 2016, "Call": "RPA4500", "Lat": 40.778114, "Long": -73.875244, "PosTime": 1544408767614, "Mlat": false, "Tisb": false, "Spd": 0.0, "Trak": 194.8, "TrkH": false, "Type": "E75L", "Mdl": "2014 EMBRAER S A ERJ170-200LR", "Man": "Embraer", "CNum": "17000413", "From": "KMSP Minneapolis-St Paul International/Wold-Chamberlain, Minneapolis, United States", "To": "KLGA La Guardia, New York, United States", "Op": "REPUBLIC AIRLINE INC     - INDIANAPOLIS, IN", "OpIcao": "RPA", "Sqk": "7114", "Help": false, "Vsi": -192, "VsiT": 0, "Dst": 17.03, "Brng": 332.3, "WTC": 2, "Species": 1, "Engines": "2", "EngType": 3, "EngMount": 0, "Mil": false, "Cou": "United States", "HasPic": false, "Interested": false, "FlightsCount": 0, "Gnd": true, "SpdTyp": 0, "CallSus": false, "Trt": 5, "Year": "2014"}, {"Id": 10925303, "Rcvr": 1, "HasSig": false, "Icao": "A6B4F7", "Bad": false, "Reg": "N531JL", "FSeen": "/Date(1544400039432)/", "TSecs": 8840, "CMsgs": 3885, "Alt": -250, "GAlt": 92, "InHg": 30.26245, "AltT": 0, "TAlt": 3008, "Call": "JBU429", "Lat": 40.632534, "Long": -73.767502, "PosTime": 1544403068412, "Mlat": false, "PosStale": true, "Tisb": false, "Spd": 2.0, "Trak": 188.4, "TrkH": false, "TTrk": 0.0, "Type": "A320", "Mdl": "2001 AIRBUS INDUSTRIE A320-232", "Man": "Airbus", "CNum": "1650", "From": "KBOS General Edward Lawrence Logan, Boston, United States", "To": "KSMF Sacramento, United States", "Op": "JetBlue Airways", "OpIcao": "JBU", "Sqk": "3337", "Help": false, "Vsi": -128, "VsiT": 0, "Dst": 1.61, "Brng": 133.6, "WTC": 2, "Species": 1, "Engines": "2", "EngType": 3, "EngMount": 0, "Mil": false, "Cou": "United States", "HasPic": false, "Interested": false, "FlightsCount": 0, "Gnd": true, "SpdTyp": 0, "CallSus": false, "Trt": 5, "Year": "2001"}, {"Id": 10957529, "Rcvr": 1, "HasSig": false, "Icao": "A732D9", "Bad": false, "Reg": "N563JB", "FSeen": "/Date(1544399788486)/", "TSecs": 9091, "CMsgs": 3932, "Alt": -250, "GAlt": 69, "InHg": 30.2388229, "AltT": 0, "TAlt": 2016, "Call": "JBU1042", "Lat": 40.629398, "Long": -73.769943, "PosTime": 1544405433407, "Mlat": false, "PosStale": true, "Tisb": false, "Spd": 0.0, "Trak": 239.1, "TrkH": false, "TTrk": 279.84375, "Type": "A320", "Mdl": "2003 AIRBUS A320-232", "Man": "Airbus", "CNum": "2006", "From": "KSAV Savannah Hilton Head, United States", "To": "KJFK John F Kennedy, New York, United States", "Op": "JetBlue Airways", "OpIcao": "JBU", "Sqk": "6017", "Help": false, "Vsi": -576, "VsiT": 0, "Dst": 1.74, "Brng": 146.7, "WTC": 2, "Species": 1, "Engines": "2", "EngType": 3, "EngMount": 0, "Mil": false, "Cou": "United States", "HasPic": false, "Interested": false, "FlightsCount": 0, "Gnd": true, "SpdTyp": 0, "CallSus": false, "Trt": 5, "Year": "2003"}, {"Id": 11121263, "Rcvr": 1, "HasSig": false, "Icao": "A9B26F", "Bad": false, "Reg": "N724AG", "FSeen": "/Date(1544397797871)/", "TSecs": 11081, "CMsgs": 4426, "Alt": 5750, "GAlt": 6040, "InHg": 30.2096462, "AltT": 0, "Call": "N724AG", "Lat": 40.899399, "Long": -73.839417, "PosTime": 1544408878244, "Mlat": false, "Tisb": false, "Spd": 279.0, "Trak": 116.8, "TrkH": false, "Type": "GLF6", "Mdl": "2001 GULFSTREAM AEROSPACE G-V", "Man": "Gulfstream Aerospace", "CNum": "656", "Op": "EDAN LIMITED LLC EDAN LIMITED II LLC    - MORRISTOWN, NJ", "Sqk": "1710", "Help": false, "Vsi": 64, "VsiT": 0, "Dst": 28.98, "Brng": 350.3, "WTC": 2, "Species": 1, "Engines": "2", "EngType": 3, "EngMount": 1, "Mil": false, "Cou": "United States", "HasPic": false, "Interested": false, "FlightsCount": 0, "Gnd": false, "SpdTyp": 0, "CallSus": false, "Trt": 4, "Year": "2001"}, {"Id": 10578165, "Rcvr": 1, "HasSig": false, "Icao": "A168F5", "Bad": false, "Reg": "N190JB", "FSeen": "/Date(1544397309699)/", "TSecs": 11569, "CMsgs": 4407, "Alt": 1248, "GAlt": 1558, "InHg": 30.2303143, "AltT": 0, "Call": "JBU1808", "Lat": 40.7162, "Long": -73.722, "PosTime": 1544408874555, "Mlat": false, "Tisb": false, "Spd": 286.0, "Trak": 212.4, "TrkH": false, "Type": "E190", "Mdl": "2005 EMBRAER ERJ 190-100 IGW", "Man": "Embraer", "CNum": "19000011", "From": "KIAD Washington Dulles, United States", "To": "KJFK John F Kennedy, New York, United States", "Op": "JetBlue Airways", "OpIcao": "JBU", "Sqk": "2165", "Help": false, "Vsi": 16, "VsiT": 0, "Dst": 9.6, "Brng": 31.4, "WTC": 2, "Species": 1, "Engines": "2", "EngType": 3, "EngMount": 0, "Mil": false, "Cou": "United States", "HasPic": false, "Interested": false, "FlightsCount": 0, "Gnd": false, "SpdTyp": 0, "CallSus": true, "Trt": 2, "Year": "2005"}, {"Id": 4704474, "Rcvr": 1, "HasSig": false, "Icao": "47C8DA", "Bad": false, "Reg": "LN-LNN", "FSeen": "/Date(1544396730615)/", "TSecs": 12148, "CMsgs": 4568, "Alt": -250, "GAlt": 60, "InHg": 30.2303143, "AltT": 0, "TAlt": 3008, "Call": "NAX9V", "Lat": 40.644161, "Long": -73.801575, "PosTime": 1544408833071, "Mlat": false, "Tisb": false, "Spd": 10.0, "Trak": 303.1, "TrkH": false, "TTrk": 224.296875, "Type": "B789", "Mdl": "Boeing 787 9", "Man": "Boeing", "CNum": "38891", "Op": "Norwegian", "OpIcao": "NAX", "Sqk": "0736", "Help": false, "Vsi": -448, "VsiT": 0, "Dst": 1.72, "Brng": 276.2, "WTC": 3, "Species": 1, "Engines": "2", "EngType": 3, "EngMount": 0, "Mil": false, "Cou": "Norway", "HasPic": false, "Interested": false, "FlightsCount": 0, "Gnd": true, "SpdTyp": 0, "CallSus": false, "Trt": 5, "Year": "2017"}, {"Id": 10958480, "Rcvr": 1, "HasSig": true, "Sig": 177, "Icao": "A73690", "Bad": false, "Reg": "N564JB", "FSeen": "/Date(1544395613922)/", "TSecs": 13265, "CMsgs": 5258, "Alt": -250, "GAlt": 60, "InHg": 30.2303143, "AltT": 0, "TAlt": 18016, "Call": "JBU922", "Lat": 40.633633, "Long": -73.769897, "PosTime": 1544408020991, "Mlat": false, "PosStale": true, "Tisb": false, "Spd": 0.0, "Trak": 210.9, "TrkH": false, "TTrk": 0.0, "Type": "A320", "Mdl": "2003 AIRBUS A320-232", "Man": "Airbus", "CNum": "2020", "From": "KORD Chicago O'Hare, United States", "To": "KBOS General Edward Lawrence Logan, Boston, United States", "Op": "JetBlue Airways", "OpIcao": "JBU", "Sqk": "2000", "Help": false, "Vsi": 256, "VsiT": 0, "Dst": 1.38, "Brng": 135.7, "WTC": 2, "Species": 1, "Engines": "2", "EngType": 3, "EngMount": 0, "Mil": false, "Cou": "United States", "HasPic": false, "Interested": false, "FlightsCount": 0, "Gnd": true, "SpdTyp": 0, "CallSus": false, "Trt": 5, "Year": "2003"}, {"Id": 11103138, "Rcvr": 1, "HasSig": false, "Icao": "A96BA2", "Bad": false, "Reg": "N706JB", "FSeen": "/Date(1544393442685)/", "TSecs": 15436, "CMsgs": 4551, "Alt": 6260, "GAlt": 6602, "InHg": 30.26245, "AltT": 0, "TAlt": 4000, "Call": "JBU2989", "Lat": 40.651291, "Long": -73.775894, "PosTime": 1544395940439, "Mlat": false, "PosStale": true, "Tisb": false, "Spd": 0.0, "Trak": 177.2, "TrkH": false, "TTrk": 0.0, "Type": "A320", "Mdl": "2008 AIRBUS A320-232", "Man": "Airbus", "CNum": "3451", "From": "KBOS General Edward Lawrence Logan, Boston, United States", "To": "KDCA Ronald Reagan Washington National, United States", "Op": "JetBlue Airways", "OpIcao": "JBU", "Sqk": "3056", "Help": false, "Vsi": -960, "VsiT": 0, "Dst": 1.08, "Brng": 24.9, "WTC": 2, "Species": 1, "Engines": "2", "EngType": 3, "EngMount": 0, "Mil": false, "Cou": "United States", "HasPic": false, "Interested": false, "FlightsCount": 0, "Gnd": true, "SpdTyp": 0, "CallSus": false, "Trt": 5, "Year": "2008"}, {"Id": 11232410, "Rcvr": 1, "HasSig": false, "Icao": "AB649A", "Bad": false, "Reg": "N833MH", "FSeen": "/Date(1544391032239)/", "TSecs": 17847, "CMsgs": 8885, "Alt": -250, "GAlt": 45, "InHg": 30.2303143, "AltT": 0, "TAlt": 3008, "Call": "DAL1197", "Lat": 40.632179, "Long": -73.776138, "PosTime": 1544408835897, "Mlat": false, "Tisb": false, "Spd": 0.0, "Trak": 262.3, "TrkH": false, "TTrk": 224.296875, "Type": "B764", "Mdl": "2000 BOEING 767-432ER", "Man": "Boeing", "CNum": "29706", "From": "KLAX Los Angeles, United States", "To": "KJFK John F Kennedy, New York, United States", "Op": "Delta Air Lines", "OpIcao": "DAL", "Sqk": "4063", "Help": false, "Vsi": -64, "VsiT": 0, "Dst": 1.23, "Brng": 159.3, "WTC": 3, "Species": 1, "Engines": "2", "EngType": 3, "EngMount": 0, "Mil": false, "Cou": "United States", "HasPic": false, "Interested": false, "FlightsCount": 0, "Gnd": true, "SpdTyp": 0, "CallSus": false, "Trt": 5, "Year": "2000"}, {"Id": 10518986, "Rcvr": 1, "HasSig": false, "Icao": "A081CA", "Bad": false, "Reg": "N13138", "FSeen": "/Date(1544390496172)/", "TSecs": 18383, "CMsgs": 8702, "Alt": 1175, "GAlt": 1465, "InHg": 30.2096462, "AltT": 0, "TAlt": 18016, "Call": "UAL2018", "Lat": 40.756485, "Long": -74.124069, "PosTime": 1544408878197, "Mlat": false, "Tisb": false, "Spd": 159.0, "Trak": 205.3, "TrkH": false, "TTrk": 116.015625, "Type": "B752", "Mdl": "1999 BOEING 757-224", "Man": "Boeing", "CNum": "30351", "From": "KDEN Denver, United States", "To": "KEWR Newark Liberty, United States", "Op": "United Airlines", "OpIcao": "UAL", "Sqk": "3350", "Help": false, "Vsi": -896, "VsiT": 1, "Dst": 31.56, "Brng": 293.8, "WTC": 2, "Species": 1, "Engines": "2", "EngType": 3, "EngMount": 0, "Mil": false, "Cou": "United States", "HasPic": false, "Interested": false, "FlightsCount": 0, "Gnd": false, "SpdTyp": 0, "CallSus": false, "Trt": 5, "Year": "1999"}, {"Id": 11363438, "Rcvr": 1, "HasSig": true, "Sig": 131, "Icao": "AD646E", "Bad": false, "Reg": "N962JT", "FSeen": "/Date(1544389403965)/", "TSecs": 19475, "CMsgs": 9223, "Alt": -250, "GAlt": 60, "InHg": 30.2303143, "AltT": 0, "TAlt": 4000, "Call": "JBU190", "Lat": 40.642769, "Long": -73.771088, "PosTime": 1544407306737, "Mlat": false, "PosStale": true, "Tisb": false, "Spd": 0.0, "Trak": 199.7, "TrkH": false, "TTrk": 250.0, "Type": "A321", "Mdl": "Airbus A321 231SL", "Man": "Airbus", "CNum": "6988", "From": "KSAN San Diego, United States", "To": "KJFK John F Kennedy, New York, United States", "Op": "JetBlue Airways", "OpIcao": "JBU", "Sqk": "2000", "Help": false, "Vsi": -1280, "VsiT": 0, "Dst": 0.86, "Brng": 87.9, "WTC": 2, "Species": 1, "Engines": "2", "EngType": 3, "EngMount": 0, "Mil": false, "Cou": "United States", "HasPic": false, "Interested": false, "FlightsCount": 0, "Gnd": true, "SpdTyp": 0, "CallSus": false, "Trt": 4, "Year": "2016"}, {"Id": 9003275, "Rcvr": 1, "HasSig": false, "Icao": "89610B", "Bad": false, "Reg": "A6-ECD", "FSeen": "/Date(1544388893005)/", "TSecs": 19986, "CMsgs": 4260, "Alt": 2525, "GAlt": 2815, "InHg": 30.2096462, "AltT": 0, "Call": "UAE209", "Lat": 40.829269, "Long": -74.063293, "PosTime": 1544408878202, "Mlat": false, "Tisb": false, "Spd": 187.0, "Trak": 233.0, "TrkH": false, "Type": "B773", "Mdl": "Boeing 777 36NER", "Man": "Boeing", "CNum": "32795", "From": "OMDB Dubai, United Arab Emirates", "To": "KEWR Newark Liberty, United States", "Stops": ["LGAV Eleftherios Venizelos, Athens, Greece"], "Op": "Emirates Airline", "OpIcao": "UAE", "Sqk": "2465", "Help": false, "Vsi": -256, "VsiT": 0, "Dst": 31.56, "Brng": 311.2, "WTC": 3, "Species": 1, "Engines": "2", "EngType": 3, "EngMount": 0, "Mil": false, "Cou": "United Arab Emirates", "HasPic": false, "Interested": false, "FlightsCount": 0, "Gnd": false, "SpdTyp": 0, "CallSus": false, "Trt": 2, "Year": "2007", "Sat": true}, {"Id": 11039969, "Rcvr": 1, "HasSig": false, "Icao": "A874E1", "Bad": false, "Reg": "N644JB", "FSeen": "/Date(1544388008825)/", "TSecs": 20870, "CMsgs": 9911, "Alt": -250, "GAlt": 69, "InHg": 30.2388229, "AltT": 0, "TAlt": 3008, "Call": "JBU514", "Lat": 40.63262, "Long": -73.767653, "PosTime": 1544406725488, "Mlat": false, "PosStale": true, "Tisb": false, "Spd": 13.0, "Trak": 188.4, "TrkH": false, "TTrk": 0.0, "Type": "A320", "Mdl": "2006 AIRBUS A320-232", "Man": "Airbus", "CNum": "2880", "From": "KLGB Long Beach /Daugherty Field/, United States", "To": "KJFK John F Kennedy, New York, United States", "Op": "JetBlue Airways", "OpIcao": "JBU", "Sqk": "2000", "Help": false, "Vsi": -128, "VsiT": 0, "Dst": 1.59, "Brng": 133.6, "WTC": 2, "Species": 1, "Engines": "2", "EngType": 3, "EngMount": 0, "Mil": false, "Cou": "United States", "HasPic": false, "Interested": false, "FlightsCount": 0, "Gnd": true, "SpdTyp": 0, "CallSus": false, "Trt": 5, "Year": "2006"}, {"Id": 4805112, "Rcvr": 1, "HasSig": true, "Sig": 150, "Icao": "4951F8", "Bad": false, "Reg": "CS-TOX", "FSeen": "/Date(1544387948553)/", "TSecs": 20931, "CMsgs": 4902, "Alt": -225, "GAlt": 85, "InHg": 30.2303143, "AltT": 0, "Call": "TAP209", "Lat": 40.629269, "Long": -73.769214, "PosTime": 1544408183240, "Mlat": false, "Tisb": false, "Spd": 4.5, "Trak": 191.3, "TrkH": false, "Type": "A333", "Mdl": "Airbus A330 343E", "Man": "Airbus", "CNum": "1015", "From": "LPPT Lisbon Portela, Portugal", "To": "KJFK John F Kennedy, New York, United States", "Op": "TAP Portugal", "OpIcao": "TAP", "Sqk": "6016", "Help": false, "Vsi": -64, "VsiT": 0, "Dst": 1.79, "Brng": 145.3, "WTC": 3, "Species": 1, "Engines": "2", "EngType": 3, "EngMount": 0, "Mil": false, "Cou": "Portugal", "HasPic": false, "Interested": false, "FlightsCount": 0, "Gnd": true, "SpdTyp": 0, "CallSus": false, "Trt": 2, "Year": "2009", "Sat": true}, {"Id": 4704458, "Rcvr": 1, "HasSig": false, "Icao": "47C8CA", "Bad": false, "Reg": "LN-LNT", "FSeen": "/Date(1544387207726)/", "TSecs": 21671, "CMsgs": 5092, "Alt": -250, "GAlt": 60, "InHg": 30.2303143, "AltT": 0, "TAlt": 4992, "Call": "NAX3RV", "Lat": 40.632832, "Long": -73.773773, "PosTime": 1544408871657, "Mlat": false, "Tisb": false, "Spd": 2.0, "Trak": 63.4, "TrkH": false, "TTrk": 350.15625, "Type": "B789", "Mdl": "Boeing 787 9", "Man": "Boeing", "CNum": "38774", "Op": "Norwegian", "OpIcao": "NAX", "Sqk": "6037", "Help": false, "Vsi": 0, "VsiT": 0, "Dst": 1.25, "Brng": 149.5, "WTC": 3, "Species": 1, "Engines": "2", "EngType": 3, "EngMount": 0, "Mil": false, "Cou": "Norway", "HasPic": false, "Interested": false, "FlightsCount": 0, "Gnd": true, "SpdTyp": 0, "CallSus": false, "Trt": 5, "Year": "2017", "Sat": true}, {"Id": 10502794, "Rcvr": 1, "HasSig": true, "Sig": 91, "Icao": "A0428A", "Bad": false, "Reg": "N116AN", "FSeen": "/Date(1544387139155)/", "TSecs": 21740, "CMsgs": 9274, "Alt": -250, "GAlt": 60, "InHg": 30.2303143, "AltT": 0, "TAlt": 3008, "Call": "AAL185", "Lat": 40.633713, "Long": -73.770081, "PosTime": 1544405313709, "Mlat": false, "PosStale": true, "Tisb": false, "Spd": 0.0, "Trak": 149.1, "TrkH": false, "TTrk": 0.0, "Type": "A321", "Mdl": "2014 AIRBUS INDUSTRIE A321-231", "Man": "Airbus", "CNum": "6070", "From": "KJFK John F Kennedy, New York, United States", "To": "KLAX Los Angeles, United States", "Op": "American Airlines", "OpIcao": "AAL", "Sqk": "3041", "Help": false, "Vsi": -64, "VsiT": 0, "Dst": 1.36, "Brng": 135.9, "WTC": 2, "Species": 1, "Engines": "2", "EngType": 3, "EngMount": 0, "Mil": false, "Cou": "United States", "HasPic": false, "Interested": false, "FlightsCount": 0, "Gnd": true, "SpdTyp": 0, "CallSus": false, "Trt": 5, "Year": "2014"}], "totalAc": 5052, "lastDv": "636799839356292300", "shtTrlSec": 65, "stm": 1544408879502}