{"src": 1, "feeds": [{"id": 1, "name": "From Cons", "polarPlot": false}], "srcFeed": 1, "showSil": true, "showFlg": true, "showPic": true, "flgH": 20, "flgW": 85, "acList": [{"Id": 10489056, "Rcvr": 1, "HasSig": true, "Sig": 178, "Icao": "A00CE0", "Bad": false, "Reg": "N102HQ", "FSeen": "/Date(1544403989810)/", "TSecs": 15, "CMsgs": 6, "Alt": -75, "GAlt": 244, "InHg": 30.2388229, "AltT": 0, "TAlt": 5024, "Lat": 40.781855, "Long": -73.877563, "PosTime": 1544404004277, "Mlat": false, "Tisb": false, "Spd": 148.4, "Trak": 302.6, "TrkH": false, "Type": "E75S", "Mdl": "2007 EMBRAER-EMPRESA BRASILEIRA DE ERJ 170-200 LR", "Man": "Embraer", "CNum": "17000157", "Op": "REPUBLIC AIRLINE INC     - INDIANAPOLIS, IN", "OpIcao": "RPA", "Sqk": "", "Vsi": 2688, "VsiT": 1, "Dst": 17.49, "Brng": 332.4, "WTC": 2, "Species": 1, "Engines": "2", "EngType": 3, "EngMount": 0, "Mil": false, "Cou": "United States", "HasPic": false, "Interested": false, "FlightsCount": 0, "Gnd": false, "SpdTyp": 0, "CallSus": false, "Trt": 5, "Year": "2007"}, {"Id": 10712026, "Rcvr": 1, "HasSig": false, "Icao": "A373DA", "Bad": false, "Reg": "N321US", "FSeen": "/Date(1544403922557)/", "TSecs": 82, "CMsgs": 19, "InHg": 30.2598419, "AltT": 0, "Call": "DAL2799", "Lat": 40.651871, "Long": -73.774361, "PosTime": 1544403978457, "Mlat": false, "Tisb": false, "Spd": 0.0, "Trak": 121.0, "TrkH": false, "Type": "A320", "Mdl": "1992 AIRBUS INDUSTRIE A320-211", "Man": "Airbus", "CNum": "262", "From": "KJFK John F Kennedy, New York, United States", "To": "KMCO Orlando, United States", "Op": "DELTA AIR LINES INC     - ATLANTA, GA", "OpIcao": "DAL", "Sqk": "3050", "Help": false, "VsiT": 0, "Dst": 1.2, "Brng": 29.2, "WTC": 2, "Species": 1, "Engines": "2", "EngType": 3, "EngMount": 0, "Mil": false, "Cou": "United States", "HasPic": false, "Interested": false, "FlightsCount": 0, "Gnd": true, "SpdTyp": 0, "CallSus": false, "Trt": 2, "Year": "1992"}, {"Id": 10716654, "Rcvr": 1, "HasSig": true, "Sig": 217, "Icao": "A385EE", "Bad": false, "Reg": "N326PQ", "FSeen": "/Date(1544403868792)/", "TSecs": 136, "CMsgs": 62, "Alt": 1900, "GAlt": 2305, "InHg": 30.3248043, "AltT": 0, "Lat": 40.652527, "Long": -73.84314, "PosTime": 1544403982664, "Mlat": false, "Tisb": false, "Spd": 175.6, "Trak": 250.0, "TrkH": false, "Type": "CRJ9", "Mdl": "2014 BOMBARDIER INC CL-600-2D24", "Man": "Bombardier", "CNum": "15326", "Op": "WELLS FARGO BANK NORTHWEST NA TRUSTEE     - SALT LAKE CITY, UT", "OpIcao": "EDV", "Sqk": "1732", "Help": false, "Vsi": 1344, "VsiT": 1, "Dst": 5.34, "Brng": 282.1, "WTC": 2, "Species": 1, "Engines": "2", "EngType": 3, "EngMount": 1, "Mil": false, "Cou": "United States", "HasPic": false, "Interested": false, "FlightsCount": 0, "Gnd": false, "SpdTyp": 0, "CallSus": false, "Trt": 2, "Year": "2014"}, {"Id": 10920695, "Rcvr": 1, "HasSig": true, "Sig": 93, "Icao": "A6A2F7", "Bad": false, "Reg": "N527AH", "FSeen": "/Date(1544403796299)/", "TSecs": 208, "CMsgs": 21, "Alt": -250, "GAlt": 90, "InHg": 30.2598419, "AltT": 0, "Call": "N527AH", "Lat": 40.641666, "Long": -73.796661, "PosTime": 1544403964430, "Mlat": false, "Tisb": false, "Spd": 16.0, "Trak": 2.8, "TrkH": false, "Type": "E190", "Mdl": "Embraer Lineage 1000 E", "Man": "Embraer", "CNum": "19000691", "Op": "Embraer", "Sqk": "4032", "Help": false, "VsiT": 0, "Dst": 1.3, "Brng": 266.0, "WTC": 2, "Species": 1, "Engines": "2", "EngType": 3, "EngMount": 0, "Mil": false, "Cou": "United States", "HasPic": false, "Interested": false, "FlightsCount": 0, "Gnd": true, "SpdTyp": 0, "CallSus": false, "Trt": 2, "Year": "2016"}, {"Id": 10734955, "Rcvr": 1, "HasSig": true, "Sig": 213, "Icao": "A3CD6B", "Bad": false, "Reg": "N344NW", "FSeen": "/Date(1544403558250)/", "TSecs": 446, "CMsgs": 243, "Alt": 16600, "GAlt": 16890, "InHg": 30.2096462, "AltT": 0, "Call": "DAL1318", "Lat": 40.921326, "Long": -73.698848, "PosTime": 1544403998878, "Mlat": true, "Tisb": false, "Trak": 313.9, "TrkH": false, "Type": "A320", "Mdl": "1993 AIRBUS INDUSTRIE A320-212", "Man": "Airbus", "CNum": "388", "From": "KMCO Orlando, United States", "To": "KATL Hartsfield Jackson Atlanta, United States", "Op": "Delta Air Lines", "OpIcao": "DAL", "Sqk": "2702", "Help": false, "VsiT": 0, "Dst": 31.77, "Brng": 12.6, "WTC": 2, "Species": 1, "Engines": "2", "EngType": 3, "EngMount": 0, "Mil": false, "Cou": "United States", "HasPic": false, "Interested": false, "FlightsCount": 0, "Gnd": false, "SpdTyp": 0, "CallSus": true, "Trt": 2, "Year": "1993"}, {"Id": 10533454, "Rcvr": 1, "HasSig": true, "Sig": 86, "Icao": "A0BA4E", "Bad": false, "Reg": "N146PQ", "FSeen": "/Date(1544403335166)/", "TSecs": 669, "CMsgs": 84, "Alt": 3850, "GAlt": 4145, "InHg": 30.2151985, "AltT": 0, "TAlt": 7008, "Call": "EDV5363", "Lat": 40.860389, "Long": -73.944231, "PosTime": 1544404004276, "Mlat": false, "Tisb": false, "Spd": 215.8, "Trak": 330.6, "TrkH": false, "TTrk": 339.609375, "Type": "CRJ9", "Mdl": "2007 BOMBARDIER INC CL-600-2D24", "Man": "Bombardier", "CNum": "15146", "Op": "DELTA AIR LINES INC     - ATLANTA, GA", "OpIcao": "EDV", "Sqk": "1573", "Help": false, "Vsi": 1472, "VsiT": 0, "Dst": 27.85, "Brng": 330.5, "WTC": 2, "Species": 1, "Engines": "2", "EngType": 3, "EngMount": 1, "Mil": false, "Cou": "United States", "HasPic": false, "Interested": false, "FlightsCount": 0, "Gnd": false, "SpdTyp": 0, "CallSus": false, "Trt": 5, "Year": "2007"}, {"Id": 11240619, "Rcvr": 1, "HasSig": false, "Icao": "AB84AB", "Bad": false, "Reg": "N841MH", "FSeen": "/Date(1544403291529)/", "TSecs": 713, "CMsgs": 32, "Alt": -250, "GAlt": 90, "InHg": 30.2598419, "AltT": 0, "Call": "DAL444", "Lat": 40.637718, "Long": -73.788361, "PosTime": 1544403985917, "Mlat": false, "Tisb": false, "Spd": 13.0, "Trak": 303.4, "TrkH": false, "Type": "B764", "Mdl": "2001 BOEING 767-432ER", "Man": "Boeing", "CNum": "29714", "From": "KJFK John F Kennedy, New York, United States", "To": "LIRF Leonardo Da Vinci (Fiumicino), Rome, Italy", "Op": "Delta Air Lines", "OpIcao": "DAL", "Sqk": "1170", "Help": false, "VsiT": 0, "Dst": 0.8, "Brng": 228.4, "WTC": 3, "Species": 1, "Engines": "2", "EngType": 3, "EngMount": 0, "Mil": false, "Cou": "United States", "HasPic": false, "Interested": false, "FlightsCount": 0, "Gnd": true, "SpdTyp": 0, "CallSus": false, "Trt": 2, "Year": "2001"}, {"Id": 10585659, "Rcvr": 1, "HasSig": true, "Sig": 72, "Icao": "A1863B", "Bad": false, "Reg": "N198DN", "FSeen": "/Date(1544403052101)/", "TSecs": 952, "CMsgs": 34, "Alt": -250, "GAlt": 90, "InHg": 30.2598419, "AltT": 0, "Call": "DAL140", "Lat": 40.649776, "Long": -73.766235, "PosTime": 1544403519063, "Mlat": false, "PosStale": true, "Tisb": false, "Spd": 5.5, "Trak": 191.3, "TrkH": false, "Type": "B763", "Mdl": "1998 BOEING 767-332", "Man": "Boeing", "CNum": "28455", "From": "KJFK John F Kennedy, New York, United States", "To": "EBBR Brussels, Belgium", "Op": "Delta Air Lines", "OpIcao": "DAL", "Sqk": "3024", "Help": false, "VsiT": 0, "Dst": 1.51, "Brng": 57.4, "WTC": 3, "Species": 1, "Engines": "2", "EngType": 3, "EngMount": 0, "Mil": false, "Cou": "United States", "HasPic": false, "Interested": false, "FlightsCount": 0, "Gnd": true, "SpdTyp": 0, "CallSus": false, "Trt": 5, "Year": "1998"}, {"Id": 11362487, "Rcvr": 1, "HasSig": false, "Icao": "AD60B7", "Bad": false, "Reg": "N961JT", "FSeen": "/Date(1544402807721)/", "TSecs": 1197, "CMsgs": 142, "Alt": 6675, "GAlt": 6985, "InHg": 30.2303143, "AltT": 0, "Call": "JBU1623", "Lat": 40.603046, "Long": -73.688736, "PosTime": 1544404002714, "Mlat": false, "Tisb": false, "Spd": 270.0, "Trak": 29.5, "TrkH": false, "Type": "A321", "Mdl": "Airbus A321 231SL", "Man": "Airbus", "CNum": "6930", "From": "KJFK John F Kennedy, New York, United States", "To": "KLAX Los Angeles, United States", "Op": "JetBlue Airways", "OpIcao": "JBU", "Sqk": "1502", "Help": false, "Vsi": 2240, "VsiT": 1, "Dst": 8.96, "Brng": 119.3, "WTC": 2, "Species": 1, "Engines": "2", "EngType": 3, "EngMount": 0, "Mil": false, "Cou": "United States", "HasPic": false, "Interested": false, "FlightsCount": 0, "Gnd": false, "SpdTyp": 0, "CallSus": false, "Trt": 5, "Year": "2016"}, {"Id": 10857080, "Rcvr": 1, "HasSig": true, "Sig": 199, "Icao": "A5AA78", "Bad": false, "Reg": "N464WN", "FSeen": "/Date(1544402534497)/", "TSecs": 1470, "CMsgs": 799, "Alt": 30500, "GAlt": 30512, "InHg": 29.93171, "AltT": 0, "TAlt": 27008, "Call": "SWA4269", "Lat": 40.704904, "Long": -73.700971, "PosTime": 1544404004242, "Mlat": false, "Tisb": false, "Spd": 511.2, "Trak": 40.8, "TrkH": false, "TTrk": 9.84375, "Type": "B737", "Mdl": "2004 BOEING 737-7H4", "Man": "Boeing", "CNum": "32468", "Op": "Southwest Airlines", "OpIcao": "SWA", "Sqk": "0551", "Help": false, "Vsi": -960, "VsiT": 1, "Dst": 9.7, "Brng": 44.3, "WTC": 2, "Species": 1, "Engines": "2", "EngType": 3, "EngMount": 0, "Mil": false, "Cou": "United States", "HasPic": false, "Interested": false, "FlightsCount": 0, "Gnd": false, "SpdTyp": 0, "CallSus": false, "Trt": 5, "Year": "2004"}, {"Id": 10571176, "Rcvr": 1, "HasSig": false, "Icao": "A14DA8", "Bad": false, "Reg": "N183UW", "FSeen": "/Date(1544402410681)/", "TSecs": 1594, "CMsgs": 795, "Alt": 21000, "GAlt": 21310, "InHg": 30.2303143, "AltT": 0, "Lat": 40.7838, "Long": -73.5478, "PosTime": 1544404004244, "Mlat": true, "Tisb": false, "Spd": 296.0, "Trak": 47.8, "TrkH": false, "Type": "A321", "Mdl": "2001 AIRBUS INDUSTRIE A321-211", "Man": "Airbus", "CNum": "1539", "Op": "American Airlines", "OpIcao": "AAL", "Sqk": "7105", "Help": false, "Vsi": 928, "VsiT": 0, "Dst": 25.18, "Brng": 51.3, "WTC": 2, "Species": 1, "Engines": "2", "EngType": 3, "EngMount": 0, "Mil": false, "Cou": "United States", "HasPic": false, "Interested": false, "FlightsCount": 0, "Gnd": false, "SpdTyp": 0, "CallSus": false, "Trt": 2, "Year": "2001"}, {"Id": 11267611, "Rcvr": 1, "HasSig": true, "Sig": 143, "Icao": "ABEE1B", "Bad": false, "Reg": "N868RW", "FSeen": "/Date(1544402020363)/", "TSecs": 1984, "CMsgs": 1013, "Alt": 5575, "GAlt": 5894, "InHg": 30.239172, "AltT": 0, "Call": "RPA5936", "Lat": 40.6147, "Long": -74.021, "PosTime": 1544404004240, "Mlat": true, "Tisb": false, "Spd": 342.0, "Trak": 47.0, "TrkH": false, "Type": "E170", "Mdl": "2006 EMBRAER ERJ 170-100SU", "Man": "Embraer", "CNum": "17000131", "Op": "SHUTTLE AMERICA CORP     - INDIANAPOLIS, IN", "OpIcao": "RPA", "Sqk": "2154", "Help": false, "Vsi": 10, "VsiT": 0, "Dst": 20.46, "Brng": 261.4, "WTC": 2, "Species": 1, "Engines": "2", "EngType": 3, "EngMount": 0, "Mil": false, "Cou": "United States", "HasPic": false, "Interested": false, "FlightsCount": 0, "Gnd": false, "SpdTyp": 0, "CallSus": true, "Trt": 2, "Year": "2006"}, {"Id": 15205448, "Rcvr": 1, "HasSig": true, "Sig": 189, "Icao": "E80448", "Bad": false, "Reg": "CC-BGF", "FSeen": "/Date(1544401601818)/", "TSecs": 2403, "CMsgs": 65, "Alt": 225, "GAlt": 567, "InHg": 30.26245, "AltT": 0, "TAlt": 4992, "Call": "LAN533", "Lat": 40.6172, "Long": -73.789298, "PosTime": 1544404004277, "Mlat": false, "Tisb": false, "Spd": 184.7, "Trak": 210.6, "TrkH": false, "TTrk": 225.0, "Type": "B789", "Mdl": "Boeing 787 9", "Man": "Boeing", "CNum": "38479", "From": "KJFK John F Kennedy, New York, United States", "To": "SCEL Comodoro Arturo Merino Ben\u00edtez, Santiago, Chile", "Op": "LATAM Airlines", "OpIcao": "LAN", "Sqk": "2716", "Help": false, "Vsi": 1728, "VsiT": 0, "Dst": 2.89, "Brng": 193.5, "WTC": 3, "Species": 1, "Engines": "2", "EngType": 3, "EngMount": 0, "Mil": false, "Cou": "Chile", "HasPic": false, "Interested": false, "FlightsCount": 0, "Gnd": false, "SpdTyp": 0, "CallSus": false, "Trt": 5, "Year": "2015"}, {"Id": 10688864, "Rcvr": 1, "HasSig": false, "Icao": "A31960", "Bad": false, "Reg": "N29906", "FSeen": "/Date(1544401258886)/", "TSecs": 2746, "CMsgs": 1284, "Alt": -250, "GAlt": 31, "InHg": 30.2007866, "AltT": 0, "Call": "ASQ4061", "Lat": 40.711096, "Long": -74.15372, "PosTime": 1544403984205, "Mlat": true, "Tisb": false, "Spd": 309.0, "Trak": 200.6, "TrkH": false, "Type": "E145", "Mdl": "2001 EMBRAER EMB-145LR", "Man": "Embraer", "CNum": "145472", "Op": "WELLS FARGO BANK NORTHWEST NA TRUSTEE     - SALT LAKE CITY, UT", "OpIcao": "ASQ", "Sqk": "3412", "Help": false, "Vsi": -436, "VsiT": 0, "Dst": 32.32, "Brng": 283.8, "WTC": 2, "Species": 1, "Engines": "2", "EngType": 3, "EngMount": 1, "Mil": false, "Cou": "United States", "HasPic": false, "Interested": false, "FlightsCount": 0, "Gnd": true, "SpdTyp": 0, "CallSus": false, "Trt": 2, "Year": "2001"}, {"Id": 11004167, "Rcvr": 1, "HasSig": true, "Sig": 211, "Icao": "A7E907", "Bad": false, "Reg": "N609DP", "FSeen": "/Date(1544401184524)/", "TSecs": 2820, "CMsgs": 1432, "Alt": 4075, "GAlt": 4444, "InHg": 30.28937, "AltT": 0, "Call": "PDT4823", "Lat": 40.683909, "Long": -73.948912, "PosTime": 1544403813055, "Mlat": true, "PosStale": true, "Tisb": false, "Spd": 349.5, "Trak": 31.7, "TrkH": false, "Type": "E145", "Mdl": "1998 EMBRAER EMB-145LR", "Man": "Embraer", "CNum": "145069", "Op": "American Eagle - Envoy Air", "OpIcao": "PDT", "Sqk": "1540", "Help": false, "Vsi": -1536, "VsiT": 0, "Dst": 14.87, "Brng": 288.1, "WTC": 2, "Species": 1, "Engines": "2", "EngType": 3, "EngMount": 1, "Mil": false, "Cou": "United States", "HasPic": false, "Interested": false, "FlightsCount": 0, "Gnd": false, "SpdTyp": 0, "CallSus": true, "Trt": 2, "Year": "1998"}, {"Id": 11382611, "Rcvr": 1, "HasSig": false, "Icao": "ADAF53", "Bad": false, "Reg": "N981EV", "FSeen": "/Date(1544400967489)/", "TSecs": 3037, "CMsgs": 1417, "Alt": -250, "GAlt": 31, "InHg": 30.2007866, "AltT": 0, "Lat": 40.689356, "Long": -73.721008, "PosTime": 1544403788898, "Mlat": true, "PosStale": true, "Tisb": false, "Spd": 431.4, "Trak": 209.7, "TrkH": false, "Type": "CRJ2", "Mdl": "2003 BOMBARDIER INC CL-600-2B19", "Man": "Bombardier", "CNum": "7768", "Op": "US BANK NA TRUSTEE     - WILMINGTON, DE", "OpIcao": "EDV", "Sqk": "3442", "Help": false, "Vsi": 64, "VsiT": 0, "Dst": 7.28, "Brng": 44.3, "WTC": 2, "Species": 1, "Engines": "2", "EngType": 3, "EngMount": 1, "Mil": false, "Cou": "United States", "HasPic": false, "Interested": false, "FlightsCount": 0, "Gnd": true, "SpdTyp": 0, "CallSus": false, "Trt": 2, "Year": "2003"}, {"Id": 10995785, "Rcvr": 1, "HasSig": true, "Sig": 75, "Icao": "A7C849", "Bad": false, "Reg": "N600LR", "FSeen": "/Date(1544400707698)/", "TSecs": 3297, "CMsgs": 1733, "Alt": 3700, "GAlt": 4042, "InHg": 30.26245, "AltT": 0, "TAlt": 4000, "Call": "EDV3409", "Lat": 40.408493, "Long": -73.572937, "PosTime": 1544404002688, "Mlat": false, "Tisb": false, "Spd": 262.4, "Trak": 31.0, "TrkH": false, "TTrk": 40.078125, "Type": "CRJ9", "Mdl": "2007 BOMBARDIER INC CL-600-2D24", "Man": "Bombardier", "CNum": "15142", "Op": "DELTA AIR LINES INC     - ATLANTA, GA", "OpIcao": "EDV", "Sqk": "4147", "Help": false, "Vsi": 0, "VsiT": 0, "Dst": 31.42, "Brng": 145.8, "WTC": 2, "Species": 1, "Engines": "2", "EngType": 3, "EngMount": 1, "Mil": false, "Cou": "United States", "HasPic": false, "Interested": false, "FlightsCount": 0, "Gnd": false, "SpdTyp": 0, "CallSus": false, "Trt": 5, "Year": "2007"}, {"Id": 10925303, "Rcvr": 1, "HasSig": true, "Sig": 184, "Icao": "A6B4F7", "Bad": false, "Reg": "N531JL", "FSeen": "/Date(1544400040000)/", "TSecs": 3964, "CMsgs": 1758, "Alt": -250, "GAlt": 92, "InHg": 30.26245, "AltT": 0, "TAlt": 3008, "Call": "JBU740", "Lat": 40.632534, "Long": -73.767502, "PosTime": 1544403068500, "Mlat": false, "PosStale": true, "Tisb": false, "Spd": 0.1, "Trak": 199.7, "TrkH": false, "TTrk": 0.0, "Type": "A320", "Mdl": "2001 AIRBUS INDUSTRIE A320-232", "Man": "Airbus", "CNum": "1650", "From": "TJPS Mercedita, Ponce, Puerto Rico", "To": "KJFK John F Kennedy, New York, United States", "Op": "JetBlue Airways", "OpIcao": "JBU", "Sqk": "2000", "Help": false, "Vsi": -128, "VsiT": 0, "Dst": 1.61, "Brng": 133.6, "WTC": 2, "Species": 1, "Engines": "2", "EngType": 3, "EngMount": 0, "Mil": false, "Cou": "United States", "HasPic": false, "Interested": false, "FlightsCount": 0, "Gnd": true, "SpdTyp": 0, "CallSus": false, "Trt": 5, "Year": "2001"}, {"Id": 11307843, "Rcvr": 1, "HasSig": true, "Sig": 213, "Icao": "AC8B43", "Bad": false, "Reg": "N907XJ", "FSeen": "/Date(1544399598560)/", "TSecs": 4406, "CMsgs": 2257, "Alt": 2900, "GAlt": 3181, "InHg": 30.2007866, "AltT": 0, "Lat": 40.6755, "Long": -73.4024, "PosTime": 1544404004225, "Mlat": true, "Tisb": false, "Spd": 459.0, "Trak": 8.9, "TrkH": false, "Type": "CRJ9", "Mdl": "2007 BOMBARDIER INC CL-600-2D24", "Man": "Bombardier", "CNum": "15139", "Op": "DELTA AIR LINES INC     - ATLANTA, GA", "OpIcao": "EDV", "Sqk": "0313", "Help": false, "Vsi": -2368, "VsiT": 0, "Dst": 32.17, "Brng": 83.3, "WTC": 2, "Species": 1, "Engines": "2", "EngType": 3, "EngMount": 1, "Mil": false, "Cou": "United States", "HasPic": false, "Interested": false, "FlightsCount": 0, "Gnd": false, "SpdTyp": 0, "CallSus": false, "Trt": 2, "Year": "2007"}, {"Id": 10573898, "Rcvr": 1, "HasSig": false, "Icao": "A1584A", "Bad": false, "Reg": "N186PQ", "FSeen": "/Date(1544398857058)/", "TSecs": 5147, "CMsgs": 2595, "Alt": 550, "GAlt": 869, "InHg": 30.239172, "AltT": 0, "Lat": 40.830505, "Long": -73.835571, "PosTime": 1544403998807, "Mlat": true, "Tisb": false, "Spd": 343.0, "Trak": 89.9, "TrkH": false, "Type": "CRJ9", "Mdl": "2008 BOMBARDIER INC CL-600-2D24", "Man": "Bombardier", "CNum": "15186", "Op": "DELTA AIRLINES INC DEPT 595 AIRCRAFT REGISTRATIONS    - ATLANTA, GA", "OpIcao": "EDV", "Sqk": "3003", "Help": false, "Vsi": 31, "VsiT": 1, "Dst": 21.4, "Brng": 347.7, "WTC": 2, "Species": 1, "Engines": "2", "EngType": 3, "EngMount": 1, "Mil": false, "Cou": "United States", "HasPic": false, "Interested": false, "FlightsCount": 0, "Gnd": false, "SpdTyp": 0, "CallSus": false, "Trt": 2, "Year": "2008"}, {"Id": 11181572, "Rcvr": 1, "HasSig": true, "Sig": 115, "Icao": "AA9E04", "Bad": false, "Reg": "N7830A", "FSeen": "/Date(1544398115515)/", "TSecs": 5889, "CMsgs": 3030, "Alt": -300, "GAlt": 10, "InHg": 30.2303143, "AltT": 0, "Call": "SWA1277", "Lat": 40.773033, "Long": -73.879852, "PosTime": 1544404001153, "Mlat": false, "Tisb": false, "Spd": 7.0, "Trak": 188.9, "TrkH": false, "Type": "B737", "Mdl": " BOEING 737-7L9", "Man": "Boeing", "CNum": "28008", "From": "KFLL Fort Lauderdale Hollywood, United States", "To": "KPVD Theodore Francis Green State, Providence, United States", "Stops": ["KBWI Baltimore/Washington International Thurgood Marshal, Baltimore, United States"], "Op": "Southwest Airlines", "OpIcao": "SWA", "Sqk": "7217", "Help": false, "Vsi": -640, "VsiT": 0, "Dst": 16.73, "Brng": 330.2, "WTC": 2, "Species": 1, "Engines": "2", "EngType": 3, "EngMount": 0, "Mil": false, "Cou": "United States", "HasPic": false, "Interested": false, "FlightsCount": 0, "Gnd": true, "SpdTyp": 0, "CallSus": false, "Trt": 2}, {"Id": 11130406, "Rcvr": 1, "HasSig": false, "Icao": "A9D626", "Bad": false, "Reg": "N73291", "FSeen": "/Date(1544396616100)/", "TSecs": 7388, "CMsgs": 2944, "Alt": 1825, "GAlt": 1964, "InHg": 30.0590553, "AltT": 0, "TAlt": 4992, "Call": "UAL2739", "Lat": 40.788185, "Long": -74.103905, "PosTime": 1544404004224, "Mlat": false, "Tisb": false, "Spd": 165.0, "Trak": 205.8, "TrkH": false, "TTrk": 90.0, "Type": "B738", "Mdl": "BOEING 737-824", "Man": "Boeing", "CNum": "33454", "Op": "United Airlines", "OpIcao": "UAL", "Sqk": "3517", "Help": false, "Vsi": -896, "VsiT": 1, "Dst": 31.65, "Brng": 300.9, "WTC": 2, "Species": 1, "Engines": "2", "EngType": 3, "EngMount": 0, "Mil": false, "Cou": "United States", "HasPic": false, "Interested": false, "FlightsCount": 0, "Gnd": false, "SpdTyp": 0, "CallSus": false, "Trt": 5, "Year": "2004"}, {"Id": 10695463, "Rcvr": 1, "HasSig": true, "Sig": 9, "Icao": "A33327", "Bad": false, "Reg": "N305NX", "FSeen": "/Date(1544396198014)/", "TSecs": 7806, "CMsgs": 3915, "Alt": 3725, "GAlt": 4020, "InHg": 30.2151985, "AltT": 0, "TAlt": 4000, "Call": "AAL332", "Lat": 40.719177, "Long": -73.891724, "PosTime": 1544404004221, "Mlat": false, "Tisb": false, "Spd": 258.8, "Trak": 59.1, "TrkH": false, "TTrk": 70.3125, "Type": "B738", "Mdl": "737-823", "Man": "Boeing", "CNum": "31253", "From": "KLGA La Guardia, New York, United States", "To": "KORD Chicago O'Hare, United States", "Op": "American Airlines", "OpIcao": "AAL", "Sqk": "2103", "Help": false, "Vsi": 0, "VsiT": 1, "Dst": 12.63, "Brng": 312.5, "WTC": 2, "Species": 1, "Engines": "2", "EngType": 3, "EngMount": 0, "Mil": false, "Cou": "United States", "HasPic": false, "Interested": false, "FlightsCount": 0, "Gnd": false, "SpdTyp": 0, "CallSus": false, "Tag": "GT", "Trt": 5, "Year": "2016"}, {"Id": 10910778, "Rcvr": 1, "HasSig": true, "Sig": 8, "Icao": "A67C3A", "Bad": false, "Reg": "N517JB", "FSeen": "/Date(1544395912649)/", "TSecs": 8092, "CMsgs": 4031, "Alt": 725, "GAlt": 1044, "InHg": 30.2388229, "AltT": 0, "TAlt": 3008, "Call": "JBU1944", "Lat": 40.75411, "Long": -74.125505, "PosTime": 1544403976880, "Mlat": false, "Tisb": false, "Spd": 143.6, "Trak": 206.0, "TrkH": false, "TTrk": 0.0, "Type": "A320", "Mdl": "2000 AIRBUS INDUSTRIE A320-232", "Man": "Airbus", "CNum": "1327", "Op": "JetBlue Airways", "OpIcao": "JBU", "Sqk": "1657", "Help": false, "Vsi": -576, "VsiT": 0, "Dst": 31.56, "Brng": 293.3, "WTC": 2, "Species": 1, "Engines": "2", "EngType": 3, "EngMount": 0, "Mil": false, "Cou": "United States", "HasPic": false, "Interested": false, "FlightsCount": 0, "Gnd": false, "SpdTyp": 0, "CallSus": false, "Trt": 5, "Year": "2000"}, {"Id": 11112593, "Rcvr": 1, "HasSig": true, "Sig": 32, "Icao": "A99091", "Bad": false, "FSeen": "/Date(1544395904700)/", "TSecs": 8100, "CMsgs": 2435, "Alt": 1075, "GAlt": 1385, "InHg": 30.2303143, "AltT": 0, "Lat": 40.7089, "Long": -73.6423, "PosTime": 1544404004224, "Mlat": true, "Tisb": false, "Spd": 509.3, "Trak": 211.9, "TrkH": false, "Sqk": "6601", "Help": false, "Vsi": 128, "VsiT": 1, "Dst": 13.85, "Brng": 57.7, "WTC": 0, "Species": 0, "EngType": 0, "EngMount": 0, "Mil": false, "Cou": "United States", "HasPic": false, "Interested": false, "FlightsCount": 0, "Gnd": false, "SpdTyp": 0, "CallSus": false, "Trt": 2}, {"Id": 4739594, "Rcvr": 1, "HasSig": false, "Icao": "48520A", "Bad": false, "Reg": "PH-HXB", "FSeen": "/Date(1544395539273)/", "TSecs": 8465, "CMsgs": 4193, "Alt": 1700, "GAlt": 2042, "InHg": 30.26245, "AltT": 0, "TAlt": 4000, "Call": "SCX247", "Lat": 40.799965, "Long": -73.622192, "PosTime": 1544404004220, "Mlat": false, "Tisb": false, "Spd": 164.0, "Trak": 235.9, "TrkH": false, "TTrk": 75.234375, "Type": "B738", "Mdl": "Boeing 737NG 8K2/W", "Man": "Boeing", "CNum": "41340", "From": "KMSP Minneapolis-St Paul International/Wold-Chamberlain, Minneapolis, United States", "To": "KJFK John F Kennedy, New York, United States", "Op": "Transavia", "OpIcao": "TRA", "Sqk": "6263", "Help": false, "Vsi": 0, "VsiT": 1, "Dst": 22.05, "Brng": 37.4, "WTC": 2, "Species": 1, "Engines": "2", "EngType": 3, "EngMount": 0, "Mil": false, "Cou": "Netherlands", "HasPic": false, "Interested": false, "FlightsCount": 0, "Gnd": false, "SpdTyp": 0, "CallSus": false, "Trt": 5, "Year": "2016"}, {"Id": 4224211, "Rcvr": 1, "HasSig": true, "Sig": 112, "Icao": "4074D3", "Bad": false, "Reg": "G-CKWC", "FSeen": "/Date(1544395247793)/", "TSecs": 8757, "CMsgs": 4326, "Alt": -250, "GAlt": 92, "InHg": 30.26245, "AltT": 0, "TAlt": 4992, "Call": "NRS15Z", "Lat": 40.629024, "Long": -73.782026, "PosTime": 1544403819466, "Mlat": false, "PosStale": true, "Tisb": false, "Spd": 0.0, "Trak": 45.0, "TrkH": false, "TTrk": 310.078125, "Type": "B789", "Mdl": "Boeing 787 9", "Man": "Boeing", "CNum": "38893", "Op": "Norwegian Air UK", "OpIcao": "NRS", "Sqk": "0746", "Help": false, "Vsi": -128, "VsiT": 0, "Dst": 1.5, "Brng": 182.4, "WTC": 3, "Species": 1, "Engines": "2", "EngType": 3, "EngMount": 0, "Mil": false, "Cou": "United Kingdom", "HasPic": false, "Interested": false, "FlightsCount": 0, "Gnd": true, "SpdTyp": 0, "CallSus": false, "Trt": 5, "Year": "2018"}, {"Id": 10806984, "Rcvr": 1, "HasSig": true, "Sig": 64, "Icao": "A4E6C8", "Bad": false, "Reg": "N415AW", "FSeen": "/Date(1544395185232)/", "TSecs": 8819, "CMsgs": 2779, "Alt": 2650, "GAlt": 2931, "InHg": 30.2007866, "AltT": 0, "Lat": 40.843258, "Long": -74.066016, "PosTime": 1544403998831, "Mlat": true, "Tisb": false, "Spd": 274.0, "Trak": 167.7, "TrkH": false, "Type": "CRJ2", "Mdl": "2001 BOMBARDIER INC CL-600-2B19", "Man": "Bombardier", "CNum": "7593", "Op": "U S BANK NA TRUSTEE     - BOSTON, MA", "OpIcao": "AWI", "Sqk": "5777", "Help": false, "Vsi": -919, "VsiT": 0, "Dst": 32.77, "Brng": 313.0, "WTC": 2, "Species": 1, "Engines": "2", "EngType": 3, "EngMount": 1, "Mil": false, "Cou": "United States", "HasPic": false, "Interested": false, "FlightsCount": 0, "Gnd": false, "SpdTyp": 0, "CallSus": false, "Trt": 2, "Year": "2001"}, {"Id": 10599952, "Rcvr": 1, "HasSig": true, "Sig": 10, "Icao": "A1BE10", "Bad": false, "Reg": "N211JQ", "FSeen": "/Date(1544394297295)/", "TSecs": 9707, "CMsgs": 4556, "Alt": 2075, "GAlt": 2370, "InHg": 30.2151985, "AltT": 0, "TAlt": 2016, "Call": "RPA5899", "Lat": 40.882141, "Long": -73.709106, "PosTime": 1544404004221, "Mlat": false, "Tisb": false, "Spd": 172.4, "Trak": 323.7, "TrkH": false, "Type": "E75S", "Mdl": "2008 EMBRAER-EMPRESA BRASILEIRA DE ERJ 170-200 LR", "Man": "Embraer", "CNum": "17000261", "Op": "SHUTTLE AMERICA CORP     - INDIANAPOLIS, IN", "OpIcao": "RPA", "Sqk": "2770", "Help": false, "Vsi": -1024, "VsiT": 0, "Dst": 27.33, "Brng": 12.8, "WTC": 2, "Species": 1, "Engines": "2", "EngType": 3, "EngMount": 0, "Mil": false, "Cou": "United States", "HasPic": false, "Interested": false, "FlightsCount": 0, "Gnd": false, "SpdTyp": 0, "CallSus": false, "Trt": 5, "Year": "2008"}, {"Id": 11373549, "Rcvr": 1, "HasSig": true, "Sig": 140, "Icao": "AD8BED", "Bad": false, "Reg": "N972JT", "FSeen": "/Date(1544394186477)/", "TSecs": 9818, "CMsgs": 2999, "Alt": -250, "GAlt": 92, "InHg": 30.26245, "AltT": 0, "TAlt": 4000, "Call": "JBU2809", "Lat": 40.658432, "Long": -73.791809, "PosTime": 1544396610166, "Mlat": false, "PosStale": true, "Tisb": false, "Spd": 0.0, "Trak": 191.3, "TrkH": false, "TTrk": 0.0, "Type": "A321", "Mdl": "Airbus A321 231SL", "Man": "Airbus", "CNum": "7455", "Op": "JetBlue Airways", "OpIcao": "JBU", "Sqk": "2000", "Help": false, "Vsi": -576, "VsiT": 0, "Dst": 1.98, "Brng": 333.4, "WTC": 2, "Species": 1, "Engines": "2", "EngType": 3, "EngMount": 0, "Mil": false, "Cou": "United States", "HasPic": false, "Interested": false, "FlightsCount": 0, "Gnd": true, "SpdTyp": 0, "CallSus": false, "Trt": 5, "Year": "2016"}, {"Id": 11358066, "Rcvr": 1, "HasSig": true, "Sig": 194, "Icao": "AD4F72", "Bad": false, "Reg": "N957JB", "FSeen": "/Date(1544393963723)/", "TSecs": 10041, "CMsgs": 3838, "Alt": 1700, "GAlt": 2019, "InHg": 30.2388229, "AltT": 0, "TAlt": 2016, "Call": "JBU1452", "Lat": 40.750944, "Long": -73.671882, "PosTime": 1544404004221, "Mlat": false, "Tisb": false, "Spd": 149.4, "Trak": 211.0, "TrkH": false, "TTrk": 260.15625, "Type": "A321", "Mdl": "Airbus A321 231SL", "Man": "Airbus", "CNum": "6809", "From": "KMCO Orlando, United States", "To": "KBOS General Edward Lawrence Logan, Boston, United States", "Op": "JetBlue Airways", "OpIcao": "JBU", "Sqk": "6103", "Help": false, "Vsi": 0, "VsiT": 0, "Dst": 15.18, "Brng": 37.4, "WTC": 2, "Species": 1, "Engines": "2", "EngType": 3, "EngMount": 0, "Mil": false, "Cou": "United States", "HasPic": false, "Interested": false, "FlightsCount": 0, "Gnd": false, "SpdTyp": 0, "CallSus": false, "Trt": 5, "Year": "2015"}, {"Id": 10918036, "Rcvr": 1, "HasSig": true, "Sig": 168, "Icao": "A69894", "Bad": false, "Reg": "N524JB", "FSeen": "/Date(1544393565188)/", "TSecs": 10439, "CMsgs": 4319, "Alt": -250, "GAlt": -237, "InHg": 29.93171, "AltT": 0, "TAlt": 35008, "Call": "JBU2960", "Lat": 40.63262, "Long": -73.767653, "PosTime": 1544402499494, "Mlat": false, "PosStale": true, "Tisb": false, "Spd": 0.1, "Trak": 199.7, "TrkH": false, "TTrk": 0.0, "Type": "A320", "Mdl": "2001 AIRBUS INDUSTRIE A320-232", "Man": "Airbus", "CNum": "1528", "Op": "JetBlue Airways", "OpIcao": "JBU", "Sqk": "2000", "Help": false, "Vsi": -704, "VsiT": 0, "Dst": 1.59, "Brng": 133.6, "WTC": 2, "Species": 1, "Engines": "2", "EngType": 3, "EngMount": 0, "Mil": false, "Cou": "United States", "HasPic": false, "Interested": false, "FlightsCount": 0, "Gnd": true, "SpdTyp": 0, "CallSus": false, "Trt": 5, "Year": "2001"}, {"Id": 11103138, "Rcvr": 1, "HasSig": false, "Icao": "A96BA2", "Bad": false, "Reg": "N706JB", "FSeen": "/Date(1544393443889)/", "TSecs": 10561, "CMsgs": 3359, "Alt": 100400, "GAlt": 100742, "InHg": 30.26245, "AltT": 0, "TAlt": 4000, "Call": "JBU950", "Lat": 40.651291, "Long": -73.775894, "PosTime": 1544395940305, "Mlat": false, "PosStale": true, "Tisb": false, "Spd": 0.0, "Trak": 202.5, "TrkH": false, "TTrk": 0.0, "Type": "A320", "Mdl": "2008 AIRBUS A320-232", "Man": "Airbus", "CNum": "3451", "From": "KMCO Orlando, United States", "To": "KBOS General Edward Lawrence Logan, Boston, United States", "Op": "JetBlue Airways", "OpIcao": "JBU", "Sqk": "2000", "Help": false, "Vsi": -960, "VsiT": 0, "Dst": 1.08, "Brng": 24.9, "WTC": 2, "Species": 1, "Engines": "2", "EngType": 3, "EngMount": 0, "Mil": false, "Cou": "United States", "HasPic": false, "Interested": false, "FlightsCount": 0, "Gnd": true, "SpdTyp": 0, "CallSus": false, "Trt": 5, "Year": "2008"}, {"Id": 10566593, "Rcvr": 1, "HasSig": false, "Icao": "A13BC1", "Bad": false, "Reg": "N179MT", "FSeen": "/Date(1544393436853)/", "TSecs": 10568, "CMsgs": 3054, "Alt": -300, "GAlt": 19, "InHg": 30.239172, "AltT": 0, "Call": "N179MT", "Lat": 40.738701, "Long": -74.067764, "PosTime": 1544403778441, "Mlat": true, "PosStale": true, "Tisb": false, "Spd": 97.5, "Trak": 274.8, "TrkH": false, "Type": "AS55", "Mdl": " AEROSPATIALE AS 355F1", "Man": "Aerospatiale", "CNum": "5183", "Op": "MANHATTAN EXIT STRATEGY LLC MWG HELI HOLDINGS LLC BRIDGEFIELD HELI HOLDINGS LLC   - PRINCETON, NJ", "Sqk": "0326", "Help": false, "Vsi": 256, "VsiT": 0, "Dst": 26.42, "Brng": 294.0, "WTC": 1, "Species": 4, "Engines": "2", "EngType": 2, "EngMount": 0, "Mil": false, "Cou": "United States", "HasPic": false, "Interested": false, "FlightsCount": 0, "Gnd": false, "SpdTyp": 0, "CallSus": false, "Trt": 2}, {"Id": 11234034, "Rcvr": 1, "HasSig": false, "Icao": "AB6AF2", "Bad": false, "Reg": "N835AE", "FSeen": "/Date(1544392047569)/", "TSecs": 11957, "CMsgs": 4194, "Alt": 3750, "GAlt": 4040, "InHg": 30.2096462, "AltT": 0, "Call": "ENY3346", "Lat": 40.781483, "Long": -73.789299, "PosTime": 1544404002686, "Mlat": false, "Tisb": false, "Spd": 264.0, "Trak": 58.8, "TrkH": false, "Type": "E135", "Mdl": "EMB-135KL", "Man": "Embraer", "CNum": "145634", "Op": "Envoy Air", "OpIcao": "ENY", "Sqk": "7404", "Help": false, "Vsi": -64, "VsiT": 0, "Dst": 15.47, "Brng": 357.5, "WTC": 2, "Species": 1, "Engines": "2", "EngType": 3, "EngMount": 1, "Mil": false, "Cou": "United States", "HasPic": false, "Interested": false, "FlightsCount": 0, "Gnd": false, "SpdTyp": 0, "CallSus": false, "Trt": 5, "Year": "2002"}, {"Id": 11172782, "Rcvr": 1, "HasSig": true, "Sig": 176, "Icao": "AA7BAE", "Bad": false, "Reg": "N775AV", "FSeen": "/Date(1544391366809)/", "TSecs": 12638, "CMsgs": 3747, "Alt": 3725, "GAlt": 4044, "InHg": 30.2388229, "AltT": 0, "TAlt": 4000, "Call": "TAI570", "Lat": 40.551794, "Long": -73.459958, "PosTime": 1544404004221, "Mlat": false, "Tisb": false, "Spd": 234.3, "Trak": 30.0, "TrkH": false, "Type": "A20N", "Mdl": "Airbus A320 251NSL", "Man": "Airbus", "CNum": "8240", "From": "MSLP El Salvador, Santa Clara, El Salvador", "To": "KJFK John F Kennedy, New York, United States", "Op": "Avianca", "OpIcao": "AVA", "Sqk": "7425", "Help": false, "Vsi": 0, "VsiT": 0, "Dst": 28.94, "Brng": 110.3, "WTC": 2, "Species": 1, "Engines": "2", "EngType": 3, "EngMount": 0, "Mil": false, "Cou": "United States", "HasPic": false, "Interested": false, "FlightsCount": 0, "Gnd": false, "SpdTyp": 0, "CallSus": false, "Trt": 5, "Year": "2018"}, {"Id": 10802659, "Rcvr": 1, "HasSig": false, "Icao": "A4D5E3", "Bad": false, "Reg": "N410UA", "FSeen": "/Date(1544388539698)/", "TSecs": 15465, "CMsgs": 5578, "Alt": -275, "GAlt": 74, "InHg": 30.2687035, "AltT": 0, "Call": "UAL856", "Lat": 40.708116, "Long": -74.15397, "PosTime": 1544398249202, "Mlat": true, "PosStale": true, "Tisb": false, "Spd": 533.0, "Trak": 43.0, "TrkH": false, "Type": "A320", "Mdl": "1994 AIRBUS INDUSTRIE A320-232", "Man": "Airbus", "CNum": "463", "From": "KLAX Los Angeles, United States", "To": "KIAD Washington Dulles, United States", "Op": "United Airlines", "OpIcao": "UAL", "Sqk": "1563", "Help": false, "Vsi": 42, "VsiT": 0, "Dst": 32.27, "Brng": 283.2, "WTC": 2, "Species": 1, "Engines": "2", "EngType": 3, "EngMount": 0, "Mil": false, "Cou": "United States", "HasPic": false, "Interested": false, "FlightsCount": 0, "Gnd": true, "SpdTyp": 0, "CallSus": false, "Trt": 2, "Year": "1994"}, {"Id": 9015523, "Rcvr": 1, "HasSig": true, "Sig": 189, "Icao": "8990E3", "Bad": false, "Reg": "B-16721", "FSeen": "/Date(1544387965983)/", "TSecs": 16038, "CMsgs": 4999, "Alt": 2375, "GAlt": 2715, "InHg": 30.2598419, "AltT": 0, "TAlt": 2016, "Call": "EVA032", "Lat": 40.80029, "Long": -73.46414, "PosTime": 1544404004224, "Mlat": false, "Tisb": false, "Spd": 200.7, "Trak": 308.5, "TrkH": false, "TTrk": 319.921875, "Type": "B773", "Mdl": "Boeing 777 35EER", "Man": "Boeing", "CNum": "43290", "From": "RCTP Taiwan Taoyuan, Taipei, Taiwan", "To": "KJFK John F Kennedy, New York, United States", "Op": "EVA Air", "OpIcao": "EVA", "Sqk": "4122", "Help": false, "Vsi": -512, "VsiT": 1, "Dst": 31.97, "Brng": 56.6, "WTC": 3, "Species": 1, "Engines": "2", "EngType": 3, "EngMount": 0, "Mil": false, "Cou": "Taiwan", "HasPic": false, "Interested": false, "FlightsCount": 0, "Gnd": false, "SpdTyp": 0, "CallSus": false, "Trt": 5, "Year": "2015"}, {"Id": 11274786, "Rcvr": 1, "HasSig": true, "Sig": 110, "Icao": "AC0A22", "Bad": false, "Reg": "N875NN", "FSeen": "/Date(1544387837883)/", "TSecs": 16167, "CMsgs": 7082, "Alt": 3725, "GAlt": 4035, "InHg": 30.2303143, "AltT": 0, "TAlt": 19008, "Call": "AAL2434", "Lat": 40.473358, "Long": -73.524902, "PosTime": 1544404004216, "Mlat": false, "Tisb": false, "Spd": 261.5, "Trak": 29.3, "TrkH": false, "TTrk": 59.765625, "Type": "B738", "Mdl": "2011 BOEING 737-823", "Man": "Boeing", "CNum": "33220", "From": "KDFW Dallas Fort Worth, Dallas-Fort Worth, United States", "To": "KMCO Orlando, United States", "Op": "American Airlines", "OpIcao": "AAL", "Sqk": "1570", "Help": false, "Vsi": 0, "VsiT": 0, "Dst": 28.68, "Brng": 130.9, "WTC": 2, "Species": 1, "Engines": "2", "EngType": 3, "EngMount": 0, "Mil": false, "Cou": "United States", "HasPic": false, "Interested": false, "FlightsCount": 0, "Gnd": false, "SpdTyp": 0, "CallSus": false, "Trt": 5, "Year": "2011"}, {"Id": 11118849, "Rcvr": 1, "HasSig": true, "Sig": 118, "Icao": "A9A901", "Bad": false, "Reg": "N721TW", "FSeen": "/Date(1544387555453)/", "TSecs": 16449, "CMsgs": 7345, "Alt": 10700, "GAlt": 11019, "InHg": 30.2388229, "AltT": 0, "TAlt": 4000, "Call": "DAL1512", "Lat": 40.438393, "Long": -73.850909, "PosTime": 1544403998795, "Mlat": false, "Tisb": false, "Spd": 301.1, "Trak": 118.4, "TrkH": false, "TTrk": 130.078125, "Type": "B752", "Mdl": "1999 BOEING 757-231", "Man": "Boeing", "CNum": "29954", "From": "KATL Hartsfield Jackson Atlanta, United States", "To": "KATL Hartsfield Jackson Atlanta, United States", "Stops": ["KORD Chicago O'Hare, United States"], "Op": "Delta Air Lines", "OpIcao": "DAL", "Sqk": "7251", "Help": false, "Vsi": -2432, "VsiT": 0, "Dst": 23.44, "Brng": 194.6, "WTC": 2, "Species": 1, "Engines": "2", "EngType": 3, "EngMount": 0, "Mil": false, "Cou": "United States", "HasPic": false, "Interested": false, "FlightsCount": 0, "Gnd": false, "SpdTyp": 0, "CallSus": false, "Trt": 2, "Year": "1999"}, {"Id": 11329635, "Rcvr": 1, "HasSig": false, "Icao": "ACE063", "Bad": false, "Reg": "N929JB", "FSeen": "/Date(1544387075148)/", "TSecs": 16929, "CMsgs": 7602, "Alt": 16975, "GAlt": 17294, "InHg": 30.2388229, "AltT": 0, "TAlt": 12992, "Call": "JBU424", "Lat": 40.750443, "Long": -73.995239, "PosTime": 1544404004216, "Mlat": false, "Tisb": false, "Spd": 338.0, "Trak": 163.5, "TrkH": false, "TTrk": 180.0, "Type": "A321", "Mdl": "2014 AIRBUS INDUSTRIE A321-231", "Man": "Airbus", "CNum": "6031", "From": "KLAX Los Angeles, United States", "To": "KJFK John F Kennedy, New York, United States", "Op": "JetBlue Airways", "OpIcao": "JBU", "Sqk": "3066", "Help": false, "Vsi": -1664, "VsiT": 0, "Dst": 21.67, "Brng": 303.7, "WTC": 2, "Species": 1, "Engines": "2", "EngType": 3, "EngMount": 0, "Mil": false, "Cou": "United States", "HasPic": false, "Interested": false, "FlightsCount": 0, "Gnd": false, "SpdTyp": 0, "CallSus": false, "Trt": 5, "Year": "2014"}, {"Id": 11223288, "Rcvr": 1, "HasSig": true, "Sig": 63, "Icao": "AB40F8", "Bad": false, "Reg": "N824NW", "FSeen": "/Date(1544386515527)/", "TSecs": 17489, "CMsgs": 7710, "Alt": -250, "GAlt": 60, "InHg": 30.2303143, "AltT": 0, "TAlt": 3000, "Call": "DAL953", "Lat": 40.63131, "Long": -73.765839, "PosTime": 1544403966015, "Mlat": false, "Tisb": false, "Spd": 39.0, "Trak": 213.8, "TrkH": false, "TTrk": 260.0, "Type": "A333", "Mdl": "2015 AIRBUS A330-302", "Man": "Airbus", "CNum": "1637", "From": "KATL Hartsfield Jackson Atlanta, United States", "To": "KLAS McCarran, Las Vegas, United States", "Op": "Delta Air Lines", "OpIcao": "DAL", "Sqk": "6400", "Help": false, "Vsi": 64, "VsiT": 0, "Dst": 1.8, "Brng": 133.6, "WTC": 3, "Species": 1, "Engines": "2", "EngType": 3, "EngMount": 0, "Mil": false, "Cou": "United States", "HasPic": false, "Interested": false, "FlightsCount": 0, "Gnd": true, "SpdTyp": 0, "CallSus": false, "Trt": 4, "Year": "2015"}, {"Id": 11110640, "Rcvr": 1, "HasSig": true, "Sig": 220, "Icao": "A988F0", "Bad": false, "Reg": "N713TW", "FSeen": "/Date(1544386148275)/", "TSecs": 17856, "CMsgs": 7646, "Alt": 1725, "GAlt": 2044, "InHg": 30.2388229, "AltT": 0, "TAlt": 2016, "Call": "DAL1583", "Lat": 40.837811, "Long": -73.547349, "PosTime": 1544404001141, "Mlat": false, "Tisb": false, "Spd": 162.9, "Trak": 252.1, "TrkH": false, "TTrk": 250.3125, "Type": "B752", "Mdl": "1997 BOEING 757-2Q8", "Man": "Boeing", "CNum": "28173", "From": "KSFO San Francisco, United States", "To": "KJFK John F Kennedy, New York, United States", "Op": "Delta Air Lines", "OpIcao": "DAL", "Sqk": "1567", "Help": false, "Vsi": 64, "VsiT": 1, "Dst": 29.33, "Brng": 42.1, "WTC": 2, "Species": 1, "Engines": "2", "EngType": 3, "EngMount": 0, "Mil": false, "Cou": "United States", "HasPic": false, "Interested": false, "FlightsCount": 0, "Gnd": false, "SpdTyp": 0, "CallSus": false, "Trt": 5, "Year": "1997"}, {"Id": 11249785, "Rcvr": 1, "HasSig": false, "Icao": "ABA879", "Bad": false, "Reg": "N850MP", "FSeen": "/Date(1544383762325)/", "TSecs": 20242, "CMsgs": 6752, "Alt": -275, "GAlt": 35, "InHg": 30.2096462, "AltT": 0, "TAlt": 4000, "Call": "N850MP", "Lat": 40.854176, "Long": -74.055214, "PosTime": 1544403962858, "Mlat": false, "Tisb": false, "Spd": 0.0, "Trak": 208.1, "TrkH": false, "TTrk": 40.078125, "Type": "GLEX", "Mdl": "Bombardier Global 6000", "Man": "Bombardier", "CNum": "9733", "Op": "TVPX ARS Inc Trustee", "OpIcao": "TWY", "Sqk": "2621", "Help": false, "Vsi": -640, "VsiT": 0, "Dst": 32.96, "Brng": 315.7, "WTC": 2, "Species": 1, "Engines": "2", "EngType": 3, "EngMount": 1, "Mil": false, "Cou": "United States", "HasPic": false, "Interested": false, "FlightsCount": 0, "Gnd": true, "SpdTyp": 0, "CallSus": false, "Trt": 5, "Year": "2015"}, {"Id": 11246998, "Rcvr": 1, "HasSig": false, "Icao": "AB9D96", "Bad": false, "Reg": "N848AE", "FSeen": "/Date(1544381856899)/", "TSecs": 22148, "CMsgs": 5843, "Alt": 1650, "GAlt": 1940, "InHg": 30.2096462, "AltT": 0, "Call": "ENY4093", "Lat": 40.862091, "Long": -73.807251, "PosTime": 1544404002685, "Mlat": false, "Tisb": false, "Spd": 129.0, "Trak": 211.7, "TrkH": false, "Type": "E135", "Mdl": "2003 EMBRAER EMB-135KL", "Man": "Embraer", "CNum": "145710", "Op": "AMERICAN AIRLINES INC     - FORT WORTH, TX", "OpIcao": "ENY", "Sqk": "6605", "Help": false, "Vsi": -960, "VsiT": 1, "Dst": 24.52, "Brng": 354.9, "WTC": 2, "Species": 1, "Engines": "2", "EngType": 3, "EngMount": 1, "Mil": false, "Cou": "United States", "HasPic": false, "Interested": false, "FlightsCount": 0, "Gnd": false, "SpdTyp": 0, "CallSus": false, "Trt": 5, "Year": "2003"}, {"Id": 4703690, "Rcvr": 1, "HasSig": true, "Sig": 84, "Icao": "47C5CA", "Bad": false, "Reg": "LN-LNG", "FSeen": "/Date(1544375155200)/", "TSecs": 28849, "CMsgs": 4695, "Alt": -250, "GAlt": 92, "InHg": 30.26245, "AltT": 0, "TAlt": 4992, "Call": "NAX5W", "Lat": 40.628885, "Long": -73.782135, "PosTime": 1544404001153, "Mlat": false, "Tisb": false, "Spd": 9.0, "Trak": 42.2, "TrkH": false, "TTrk": 300.234375, "Type": "B788", "Mdl": "Boeing 787 8", "Man": "Boeing", "CNum": "35314", "Op": "Norwegian", "OpIcao": "NAX", "Sqk": "0740", "Help": false, "Vsi": -64, "VsiT": 0, "Dst": 1.51, "Brng": 182.7, "WTC": 3, "Species": 1, "Engines": "2", "EngType": 3, "EngMount": 0, "Mil": false, "Cou": "Norway", "HasPic": false, "Interested": false, "FlightsCount": 0, "Gnd": true, "SpdTyp": 0, "CallSus": false, "Trt": 5, "Year": "2014", "Sat": true}], "totalAc": 5668, "lastDv": "636796447410365182", "shtTrlSec": 65, "stm": 1544404004556}