{"src": 1, "feeds": [{"id": 1, "name": "From Cons", "polarPlot": false}], "srcFeed": 1, "showSil": true, "showFlg": true, "showPic": true, "flgH": 20, "flgW": 85, "acList": [{"Id": 11227054, "Rcvr": 1, "HasSig": true, "Sig": 191, "Icao": "AB4FAE", "Bad": false, "Reg": "N828MH", "FSeen": "/Date(1544410629129)/", "TSecs": 265, "CMsgs": 158, "Alt": 10925, "GAlt": 11215, "InHg": 30.2096462, "AltT": 0, "Call": "DAL44", "Lat": 40.597183, "Long": -73.613403, "PosTime": 1544410893213, "Mlat": false, "Tisb": false, "Spd": 350.1, "Trak": 88.4, "TrkH": false, "Type": "B764", "Mdl": "2000 BOEING 767-432ER", "Man": "Boeing", "CNum": "29699", "From": "KMCO Orlando, United States", "To": "EIDW Dublin, Ireland", "Stops": ["KJFK John F Kennedy, New York, United States"], "Op": "Delta Air Lines", "OpIcao": "DAL", "Sqk": "7110", "Help": false, "Vsi": 1792, "VsiT": 0, "Dst": 15.04, "Brng": 109.5, "WTC": 3, "Species": 1, "Engines": "2", "EngType": 3, "EngMount": 0, "Mil": false, "Cou": "United States", "HasPic": false, "Interested": false, "FlightsCount": 0, "Gnd": false, "SpdTyp": 0, "CallSus": false, "Trt": 2, "Year": "2000"}, {"Id": 11263807, "Rcvr": 1, "HasSig": true, "Sig": 187, "Icao": "ABDF3F", "Bad": false, "Reg": "N864RW", "FSeen": "/Date(1544410557319)/", "TSecs": 337, "CMsgs": 200, "Alt": 11750, "GAlt": 12031, "InHg": 30.2007866, "AltT": 0, "Lat": 40.854709, "Long": -73.898038, "PosTime": 1544410890002, "Mlat": true, "Tisb": false, "Trak": 24.1, "TrkH": false, "Type": "E170", "Mdl": "2006 EMBRAER ERJ 170-100 SE", "Man": "Embraer", "CNum": "17000117", "Op": "SHUTTLE AMERICA CORP     - INDIANAPOLIS, IN", "OpIcao": "RPA", "Sqk": "2722", "Help": false, "VsiT": 0, "Dst": 25.57, "Brng": 337.4, "WTC": 2, "Species": 1, "Engines": "2", "EngType": 3, "EngMount": 0, "Mil": false, "Cou": "United States", "HasPic": false, "Interested": false, "FlightsCount": 0, "Gnd": false, "SpdTyp": 0, "CallSus": false, "Trt": 2, "Year": "2006"}, {"Id": 5022306, "Rcvr": 1, "HasSig": true, "Sig": 202, "Icao": "4CA262", "Bad": false, "Reg": "EI-DIP", "FSeen": "/Date(1544410159413)/", "TSecs": 735, "CMsgs": 304, "Alt": 2125, "GAlt": 2415, "InHg": 30.2096462, "AltT": 0, "TAlt": 11000, "Call": "AZA61CM", "Lat": 40.616638, "Long": -73.861084, "PosTime": 1544410893210, "Mlat": false, "Tisb": false, "Spd": 234.8, "Trak": 169.7, "TrkH": false, "TTrk": 234.0, "Type": "A332", "Mdl": "Airbus A330 202", "Man": "Airbus", "CNum": "339", "From": "KJFK John F Kennedy, New York, United States", "To": "LIRF Leonardo Da Vinci (Fiumicino), Rome, Italy", "Op": "Alitalia", "OpIcao": "AZA", "Sqk": "3312", "Help": false, "Vsi": 896, "VsiT": 0, "Dst": 7.32, "Brng": 246.9, "WTC": 3, "Species": 1, "Engines": "2", "EngType": 3, "EngMount": 0, "Mil": false, "Cou": "Ireland", "HasPic": false, "Interested": false, "FlightsCount": 0, "Gnd": false, "SpdTyp": 0, "CallSus": false, "Trt": 4, "Year": "2000"}, {"Id": 11286574, "Rcvr": 1, "HasSig": true, "Sig": 147, "Icao": "AC382E", "Bad": false, "Reg": "N887DN", "FSeen": "/Date(1544408550261)/", "TSecs": 2344, "CMsgs": 1351, "Alt": 2150, "GAlt": 2422, "InHg": 30.191576, "AltT": 0, "TAlt": 4000, "Call": "DAL556", "Lat": 40.586103, "Long": -73.632618, "PosTime": 1544410893196, "Mlat": false, "Tisb": false, "Spd": 172.2, "Trak": 300.7, "TrkH": false, "TTrk": 314.296875, "Type": "B739", "Mdl": "Boeing 737NG 900ER/W", "Man": "Boeing", "CNum": "31997", "From": "MDST Cibao, Santiago, Dominican Republic", "To": "KJFK John F Kennedy, New York, United States", "Op": "Delta Air Lines", "OpIcao": "DAL", "Sqk": "2362", "Help": false, "Vsi": -1024, "VsiT": 1, "Dst": 14.03, "Brng": 116.5, "WTC": 2, "Species": 1, "Engines": "2", "EngType": 3, "EngMount": 0, "Mil": false, "Cou": "United States", "HasPic": false, "Interested": false, "FlightsCount": 0, "Gnd": false, "SpdTyp": 0, "CallSus": false, "Trt": 5, "Year": "2017"}, {"Id": 11400425, "Rcvr": 1, "HasSig": true, "Sig": 146, "Icao": "ADF4E9", "Bad": false, "Reg": "N999JQ", "FSeen": "/Date(1544408488765)/", "TSecs": 2405, "CMsgs": 1274, "Alt": -225, "GAlt": 70, "InHg": 30.2151985, "AltT": 0, "TAlt": 8992, "Call": "JBU1804", "Lat": 40.64827, "Long": -73.774063, "PosTime": 1544410893196, "Mlat": false, "Tisb": false, "Spd": 14.0, "Trak": 120.9, "TrkH": false, "TTrk": 0.0, "Type": "A321", "Mdl": "Airbus A321 231SL", "Man": "Airbus", "CNum": "8538", "Op": "JetBlue Airways", "OpIcao": "JBU", "Sqk": "1422", "Help": false, "Vsi": -64, "VsiT": 1, "Dst": 0.89, "Brng": 43.4, "WTC": 2, "Species": 1, "Engines": "2", "EngType": 3, "EngMount": 0, "Mil": false, "Cou": "United States", "HasPic": false, "Interested": false, "FlightsCount": 0, "Gnd": true, "SpdTyp": 0, "CallSus": false, "Trt": 5}, {"Id": 10574711, "Rcvr": 1, "HasSig": false, "Icao": "A15B77", "Bad": false, "Reg": "N187JB", "FSeen": "/Date(1544408214692)/", "TSecs": 2679, "CMsgs": 1551, "Alt": 725, "GAlt": 994, "InHg": 30.1889763, "AltT": 0, "Call": "JBU1431", "Lat": 40.8292, "Long": -73.8412, "PosTime": 1544410885693, "Mlat": true, "Tisb": false, "Spd": 185.6, "Trak": 212.0, "TrkH": false, "Type": "E190", "Mdl": "2005 EMBRAER ERJ 190-100 IGW", "Man": "Embraer", "CNum": "19000009", "From": "KSFO San Francisco, United States", "To": "KLGB Long Beach /Daugherty Field/, United States", "Op": "WELLS FARGO BANK NORTHWEST NA TRUSTEE     - SALT LAKE CITY, UT", "OpIcao": "JBU", "Sqk": "3742", "Help": false, "Vsi": -1024, "VsiT": 0, "Dst": 21.37, "Brng": 346.4, "WTC": 2, "Species": 1, "Engines": "2", "EngType": 3, "EngMount": 0, "Mil": false, "Cou": "United States", "HasPic": false, "Interested": false, "FlightsCount": 0, "Gnd": false, "SpdTyp": 0, "CallSus": true, "Trt": 2, "Year": "2005"}, {"Id": 10698334, "Rcvr": 1, "HasSig": true, "Sig": 102, "Icao": "A33E5E", "Bad": false, "Reg": "N308PQ", "FSeen": "/Date(1544407321874)/", "TSecs": 3572, "CMsgs": 2045, "Alt": 3746, "GAlt": 4027, "InHg": 30.2007866, "AltT": 0, "Call": "00000000", "Lat": 40.668454, "Long": -73.989237, "PosTime": 1544410891619, "Mlat": true, "Tisb": false, "Spd": 370.8, "Trak": 49.2, "TrkH": false, "Type": "CRJ9", "Mdl": "2014 BOMBARDIER INC CL-600-2D24", "Man": "Bombardier", "CNum": "15308", "Op": "DELTA AIR LINES INC     - ATLANTA, GA", "OpIcao": "EDV", "Sqk": "2770", "Help": false, "Vsi": -960, "VsiT": 1, "Dst": 17.78, "Brng": 279.4, "WTC": 2, "Species": 1, "Engines": "2", "EngType": 3, "EngMount": 1, "Mil": false, "Cou": "United States", "HasPic": false, "Interested": false, "FlightsCount": 0, "Gnd": false, "SpdTyp": 0, "CallSus": true, "Trt": 2, "Year": "2014"}, {"Id": 11376402, "Rcvr": 1, "HasSig": true, "Sig": 134, "Icao": "AD9712", "Bad": false, "Reg": "N975JT", "FSeen": "/Date(1544407246180)/", "TSecs": 3648, "CMsgs": 1849, "Alt": -225, "GAlt": 70, "InHg": 30.2151985, "AltT": 0, "TAlt": 8992, "Call": "JBU2836", "Lat": 40.647692, "Long": -73.777391, "PosTime": 1544410465671, "Mlat": false, "PosStale": true, "Tisb": false, "Spd": 0.0, "Trak": 160.1, "TrkH": false, "TTrk": 0.0, "Type": "A321", "Mdl": "Airbus A321 231SL", "Man": "Airbus", "CNum": "7520", "Op": "JetBlue Airways", "OpIcao": "JBU", "Sqk": "2000", "Help": false, "Vsi": -128, "VsiT": 0, "Dst": 0.67, "Brng": 29.6, "WTC": 2, "Species": 1, "Engines": "2", "EngType": 3, "EngMount": 0, "Mil": false, "Cou": "United States", "HasPic": false, "Interested": false, "FlightsCount": 0, "Gnd": true, "SpdTyp": 0, "CallSus": false, "Trt": 5, "Year": "2016"}, {"Id": 10488105, "Rcvr": 1, "HasSig": false, "Icao": "A00929", "Bad": false, "Reg": "N101HQ", "FSeen": "/Date(1544406135247)/", "TSecs": 4759, "CMsgs": 2466, "Alt": 3750, "GAlt": 4040, "InHg": 30.2096462, "AltT": 0, "Call": "RPA4480", "Lat": 40.739498, "Long": -73.853401, "PosTime": 1544410891617, "Mlat": false, "Tisb": false, "Spd": 265.0, "Trak": 58.0, "TrkH": false, "Type": "E75S", "Mdl": "2007 EMBRAER-EMPRESA BRASILEIRA DE ERJ 170-200 LR", "Man": "Embraer", "CNum": "17000156", "Op": "REPUBLIC AIRLINE INC     - INDIANAPOLIS, IN", "OpIcao": "RPA", "Sqk": "4036", "Help": false, "Vsi": -6, "VsiT": 1, "Dst": 12.38, "Brng": 330.6, "WTC": 2, "Species": 1, "Engines": "2", "EngType": 3, "EngMount": 0, "Mil": false, "Cou": "United States", "HasPic": false, "Interested": false, "FlightsCount": 0, "Gnd": false, "SpdTyp": 0, "CallSus": true, "Trt": 2, "Year": "2007"}, {"Id": 11291860, "Rcvr": 1, "HasSig": false, "Icao": "AC4CD4", "Bad": false, "Reg": "N892AT", "FSeen": "/Date(1544404417946)/", "TSecs": 6476, "CMsgs": 3633, "Alt": -125, "GAlt": -195, "InHg": 29.84941, "AltT": 0, "Call": "DAL2713", "Lat": 40.573767, "Long": -73.760522, "PosTime": 1544410835591, "Mlat": true, "Tisb": false, "Spd": 568.0, "Trak": 212.8, "TrkH": false, "Type": "B712", "Mdl": "2004 BOEING 717-200", "Man": "Boeing", "CNum": "55044", "From": "KPHF Newport News Williamsburg, United States", "To": "KATL Hartsfield Jackson Atlanta, United States", "Op": "WELLS FARGO BANK NORTHWEST NA TRUSTEE     - SALT LAKE CITY, UT", "OpIcao": "DAL", "Sqk": "3323", "Help": false, "Vsi": 64, "VsiT": 0, "Dst": 7.84, "Brng": 167.1, "WTC": 2, "Species": 1, "Engines": "2", "EngType": 3, "EngMount": 1, "Mil": false, "Cou": "United States", "HasPic": false, "Interested": false, "FlightsCount": 0, "Gnd": false, "SpdTyp": 0, "CallSus": false, "Trt": 2, "Year": "2004"}, {"Id": 10759932, "Rcvr": 1, "HasSig": false, "Icao": "A42EFC", "Bad": false, "Reg": "N369NW", "FSeen": "/Date(1544404074327)/", "TSecs": 6820, "CMsgs": 3934, "Alt": 3775, "GAlt": 4070, "InHg": 30.2151985, "AltT": 0, "TAlt": 4000, "Call": "DAL842", "Lat": 40.814896, "Long": -73.758972, "PosTime": 1544410891614, "Mlat": false, "Tisb": false, "Spd": 189.0, "Trak": 31.8, "TrkH": false, "TTrk": 40.078125, "Type": "A320", "Mdl": "1999 AIRBUS INDUSTRIE A320-212", "Man": "Airbus", "CNum": "1011", "From": "KSEA Seattle Tacoma, United States", "To": "KMSP Minneapolis-St Paul International/Wold-Chamberlain, Minneapolis, United States", "Op": "Delta Air Lines", "OpIcao": "DAL", "Sqk": "2426", "Help": false, "Vsi": -128, "VsiT": 1, "Dst": 19.26, "Brng": 5.6, "WTC": 2, "Species": 1, "Engines": "2", "EngType": 3, "EngMount": 0, "Mil": false, "Cou": "United States", "HasPic": false, "Interested": false, "FlightsCount": 0, "Gnd": false, "SpdTyp": 0, "CallSus": false, "Trt": 5, "Year": "1999"}, {"Id": 10715703, "Rcvr": 1, "HasSig": true, "Sig": 41, "Icao": "A38237", "Bad": false, "Reg": "N325PQ", "FSeen": "/Date(1544403848081)/", "TSecs": 7046, "CMsgs": 3834, "Alt": 1775, "GAlt": 2044, "InHg": 30.1889763, "AltT": 0, "Call": "EDV5208", "Lat": 40.875379, "Long": -73.797164, "PosTime": 1544410888495, "Mlat": true, "Tisb": false, "Spd": 389.8, "Trak": 216.0, "TrkH": false, "Type": "CRJ9", "Mdl": "2014 BOMBARDIER INC CL-600-2D24", "Man": "Bombardier", "CNum": "15325", "Op": "WELLS FARGO BANK NORTHWEST NA TRUSTEE     - SALT LAKE CITY, UT", "OpIcao": "EDV", "Sqk": "1523", "Help": false, "Vsi": 0, "VsiT": 1, "Dst": 25.93, "Brng": 357.0, "WTC": 2, "Species": 1, "Engines": "2", "EngType": 3, "EngMount": 1, "Mil": false, "Cou": "United States", "HasPic": false, "Interested": false, "FlightsCount": 0, "Gnd": false, "SpdTyp": 0, "CallSus": true, "Trt": 2, "Year": "2014"}, {"Id": 10747919, "Rcvr": 1, "HasSig": false, "Icao": "A4000F", "Bad": false, "Reg": "N357NW", "FSeen": "/Date(1544403480476)/", "TSecs": 7414, "CMsgs": 3582, "Alt": 2150, "GAlt": 2319, "InHg": 30.088583, "AltT": 0, "TAlt": 4000, "Call": "DAL2370", "Lat": 40.894466, "Long": -73.720383, "PosTime": 1544410893178, "Mlat": false, "Tisb": false, "Spd": 166.0, "Trak": 297.2, "TrkH": false, "TTrk": 0.0, "Type": "A320", "Mdl": "1998 AIRBUS INDUSTRIE A320-212", "Man": "Airbus", "CNum": "830", "From": "KLGA La Guardia, New York, United States", "To": "KPBI Palm Beach, West Palm Beach, United States", "Op": "Delta Air Lines", "OpIcao": "DAL", "Sqk": "0547", "Help": false, "Vsi": -1536, "VsiT": 1, "Dst": 28.48, "Brng": 10.4, "WTC": 2, "Species": 1, "Engines": "2", "EngType": 3, "EngMount": 0, "Mil": false, "Cou": "United States", "HasPic": false, "Interested": false, "FlightsCount": 0, "Gnd": false, "SpdTyp": 0, "CallSus": false, "Trt": 5, "Year": "1998"}, {"Id": 10956578, "Rcvr": 1, "HasSig": true, "Sig": 71, "Icao": "A72F22", "Bad": false, "Reg": "N562JB", "FSeen": "/Date(1544403419123)/", "TSecs": 7475, "CMsgs": 2960, "Alt": 18300, "GAlt": 18619, "InHg": 30.2388229, "AltT": 0, "TAlt": 3008, "Call": "JBU1818", "Lat": 40.633186, "Long": -73.768875, "PosTime": 1544406818428, "Mlat": false, "PosStale": true, "Tisb": false, "Spd": 0.0, "Trak": 210.9, "TrkH": false, "TTrk": 0.0, "Type": "A320", "Mdl": "2003 AIRBUS A320-232", "Man": "Airbus", "CNum": "1948", "From": "TTPP Piarco, Port of Spain, Trinidad and Tobago", "To": "KJFK John F Kennedy, New York, United States", "Op": "JetBlue Airways", "OpIcao": "JBU", "Sqk": "2666", "Help": false, "Vsi": -640, "VsiT": 0, "Dst": 1.47, "Brng": 134.6, "WTC": 2, "Species": 1, "Engines": "2", "EngType": 3, "EngMount": 0, "Mil": false, "Cou": "United States", "HasPic": false, "Interested": false, "FlightsCount": 0, "Gnd": true, "SpdTyp": 0, "CallSus": false, "Trt": 5, "Year": "2003"}, {"Id": 10778883, "Rcvr": 1, "HasSig": true, "Sig": 93, "Icao": "A47903", "Bad": false, "Reg": "N388AA", "FSeen": "/Date(1544402805108)/", "TSecs": 8089, "CMsgs": 3863, "Alt": -225, "GAlt": 70, "InHg": 30.2151985, "AltT": 0, "TAlt": 1888, "Call": "AAL1142", "Lat": 40.652265, "Long": -73.787941, "PosTime": 1544410798565, "Mlat": false, "Tisb": false, "Spd": 0.0, "Trak": 151.9, "TrkH": false, "TTrk": 314.296875, "Type": "B763", "Mdl": "1995 BOEING 767-323", "Man": "Boeing", "CNum": "27448", "From": "KMIA Miami, United States", "To": "KMIA Miami, United States", "Stops": ["KPHL Philadelphia, United States"], "Op": "American Airlines", "OpIcao": "AAL", "Sqk": "6022", "Help": false, "Vsi": -64, "VsiT": 0, "Dst": 1.22, "Brng": 332.7, "WTC": 3, "Species": 1, "Engines": "2", "EngType": 3, "EngMount": 0, "Mil": false, "Cou": "United States", "HasPic": false, "Interested": false, "FlightsCount": 0, "Gnd": true, "SpdTyp": 0, "CallSus": false, "Trt": 5, "Year": "1995"}, {"Id": 3430018, "Rcvr": 1, "HasSig": false, "Icao": "345682", "Bad": false, "Reg": "EC-MUA", "FSeen": "/Date(1544402802709)/", "TSecs": 8091, "CMsgs": 4630, "Alt": 2725, "GAlt": 3006, "InHg": 30.2007866, "AltT": 0, "Call": "NAX19M", "Lat": 40.837158, "Long": -74.067886, "PosTime": 1544410893169, "Mlat": false, "Tisb": false, "Spd": 187.0, "Trak": 210.4, "TrkH": false, "Type": "B772", "Mdl": "Boeing 777 212ER", "Man": "Boeing", "CNum": "28524", "Op": "Neos", "OpIcao": "NOS", "Sqk": "2420", "Help": false, "Vsi": 128, "VsiT": 0, "Dst": 32.43, "Brng": 312.0, "WTC": 3, "Species": 1, "Engines": "2", "EngType": 3, "EngMount": 0, "Mil": false, "Cou": "Spain", "HasPic": false, "Interested": false, "FlightsCount": 0, "Gnd": false, "SpdTyp": 0, "CallSus": false, "Trt": 2, "Year": "2001"}, {"Id": 11370390, "Rcvr": 1, "HasSig": false, "Icao": "AD7F96", "Bad": false, "Reg": "N969WN", "FSeen": "/Date(1544401508441)/", "TSecs": 9386, "CMsgs": 4291, "Alt": -350, "GAlt": -98, "InHg": 30.1712589, "AltT": 0, "Lat": 40.812626, "Long": -73.850535, "PosTime": 1544410831229, "Mlat": true, "Tisb": false, "Trak": 221.7, "TrkH": false, "Type": "B737", "Mdl": "2011 BOEING 737-7H4", "Man": "Boeing", "CNum": "41777", "Op": "Southwest Airlines", "OpIcao": "SWA", "Sqk": "2246", "Help": false, "VsiT": 0, "Dst": 19.8, "Brng": 342.9, "WTC": 2, "Species": 1, "Engines": "2", "EngType": 3, "EngMount": 0, "Mil": false, "Cou": "United States", "HasPic": false, "Interested": false, "FlightsCount": 0, "Gnd": true, "SpdTyp": 0, "CallSus": false, "Trt": 2, "Year": "2011"}, {"Id": 10957529, "Rcvr": 1, "HasSig": true, "Sig": 145, "Icao": "A732D9", "Bad": false, "Reg": "N563JB", "FSeen": "/Date(1544399788545)/", "TSecs": 11106, "CMsgs": 4699, "Alt": 124100, "GAlt": 124419, "InHg": 30.2388229, "AltT": 0, "TAlt": 2016, "Call": "JBU135", "Lat": 40.629398, "Long": -73.769943, "PosTime": 1544405433412, "Mlat": false, "PosStale": true, "Tisb": false, "Spd": 0.0, "Trak": 239.1, "TrkH": false, "TTrk": 279.84375, "Type": "A320", "Mdl": "2003 AIRBUS A320-232", "Man": "Airbus", "CNum": "2006", "From": "KJFK John F Kennedy, New York, United States", "To": "KRSW Southwest Florida, Fort Myers, United States", "Op": "JetBlue Airways", "OpIcao": "JBU", "Sqk": "7165", "Help": false, "Vsi": -576, "VsiT": 0, "Dst": 1.74, "Brng": 146.7, "WTC": 2, "Species": 1, "Engines": "2", "EngType": 3, "EngMount": 0, "Mil": false, "Cou": "United States", "HasPic": false, "Interested": false, "FlightsCount": 0, "Gnd": true, "SpdTyp": 0, "CallSus": false, "Trt": 5, "Year": "2003"}, {"Id": 11298461, "Rcvr": 1, "HasSig": false, "Icao": "AC669D", "Bad": false, "Reg": "N89888", "FSeen": "/Date(1544397784350)/", "TSecs": 13110, "CMsgs": 5571, "Alt": -225, "GAlt": 56, "InHg": 30.2007866, "AltT": 0, "Call": "N89888", "Lat": 40.854, "Long": -74.055542, "PosTime": 1544410883746, "Mlat": false, "Tisb": false, "Spd": 0.0, "Trak": 137.8, "TrkH": false, "Type": "GLF4", "Mdl": "1997 GULFSTREAM AEROSPACE G-IV", "Man": "Gulfstream Aerospace", "CNum": "1306", "Op": "BANK OF UTAH TRUSTEE     - SALT LAKE CITY, UT", "Sqk": "5655", "Help": false, "Vsi": -768, "VsiT": 0, "Dst": 32.97, "Brng": 315.6, "WTC": 2, "Species": 1, "Engines": "2", "EngType": 3, "EngMount": 1, "Mil": false, "Cou": "United States", "HasPic": false, "Interested": false, "FlightsCount": 0, "Gnd": true, "SpdTyp": 0, "CallSus": false, "Trt": 4, "Year": "1997"}, {"Id": 11337844, "Rcvr": 1, "HasSig": false, "Icao": "AD0074", "Bad": false, "Reg": "N937JB", "FSeen": "/Date(1544393576621)/", "TSecs": 17318, "CMsgs": 9372, "Alt": 12025, "GAlt": 12315, "InHg": 30.2096462, "AltT": 0, "TAlt": 16000, "Call": "JBU624", "Lat": 40.411812, "Long": -73.925255, "PosTime": 1544410893167, "Mlat": false, "Tisb": false, "Spd": 301.0, "Trak": 166.0, "TrkH": false, "TTrk": 180.0, "Type": "A321", "Mdl": "2014 AIRBUS A321-231", "Man": "Airbus", "CNum": "6245", "From": "KLAX Los Angeles, United States", "To": "KJFK John F Kennedy, New York, United States", "Op": "JetBlue Airways", "OpIcao": "JBU", "Sqk": "7202", "Help": false, "Vsi": -2048, "VsiT": 0, "Dst": 28.39, "Brng": 205.4, "WTC": 2, "Species": 1, "Engines": "2", "EngType": 3, "EngMount": 0, "Mil": false, "Cou": "United States", "HasPic": false, "Interested": false, "FlightsCount": 0, "Gnd": false, "SpdTyp": 0, "CallSus": false, "Trt": 4, "Year": "2014"}, {"Id": 10990964, "Rcvr": 1, "HasSig": true, "Sig": 155, "Icao": "A7B574", "Bad": false, "Reg": "N596UA", "FSeen": "/Date(1544393536822)/", "TSecs": 17357, "CMsgs": 8862, "Alt": 250, "GAlt": 522, "InHg": 30.191576, "AltT": 0, "TAlt": 3008, "Call": "UAL2239", "Lat": 40.719681, "Long": -74.147522, "PosTime": 1544410888493, "Mlat": false, "Tisb": false, "Spd": 128.4, "Trak": 205.4, "TrkH": false, "TTrk": 220.78125, "Type": "B752", "Mdl": "1998 BOEING 757-222", "Man": "Boeing", "CNum": "28749", "Op": "United Airlines", "OpIcao": "UAL", "Sqk": "3640", "Help": false, "Vsi": -704, "VsiT": 1, "Dst": 32.05, "Brng": 285.7, "WTC": 2, "Species": 1, "Engines": "2", "EngType": 3, "EngMount": 0, "Mil": false, "Cou": "United States", "HasPic": false, "Interested": false, "FlightsCount": 0, "Gnd": false, "SpdTyp": 0, "CallSus": false, "Trt": 5, "Year": "1998"}, {"Id": 11038341, "Rcvr": 1, "HasSig": true, "Sig": 53, "Icao": "A86E85", "Bad": false, "Reg": "N642VA", "FSeen": "/Date(1544393438434)/", "TSecs": 17456, "CMsgs": 9334, "Alt": 875, "GAlt": 1165, "InHg": 30.2096462, "AltT": 0, "Call": "ASA1412", "Lat": 40.618178, "Long": -73.703031, "PosTime": 1544410891610, "Mlat": false, "Tisb": false, "Spd": 131.7, "Trak": 300.1, "TrkH": false, "Type": "A320", "Mdl": "2008 AIRBUS A320-214", "Man": "Airbus", "CNum": "3670", "Op": "Virgin America", "OpIcao": "ASA", "Sqk": "7254", "Help": false, "Vsi": -384, "VsiT": 1, "Dst": 7.14, "Brng": 112.2, "WTC": 2, "Species": 1, "Engines": "2", "EngType": 3, "EngMount": 0, "Mil": false, "Cou": "United States", "HasPic": false, "Interested": false, "FlightsCount": 0, "Gnd": false, "SpdTyp": 0, "CallSus": false, "Trt": 2, "Year": "2008"}, {"Id": 7867019, "Rcvr": 1, "HasSig": true, "Sig": 217, "Icao": "780A8B", "Bad": false, "Reg": "B-KQW", "FSeen": "/Date(1544392852623)/", "TSecs": 18042, "CMsgs": 9512, "Alt": 2750, "GAlt": 3045, "InHg": 30.2151985, "AltT": 0, "TAlt": 3008, "Call": "CPA846", "Lat": 40.509521, "Long": -73.536438, "PosTime": 1544410893167, "Mlat": false, "Tisb": false, "Spd": 203.1, "Trak": 354.1, "TrkH": false, "TTrk": 0.0, "Type": "B773", "Mdl": "Boeing 777 367ER", "Man": "Boeing", "CNum": "41763", "From": "VHHH Chek Lap Kok, Hong Kong, Hong Kong", "To": "KJFK John F Kennedy, New York, United States", "Op": "Cathay Pacific Airways", "OpIcao": "CPA", "Sqk": "5335", "Help": false, "Vsi": 0, "VsiT": 1, "Dst": 25.42, "Brng": 125.5, "WTC": 3, "Species": 1, "Engines": "2", "EngType": 3, "EngMount": 0, "Mil": false, "Cou": "China", "HasPic": false, "Interested": false, "FlightsCount": 0, "Gnd": true, "SpdTyp": 0, "CallSus": false, "Trt": 5, "Year": "2015"}, {"Id": 11036439, "Rcvr": 1, "HasSig": true, "Sig": 66, "Icao": "A86717", "Bad": false, "Reg": "N640VA", "FSeen": "/Date(1544392742968)/", "TSecs": 18151, "CMsgs": 9274, "Alt": 14100, "GAlt": 14381, "InHg": 30.2007866, "AltT": 0, "Call": "ASA1024", "Lat": 40.625998, "Long": -73.993919, "PosTime": 1544410891610, "Mlat": false, "Tisb": false, "Spd": 327.0, "Trak": 165.1, "TrkH": false, "Type": "A320", "Mdl": "2007 AIRBUS A320-214", "Man": "Airbus", "CNum": "3349", "From": "KSFO San Francisco, United States", "To": "KJFK John F Kennedy, New York, United States", "Op": "Virgin America", "OpIcao": "ASA", "Sqk": "5276", "Help": false, "Vsi": -1536, "VsiT": 0, "Dst": 18.04, "Brng": 264.2, "WTC": 2, "Species": 1, "Engines": "2", "EngType": 3, "EngMount": 0, "Mil": false, "Cou": "United States", "HasPic": false, "Interested": false, "FlightsCount": 0, "Gnd": false, "SpdTyp": 0, "CallSus": false, "Trt": 2, "Year": "2007"}, {"Id": 11370095, "Rcvr": 1, "HasSig": true, "Sig": 123, "Icao": "AD7E6F", "Bad": false, "Reg": "N969JT", "FSeen": "/Date(1544391133717)/", "TSecs": 19760, "CMsgs": 9413, "Alt": -250, "GAlt": 45, "InHg": 30.2151985, "AltT": 0, "TAlt": 4000, "Call": "JBU516", "Lat": 40.649002, "Long": -73.770874, "PosTime": 1544410882110, "Mlat": false, "Tisb": false, "Spd": 116.1, "Trak": 300.5, "TrkH": false, "TTrk": 0.0, "Type": "A321", "Mdl": "Airbus A321 231SL", "Man": "Airbus", "CNum": "7353", "From": "KSFO San Francisco, United States", "To": "KJFK John F Kennedy, New York, United States", "Op": "JetBlue Airways", "OpIcao": "JBU", "Sqk": "1341", "Help": false, "Vsi": -64, "VsiT": 1, "Dst": 1.14, "Brng": 50.5, "WTC": 2, "Species": 1, "Engines": "2", "EngType": 3, "EngMount": 0, "Mil": false, "Cou": "United States", "HasPic": false, "Interested": false, "FlightsCount": 0, "Gnd": false, "SpdTyp": 0, "CallSus": false, "Trt": 5, "Year": "2016"}, {"Id": 11363438, "Rcvr": 1, "HasSig": true, "Sig": 142, "Icao": "AD646E", "Bad": false, "Reg": "N962JT", "FSeen": "/Date(1544389403950)/", "TSecs": 21490, "CMsgs": 9589, "Alt": -225, "GAlt": 85, "InHg": 30.2303143, "AltT": 0, "TAlt": 4000, "Call": "JBU190", "Lat": 40.642769, "Long": -73.771088, "PosTime": 1544407306733, "Mlat": false, "PosStale": true, "Tisb": false, "Spd": 0.0, "Trak": 199.7, "TrkH": false, "TTrk": 250.0, "Type": "A321", "Mdl": "Airbus A321 231SL", "Man": "Airbus", "CNum": "6988", "From": "KSAN San Diego, United States", "To": "KJFK John F Kennedy, New York, United States", "Op": "JetBlue Airways", "OpIcao": "JBU", "Sqk": "2000", "Help": false, "Vsi": -1280, "VsiT": 0, "Dst": 0.86, "Brng": 87.9, "WTC": 2, "Species": 1, "Engines": "2", "EngType": 3, "EngMount": 0, "Mil": false, "Cou": "United States", "HasPic": false, "Interested": false, "FlightsCount": 0, "Gnd": true, "SpdTyp": 0, "CallSus": false, "Trt": 4, "Year": "2016"}, {"Id": 11039969, "Rcvr": 1, "HasSig": true, "Sig": 185, "Icao": "A874E1", "Bad": false, "Reg": "N644JB", "FSeen": "/Date(1544388008881)/", "TSecs": 22885, "CMsgs": 10872, "Alt": -225, "GAlt": 94, "InHg": 30.2388229, "AltT": 0, "TAlt": 3008, "Call": "JBU745", "Lat": 40.63262, "Long": -73.767653, "PosTime": 1544406725482, "Mlat": false, "PosStale": true, "Tisb": false, "Spd": 0.0, "Trak": 188.4, "TrkH": false, "TTrk": 0.0, "Type": "A320", "Mdl": "2006 AIRBUS A320-232", "Man": "Airbus", "CNum": "2880", "From": "KMCO Orlando, United States", "To": "TJSJ Luis Munoz Marin, San Juan, Puerto Rico", "Op": "JetBlue Airways", "OpIcao": "JBU", "Sqk": "1607", "Help": false, "Vsi": -128, "VsiT": 0, "Dst": 1.59, "Brng": 133.6, "WTC": 2, "Species": 1, "Engines": "2", "EngType": 3, "EngMount": 0, "Mil": false, "Cou": "United States", "HasPic": false, "Interested": false, "FlightsCount": 0, "Gnd": true, "SpdTyp": 0, "CallSus": false, "Trt": 5, "Year": "2006"}], "totalAc": 4773, "lastDv": "636799846276356559", "shtTrlSec": 65, "stm": 1544410894485}