{"src": 1, "feeds": [{"id": 1, "name": "From Cons", "polarPlot": false}], "srcFeed": 1, "showSil": true, "showFlg": true, "showPic": true, "flgH": 20, "flgW": 85, "acList": [{"Id": 11313818, "Rcvr": 1, "HasSig": false, "Icao": "ACA29A", "Bad": false, "Reg": "N913JB", "FSeen": "/Date(1544419486588)/", "TSecs": 52, "CMsgs": 11, "Alt": -150, "GAlt": 110, "InHg": 30.1801186, "AltT": 0, "Call": "JBU437", "Lat": 40.641266, "Long": -73.768967, "PosTime": 1544419513324, "Mlat": false, "Tisb": false, "Spd": 11.0, "Trak": 188.4, "TrkH": false, "Type": "A321", "Mdl": "2013 AIRBUS A321-231", "Man": "Airbus", "CNum": "5909", "From": "KJFK John F Kennedy, New York, United States", "To": "MDST Cibao, Santiago, Dominican Republic", "Op": "JetBlue Airways", "OpIcao": "JBU", "Sqk": "3353", "Help": false, "VsiT": 0, "Dst": 1.05, "Brng": 97.4, "WTC": 2, "Species": 1, "Engines": "2", "EngType": 3, "EngMount": 0, "Mil": false, "Cou": "United States", "HasPic": false, "Interested": false, "FlightsCount": 0, "Gnd": true, "SpdTyp": 0, "CallSus": false, "Trt": 2, "Year": "2013"}, {"Id": 4704474, "Rcvr": 1, "HasSig": true, "Sig": 165, "Icao": "47C8DA", "Bad": false, "Reg": "LN-LNN", "FSeen": "/Date(1544419354847)/", "TSecs": 184, "CMsgs": 128, "Alt": 6950, "GAlt": 7222, "InHg": 30.191576, "AltT": 0, "TAlt": 12000, "Call": "NAX4RW", "Lat": 40.539825, "Long": -73.822144, "PosTime": 1544419539476, "Mlat": false, "Tisb": false, "Spd": 278.3, "Trak": 115.1, "TrkH": false, "TTrk": 127.96875, "Type": "B789", "Mdl": "Boeing 787 9", "Man": "Boeing", "CNum": "38891", "From": "ESMS Malm\u00f6 Sturup, Sweden", "To": "ESSA Stockholm-Arlanda, Stockholm, Sweden", "Op": "Norwegian", "OpIcao": "NAX", "Sqk": "1617", "Help": false, "Vsi": 2496, "VsiT": 0, "Dst": 11.93, "Brng": 196.8, "WTC": 3, "Species": 1, "Engines": "2", "EngType": 3, "EngMount": 0, "Mil": false, "Cou": "Norway", "HasPic": false, "Interested": false, "FlightsCount": 0, "Gnd": false, "SpdTyp": 0, "CallSus": false, "Trt": 5, "Year": "2017"}, {"Id": 4960581, "Rcvr": 1, "HasSig": false, "Icao": "4BB145", "Bad": false, "Reg": "TC-LJE", "FSeen": "/Date(1544419205891)/", "TSecs": 333, "CMsgs": 38, "Alt": -175, "GAlt": 85, "InHg": 30.1801186, "AltT": 0, "Call": "THY12", "Lat": 40.637928, "Long": -73.790871, "PosTime": 1544419432320, "Mlat": false, "Tisb": false, "Spd": 11.0, "Trak": 78.8, "TrkH": false, "Type": "B773", "Mdl": "Boeing 777 3F2ER", "Man": "Boeing", "CNum": "44126", "From": "KJFK John F Kennedy, New York, United States", "To": "LTBA Atat\u00fcrk, Istanbul, Turkey", "Op": "Turkish Airlines", "OpIcao": "THY", "Sqk": "7143", "Help": false, "VsiT": 0, "Dst": 0.95, "Brng": 237.9, "WTC": 3, "Species": 1, "Engines": "2", "EngType": 3, "EngMount": 0, "Mil": false, "Cou": "Turkey", "HasPic": false, "Interested": false, "FlightsCount": 0, "Gnd": true, "SpdTyp": 0, "CallSus": false, "Trt": 2, "Year": "2015"}, {"Id": 10577964, "Rcvr": 1, "HasSig": true, "Sig": 95, "Icao": "A1682C", "Bad": false, "Reg": "N190AA", "FSeen": "/Date(1544411655456)/", "TSecs": 7884, "CMsgs": 4165, "Alt": -150, "GAlt": 74, "InHg": 30.1443272, "AltT": 0, "TAlt": 4000, "Call": "AAL1357", "Lat": 40.652683, "Long": -73.779015, "PosTime": 1544419519886, "Mlat": false, "Tisb": false, "Spd": 8.0, "Trak": 236.3, "TrkH": false, "TTrk": 315.0, "Type": "B752", "Mdl": "2001 BOEING 757-223", "Man": "Boeing", "CNum": "32384", "From": "KJFK John F Kennedy, New York, United States", "To": "KJFK John F Kennedy, New York, United States", "Stops": ["TJSJ Luis Munoz Marin, San Juan, Puerto Rico"], "Op": "American Airlines", "OpIcao": "AAL", "Sqk": "7455", "Help": false, "Vsi": -640, "VsiT": 0, "Dst": 1.15, "Brng": 9.6, "WTC": 2, "Species": 1, "Engines": "2", "EngType": 3, "EngMount": 0, "Mil": false, "Cou": "United States", "HasPic": false, "Interested": false, "FlightsCount": 0, "Gnd": true, "SpdTyp": 0, "CallSus": false, "Trt": 5, "Year": "2001"}, {"Id": 11400425, "Rcvr": 1, "HasSig": true, "Sig": 209, "Icao": "ADF4E9", "Bad": false, "Reg": "N999JQ", "FSeen": "/Date(1544408488785)/", "TSecs": 11050, "CMsgs": 3465, "Alt": 450, "GAlt": 674, "InHg": 30.1443272, "AltT": 0, "TAlt": 4992, "Call": "JBU839", "Lat": 40.643372, "Long": -73.805847, "PosTime": 1544419539477, "Mlat": false, "Tisb": false, "Spd": 167.9, "Trak": 299.6, "TrkH": false, "TTrk": 0.0, "Type": "A321", "Mdl": "Airbus A321 231SL", "Man": "Airbus", "CNum": "8538", "From": "KJFK John F Kennedy, New York, United States", "To": "TJBQ Rafael Hernandez, Aguadilla, Puerto Rico", "Op": "JetBlue Airways", "OpIcao": "JBU", "Sqk": "2663", "Help": false, "Vsi": 2944, "VsiT": 1, "Dst": 2.08, "Brng": 272.7, "WTC": 2, "Species": 1, "Engines": "2", "EngType": 3, "EngMount": 0, "Mil": false, "Cou": "United States", "HasPic": false, "Interested": false, "FlightsCount": 0, "Gnd": false, "SpdTyp": 0, "CallSus": false, "Trt": 5}, {"Id": 11376402, "Rcvr": 1, "HasSig": true, "Sig": 123, "Icao": "AD9712", "Bad": false, "Reg": "N975JT", "FSeen": "/Date(1544407247156)/", "TSecs": 12292, "CMsgs": 5579, "Alt": 4950, "GAlt": 5245, "InHg": 30.2151985, "AltT": 0, "TAlt": 8992, "Call": "JBU2836", "Lat": 40.647692, "Long": -73.777391, "PosTime": 1544414454717, "Mlat": false, "PosStale": true, "Tisb": false, "Spd": 0.0, "Trak": 160.1, "TrkH": false, "TTrk": 0.0, "Type": "A321", "Mdl": "Airbus A321 231SL", "Man": "Airbus", "CNum": "7520", "Op": "JetBlue Airways", "OpIcao": "JBU", "Sqk": "2000", "Help": false, "Vsi": -128, "VsiT": 0, "Dst": 0.67, "Brng": 29.6, "WTC": 2, "Species": 1, "Engines": "2", "EngType": 3, "EngMount": 0, "Mil": false, "Cou": "United States", "HasPic": false, "Interested": false, "FlightsCount": 0, "Gnd": true, "SpdTyp": 0, "CallSus": false, "Trt": 5, "Year": "2016"}, {"Id": 11366291, "Rcvr": 1, "HasSig": true, "Sig": 128, "Icao": "AD6F93", "Bad": false, "Reg": "N965JT", "FSeen": "/Date(1544406473196)/", "TSecs": 13066, "CMsgs": 5887, "Alt": -150, "GAlt": 140, "InHg": 30.2096462, "AltT": 0, "TAlt": 4000, "Call": "JBU1503", "Lat": 40.650112, "Long": -73.778107, "PosTime": 1544414466916, "Mlat": false, "PosStale": true, "Tisb": false, "Spd": 0.0, "Trak": 210.9, "TrkH": false, "TTrk": 19.6875, "Type": "A321", "Mdl": "Airbus A321 231SL", "Man": "Airbus", "CNum": "6512", "From": "KJFK John F Kennedy, New York, United States", "To": "TJSJ Luis Munoz Marin, San Juan, Puerto Rico", "Op": "JetBlue Airways", "OpIcao": "JBU", "Sqk": "1732", "Help": false, "Vsi": -192, "VsiT": 0, "Dst": 0.89, "Brng": 17.5, "WTC": 2, "Species": 1, "Engines": "2", "EngType": 3, "EngMount": 0, "Mil": false, "Cou": "United States", "HasPic": false, "Interested": false, "FlightsCount": 0, "Gnd": true, "SpdTyp": 0, "CallSus": false, "Trt": 5, "Year": "2016"}, {"Id": 11309223, "Rcvr": 1, "HasSig": false, "Icao": "AC90A7", "Bad": false, "Reg": "N909AM", "FSeen": "/Date(1544402272301)/", "TSecs": 17267, "CMsgs": 6314, "Alt": -225, "GAlt": 56, "InHg": 30.129921, "AltT": 0, "TAlt": 3008, "Call": "AAL1207", "Lat": 40.776852, "Long": -73.874954, "PosTime": 1544419532771, "Mlat": false, "Tisb": false, "Spd": 0.0, "Trak": 318.1, "TrkH": false, "TTrk": 70.3125, "Type": "A321", "Mdl": "Airbus A321 231SL", "Man": "Airbus", "CNum": "7756", "From": "KDFW Dallas Fort Worth, Dallas-Fort Worth, United States", "To": "KSAN San Diego, United States", "Op": "American Airlines", "OpIcao": "AAL", "Sqk": "6211", "Help": false, "Vsi": -896, "VsiT": 0, "Dst": 16.9, "Brng": 332.2, "WTC": 2, "Species": 1, "Engines": "2", "EngType": 3, "EngMount": 0, "Mil": false, "Cou": "United States", "HasPic": false, "Interested": false, "FlightsCount": 0, "Gnd": true, "SpdTyp": 0, "CallSus": false, "Trt": 5, "Year": "2017"}, {"Id": 10489179, "Rcvr": 1, "HasSig": false, "Icao": "A00D5B", "Bad": false, "Reg": "N102NN", "FSeen": "/Date(1544402094953)/", "TSecs": 17444, "CMsgs": 10726, "Alt": 10775, "GAlt": 11035, "InHg": 30.1801186, "AltT": 0, "Call": "AAL184", "Lat": 40.453217, "Long": -73.913452, "PosTime": 1544419539449, "Mlat": false, "Tisb": false, "Spd": 302.0, "Trak": 165.2, "TrkH": false, "Type": "A321", "Mdl": "2013 AIRBUS A321-231", "Man": "Airbus", "CNum": "5860", "From": "KSNA John Wayne Airport-Orange County, Santa Ana, United States", "To": "KBOS General Edward Lawrence Logan, Boston, United States", "Stops": ["KORD Chicago O'Hare, United States"], "Op": "American Airlines", "OpIcao": "AAL", "Sqk": "0075", "Help": false, "Vsi": -2560, "VsiT": 0, "Dst": 23.83, "Brng": 208.0, "WTC": 2, "Species": 1, "Engines": "2", "EngType": 3, "EngMount": 0, "Mil": false, "Cou": "United States", "HasPic": false, "Interested": false, "FlightsCount": 0, "Gnd": false, "SpdTyp": 0, "CallSus": true, "Trt": 2, "Year": "2013"}, {"Id": 11384611, "Rcvr": 1, "HasSig": true, "Sig": 108, "Icao": "ADB723", "Bad": false, "Reg": "N983JT", "FSeen": "/Date(1544400607161)/", "TSecs": 18932, "CMsgs": 10735, "Alt": -150, "GAlt": 51, "InHg": 30.1207027, "AltT": 0, "TAlt": 4000, "Call": "JBU616", "Lat": 40.652325, "Long": -73.778267, "PosTime": 1544419455011, "Mlat": false, "Tisb": false, "Spd": 16.0, "Trak": 120.9, "TrkH": false, "TTrk": 0.0, "Type": "A321", "Mdl": "Airbus A321 231SL", "Man": "Airbus", "CNum": "7739", "From": "KSFO San Francisco, United States", "To": "KJFK John F Kennedy, New York, United States", "Op": "JetBlue Airways", "OpIcao": "JBU", "Sqk": "6303", "Help": false, "Vsi": -64, "VsiT": 1, "Dst": 1.12, "Brng": 13.1, "WTC": 2, "Species": 1, "Engines": "2", "EngType": 3, "EngMount": 0, "Mil": false, "Cou": "United States", "HasPic": false, "Interested": false, "FlightsCount": 0, "Gnd": true, "SpdTyp": 0, "CallSus": false, "Trt": 5, "Year": "2017"}, {"Id": 10502143, "Rcvr": 1, "HasSig": true, "Sig": 103, "Icao": "A03FFF", "Bad": false, "Reg": "N115NN", "FSeen": "/Date(1544395090045)/", "TSecs": 24449, "CMsgs": 12797, "Alt": 49500, "GAlt": 49790, "InHg": 30.2096462, "AltT": 0, "TAlt": 4000, "Call": "AAL32", "Lat": 40.649551, "Long": -73.795166, "PosTime": 1544412873380, "Mlat": false, "PosStale": true, "Tisb": false, "Spd": 0.0, "Trak": 165.9, "TrkH": false, "TTrk": 0.0, "Type": "A321", "Mdl": "2014 AIRBUS INDUSTRIE A321-231", "Man": "Airbus", "CNum": "6063", "From": "KLAX Los Angeles, United States", "To": "KJFK John F Kennedy, New York, United States", "Op": "American Airlines", "OpIcao": "AAL", "Sqk": "1200", "Help": false, "Vsi": -128, "VsiT": 0, "Dst": 1.41, "Brng": 303.9, "WTC": 2, "Species": 1, "Engines": "2", "EngType": 3, "EngMount": 0, "Mil": false, "Cou": "United States", "HasPic": false, "Interested": false, "FlightsCount": 0, "Gnd": true, "SpdTyp": 0, "CallSus": false, "Trt": 5, "Year": "2014"}, {"Id": 11002378, "Rcvr": 1, "HasSig": true, "Sig": 177, "Icao": "A7E20A", "Bad": false, "Reg": "N607JB", "FSeen": "/Date(1544393701323)/", "TSecs": 25838, "CMsgs": 12218, "Alt": -175, "GAlt": 49, "InHg": 30.1443272, "AltT": 0, "TAlt": 2016, "Call": "JBU2358", "Lat": 40.651579, "Long": -73.781371, "PosTime": 1544416673410, "Mlat": false, "PosStale": true, "Tisb": false, "Spd": 0.0, "Trak": 191.3, "TrkH": false, "TTrk": 0.0, "Type": "A320", "Mdl": "2005 AIRBUS A320-232", "Man": "Airbus", "CNum": "2386", "Op": "JetBlue Airways", "OpIcao": "JBU", "Sqk": "2000", "Help": false, "Vsi": -448, "VsiT": 0, "Dst": 1.01, "Brng": 359.6, "WTC": 2, "Species": 1, "Engines": "2", "EngType": 3, "EngMount": 0, "Mil": false, "Cou": "United States", "HasPic": false, "Interested": false, "FlightsCount": 0, "Gnd": true, "SpdTyp": 0, "CallSus": false, "Trt": 5, "Year": "2005"}, {"Id": 11363438, "Rcvr": 1, "HasSig": true, "Sig": 150, "Icao": "AD646E", "Bad": false, "Reg": "N962JT", "FSeen": "/Date(1544389404867)/", "TSecs": 30134, "CMsgs": 12116, "Alt": -150, "GAlt": 160, "InHg": 30.2303143, "AltT": 0, "TAlt": 4000, "Call": "JBU6123", "Lat": 40.642769, "Long": -73.771088, "PosTime": 1544407306985, "Mlat": false, "PosStale": true, "Tisb": false, "Spd": 0.0, "Trak": 199.7, "TrkH": false, "TTrk": 250.0, "Type": "A321", "Mdl": "Airbus A321 231SL", "Man": "Airbus", "CNum": "6988", "Op": "JetBlue Airways", "OpIcao": "JBU", "Sqk": "2000", "Help": false, "Vsi": -1280, "VsiT": 0, "Dst": 0.86, "Brng": 87.9, "WTC": 2, "Species": 1, "Engines": "2", "EngType": 3, "EngMount": 0, "Mil": false, "Cou": "United States", "HasPic": false, "Interested": false, "FlightsCount": 0, "Gnd": true, "SpdTyp": 0, "CallSus": false, "Trt": 4, "Year": "2016"}], "totalAc": 3782, "lastDv": "636797919031292991", "shtTrlSec": 65, "stm": 1544419539534}