{"src": 1, "feeds": [{"id": 1, "name": "From Cons", "polarPlot": false}], "srcFeed": 1, "showSil": true, "showFlg": true, "showPic": true, "flgH": 20, "flgW": 85, "acList": [{"Id": 853555, "Rcvr": 1, "HasSig": true, "Sig": 217, "Icao": "0D0633", "Bad": false, "Reg": "XA-ECO", "FSeen": "/Date(1544421740727)/", "TSecs": 658, "CMsgs": 74, "Alt": 1750, "GAlt": 1969, "InHg": 30.1387787, "AltT": 0, "Call": "AIJ2993", "Lat": 40.639435, "Long": -73.864746, "PosTime": 1544422398819, "Mlat": false, "Tisb": false, "Spd": 242.5, "Trak": 220.7, "TrkH": false, "Type": "A320", "Mdl": "Airbus A320 214", "Man": "Airbus", "CNum": "4733", "From": "KJFK John F Kennedy, New York, United States", "To": "MMMX Licenciado Benito Juarez, Mexico City, Mexico", "Op": "Interjet", "OpIcao": "AIJ", "Sqk": "2732", "Help": false, "Vsi": 640, "VsiT": 1, "Dst": 7.05, "Brng": 267.3, "WTC": 2, "Species": 1, "Engines": "2", "EngType": 3, "EngMount": 0, "Mil": false, "Cou": "Mexico", "HasPic": false, "Interested": false, "FlightsCount": 0, "Gnd": false, "SpdTyp": 0, "CallSus": false, "Trt": 2, "Year": "2011"}, {"Id": 5046529, "Rcvr": 1, "HasSig": true, "Sig": 198, "Icao": "4D0101", "Bad": false, "Reg": "LX-VCB", "FSeen": "/Date(1544421454580)/", "TSecs": 944, "CMsgs": 326, "Alt": 5125, "GAlt": 5500, "InHg": 30.2952728, "AltT": 0, "TAlt": 11008, "Call": "CLX57K", "Lat": 40.580246, "Long": -73.699646, "PosTime": 1544422398815, "Mlat": false, "Tisb": false, "Spd": 291.4, "Trak": 93.0, "TrkH": false, "Type": "B748", "Mdl": "Boeing 747 8R7F", "Man": "Boeing", "CNum": "35806", "Op": "Cargolux Airlines International", "OpIcao": "CLX", "Sqk": "1712", "Help": false, "Vsi": 896, "VsiT": 0, "Dst": 9.77, "Brng": 135.1, "WTC": 3, "Species": 1, "Engines": "4", "EngType": 3, "EngMount": 0, "Mil": false, "Cou": "Luxembourg", "HasPic": false, "Interested": false, "FlightsCount": 0, "Gnd": false, "SpdTyp": 0, "CallSus": false, "Trt": 2, "Year": "2011"}, {"Id": 7453750, "Rcvr": 1, "HasSig": false, "Icao": "71BC36", "Bad": false, "Reg": "HL7436", "FSeen": "/Date(1544417105134)/", "TSecs": 5294, "CMsgs": 3478, "Alt": -125, "GAlt": 94, "InHg": 30.1387787, "AltT": 0, "Call": "AAR941", "Lat": 40.654575, "Long": -73.78035, "PosTime": 1544422389667, "Mlat": false, "Tisb": false, "Spd": 7.0, "Trak": 120.9, "TrkH": false, "Type": "B744", "Mdl": "Boeing 747 48EFSCD", "Man": "Boeing", "CNum": "29170", "Op": "Asiana Airlines", "OpIcao": "AAR", "Sqk": "7244", "Help": false, "Vsi": -768, "VsiT": 0, "Dst": 1.35, "Brng": 3.3, "WTC": 3, "Species": 1, "Engines": "4", "EngType": 3, "EngMount": 0, "Mil": false, "Cou": "South Korea", "HasPic": false, "Interested": false, "FlightsCount": 0, "Gnd": true, "SpdTyp": 0, "CallSus": false, "Trt": 2, "Year": "2002"}, {"Id": 11334991, "Rcvr": 1, "HasSig": true, "Sig": 98, "Icao": "ACF54F", "Bad": false, "Reg": "N934JB", "FSeen": "/Date(1544403282825)/", "TSecs": 19116, "CMsgs": 11714, "Alt": 3062, "GAlt": 3281, "InHg": 30.1387787, "AltT": 0, "TAlt": 3000, "Call": "JBU1224", "Lat": 40.646908, "Long": -73.775772, "PosTime": 1544422398781, "Mlat": false, "Tisb": false, "Spd": 0.0, "Trak": 3.8, "TrkH": false, "TTrk": 130.0, "Type": "A321", "Mdl": "2014 AIRBUS INDUSTRIE A321-231", "Man": "Airbus", "CNum": "6130", "From": "KLAX Los Angeles, United States", "To": "KJFK John F Kennedy, New York, United States", "Op": "JetBlue Airways", "OpIcao": "JBU", "Sqk": "7370", "Help": false, "Vsi": -704, "VsiT": 0, "Dst": 0.68, "Brng": 43.4, "WTC": 2, "Species": 1, "Engines": "2", "EngType": 3, "EngMount": 0, "Mil": false, "Cou": "United States", "HasPic": false, "Interested": false, "FlightsCount": 0, "Gnd": true, "SpdTyp": 0, "CallSus": false, "Trt": 4, "Year": "2014"}, {"Id": 11309223, "Rcvr": 1, "HasSig": false, "Icao": "AC90A7", "Bad": false, "Reg": "N909AM", "FSeen": "/Date(1544402272435)/", "TSecs": 20127, "CMsgs": 6662, "Alt": -225, "GAlt": 56, "InHg": 30.1092529, "AltT": 0, "TAlt": 3008, "Call": "AAL1207", "Lat": 40.776756, "Long": -73.874802, "PosTime": 1544422371807, "Mlat": false, "Tisb": false, "Spd": 0.0, "Trak": 141.4, "TrkH": false, "TTrk": 70.3125, "Type": "A321", "Mdl": "Airbus A321 231SL", "Man": "Airbus", "CNum": "7756", "From": "KDFW Dallas Fort Worth, Dallas-Fort Worth, United States", "To": "KSAN San Diego, United States", "Op": "American Airlines", "OpIcao": "AAL", "Sqk": "6211", "Help": false, "Vsi": -896, "VsiT": 0, "Dst": 16.88, "Brng": 332.2, "WTC": 2, "Species": 1, "Engines": "2", "EngType": 3, "EngMount": 0, "Mil": false, "Cou": "United States", "HasPic": false, "Interested": false, "FlightsCount": 0, "Gnd": true, "SpdTyp": 0, "CallSus": false, "Trt": 5, "Year": "2017"}, {"Id": 11363438, "Rcvr": 1, "HasSig": false, "Icao": "AD646E", "Bad": false, "Reg": "N962JT", "FSeen": "/Date(1544389410137)/", "TSecs": 32989, "CMsgs": 12286, "Alt": 3828, "GAlt": 4047, "InHg": 30.1387787, "AltT": 0, "TAlt": 4000, "Call": "JBU6123", "Lat": 40.642872, "Long": -73.772179, "PosTime": 1544422293437, "Mlat": false, "Tisb": false, "Spd": 22.0, "Trak": 216.0, "TrkH": false, "TTrk": 250.0, "Type": "A321", "Mdl": "Airbus A321 231SL", "Man": "Airbus", "CNum": "6988", "Op": "JetBlue Airways", "OpIcao": "JBU", "Sqk": "2000", "Help": false, "Vsi": -1280, "VsiT": 0, "Dst": 0.77, "Brng": 86.8, "WTC": 2, "Species": 1, "Engines": "2", "EngType": 3, "EngMount": 0, "Mil": false, "Cou": "United States", "HasPic": false, "Interested": false, "FlightsCount": 0, "Gnd": false, "SpdTyp": 0, "CallSus": false, "Trt": 4, "Year": "2016"}], "totalAc": 4516, "lastDv": "636797564798027493", "shtTrlSec": 65, "stm": 1544422399499}