{"src": 1, "feeds": [{"id": 1, "name": "From Cons", "polarPlot": false}], "srcFeed": 1, "showSil": true, "showFlg": true, "showPic": true, "flgH": 20, "flgW": 85, "acList": [{"Id": 9004131, "Rcvr": 1, "HasSig": true, "Sig": 184, "Icao": "896463", "Bad": false, "Reg": "A6-APH", "FSeen": "/Date(1544412529467)/", "TSecs": 185, "CMsgs": 107, "Alt": 3875, "GAlt": 4170, "InHg": 30.2151985, "AltT": 0, "TAlt": 11008, "Call": "ETD47N", "Lat": 40.553144, "Long": -73.861271, "PosTime": 1544412713391, "Mlat": false, "Tisb": false, "Spd": 265.8, "Trak": 114.4, "TrkH": false, "TTrk": 126.5625, "Type": "A388", "Mdl": "Airbus A380 861", "Man": "Airbus", "CNum": "199", "From": "KJFK John F Kennedy, New York, United States", "To": "OMAA Abu Dhabi, United Arab Emirates", "Op": "Etihad Airways", "OpIcao": "ETD", "Sqk": "1162", "Help": false, "Vsi": 1984, "VsiT": 1, "Dst": 12.01, "Brng": 214.2, "WTC": 3, "Species": 1, "Engines": "4", "EngType": 3, "EngMount": 0, "Mil": false, "Cou": "United Arab Emirates", "HasPic": false, "Interested": false, "FlightsCount": 0, "Gnd": false, "SpdTyp": 0, "CallSus": false, "Trt": 5, "Year": "2015"}, {"Id": 10569143, "Rcvr": 1, "HasSig": true, "Sig": 203, "Icao": "A145B7", "Bad": false, "Reg": "N181PQ", "FSeen": "/Date(1544412380808)/", "TSecs": 333, "CMsgs": 77, "Alt": 40125, "GAlt": 40415, "InHg": 30.2096462, "AltT": 0, "Lat": 40.630966, "Long": -73.773392, "PosTime": 1544412707249, "Mlat": false, "Tisb": false, "Spd": 0.0, "Trak": 116.6, "TrkH": false, "Type": "CRJ9", "Mdl": "2008 BOMBARDIER INC CL-600-2D24", "Man": "Bombardier", "CNum": "15181", "Op": "DELTA AIR LINES INC     - ATLANTA, GA", "OpIcao": "EDV", "Sqk": "0164", "Help": false, "VsiT": 1, "Dst": 1.44, "Brng": 152.5, "WTC": 2, "Species": 1, "Engines": "2", "EngType": 3, "EngMount": 1, "Mil": false, "Cou": "United States", "HasPic": false, "Interested": false, "FlightsCount": 0, "Gnd": true, "SpdTyp": 0, "CallSus": false, "Trt": 2, "Year": "2008"}, {"Id": 4195709, "Rcvr": 1, "HasSig": true, "Sig": 199, "Icao": "40057D", "Bad": false, "Reg": "G-CIVD", "FSeen": "/Date(1544412214358)/", "TSecs": 500, "CMsgs": 204, "Alt": 9700, "GAlt": 9990, "InHg": 30.2096462, "AltT": 0, "Call": "BAW14K", "Lat": 40.58844, "Long": -73.714172, "PosTime": 1544412713389, "Mlat": false, "Tisb": false, "Spd": 291.1, "Trak": 38.4, "TrkH": false, "Type": "B744", "Mdl": "Boeing 747 436", "Man": "Boeing", "CNum": "27349", "From": "KJFK John F Kennedy, New York, United States", "To": "EGLL London Heathrow, United Kingdom", "Op": "British Airways", "OpIcao": "BAW", "Sqk": "3364", "Help": false, "Vsi": 2688, "VsiT": 0, "Dst": 8.26, "Brng": 136.7, "WTC": 3, "Species": 1, "Engines": "4", "EngType": 3, "EngMount": 0, "Mil": false, "Cou": "United Kingdom", "HasPic": false, "Interested": false, "FlightsCount": 0, "Gnd": false, "SpdTyp": 0, "CallSus": false, "Trt": 2, "Year": "1994"}, {"Id": 11118416, "Rcvr": 1, "HasSig": false, "Icao": "A9A750", "Bad": false, "Reg": "N721AN", "FSeen": "/Date(1544412170701)/", "TSecs": 544, "CMsgs": 165, "Alt": -225, "GAlt": 65, "InHg": 30.2096462, "AltT": 0, "Call": "AAL951", "Lat": 40.648865, "Long": -73.790497, "PosTime": 1544412674853, "Mlat": false, "Tisb": false, "Spd": 0.0, "Trak": 171.6, "TrkH": false, "Type": "B77W", "Mdl": "2013 BOEING 777-323ER", "Man": "Boeing", "CNum": "31546", "From": "KJFK John F Kennedy, New York, United States", "To": "SBGR Guarulhos - Governador Andr\u00e9 Franco Montoro, S\u00e3o Paulo, Brazil", "Op": "American Airlines", "OpIcao": "AAL", "Sqk": "1616", "Help": false, "VsiT": 0, "Dst": 1.05, "Brng": 312.4, "WTC": 3, "Species": 1, "Engines": "2", "EngType": 3, "EngMount": 0, "Mil": false, "Cou": "United States", "HasPic": false, "Interested": false, "FlightsCount": 0, "Gnd": true, "SpdTyp": 0, "CallSus": false, "Trt": 2, "Year": "2013"}, {"Id": 3425486, "Rcvr": 1, "HasSig": true, "Sig": 215, "Icao": "3444CE", "Bad": false, "Reg": "EC-MAJ", "FSeen": "/Date(1544412154818)/", "TSecs": 559, "CMsgs": 323, "Alt": 11100, "GAlt": 11390, "InHg": 30.2096462, "AltT": 0, "Call": "AEA092", "Lat": 40.455276, "Long": -73.563293, "PosTime": 1544412713389, "Mlat": false, "Tisb": false, "Spd": 350.2, "Trak": 117.4, "TrkH": false, "Type": "A332", "Mdl": "Airbus A330 243", "Man": "Airbus", "CNum": "992", "From": "KJFK John F Kennedy, New York, United States", "To": "LEMD Madrid Barajas, Spain", "Op": "Air Europa", "OpIcao": "AEA", "Sqk": "3365", "Help": false, "Vsi": 1088, "VsiT": 1, "Dst": 27.8, "Brng": 138.4, "WTC": 3, "Species": 1, "Engines": "2", "EngType": 3, "EngMount": 0, "Mil": false, "Cou": "Spain", "HasPic": false, "Interested": false, "FlightsCount": 0, "Gnd": false, "SpdTyp": 0, "CallSus": false, "Trt": 2, "Year": "2009"}, {"Id": 4921471, "Rcvr": 1, "HasSig": true, "Sig": 52, "Icao": "4B187F", "Bad": false, "Reg": "HB-JHF", "FSeen": "/Date(1544411950912)/", "TSecs": 763, "CMsgs": 385, "Alt": 11300, "GAlt": 11581, "InHg": 30.2007866, "AltT": 0, "Call": "SWR19R", "Lat": 40.819935, "Long": -73.971322, "PosTime": 1544412713390, "Mlat": false, "Tisb": false, "Spd": 364.0, "Trak": 48.1, "TrkH": false, "Type": "A333", "Mdl": "Airbus A330 343E", "Man": "Airbus", "CNum": "1089", "From": "KEWR Newark Liberty, United States", "To": "LSZH Z\u00fcrich, Switzerland", "Op": "Swiss International Air Lines", "OpIcao": "SWR", "Sqk": "1722", "Help": false, "Vsi": 1024, "VsiT": 0, "Dst": 25.41, "Brng": 321.0, "WTC": 3, "Species": 1, "Engines": "2", "EngType": 3, "EngMount": 0, "Mil": false, "Cou": "Switzerland", "HasPic": false, "Interested": false, "FlightsCount": 0, "Gnd": false, "SpdTyp": 0, "CallSus": false, "Trt": 2, "Year": "2010"}, {"Id": 11267818, "Rcvr": 1, "HasSig": true, "Sig": 182, "Icao": "ABEEEA", "Bad": false, "Reg": "N8680C", "FSeen": "/Date(1544411269112)/", "TSecs": 1445, "CMsgs": 881, "Alt": 27075, "GAlt": 27365, "InHg": 30.2096462, "AltT": 0, "Call": "SWA3299", "Lat": 40.625766, "Long": -74.066953, "PosTime": 1544412713379, "Mlat": false, "Tisb": false, "Spd": 488.7, "Trak": 43.9, "TrkH": false, "Type": "B738", "Mdl": "Boeing 737NG 8H4/W", "Man": "Boeing", "CNum": "36737", "Op": "Southwest Airlines", "OpIcao": "SWA", "Sqk": "2146", "Help": false, "Vsi": -1984, "VsiT": 0, "Dst": 24.18, "Brng": 265.7, "WTC": 2, "Species": 1, "Engines": "2", "EngType": 3, "EngMount": 0, "Mil": false, "Cou": "United States", "HasPic": false, "Interested": false, "FlightsCount": 0, "Gnd": false, "SpdTyp": 0, "CallSus": false, "Trt": 2, "Year": "2016"}, {"Id": 4791681, "Rcvr": 1, "HasSig": false, "Icao": "491D81", "Bad": false, "Reg": "CS-GLA", "FSeen": "/Date(1544411261506)/", "TSecs": 1453, "CMsgs": 69, "Alt": 1350, "GAlt": 1619, "InHg": 30.1889763, "AltT": 0, "Call": "NJE069Y", "Lat": 40.822727, "Long": -74.06015, "PosTime": 1544412713393, "Mlat": false, "Tisb": false, "Spd": 165.0, "Trak": 182.8, "TrkH": false, "Type": "GLEX", "Mdl": "Bombardier Global 6000", "Man": "Bombardier", "CNum": "9478", "Op": "NetJets Europe", "OpIcao": "NJE", "Sqk": "1764", "Help": false, "Vsi": 2368, "VsiT": 0, "Dst": 30.88, "Brng": 310.6, "WTC": 2, "Species": 1, "Engines": "2", "EngType": 3, "EngMount": 1, "Mil": false, "Cou": "Portugal", "HasPic": false, "Interested": false, "FlightsCount": 0, "Gnd": false, "SpdTyp": 0, "CallSus": false, "Trt": 2, "Year": "2011"}, {"Id": 11162167, "Rcvr": 1, "HasSig": true, "Sig": 204, "Icao": "AA5237", "Bad": false, "Reg": "N764US", "FSeen": "/Date(1544411101057)/", "TSecs": 1613, "CMsgs": 962, "Alt": 31600, "GAlt": 31890, "InHg": 30.2096462, "AltT": 0, "Call": "AAL2138", "Lat": 40.5734, "Long": -73.8065, "PosTime": 1544412713378, "Mlat": true, "Tisb": false, "Trak": 61.5, "TrkH": false, "Type": "A319", "Mdl": "2000 AIRBUS INDUSTRIE A319-112", "Man": "Airbus", "CNum": "1369", "From": "KDCA Ronald Reagan Washington National, United States", "To": "KBOS General Edward Lawrence Logan, Boston, United States", "Op": "American Airlines", "OpIcao": "AAL", "Sqk": "2141", "Help": false, "VsiT": 0, "Dst": 7.97, "Brng": 195.5, "WTC": 2, "Species": 1, "Engines": "2", "EngType": 3, "EngMount": 0, "Mil": false, "Cou": "United States", "HasPic": false, "Interested": false, "FlightsCount": 0, "Gnd": false, "SpdTyp": 0, "CallSus": true, "Trt": 2, "Year": "2000"}, {"Id": 11382611, "Rcvr": 1, "HasSig": true, "Sig": 133, "Icao": "ADAF53", "Bad": false, "Reg": "N981EV", "FSeen": "/Date(1544410049949)/", "TSecs": 2664, "CMsgs": 979, "Alt": 24375, "GAlt": 24665, "InHg": 30.2096462, "AltT": 0, "Lat": 40.643738, "Long": -73.855713, "PosTime": 1544411927951, "Mlat": false, "PosStale": true, "Tisb": false, "Spd": 223.2, "Trak": 217.5, "TrkH": false, "Type": "CRJ2", "Mdl": "2003 BOMBARDIER INC CL-600-2B19", "Man": "Bombardier", "CNum": "7768", "Op": "US BANK NA TRUSTEE     - WILMINGTON, DE", "OpIcao": "EDV", "Sqk": "1134", "Help": false, "Vsi": 704, "VsiT": 1, "Dst": 6.28, "Brng": 271.3, "WTC": 2, "Species": 1, "Engines": "2", "EngType": 3, "EngMount": 1, "Mil": false, "Cou": "United States", "HasPic": false, "Interested": false, "FlightsCount": 0, "Gnd": false, "SpdTyp": 0, "CallSus": false, "Trt": 2, "Year": "2003"}, {"Id": 11400425, "Rcvr": 1, "HasSig": true, "Sig": 74, "Icao": "ADF4E9", "Bad": false, "Reg": "N999JQ", "FSeen": "/Date(1544408488834)/", "TSecs": 4225, "CMsgs": 1687, "Alt": -225, "GAlt": 70, "InHg": 30.2151985, "AltT": 0, "TAlt": 8992, "Call": "JBU1804", "Lat": 40.646819, "Long": -73.772819, "PosTime": 1544410957150, "Mlat": false, "PosStale": true, "Tisb": false, "Spd": 0.0, "Trak": 177.2, "TrkH": false, "TTrk": 0.0, "Type": "A321", "Mdl": "Airbus A321 231SL", "Man": "Airbus", "CNum": "8538", "Op": "JetBlue Airways", "OpIcao": "JBU", "Sqk": "1422", "Help": false, "Vsi": -64, "VsiT": 0, "Dst": 0.86, "Brng": 56.0, "WTC": 2, "Species": 1, "Engines": "2", "EngType": 3, "EngMount": 0, "Mil": false, "Cou": "United States", "HasPic": false, "Interested": false, "FlightsCount": 0, "Gnd": true, "SpdTyp": 0, "CallSus": false, "Trt": 5}, {"Id": 10950271, "Rcvr": 1, "HasSig": false, "Icao": "A7167F", "Bad": false, "Reg": "N556JB", "FSeen": "/Date(1544407975955)/", "TSecs": 4738, "CMsgs": 2835, "Alt": 29825, "GAlt": 30115, "InHg": 30.2096462, "AltT": 0, "TAlt": 27008, "Call": "JBU796", "Lat": 40.72467, "Long": -73.653442, "PosTime": 1544412713371, "Mlat": false, "Tisb": false, "Spd": 543.0, "Trak": 50.5, "TrkH": false, "Type": "A320", "Mdl": "2002 AIRBUS A320-232", "Man": "Airbus", "CNum": "1904", "From": "TNCM Princess Juliana, Saint Martin, Sint Maarten", "To": "KBOS General Edward Lawrence Logan, Boston, United States", "Op": "JetBlue Airways", "OpIcao": "JBU", "Sqk": "3110", "Help": false, "Vsi": -2112, "VsiT": 0, "Dst": 14.13, "Brng": 49.7, "WTC": 2, "Species": 1, "Engines": "2", "EngType": 3, "EngMount": 0, "Mil": false, "Cou": "United States", "HasPic": false, "Interested": false, "FlightsCount": 0, "Gnd": false, "SpdTyp": 0, "CallSus": false, "Trt": 2, "Year": "2002"}, {"Id": 11376402, "Rcvr": 1, "HasSig": true, "Sig": 135, "Icao": "AD9712", "Bad": false, "Reg": "N975JT", "FSeen": "/Date(1544407246200)/", "TSecs": 5468, "CMsgs": 2701, "Alt": 2386, "GAlt": 2681, "InHg": 30.2151985, "AltT": 0, "TAlt": 8992, "Call": "JBU2836", "Lat": 40.647692, "Long": -73.777391, "PosTime": 1544410465899, "Mlat": false, "PosStale": true, "Tisb": false, "Spd": 0.0, "Trak": 160.1, "TrkH": false, "TTrk": 0.0, "Type": "A321", "Mdl": "Airbus A321 231SL", "Man": "Airbus", "CNum": "7520", "Op": "JetBlue Airways", "OpIcao": "JBU", "Sqk": "2000", "Help": false, "Vsi": -128, "VsiT": 0, "Dst": 0.67, "Brng": 29.6, "WTC": 2, "Species": 1, "Engines": "2", "EngType": 3, "EngMount": 0, "Mil": false, "Cou": "United States", "HasPic": false, "Interested": false, "FlightsCount": 0, "Gnd": true, "SpdTyp": 0, "CallSus": false, "Trt": 5, "Year": "2016"}, {"Id": 10813842, "Rcvr": 1, "HasSig": true, "Sig": 157, "Icao": "A50192", "Bad": false, "Reg": "N421YX", "FSeen": "/Date(1544407118960)/", "TSecs": 5595, "CMsgs": 3277, "Alt": -250, "GAlt": 19, "InHg": 30.1889763, "AltT": 0, "TAlt": 3008, "Call": "RPA4439", "Lat": 40.776315, "Long": -73.87825, "PosTime": 1544412690846, "Mlat": false, "Tisb": false, "Spd": 122.6, "Trak": 212.0, "TrkH": false, "Type": "E75L", "Mdl": "2014 EMBRAER S A ERJ170-200LR", "Man": "Embraer", "CNum": "17000386", "Op": "REPUBLIC AIRLINE INC     - INDIANAPOLIS, IN", "OpIcao": "RPA", "Sqk": "3176", "Help": false, "Vsi": -128, "VsiT": 0, "Dst": 16.98, "Brng": 331.3, "WTC": 2, "Species": 1, "Engines": "2", "EngType": 3, "EngMount": 0, "Mil": false, "Cou": "United States", "HasPic": false, "Interested": false, "FlightsCount": 0, "Gnd": false, "SpdTyp": 0, "CallSus": false, "Trt": 2, "Year": "2014"}, {"Id": 11244453, "Rcvr": 1, "HasSig": true, "Sig": 6, "Icao": "AB93A5", "Bad": false, "Reg": "N845NN", "FSeen": "/Date(1544406147101)/", "TSecs": 6567, "CMsgs": 3784, "Alt": 3750, "GAlt": 4040, "InHg": 30.2096462, "AltT": 0, "Call": "AAL279", "Lat": 40.62814, "Long": -74.009212, "PosTime": 1544412690844, "Mlat": false, "Tisb": false, "Spd": 259.9, "Trak": 35.0, "TrkH": false, "Type": "B738", "Mdl": "2010 BOEING 737-823", "Man": "Boeing", "CNum": "40579", "From": "EGPH Edinburgh, United Kingdom", "To": "KMCO Orlando, United States", "Stops": ["KJFK John F Kennedy, New York, United States"], "Op": "American Airlines", "OpIcao": "AAL", "Sqk": "2556", "Help": false, "Vsi": 0, "VsiT": 0, "Dst": 19.3, "Brng": 265.3, "WTC": 2, "Species": 1, "Engines": "2", "EngType": 3, "EngMount": 0, "Mil": false, "Cou": "United States", "HasPic": true, "PicX": 3441, "PicY": 2271, "Interested": false, "FlightsCount": 0, "Gnd": false, "SpdTyp": 0, "CallSus": false, "Trt": 2, "Year": "2010"}, {"Id": 10533006, "Rcvr": 1, "HasSig": false, "Icao": "A0B88E", "Bad": false, "Reg": "N14568", "FSeen": "/Date(1544406008170)/", "TSecs": 6706, "CMsgs": 3693, "Alt": -225, "GAlt": 6, "InHg": 30.15059, "AltT": 0, "Call": "ASQ3993", "Lat": 40.711608, "Long": -74.15191, "PosTime": 1544412597520, "Mlat": true, "Tisb": false, "Spd": 525.4, "Trak": 206.2, "TrkH": false, "Type": "E145", "Mdl": "2002 EMBRAER EMB-145LR", "Man": "Embraer", "CNum": "145628", "Op": "WELLS FARGO BANK NORTHWEST NA TRUSTEE     - SALT LAKE CITY, UT", "OpIcao": "ASQ", "Sqk": "0477", "Help": false, "Vsi": 896, "VsiT": 1, "Dst": 32.19, "Brng": 283.9, "WTC": 2, "Species": 1, "Engines": "2", "EngType": 3, "EngMount": 1, "Mil": false, "Cou": "United States", "HasPic": false, "Interested": false, "FlightsCount": 0, "Gnd": true, "SpdTyp": 0, "CallSus": true, "Trt": 2, "Year": "2002"}, {"Id": 10998682, "Rcvr": 1, "HasSig": false, "Icao": "A7D39A", "Bad": false, "Reg": "N603NK", "FSeen": "/Date(1544405479814)/", "TSecs": 7234, "CMsgs": 4145, "Alt": -200, "GAlt": 81, "InHg": 30.2007866, "AltT": 0, "Call": "NKS150", "Lat": 40.6982, "Long": -74.161148, "PosTime": 1544412713371, "Mlat": false, "Tisb": false, "Spd": 132.0, "Trak": 206.4, "TrkH": false, "Type": "A320", "Mdl": "2010 AIRBUS A320-232", "Man": "Airbus", "CNum": "4321", "From": "MSLP El Salvador, Santa Clara, El Salvador", "To": "KFLL Fort Lauderdale Hollywood, United States", "Op": "Spirit Airlines", "OpIcao": "NKS", "Sqk": "1633", "Help": false, "Vsi": -704, "VsiT": 0, "Dst": 32.63, "Brng": 281.1, "WTC": 2, "Species": 1, "Engines": "2", "EngType": 3, "EngMount": 0, "Mil": false, "Cou": "United States", "HasPic": false, "Interested": false, "FlightsCount": 0, "Gnd": false, "SpdTyp": 0, "CallSus": false, "Trt": 2, "Year": "2010"}, {"Id": 11353311, "Rcvr": 1, "HasSig": true, "Sig": 135, "Icao": "AD3CDF", "Bad": false, "Reg": "N952JB", "FSeen": "/Date(1544405199238)/", "TSecs": 7515, "CMsgs": 4113, "Alt": -225, "GAlt": 47, "InHg": 30.191576, "AltT": 0, "TAlt": 4000, "Call": "JBU1190", "Lat": 40.651823, "Long": -73.781932, "PosTime": 1544412398994, "Mlat": false, "PosStale": true, "Tisb": false, "Spd": 0.9, "Trak": 191.3, "TrkH": false, "TTrk": 54.84375, "Type": "A321", "Mdl": "2015 AIRBUS A321-231", "Man": "Airbus", "CNum": "6663", "From": "KMCO Orlando, United States", "To": "KJFK John F Kennedy, New York, United States", "Op": "JET BLUE AIRWAYS CORP     - LONG ISLAND CITY, NY", "OpIcao": "JBU", "Sqk": "1733", "Help": false, "Vsi": -64, "VsiT": 0, "Dst": 1.04, "Brng": 357.0, "WTC": 2, "Species": 1, "Engines": "2", "EngType": 3, "EngMount": 0, "Mil": false, "Cou": "United States", "HasPic": false, "Interested": false, "FlightsCount": 0, "Gnd": true, "SpdTyp": 0, "CallSus": false, "Trt": 5, "Year": "2015"}, {"Id": 10585572, "Rcvr": 1, "HasSig": false, "Icao": "A185E4", "Bad": false, "Reg": "N198AA", "FSeen": "/Date(1544405025646)/", "TSecs": 7689, "CMsgs": 4317, "Alt": 2775, "GAlt": 3065, "InHg": 30.2096462, "AltT": 0, "Call": "AAL2572", "Lat": 40.518787, "Long": -73.578682, "PosTime": 1544412713372, "Mlat": false, "Tisb": false, "Spd": 197.0, "Trak": 330.2, "TrkH": false, "Type": "B752", "Mdl": "2001 BOEING 757-223", "Man": "Boeing", "CNum": "32392", "From": "KORD Chicago O'Hare, United States", "To": "KLAX Los Angeles, United States", "Stops": ["KMIA Miami, United States"], "Op": "American Airlines", "OpIcao": "AAL", "Sqk": "5755", "Help": false, "Vsi": 0, "VsiT": 0, "Dst": 21.95, "Brng": 128.7, "WTC": 2, "Species": 1, "Engines": "2", "EngType": 3, "EngMount": 0, "Mil": false, "Cou": "United States", "HasPic": false, "Interested": false, "FlightsCount": 0, "Gnd": false, "SpdTyp": 0, "CallSus": false, "Trt": 2, "Year": "2001"}, {"Id": 11019747, "Rcvr": 1, "HasSig": false, "Icao": "A825E3", "Bad": false, "Reg": "N624JB", "FSeen": "/Date(1544404300041)/", "TSecs": 8414, "CMsgs": 4406, "Alt": 4690, "GAlt": 4985, "InHg": 30.2151985, "AltT": 0, "TAlt": 4000, "Call": "JBU164", "Lat": 40.64967, "Long": -73.777173, "PosTime": 1544411993278, "Mlat": false, "PosStale": true, "Tisb": false, "Spd": 5.5, "Trak": 120.9, "TrkH": false, "TTrk": 0.0, "Type": "A320", "Mdl": "2005 AIRBUS A320-232", "Man": "Airbus", "CNum": "2520", "From": "KTPA Tampa, United States", "To": "KJFK John F Kennedy, New York, United States", "Op": "JetBlue Airways", "OpIcao": "JBU", "Sqk": "6657", "Help": false, "Vsi": -128, "VsiT": 0, "Dst": 0.87, "Brng": 23.5, "WTC": 2, "Species": 1, "Engines": "2", "EngType": 3, "EngMount": 0, "Mil": false, "Cou": "United States", "HasPic": true, "PicX": 1024, "PicY": 697, "Interested": false, "FlightsCount": 0, "Gnd": true, "SpdTyp": 0, "CallSus": false, "Trt": 5, "Year": "2005"}, {"Id": 10956578, "Rcvr": 1, "HasSig": true, "Sig": 68, "Icao": "A72F22", "Bad": false, "Reg": "N562JB", "FSeen": "/Date(1544403419083)/", "TSecs": 9295, "CMsgs": 3257, "Alt": 33325, "GAlt": 33644, "InHg": 30.2388229, "AltT": 0, "TAlt": 3008, "Call": "JBU1818", "Lat": 40.633186, "Long": -73.768875, "PosTime": 1544406818358, "Mlat": false, "PosStale": true, "Tisb": false, "Spd": 0.1, "Trak": 210.9, "TrkH": false, "TTrk": 0.0, "Type": "A320", "Mdl": "2003 AIRBUS A320-232", "Man": "Airbus", "CNum": "1948", "From": "TTPP Piarco, Port of Spain, Trinidad and Tobago", "To": "KJFK John F Kennedy, New York, United States", "Op": "JetBlue Airways", "OpIcao": "JBU", "Sqk": "2666", "Help": false, "Vsi": -640, "VsiT": 0, "Dst": 1.47, "Brng": 134.6, "WTC": 2, "Species": 1, "Engines": "2", "EngType": 3, "EngMount": 0, "Mil": false, "Cou": "United States", "HasPic": false, "Interested": false, "FlightsCount": 0, "Gnd": true, "SpdTyp": 0, "CallSus": false, "Trt": 5, "Year": "2003"}, {"Id": 10535980, "Rcvr": 1, "HasSig": false, "Icao": "A0C42C", "Bad": false, "Reg": "N149AN", "FSeen": "/Date(1544403083390)/", "TSecs": 9631, "CMsgs": 5454, "Alt": 900, "GAlt": 1181, "InHg": 30.2007866, "AltT": 0, "Call": "AAL2708", "Lat": 40.833801, "Long": -73.830688, "PosTime": 1544412713365, "Mlat": false, "Tisb": false, "Spd": 136.0, "Trak": 211.5, "TrkH": false, "Type": "A321", "Mdl": "Airbus A321 231SL", "Man": "Airbus", "CNum": "6812", "From": "KDFW Dallas Fort Worth, Dallas-Fort Worth, United States", "To": "KEWR Newark Liberty, United States", "Op": "American Airlines", "OpIcao": "AAL", "Sqk": "6753", "Help": false, "Vsi": -576, "VsiT": 0, "Dst": 21.68, "Brng": 348.9, "WTC": 2, "Species": 1, "Engines": "2", "EngType": 3, "EngMount": 0, "Mil": false, "Cou": "United States", "HasPic": false, "Interested": false, "FlightsCount": 0, "Gnd": false, "SpdTyp": 0, "CallSus": false, "Trt": 2, "Year": "2015"}, {"Id": 11309223, "Rcvr": 1, "HasSig": false, "Icao": "AC90A7", "Bad": false, "Reg": "N909AM", "FSeen": "/Date(1544402272209)/", "TSecs": 10442, "CMsgs": 5547, "Alt": -225, "GAlt": 56, "InHg": 30.2007866, "AltT": 0, "TAlt": 3008, "Call": "AAL1207", "Lat": 40.776897, "Long": -73.874207, "PosTime": 1544412696054, "Mlat": false, "Tisb": false, "Spd": 5.0, "Trak": 222.2, "TrkH": false, "TTrk": 70.3125, "Type": "A321", "Mdl": "Airbus A321 231SL", "Man": "Airbus", "CNum": "7756", "From": "KDFW Dallas Fort Worth, Dallas-Fort Worth, United States", "To": "KSAN San Diego, United States", "Op": "American Airlines", "OpIcao": "AAL", "Sqk": "6211", "Help": false, "Vsi": -896, "VsiT": 0, "Dst": 16.87, "Brng": 332.4, "WTC": 2, "Species": 1, "Engines": "2", "EngType": 3, "EngMount": 0, "Mil": false, "Cou": "United States", "HasPic": false, "Interested": false, "FlightsCount": 0, "Gnd": true, "SpdTyp": 0, "CallSus": false, "Trt": 5, "Year": "2017"}, {"Id": 10957529, "Rcvr": 1, "HasSig": true, "Sig": 141, "Icao": "A732D9", "Bad": false, "Reg": "N563JB", "FSeen": "/Date(1544399788486)/", "TSecs": 12926, "CMsgs": 5406, "Alt": -225, "GAlt": 94, "InHg": 30.2388229, "AltT": 0, "TAlt": 2016, "Call": "JBU135", "Lat": 40.629398, "Long": -73.769943, "PosTime": 1544405433407, "Mlat": false, "PosStale": true, "Tisb": false, "Spd": 0.0, "Trak": 239.1, "TrkH": false, "TTrk": 279.84375, "Type": "A320", "Mdl": "2003 AIRBUS A320-232", "Man": "Airbus", "CNum": "2006", "From": "KJFK John F Kennedy, New York, United States", "To": "KRSW Southwest Florida, Fort Myers, United States", "Op": "JetBlue Airways", "OpIcao": "JBU", "Sqk": "7165", "Help": false, "Vsi": -576, "VsiT": 0, "Dst": 1.74, "Brng": 146.7, "WTC": 2, "Species": 1, "Engines": "2", "EngType": 3, "EngMount": 0, "Mil": false, "Cou": "United States", "HasPic": false, "Interested": false, "FlightsCount": 0, "Gnd": true, "SpdTyp": 0, "CallSus": false, "Trt": 5, "Year": "2003"}, {"Id": 10502143, "Rcvr": 1, "HasSig": false, "Icao": "A03FFF", "Bad": false, "Reg": "N115NN", "FSeen": "/Date(1544395089822)/", "TSecs": 17624, "CMsgs": 9683, "Alt": -225, "GAlt": -212, "InHg": 29.93171, "AltT": 0, "TAlt": 4000, "Call": "AAL32", "Lat": 40.654093, "Long": -73.782135, "PosTime": 1544412596001, "Mlat": false, "Tisb": false, "Spd": 16.0, "Trak": 247.5, "TrkH": false, "TTrk": 0.0, "Type": "A321", "Mdl": "2014 AIRBUS INDUSTRIE A321-231", "Man": "Airbus", "CNum": "6063", "From": "KLAX Los Angeles, United States", "To": "KJFK John F Kennedy, New York, United States", "Op": "American Airlines", "OpIcao": "AAL", "Sqk": "2023", "Help": false, "Vsi": -128, "VsiT": 0, "Dst": 1.29, "Brng": 356.8, "WTC": 2, "Species": 1, "Engines": "2", "EngType": 3, "EngMount": 0, "Mil": false, "Cou": "United States", "HasPic": false, "Interested": false, "FlightsCount": 0, "Gnd": true, "SpdTyp": 0, "CallSus": false, "Trt": 5, "Year": "2014"}, {"Id": 11337844, "Rcvr": 1, "HasSig": true, "Sig": 138, "Icao": "AD0074", "Bad": false, "Reg": "N937JB", "FSeen": "/Date(1544393575984)/", "TSecs": 19138, "CMsgs": 10228, "Alt": -225, "GAlt": 65, "InHg": 30.2096462, "AltT": 0, "TAlt": 4000, "Call": "JBU624", "Lat": 40.651508, "Long": -73.781235, "PosTime": 1544412253119, "Mlat": false, "PosStale": true, "Tisb": false, "Spd": 0.0, "Trak": 230.6, "TrkH": false, "TTrk": 330.0, "Type": "A321", "Mdl": "2014 AIRBUS A321-231", "Man": "Airbus", "CNum": "6245", "From": "KLAX Los Angeles, United States", "To": "KJFK John F Kennedy, New York, United States", "Op": "JetBlue Airways", "OpIcao": "JBU", "Sqk": "7202", "Help": false, "Vsi": 0, "VsiT": 0, "Dst": 1.0, "Brng": 0.2, "WTC": 2, "Species": 1, "Engines": "2", "EngType": 3, "EngMount": 0, "Mil": false, "Cou": "United States", "HasPic": false, "Interested": false, "FlightsCount": 0, "Gnd": true, "SpdTyp": 0, "CallSus": false, "Trt": 4, "Year": "2014"}, {"Id": 11363438, "Rcvr": 1, "HasSig": true, "Sig": 136, "Icao": "AD646E", "Bad": false, "Reg": "N962JT", "FSeen": "/Date(1544389403965)/", "TSecs": 23310, "CMsgs": 10072, "Alt": 2545, "GAlt": 2855, "InHg": 30.2303143, "AltT": 0, "TAlt": 4000, "Call": "JBU190", "Lat": 40.642769, "Long": -73.771088, "PosTime": 1544407306737, "Mlat": false, "PosStale": true, "Tisb": false, "Spd": 0.0, "Trak": 199.7, "TrkH": false, "TTrk": 250.0, "Type": "A321", "Mdl": "Airbus A321 231SL", "Man": "Airbus", "CNum": "6988", "From": "KSAN San Diego, United States", "To": "KJFK John F Kennedy, New York, United States", "Op": "JetBlue Airways", "OpIcao": "JBU", "Sqk": "2000", "Help": false, "Vsi": -1280, "VsiT": 0, "Dst": 0.86, "Brng": 87.9, "WTC": 2, "Species": 1, "Engines": "2", "EngType": 3, "EngMount": 0, "Mil": false, "Cou": "United States", "HasPic": false, "Interested": false, "FlightsCount": 0, "Gnd": true, "SpdTyp": 0, "CallSus": false, "Trt": 4, "Year": "2016"}, {"Id": 11039969, "Rcvr": 1, "HasSig": true, "Sig": 202, "Icao": "A874E1", "Bad": false, "Reg": "N644JB", "FSeen": "/Date(1544388008825)/", "TSecs": 24705, "CMsgs": 11841, "Alt": -225, "GAlt": 94, "InHg": 30.2388229, "AltT": 0, "TAlt": 3008, "Call": "JBU745", "Lat": 40.63262, "Long": -73.767653, "PosTime": 1544406725488, "Mlat": false, "PosStale": true, "Tisb": false, "Spd": 0.0, "Trak": 188.4, "TrkH": false, "TTrk": 0.0, "Type": "A320", "Mdl": "2006 AIRBUS A320-232", "Man": "Airbus", "CNum": "2880", "From": "KMCO Orlando, United States", "To": "TJSJ Luis Munoz Marin, San Juan, Puerto Rico", "Op": "JetBlue Airways", "OpIcao": "JBU", "Sqk": "1607", "Help": false, "Vsi": -128, "VsiT": 0, "Dst": 1.59, "Brng": 133.6, "WTC": 2, "Species": 1, "Engines": "2", "EngType": 3, "EngMount": 0, "Mil": false, "Cou": "United States", "HasPic": false, "Interested": false, "FlightsCount": 0, "Gnd": true, "SpdTyp": 0, "CallSus": false, "Trt": 5, "Year": "2006"}], "totalAc": 4757, "lastDv": "636799839365794969", "shtTrlSec": 65, "stm": 1544412714679}