{"src": 1, "feeds": [{"id": 1, "name": "From Cons", "polarPlot": false}], "srcFeed": 1, "showSil": true, "showFlg": true, "showPic": true, "flgH": 20, "flgW": 85, "acList": [{"Id": 11267611, "Rcvr": 1, "HasSig": true, "Sig": 36, "Icao": "ABEE1B", "Bad": false, "Reg": "N868RW", "FSeen": "/Date(1544408866671)/", "TSecs": 207, "CMsgs": 121, "Alt": 7775, "GAlt": 8065, "InHg": 30.2096462, "AltT": 0, "Call": "RPA6073", "Lat": 40.8361, "Long": -74.05, "PosTime": 1544409074193, "Mlat": true, "Tisb": false, "Trak": 202.5, "TrkH": false, "Type": "E170", "Mdl": "2006 EMBRAER ERJ 170-100SU", "Man": "Embraer", "CNum": "17000131", "Op": "SHUTTLE AMERICA CORP     - INDIANAPOLIS, IN", "OpIcao": "RPA", "Sqk": "1647", "Help": false, "VsiT": 0, "Dst": 31.24, "Brng": 313.6, "WTC": 2, "Species": 1, "Engines": "2", "EngType": 3, "EngMount": 0, "Mil": false, "Cou": "United States", "HasPic": false, "Interested": false, "FlightsCount": 0, "Gnd": false, "SpdTyp": 0, "CallSus": true, "Trt": 2, "Year": "2006"}, {"Id": 2803409, "Rcvr": 1, "HasSig": false, "Icao": "2AC6D1", "Bad": false, "FSeen": "/Date(1544408522890)/", "TSecs": 551, "CMsgs": 19, "Alt": 0, "GAlt": 290, "InHg": 30.2096462, "AltT": 0, "Lat": 40.79126, "Long": -73.865891, "PosTime": 1544409015296, "Mlat": false, "Tisb": false, "Spd": 161.0, "Trak": 295.0, "TrkH": false, "Sqk": "", "Vsi": -1280, "VsiT": 0, "Dst": 18.01, "Brng": 336.7, "WTC": 0, "Species": 0, "EngType": 0, "EngMount": 0, "Mil": false, "Cou": "Unknown or unassigned country", "HasPic": false, "Interested": false, "FlightsCount": 0, "Gnd": false, "SpdTyp": 0, "CallSus": false, "Trt": 2}, {"Id": 4196017, "Rcvr": 1, "HasSig": false, "Icao": "4006B1", "Bad": false, "Reg": "G-BYGA", "FSeen": "/Date(1544408512567)/", "TSecs": 562, "CMsgs": 139, "Alt": 9400, "GAlt": 9710, "InHg": 30.2303143, "AltT": 0, "Call": "BAW172", "Lat": 40.618317, "Long": -73.614265, "PosTime": 1544409070567, "Mlat": false, "Tisb": false, "Spd": 280.0, "Trak": 29.7, "TrkH": false, "Type": "B744", "Mdl": "Boeing 747 436", "Man": "Boeing", "CNum": "28855", "From": "KJFK John F Kennedy, New York, United States", "To": "EGLL London Heathrow, United Kingdom", "Op": "British Airways", "OpIcao": "BAW", "Sqk": "3006", "Help": false, "Vsi": 2816, "VsiT": 0, "Dst": 14.35, "Brng": 100.7, "WTC": 3, "Species": 1, "Engines": "4", "EngType": 3, "EngMount": 0, "Mil": false, "Cou": "United Kingdom", "HasPic": false, "Interested": false, "FlightsCount": 0, "Gnd": false, "SpdTyp": 0, "CallSus": false, "Trt": 2, "Year": "1998"}, {"Id": 11203898, "Rcvr": 1, "HasSig": true, "Sig": 206, "Icao": "AAF53A", "Bad": false, "Reg": "N805JB", "FSeen": "/Date(1544408319443)/", "TSecs": 755, "CMsgs": 21, "Alt": 1450, "GAlt": 1745, "InHg": 30.2151985, "AltT": 0, "TAlt": 4992, "Call": "JBU1205", "Lat": 40.652393, "Long": -73.834055, "PosTime": 1544409069047, "Mlat": false, "Tisb": false, "Spd": 165.0, "Trak": 268.6, "TrkH": false, "TTrk": 0.0, "Type": "A320", "Mdl": "2012 AIRBUS A320-232", "Man": "Airbus", "CNum": "5148", "From": "KJFK John F Kennedy, New York, United States", "To": "KPDX Portland, United States", "Op": "JetBlue Airways", "OpIcao": "JBU", "Sqk": "1676", "Help": false, "Vsi": 2048, "VsiT": 1, "Dst": 4.59, "Brng": 283.9, "WTC": 2, "Species": 1, "Engines": "2", "EngType": 3, "EngMount": 0, "Mil": false, "Cou": "United States", "HasPic": false, "Interested": false, "FlightsCount": 0, "Gnd": false, "SpdTyp": 0, "CallSus": false, "Trt": 5, "Year": "2012"}, {"Id": 11307843, "Rcvr": 1, "HasSig": true, "Sig": 203, "Icao": "AC8B43", "Bad": false, "Reg": "N907XJ", "FSeen": "/Date(1544408268016)/", "TSecs": 806, "CMsgs": 345, "Alt": 3475, "GAlt": 3785, "InHg": 30.2303143, "AltT": 0, "Lat": 40.61055, "Long": -73.864258, "PosTime": 1544409074176, "Mlat": false, "Tisb": false, "Spd": 191.5, "Trak": 200.8, "TrkH": false, "Type": "CRJ9", "Mdl": "2007 BOMBARDIER INC CL-600-2D24", "Man": "Bombardier", "CNum": "15139", "Op": "DELTA AIR LINES INC     - ATLANTA, GA", "OpIcao": "EDV", "Sqk": "2152", "Help": false, "Vsi": 2560, "VsiT": 1, "Dst": 7.85, "Brng": 243.1, "WTC": 2, "Species": 1, "Engines": "2", "EngType": 3, "EngMount": 1, "Mil": false, "Cou": "United States", "HasPic": false, "Interested": false, "FlightsCount": 0, "Gnd": false, "SpdTyp": 0, "CallSus": false, "Trt": 2, "Year": "2007"}, {"Id": 11039018, "Rcvr": 1, "HasSig": true, "Sig": 54, "Icao": "A8712A", "Bad": false, "Reg": "N643JB", "FSeen": "/Date(1544408131345)/", "TSecs": 943, "CMsgs": 251, "Alt": 11725, "GAlt": 12026, "InHg": 30.2214565, "AltT": 0, "TAlt": 12000, "Call": "JBU499", "Lat": 40.619341, "Long": -74.141235, "PosTime": 1544409074178, "Mlat": false, "Tisb": false, "Spd": 338.1, "Trak": 187.8, "TrkH": false, "TTrk": 0.0, "Type": "A320", "Mdl": "2006 AIRBUS A320-232", "Man": "Airbus", "CNum": "2871", "From": "KLGA La Guardia, New York, United States", "To": "KMCO Orlando, United States", "Op": "JetBlue Airways", "OpIcao": "JBU", "Sqk": "7160", "Help": false, "Vsi": 0, "VsiT": 1, "Dst": 30.48, "Brng": 265.3, "WTC": 2, "Species": 1, "Engines": "2", "EngType": 3, "EngMount": 0, "Mil": false, "Cou": "United States", "HasPic": false, "Interested": false, "FlightsCount": 0, "Gnd": false, "SpdTyp": 0, "CallSus": false, "Trt": 2, "Year": "2006"}, {"Id": 10790179, "Rcvr": 1, "HasSig": false, "Icao": "A4A523", "Bad": false, "Reg": "N399KK", "FSeen": "/Date(1544408081500)/", "TSecs": 993, "CMsgs": 425, "Alt": 725, "GAlt": 1015, "InHg": 30.2096462, "AltT": 0, "Call": "N399KK", "Lat": 40.77734, "Long": -73.996918, "PosTime": 1544409074194, "Mlat": false, "Tisb": false, "Spd": 132.0, "Trak": 32.0, "TrkH": false, "Type": "S76", "Mdl": "2003 SIKORSKY S-76C", "Man": "Sikorsky", "CNum": "760550", "Op": "CITIFLIGHT INC     - WHITE PLAINS, NY", "Sqk": "1200", "Help": false, "Vsi": 448, "VsiT": 0, "Dst": 23.56, "Brng": 309.6, "WTC": 1, "Species": 4, "Engines": "2", "EngType": 2, "EngMount": 0, "Mil": false, "Cou": "United States", "HasPic": false, "Interested": false, "FlightsCount": 0, "Gnd": false, "SpdTyp": 0, "CallSus": false, "Trt": 5, "Year": "2003"}, {"Id": 11350126, "Rcvr": 1, "HasSig": false, "Icao": "AD306E", "Bad": false, "Reg": "N949UW", "FSeen": "/Date(1544407451898)/", "TSecs": 1622, "CMsgs": 945, "Alt": 23000, "GAlt": 23310, "InHg": 30.2303143, "AltT": 0, "Call": "2150", "Lat": 40.5714, "Long": -74.0432, "PosTime": 1544409074163, "Mlat": true, "Tisb": false, "Spd": 457.0, "Trak": 73.3, "TrkH": false, "Type": "E190", "Mdl": "2007 EMBRAER ERJ 190-100 IGW", "Man": "Embraer", "CNum": "19000102", "From": "KDCA Ronald Reagan Washington National, United States", "To": "KBOS General Edward Lawrence Logan, Boston, United States", "Op": "US AIRWAYS INC     - FORT WORTH, TX", "OpIcao": "AAL", "Sqk": "3670", "Help": false, "Vsi": 25, "VsiT": 0, "Dst": 23.48, "Brng": 250.4, "WTC": 2, "Species": 1, "Engines": "2", "EngType": 3, "EngMount": 0, "Mil": false, "Cou": "United States", "HasPic": false, "Interested": false, "FlightsCount": 0, "Gnd": false, "SpdTyp": 0, "CallSus": false, "Trt": 2, "Year": "2007"}, {"Id": 10722010, "Rcvr": 1, "HasSig": true, "Sig": 170, "Icao": "A39ADA", "Bad": false, "Reg": "N331PQ", "FSeen": "/Date(1544406214248)/", "TSecs": 2860, "CMsgs": 1593, "Alt": 24000, "GAlt": 24180, "InHg": 30.1003933, "AltT": 0, "Call": "EDV3473", "Lat": 40.396, "Long": -73.6818, "PosTime": 1544409074158, "Mlat": true, "Tisb": false, "Spd": 345.0, "Trak": 36.8, "TrkH": false, "Type": "CRJ9", "Mdl": "2014 BOMBARDIER INC CL-600-2D24", "Man": "Bombardier", "CNum": "15331", "From": "KDTW Detroit Metropolitan Wayne County, United States", "To": "KPIA Greater Peoria Regional, United States", "Op": "DELTA AIR LINES INC     - ATLANTA, GA", "OpIcao": "EDV", "Sqk": "0562", "Help": false, "Vsi": 1600, "VsiT": 1, "Dst": 28.67, "Brng": 162.9, "WTC": 2, "Species": 1, "Engines": "2", "EngType": 3, "EngMount": 1, "Mil": false, "Cou": "United States", "HasPic": false, "Interested": false, "FlightsCount": 0, "Gnd": false, "SpdTyp": 0, "CallSus": true, "Trt": 2, "Year": "2014"}, {"Id": 12585852, "Rcvr": 1, "HasSig": false, "Icao": "C00B7C", "Bad": false, "Reg": "C-FEJB", "FSeen": "/Date(1544406015281)/", "TSecs": 3059, "CMsgs": 1507, "Alt": 1075, "GAlt": 1326, "InHg": 30.1712589, "AltT": 0, "Call": "SKV7642", "Lat": 40.8431, "Long": -73.829, "PosTime": 1544409072627, "Mlat": true, "Tisb": false, "Spd": 167.3, "Trak": 213.0, "TrkH": false, "Type": "E170", "Mdl": "Embraer EMB-175 SU", "Man": "Embraer", "CNum": "17000086", "From": "CYUL Montreal / Pierre Elliott Trudeau, Montr\u00e9al, Canada", "To": "KLGA La Guardia, New York, United States", "Op": "Air Canada Express", "OpIcao": "SKV", "Sqk": "6565", "Help": false, "Vsi": -768, "VsiT": 1, "Dst": 22.67, "Brng": 349.8, "WTC": 2, "Species": 1, "Engines": "2", "EngType": 3, "EngMount": 0, "Mil": false, "Cou": "Canada", "HasPic": false, "Interested": false, "FlightsCount": 0, "Gnd": false, "SpdTyp": 0, "CallSus": true, "Trt": 2, "Year": "2005"}, {"Id": 10810094, "Rcvr": 1, "HasSig": true, "Sig": 132, "Icao": "A4F2EE", "Bad": false, "Reg": "N418MC", "FSeen": "/Date(1544405149168)/", "TSecs": 3925, "CMsgs": 2141, "Alt": 15825, "GAlt": 16115, "InHg": 30.2096462, "AltT": 0, "Call": "QFA7589", "Lat": 40.812161, "Long": -73.957339, "PosTime": 1544409074156, "Mlat": false, "Tisb": false, "Spd": 299.8, "Trak": 161.9, "TrkH": false, "Type": "B744", "Mdl": "2002 BOEING 747-47UF", "Man": "Boeing", "CNum": "32840", "From": "YSSY Sydney Kingsford Smith, Australia", "To": "KJFK John F Kennedy, New York, United States", "Stops": ["ZSPD Shanghai Pudong, China", "PANC Ted Stevens Anchorage, United States"], "Op": "ATLAS AIR", "OpIcao": "GTI", "Sqk": "7201", "Help": false, "Vsi": -576, "VsiT": 0, "Dst": 24.0, "Brng": 321.9, "WTC": 3, "Species": 1, "Engines": "4", "EngType": 3, "EngMount": 0, "Mil": false, "Cou": "United States", "HasPic": false, "Interested": false, "FlightsCount": 0, "Gnd": false, "SpdTyp": 0, "CallSus": false, "Trt": 2, "Year": "2002"}, {"Id": 11091324, "Rcvr": 1, "HasSig": false, "Icao": "A93D7C", "Bad": false, "Reg": "N695CA", "FSeen": "/Date(1544404033330)/", "TSecs": 5041, "CMsgs": 2807, "Alt": 32175, "GAlt": 32485, "InHg": 30.2303143, "AltT": 0, "TAlt": 36992, "Call": "EDV5236", "Lat": 40.510593, "Long": -73.784866, "PosTime": 1544409074153, "Mlat": false, "Tisb": false, "Spd": 572.0, "Trak": 36.7, "TrkH": false, "TTrk": 40.78125, "Type": "CRJ9", "Mdl": "2006 BOMBARDIER INC CL-600-2D24", "Man": "Bombardier", "CNum": "15097", "Op": "Delta Air Lines", "OpIcao": "EDV", "Sqk": "3036", "Help": false, "Vsi": -1856, "VsiT": 0, "Dst": 14.67, "Brng": 181.2, "WTC": 2, "Species": 1, "Engines": "2", "EngType": 3, "EngMount": 1, "Mil": false, "Cou": "United States", "HasPic": false, "Interested": false, "FlightsCount": 0, "Gnd": false, "SpdTyp": 0, "CallSus": false, "Trt": 5, "Year": "2006"}, {"Id": 10663679, "Rcvr": 1, "HasSig": false, "Icao": "A2B6FF", "Bad": false, "Reg": "N274SY", "FSeen": "/Date(1544403563529)/", "TSecs": 5511, "CMsgs": 3120, "Alt": 4150, "GAlt": 4422, "InHg": 30.191576, "AltT": 0, "TAlt": 13024, "Call": "SKW3785", "Lat": 40.640533, "Long": -74.02655, "PosTime": 1544409074153, "Mlat": false, "Tisb": false, "Spd": 263.0, "Trak": 40.7, "TrkH": false, "Type": "E75L", "Mdl": "ERJ 170-200 LR", "Man": "Embraer", "CNum": "17000736 ", "Op": "SkyWest Airlines", "OpIcao": "SKW", "Sqk": "4602", "Help": false, "Vsi": -1792, "VsiT": 1, "Dst": 20.7, "Brng": 269.5, "WTC": 2, "Species": 1, "Engines": "2", "EngType": 3, "EngMount": 0, "Mil": false, "Cou": "United States", "HasPic": false, "Interested": false, "FlightsCount": 0, "Gnd": false, "SpdTyp": 0, "CallSus": false, "Trt": 5, "Year": "2018"}, {"Id": 10956578, "Rcvr": 1, "HasSig": true, "Sig": 127, "Icao": "A72F22", "Bad": false, "Reg": "N562JB", "FSeen": "/Date(1544403419110)/", "TSecs": 5655, "CMsgs": 2677, "Alt": -250, "GAlt": 69, "InHg": 30.2388229, "AltT": 0, "TAlt": 3008, "Call": "JBU1818", "Lat": 40.633186, "Long": -73.768875, "PosTime": 1544406818460, "Mlat": false, "PosStale": true, "Tisb": false, "Spd": 0.1, "Trak": 210.9, "TrkH": false, "TTrk": 0.0, "Type": "A320", "Mdl": "2003 AIRBUS A320-232", "Man": "Airbus", "CNum": "1948", "From": "TTPP Piarco, Port of Spain, Trinidad and Tobago", "To": "KJFK John F Kennedy, New York, United States", "Op": "JetBlue Airways", "OpIcao": "JBU", "Sqk": "2666", "Help": false, "Vsi": -640, "VsiT": 0, "Dst": 1.47, "Brng": 134.6, "WTC": 2, "Species": 1, "Engines": "2", "EngType": 3, "EngMount": 0, "Mil": false, "Cou": "United States", "HasPic": false, "Interested": false, "FlightsCount": 0, "Gnd": true, "SpdTyp": 0, "CallSus": false, "Trt": 5, "Year": "2003"}, {"Id": 11313199, "Rcvr": 1, "HasSig": false, "Icao": "ACA02F", "Bad": false, "Reg": "N912XJ", "FSeen": "/Date(1544403379505)/", "TSecs": 5695, "CMsgs": 3138, "Alt": 2725, "GAlt": 2997, "InHg": 30.191576, "AltT": 0, "TAlt": 3008, "Call": "EDV5149", "Lat": 40.839615, "Long": -73.743652, "PosTime": 1544409072622, "Mlat": false, "Tisb": false, "Spd": 217.0, "Trak": 31.9, "TrkH": false, "TTrk": 40.078125, "Type": "CRJ9", "Mdl": "2007 BOMBARDIER INC CL-600-2D24", "Man": "Bombardier", "CNum": "15144", "Op": "DELTA AIR LINES INC     - ATLANTA, GA", "OpIcao": "EDV", "Sqk": "1007", "Help": false, "Vsi": -192, "VsiT": 0, "Dst": 22.15, "Brng": 8.2, "WTC": 2, "Species": 1, "Engines": "2", "EngType": 3, "EngMount": 1, "Mil": false, "Cou": "United States", "HasPic": false, "Interested": false, "FlightsCount": 0, "Gnd": false, "SpdTyp": 0, "CallSus": false, "Trt": 5, "Year": "2007"}, {"Id": 11231489, "Rcvr": 1, "HasSig": false, "Icao": "AB6101", "Bad": false, "Reg": "N832NN", "FSeen": "/Date(1544403279203)/", "TSecs": 5795, "CMsgs": 3281, "Alt": 1750, "GAlt": 2040, "InHg": 30.2096462, "AltT": 0, "Call": "AAL294", "Lat": 40.875412, "Long": -73.7901, "PosTime": 1544409074152, "Mlat": false, "Tisb": false, "Spd": 139.0, "Trak": 246.7, "TrkH": false, "Type": "B738", "Mdl": "2010 BOEING 737-823", "Man": "Boeing", "CNum": "33521", "From": "KDFW Dallas Fort Worth, Dallas-Fort Worth, United States", "To": "KLGA La Guardia, New York, United States", "Op": "American Airlines", "OpIcao": "AAL", "Sqk": "7262", "Help": false, "Vsi": -512, "VsiT": 0, "Dst": 25.91, "Brng": 358.4, "WTC": 2, "Species": 1, "Engines": "2", "EngType": 3, "EngMount": 0, "Mil": false, "Cou": "United States", "HasPic": false, "Interested": false, "FlightsCount": 0, "Gnd": false, "SpdTyp": 0, "CallSus": false, "Trt": 2, "Year": "2010"}, {"Id": 11357226, "Rcvr": 1, "HasSig": true, "Sig": 220, "Icao": "AD4C2A", "Bad": false, "Reg": "N956NN", "FSeen": "/Date(1544403102886)/", "TSecs": 5971, "CMsgs": 3288, "Alt": -250, "GAlt": 40, "InHg": 30.2096462, "AltT": 0, "Call": "AAL295", "Lat": 40.776688, "Long": -73.877969, "PosTime": 1544409016494, "Mlat": false, "Tisb": false, "Spd": 11.0, "Trak": 213.8, "TrkH": false, "Type": "B738", "Mdl": "2014 BOEING 737-823", "Man": "Boeing", "CNum": "31200", "From": "KMIA Miami, United States", "To": "KLAX Los Angeles, United States", "Op": "American Airlines", "OpIcao": "AAL", "Sqk": "3143", "Help": false, "Vsi": -512, "VsiT": 0, "Dst": 17.0, "Brng": 331.4, "WTC": 2, "Species": 1, "Engines": "2", "EngType": 3, "EngMount": 0, "Mil": false, "Cou": "United States", "HasPic": false, "Interested": false, "FlightsCount": 0, "Gnd": true, "SpdTyp": 0, "CallSus": false, "Trt": 2, "Year": "2014"}, {"Id": 10660826, "Rcvr": 1, "HasSig": false, "Icao": "A2ABDA", "Bad": false, "Reg": "N271SY", "FSeen": "/Date(1544403002771)/", "TSecs": 6071, "CMsgs": 3396, "Alt": 1000, "GAlt": 1295, "InHg": 30.2151985, "AltT": 0, "TAlt": 3008, "Call": "SKW3792", "Lat": 40.613663, "Long": -73.693352, "PosTime": 1544409069008, "Mlat": false, "Tisb": false, "Spd": 126.0, "Trak": 300.4, "TrkH": false, "Type": "E75L", "Mdl": "Embraer EMB-175 LL", "Man": "Embraer", "CNum": "17000729", "Op": "Delta Connection", "OpIcao": "SKW", "Sqk": "6526", "Help": false, "Vsi": -704, "VsiT": 1, "Dst": 8.08, "Brng": 113.3, "WTC": 2, "Species": 1, "Engines": "2", "EngType": 3, "EngMount": 0, "Mil": false, "Cou": "United States", "HasPic": false, "Interested": false, "FlightsCount": 0, "Gnd": false, "SpdTyp": 0, "CallSus": false, "Trt": 5, "Year": "2018"}, {"Id": 11211993, "Rcvr": 1, "HasSig": true, "Sig": 63, "Icao": "AB14D9", "Bad": false, "Reg": "N813DN", "FSeen": "/Date(1544402840234)/", "TSecs": 6234, "CMsgs": 3330, "Alt": -275, "GAlt": 35, "InHg": 30.2303143, "AltT": 0, "Call": "DAL214", "Lat": 40.629478, "Long": -73.77005, "PosTime": 1544408934670, "Mlat": false, "PosStale": true, "Tisb": false, "Spd": 6.0, "Trak": 81.6, "TrkH": false, "Type": "B739", "Mdl": "2014 BOEING 737-932ER", "Man": "Boeing", "CNum": "31925", "From": "LGAV Eleftherios Venizelos, Athens, Greece", "To": "KJFK John F Kennedy, New York, United States", "Op": "Delta Air Lines", "OpIcao": "DAL", "Sqk": "7154", "Help": false, "Vsi": -128, "VsiT": 0, "Dst": 1.73, "Brng": 146.8, "WTC": 2, "Species": 1, "Engines": "2", "EngType": 3, "EngMount": 0, "Mil": false, "Cou": "United States", "HasPic": false, "Interested": false, "FlightsCount": 0, "Gnd": true, "SpdTyp": 0, "CallSus": false, "Trt": 2, "Year": "2014"}, {"Id": 10726522, "Rcvr": 1, "HasSig": false, "Icao": "A3AC7A", "Bad": false, "Reg": "N336DX", "FSeen": "/Date(1544402107477)/", "TSecs": 6967, "CMsgs": 3780, "Alt": -25, "GAlt": 276, "InHg": 30.2214565, "AltT": 0, "TAlt": 10016, "Call": "DAL869", "Lat": 40.7934, "Long": -73.864082, "PosTime": 1544409074146, "Mlat": false, "Tisb": false, "Spd": 144.0, "Trak": 211.2, "TrkH": false, "TTrk": 70.3125, "Type": "A321", "Mdl": "Airbus A321 211SL", "Man": "Airbus", "CNum": "8063", "From": "KEWR Newark Liberty, United States", "To": "KDTW Detroit Metropolitan Wayne County, United States", "Op": "Delta Air Lines", "OpIcao": "DAL", "Sqk": "1701", "Help": false, "Vsi": -768, "VsiT": 1, "Dst": 18.17, "Brng": 337.4, "WTC": 2, "Species": 1, "Engines": "2", "EngType": 3, "EngMount": 0, "Mil": false, "Cou": "United States", "HasPic": false, "Interested": false, "FlightsCount": 0, "Gnd": false, "SpdTyp": 0, "CallSus": false, "Trt": 5, "Year": "2017"}, {"Id": 10868080, "Rcvr": 1, "HasSig": false, "Icao": "A5D570", "Bad": false, "Reg": "N475UA", "FSeen": "/Date(1544401662900)/", "TSecs": 7411, "CMsgs": 4026, "Alt": -250, "GAlt": 51, "InHg": 30.2214565, "AltT": 0, "Call": "UAL1814", "Lat": 40.704765, "Long": -74.160149, "PosTime": 1544408870252, "Mlat": true, "PosStale": true, "Tisb": false, "Spd": 304.0, "Trak": 43.0, "TrkH": false, "Type": "A320", "Mdl": "2001 AIRBUS INDUSTRIE A320-232", "Man": "Airbus", "CNum": "1495", "From": "KIAH George Bush Intercontinental Houston, United States", "To": "KEWR Newark Liberty, United States", "Stops": ["KTPA Tampa, United States"], "Op": "United Airlines", "OpIcao": "UAL", "Sqk": "2332", "Help": false, "Vsi": -1100, "VsiT": 0, "Dst": 32.69, "Brng": 282.4, "WTC": 2, "Species": 1, "Engines": "2", "EngType": 3, "EngMount": 0, "Mil": false, "Cou": "United States", "HasPic": false, "Interested": false, "FlightsCount": 0, "Gnd": true, "SpdTyp": 0, "CallSus": true, "Trt": 2, "Year": "2001"}, {"Id": 10755700, "Rcvr": 1, "HasSig": true, "Sig": 208, "Icao": "A41E74", "Bad": false, "Reg": "N36469", "FSeen": "/Date(1544401247580)/", "TSecs": 7827, "CMsgs": 4313, "Alt": 1725, "GAlt": 2015, "InHg": 30.2096462, "AltT": 0, "TAlt": 96, "Call": "UAL1076", "Lat": 40.781021, "Long": -74.108643, "PosTime": 1544409074145, "Mlat": false, "Tisb": false, "Spd": 173.1, "Trak": 205.7, "TrkH": false, "TTrk": 225.0, "Type": "B739", "Mdl": "2013 BOEING 737-924ER", "Man": "Boeing", "CNum": "36600", "From": "KSFO San Francisco, United States", "To": "KEWR Newark Liberty, United States", "Op": "United Airlines", "OpIcao": "UAL", "Sqk": "6617", "Help": false, "Vsi": -960, "VsiT": 0, "Dst": 31.6, "Brng": 299.3, "WTC": 2, "Species": 1, "Engines": "2", "EngType": 3, "EngMount": 0, "Mil": false, "Cou": "United States", "HasPic": false, "Interested": false, "FlightsCount": 0, "Gnd": false, "SpdTyp": 0, "CallSus": false, "Trt": 5, "Year": "2013"}, {"Id": 11105991, "Rcvr": 1, "HasSig": true, "Sig": 192, "Icao": "A976C7", "Bad": false, "Reg": "N709JB", "FSeen": "/Date(1544401007420)/", "TSecs": 8067, "CMsgs": 3704, "Alt": -250, "GAlt": 60, "InHg": 30.2303143, "AltT": 0, "TAlt": 35008, "Call": "JBU1295", "Lat": 40.632591, "Long": -73.767609, "PosTime": 1544406220977, "Mlat": false, "PosStale": true, "Tisb": false, "Spd": 0.1, "Trak": 191.3, "TrkH": false, "TTrk": 0.0, "Type": "A320", "Mdl": "2008 AIRBUS A320-232", "Man": "Airbus", "CNum": "3488", "From": "KJFK John F Kennedy, New York, United States", "To": "KAUS Austin Bergstrom, United States", "Op": "JetBlue Airways", "OpIcao": "JBU", "Sqk": "1553", "Help": false, "Vsi": -128, "VsiT": 0, "Dst": 1.59, "Brng": 133.6, "WTC": 2, "Species": 1, "Engines": "2", "EngType": 3, "EngMount": 0, "Mil": false, "Cou": "United States", "HasPic": false, "Interested": false, "FlightsCount": 0, "Gnd": true, "SpdTyp": 0, "CallSus": false, "Trt": 5, "Year": "2008"}, {"Id": 10589767, "Rcvr": 1, "HasSig": true, "Sig": 137, "Icao": "A19647", "Bad": false, "Reg": "N201FR", "FSeen": "/Date(1544400865280)/", "TSecs": 8209, "CMsgs": 4281, "Alt": -250, "GAlt": 40, "InHg": 30.2096462, "AltT": 0, "Call": "1596", "Lat": 40.777584, "Long": -73.870964, "PosTime": 1544409018049, "Mlat": false, "Tisb": false, "Spd": 12.0, "Trak": 120.9, "TrkH": false, "Type": "A320", "Mdl": "2008 AIRBUS A320-214", "Man": "Airbus", "CNum": "3389", "Op": "Frontier Airlines", "OpIcao": "FFT", "Sqk": "1441", "Help": false, "Vsi": -192, "VsiT": 0, "Dst": 16.82, "Brng": 333.3, "WTC": 2, "Species": 1, "Engines": "2", "EngType": 3, "EngMount": 0, "Mil": false, "Cou": "United States", "HasPic": false, "Interested": false, "FlightsCount": 0, "Gnd": true, "SpdTyp": 0, "CallSus": false, "Trt": 2, "Year": "2008"}, {"Id": 10590792, "Rcvr": 1, "HasSig": true, "Sig": 215, "Icao": "A19A48", "Bad": false, "Reg": "N202JQ", "FSeen": "/Date(1544400771012)/", "TSecs": 8303, "CMsgs": 4338, "Alt": 3100, "GAlt": 3410, "InHg": 30.2303143, "AltT": 0, "Call": "RPA5995", "Lat": 40.746368, "Long": -73.851501, "PosTime": 1544409074144, "Mlat": true, "Tisb": false, "Spd": 473.9, "Trak": 65.9, "TrkH": false, "Type": "E75S", "Mdl": "2008 EMBRAER-EMPRESA BRASILEIRA DE ERJ 170-200 LR", "Man": "Embraer", "CNum": "17000240", "Op": "SHUTTLE AMERICA CORP     - INDIANAPOLIS, IN", "OpIcao": "RPA", "Sqk": "7141", "Help": false, "Vsi": 0, "VsiT": 0, "Dst": 12.98, "Brng": 332.9, "WTC": 2, "Species": 1, "Engines": "2", "EngType": 3, "EngMount": 0, "Mil": false, "Cou": "United States", "HasPic": false, "Interested": false, "FlightsCount": 0, "Gnd": false, "SpdTyp": 0, "CallSus": true, "Trt": 2, "Year": "2008"}, {"Id": 4804978, "Rcvr": 1, "HasSig": true, "Sig": 111, "Icao": "495172", "Bad": false, "Reg": "CS-TKR", "FSeen": "/Date(1544400431457)/", "TSecs": 8643, "CMsgs": 4694, "Alt": -225, "GAlt": 85, "InHg": 30.2303143, "AltT": 0, "Call": "LOT26", "Lat": 40.632545, "Long": -73.767471, "PosTime": 1544408920210, "Mlat": false, "PosStale": true, "Tisb": false, "Spd": 20.0, "Trak": 2.8, "TrkH": false, "Type": "B763", "Mdl": "Boeing 767 36NER", "Man": "Boeing", "CNum": "30854", "From": "EPWA Warsaw Chopin, Poland", "To": "KJFK John F Kennedy, New York, United States", "Op": "Air Niugini", "OpIcao": "ANG", "Sqk": "2504", "Help": false, "Vsi": -896, "VsiT": 0, "Dst": 1.61, "Brng": 133.5, "WTC": 3, "Species": 1, "Engines": "2", "EngType": 3, "EngMount": 0, "Mil": false, "Cou": "Portugal", "HasPic": false, "Interested": false, "FlightsCount": 0, "Gnd": true, "SpdTyp": 0, "CallSus": false, "Trt": 2, "Year": "2001"}, {"Id": 10925303, "Rcvr": 1, "HasSig": true, "Sig": 172, "Icao": "A6B4F7", "Bad": false, "Reg": "N531JL", "FSeen": "/Date(1544400039337)/", "TSecs": 9035, "CMsgs": 3889, "Alt": -250, "GAlt": 92, "InHg": 30.26245, "AltT": 0, "TAlt": 3008, "Call": "JBU429", "Lat": 40.632534, "Long": -73.767502, "PosTime": 1544403068632, "Mlat": false, "PosStale": true, "Tisb": false, "Spd": 2.8, "Trak": 225.0, "TrkH": false, "TTrk": 0.0, "Type": "A320", "Mdl": "2001 AIRBUS INDUSTRIE A320-232", "Man": "Airbus", "CNum": "1650", "From": "KBOS General Edward Lawrence Logan, Boston, United States", "To": "KSMF Sacramento, United States", "Op": "JetBlue Airways", "OpIcao": "JBU", "Sqk": "3337", "Help": false, "Vsi": -128, "VsiT": 1, "Dst": 1.61, "Brng": 133.6, "WTC": 2, "Species": 1, "Engines": "2", "EngType": 3, "EngMount": 0, "Mil": false, "Cou": "United States", "HasPic": false, "Interested": false, "FlightsCount": 0, "Gnd": true, "SpdTyp": 0, "CallSus": false, "Trt": 5, "Year": "2001"}, {"Id": 10846907, "Rcvr": 1, "HasSig": true, "Sig": 153, "Icao": "A582BB", "Bad": false, "Reg": "N454UA", "FSeen": "/Date(1544399863613)/", "TSecs": 9210, "CMsgs": 4940, "Alt": 4825, "GAlt": 4905, "InHg": 30.0, "AltT": 0, "TAlt": 4000, "Call": "UAL1284", "Lat": 40.532242, "Long": -74.102908, "PosTime": 1544409074143, "Mlat": false, "Tisb": false, "Spd": 266.1, "Trak": 35.4, "TrkH": false, "Type": "A320", "Mdl": "1999 AIRBUS INDUSTRIE A320-232", "Man": "Airbus", "CNum": "1104", "From": "KPHX Phoenix Sky Harbor, United States", "To": "KSFO San Francisco, United States", "Op": "United Airlines", "OpIcao": "UAL", "Sqk": "3123", "Help": false, "Vsi": -1728, "VsiT": 1, "Dst": 29.8, "Brng": 245.8, "WTC": 2, "Species": 1, "Engines": "2", "EngType": 3, "EngMount": 0, "Mil": false, "Cou": "United States", "HasPic": false, "Interested": false, "FlightsCount": 0, "Gnd": false, "SpdTyp": 0, "CallSus": false, "Trt": 5, "Year": "1999"}, {"Id": 10957529, "Rcvr": 1, "HasSig": true, "Sig": 158, "Icao": "A732D9", "Bad": false, "Reg": "N563JB", "FSeen": "/Date(1544399788848)/", "TSecs": 9285, "CMsgs": 3990, "Alt": -250, "GAlt": 69, "InHg": 30.2388229, "AltT": 0, "TAlt": 2016, "Call": "JBU1042", "Lat": 40.629398, "Long": -73.769943, "PosTime": 1544405433596, "Mlat": false, "PosStale": true, "Tisb": false, "Spd": 0.3, "Trak": 239.1, "TrkH": false, "TTrk": 279.84375, "Type": "A320", "Mdl": "2003 AIRBUS A320-232", "Man": "Airbus", "CNum": "2006", "From": "KSAV Savannah Hilton Head, United States", "To": "KJFK John F Kennedy, New York, United States", "Op": "JetBlue Airways", "OpIcao": "JBU", "Sqk": "6017", "Help": false, "Vsi": -576, "VsiT": 0, "Dst": 1.74, "Brng": 146.7, "WTC": 2, "Species": 1, "Engines": "2", "EngType": 3, "EngMount": 0, "Mil": false, "Cou": "United States", "HasPic": false, "Interested": false, "FlightsCount": 0, "Gnd": true, "SpdTyp": 0, "CallSus": false, "Trt": 5, "Year": "2003"}, {"Id": 11121263, "Rcvr": 1, "HasSig": false, "Icao": "A9B26F", "Bad": false, "Reg": "N724AG", "FSeen": "/Date(1544397797503)/", "TSecs": 11277, "CMsgs": 4522, "Alt": 6750, "GAlt": 7040, "InHg": 30.2096462, "AltT": 0, "Call": "N724AG", "Lat": 40.662029, "Long": -73.737175, "PosTime": 1544409074178, "Mlat": false, "Tisb": false, "Spd": 279.0, "Trak": 165.5, "TrkH": false, "Type": "GLF6", "Mdl": "2001 GULFSTREAM AEROSPACE G-V", "Man": "Gulfstream Aerospace", "CNum": "656", "Op": "EDAN LIMITED LLC EDAN LIMITED II LLC    - MORRISTOWN, NJ", "Sqk": "1710", "Help": false, "Vsi": 0, "VsiT": 0, "Dst": 4.31, "Brng": 59.7, "WTC": 2, "Species": 1, "Engines": "2", "EngType": 3, "EngMount": 1, "Mil": false, "Cou": "United States", "HasPic": false, "Interested": false, "FlightsCount": 0, "Gnd": false, "SpdTyp": 0, "CallSus": false, "Trt": 4, "Year": "2001"}, {"Id": 10958480, "Rcvr": 1, "HasSig": false, "Icao": "A73690", "Bad": false, "Reg": "N564JB", "FSeen": "/Date(1544395615034)/", "TSecs": 13459, "CMsgs": 5308, "Alt": -250, "GAlt": 60, "InHg": 30.2303143, "AltT": 0, "TAlt": 18016, "Call": "JBU922", "Lat": 40.633633, "Long": -73.769897, "PosTime": 1544408021036, "Mlat": false, "PosStale": true, "Tisb": false, "Spd": 0.0, "Trak": 210.9, "TrkH": false, "TTrk": 0.0, "Type": "A320", "Mdl": "2003 AIRBUS A320-232", "Man": "Airbus", "CNum": "2020", "From": "KORD Chicago O'Hare, United States", "To": "KBOS General Edward Lawrence Logan, Boston, United States", "Op": "JetBlue Airways", "OpIcao": "JBU", "Sqk": "2000", "Help": false, "Vsi": 256, "VsiT": 0, "Dst": 1.38, "Brng": 135.7, "WTC": 2, "Species": 1, "Engines": "2", "EngType": 3, "EngMount": 0, "Mil": false, "Cou": "United States", "HasPic": false, "Interested": false, "FlightsCount": 0, "Gnd": true, "SpdTyp": 0, "CallSus": false, "Trt": 5, "Year": "2003"}, {"Id": 11373549, "Rcvr": 1, "HasSig": true, "Sig": 73, "Icao": "AD8BED", "Bad": false, "Reg": "N972JT", "FSeen": "/Date(1544394185553)/", "TSecs": 14889, "CMsgs": 4230, "Alt": -250, "GAlt": 92, "InHg": 30.26245, "AltT": 0, "TAlt": 4000, "Call": "JBU2809", "Lat": 40.658432, "Long": -73.791809, "PosTime": 1544396609066, "Mlat": false, "PosStale": true, "Tisb": false, "Spd": 4.5, "Trak": 210.9, "TrkH": false, "TTrk": 0.0, "Type": "A321", "Mdl": "Airbus A321 231SL", "Man": "Airbus", "CNum": "7455", "Op": "JetBlue Airways", "OpIcao": "JBU", "Sqk": "3022", "Help": false, "Vsi": -576, "VsiT": 0, "Dst": 1.98, "Brng": 333.4, "WTC": 2, "Species": 1, "Engines": "2", "EngType": 3, "EngMount": 0, "Mil": false, "Cou": "United States", "HasPic": false, "Interested": false, "FlightsCount": 0, "Gnd": true, "SpdTyp": 0, "CallSus": false, "Trt": 5, "Year": "2016"}, {"Id": 11103138, "Rcvr": 1, "HasSig": true, "Sig": 105, "Icao": "A96BA2", "Bad": false, "Reg": "N706JB", "FSeen": "/Date(1544393442623)/", "TSecs": 15631, "CMsgs": 4591, "Alt": 6260, "GAlt": 6602, "InHg": 30.26245, "AltT": 0, "TAlt": 4000, "Call": "JBU2989", "Lat": 40.651291, "Long": -73.775894, "PosTime": 1544395941073, "Mlat": false, "PosStale": true, "Tisb": false, "Spd": 0.0, "Trak": 177.2, "TrkH": false, "TTrk": 0.0, "Type": "A320", "Mdl": "2008 AIRBUS A320-232", "Man": "Airbus", "CNum": "3451", "From": "KBOS General Edward Lawrence Logan, Boston, United States", "To": "KDCA Ronald Reagan Washington National, United States", "Op": "JetBlue Airways", "OpIcao": "JBU", "Sqk": "3056", "Help": false, "Vsi": -960, "VsiT": 0, "Dst": 1.08, "Brng": 24.9, "WTC": 2, "Species": 1, "Engines": "2", "EngType": 3, "EngMount": 0, "Mil": false, "Cou": "United States", "HasPic": false, "Interested": false, "FlightsCount": 0, "Gnd": true, "SpdTyp": 0, "CallSus": false, "Trt": 5, "Year": "2008"}, {"Id": 11232410, "Rcvr": 1, "HasSig": false, "Icao": "AB649A", "Bad": false, "Reg": "N833MH", "FSeen": "/Date(1544391031983)/", "TSecs": 18042, "CMsgs": 8870, "Alt": -250, "GAlt": 60, "InHg": 30.2303143, "AltT": 0, "TAlt": 3008, "Call": "DAL1197", "Lat": 40.639366, "Long": -73.790436, "PosTime": 1544409032427, "Mlat": false, "Tisb": false, "Spd": 5.0, "Trak": 30.9, "TrkH": false, "TTrk": 224.296875, "Type": "B764", "Mdl": "2000 BOEING 767-432ER", "Man": "Boeing", "CNum": "29706", "From": "KLAX Los Angeles, United States", "To": "KJFK John F Kennedy, New York, United States", "Op": "Delta Air Lines", "OpIcao": "DAL", "Sqk": "4063", "Help": false, "Vsi": -64, "VsiT": 0, "Dst": 0.85, "Brng": 245.8, "WTC": 3, "Species": 1, "Engines": "2", "EngType": 3, "EngMount": 0, "Mil": false, "Cou": "United States", "HasPic": false, "Interested": false, "FlightsCount": 0, "Gnd": true, "SpdTyp": 0, "CallSus": false, "Trt": 5, "Year": "2000"}, {"Id": 11120751, "Rcvr": 1, "HasSig": true, "Sig": 171, "Icao": "A9B06F", "Bad": false, "Reg": "N723TW", "FSeen": "/Date(1544389840114)/", "TSecs": 19234, "CMsgs": 8780, "Alt": 2750, "GAlt": 3045, "InHg": 30.2151985, "AltT": 0, "TAlt": 12992, "Call": "DAL1164", "Lat": 40.551003, "Long": -73.556525, "PosTime": 1544409074140, "Mlat": false, "Tisb": false, "Spd": 171.7, "Trak": 304.8, "TrkH": false, "TTrk": 314.296875, "Type": "B752", "Mdl": "2000 BOEING 757-231", "Man": "Boeing", "CNum": "29378", "From": "KJFK John F Kennedy, New York, United States", "To": "KBOS General Edward Lawrence Logan, Boston, United States", "Op": "DELTA AIR LINES INC     - ATLANTA, GA", "OpIcao": "DAL", "Sqk": "3704", "Help": false, "Vsi": 0, "VsiT": 0, "Dst": 21.53, "Brng": 118.1, "WTC": 2, "Species": 1, "Engines": "2", "EngType": 3, "EngMount": 0, "Mil": false, "Cou": "United States", "HasPic": false, "Interested": false, "FlightsCount": 0, "Gnd": false, "SpdTyp": 0, "CallSus": false, "Trt": 5, "Year": "2000"}, {"Id": 11363438, "Rcvr": 1, "HasSig": true, "Sig": 171, "Icao": "AD646E", "Bad": false, "Reg": "N962JT", "FSeen": "/Date(1544389404861)/", "TSecs": 19669, "CMsgs": 9212, "Alt": -250, "GAlt": 60, "InHg": 30.2303143, "AltT": 0, "TAlt": 4000, "Call": "JBU190", "Lat": 40.642769, "Long": -73.771088, "PosTime": 1544407306749, "Mlat": false, "PosStale": true, "Tisb": false, "Spd": 0.0, "Trak": 199.7, "TrkH": false, "TTrk": 250.0, "Type": "A321", "Mdl": "Airbus A321 231SL", "Man": "Airbus", "CNum": "6988", "From": "KSAN San Diego, United States", "To": "KJFK John F Kennedy, New York, United States", "Op": "JetBlue Airways", "OpIcao": "JBU", "Sqk": "2000", "Help": false, "Vsi": -1280, "VsiT": 0, "Dst": 0.86, "Brng": 87.9, "WTC": 2, "Species": 1, "Engines": "2", "EngType": 3, "EngMount": 0, "Mil": false, "Cou": "United States", "HasPic": false, "Interested": false, "FlightsCount": 0, "Gnd": true, "SpdTyp": 0, "CallSus": false, "Trt": 4, "Year": "2016"}, {"Id": 9003275, "Rcvr": 1, "HasSig": false, "Icao": "89610B", "Bad": false, "Reg": "A6-ECD", "FSeen": "/Date(1544388894852)/", "TSecs": 20179, "CMsgs": 4366, "Alt": -150, "GAlt": 151, "InHg": 30.2214565, "AltT": 0, "Call": "UAE209", "Lat": 40.701599, "Long": -74.158997, "PosTime": 1544409074153, "Mlat": false, "Tisb": false, "Spd": 146.0, "Trak": 205.9, "TrkH": false, "Type": "B773", "Mdl": "Boeing 777 36NER", "Man": "Boeing", "CNum": "32795", "From": "OMDB Dubai, United Arab Emirates", "To": "KEWR Newark Liberty, United States", "Stops": ["LGAV Eleftherios Venizelos, Athens, Greece"], "Op": "Emirates Airline", "OpIcao": "UAE", "Sqk": "2465", "Help": false, "Vsi": -768, "VsiT": 0, "Dst": 32.53, "Brng": 281.8, "WTC": 3, "Species": 1, "Engines": "2", "EngType": 3, "EngMount": 0, "Mil": false, "Cou": "United Arab Emirates", "HasPic": false, "Interested": false, "FlightsCount": 0, "Gnd": false, "SpdTyp": 0, "CallSus": false, "Trt": 2, "Year": "2007", "Sat": true}, {"Id": 11039969, "Rcvr": 1, "HasSig": true, "Sig": 186, "Icao": "A874E1", "Bad": false, "Reg": "N644JB", "FSeen": "/Date(1544388009999)/", "TSecs": 21064, "CMsgs": 9966, "Alt": -250, "GAlt": 69, "InHg": 30.2388229, "AltT": 0, "TAlt": 3008, "Call": "JBU514", "Lat": 40.63262, "Long": -73.767653, "PosTime": 1544406725518, "Mlat": false, "PosStale": true, "Tisb": false, "Spd": 0.0, "Trak": 188.4, "TrkH": false, "TTrk": 0.0, "Type": "A320", "Mdl": "2006 AIRBUS A320-232", "Man": "Airbus", "CNum": "2880", "From": "KLGB Long Beach /Daugherty Field/, United States", "To": "KJFK John F Kennedy, New York, United States", "Op": "JetBlue Airways", "OpIcao": "JBU", "Sqk": "2000", "Help": false, "Vsi": -128, "VsiT": 0, "Dst": 1.59, "Brng": 133.6, "WTC": 2, "Species": 1, "Engines": "2", "EngType": 3, "EngMount": 0, "Mil": false, "Cou": "United States", "HasPic": false, "Interested": false, "FlightsCount": 0, "Gnd": true, "SpdTyp": 0, "CallSus": false, "Trt": 5, "Year": "2006"}, {"Id": 10502794, "Rcvr": 1, "HasSig": false, "Icao": "A0428A", "Bad": false, "Reg": "N116AN", "FSeen": "/Date(1544382891994)/", "TSecs": 26182, "CMsgs": 9649, "Alt": 19400, "GAlt": 19710, "InHg": 30.2303143, "AltT": 0, "TAlt": 3008, "Call": "AAL185", "Lat": 40.633713, "Long": -73.770081, "PosTime": 1544405314031, "Mlat": false, "PosStale": true, "Tisb": false, "Spd": 1.3, "Trak": 239.1, "TrkH": false, "TTrk": 0.0, "Type": "A321", "Mdl": "2014 AIRBUS INDUSTRIE A321-231", "Man": "Airbus", "CNum": "6070", "From": "KJFK John F Kennedy, New York, United States", "To": "KLAX Los Angeles, United States", "Op": "American Airlines", "OpIcao": "AAL", "Sqk": "3041", "Help": false, "Vsi": -64, "VsiT": 0, "Dst": 1.36, "Brng": 135.9, "WTC": 2, "Species": 1, "Engines": "2", "EngType": 3, "EngMount": 0, "Mil": false, "Cou": "United States", "HasPic": false, "Interested": false, "FlightsCount": 0, "Gnd": true, "SpdTyp": 0, "CallSus": false, "Trt": 5, "Year": "2014"}, {"Id": 4704458, "Rcvr": 1, "HasSig": true, "Sig": 176, "Icao": "47C8CA", "Bad": false, "Reg": "LN-LNT", "FSeen": "/Date(1544379971570)/", "TSecs": 29103, "CMsgs": 5992, "Alt": -250, "GAlt": 60, "InHg": 30.2303143, "AltT": 0, "TAlt": 4992, "Call": "NAX3RV", "Lat": 40.632832, "Long": -73.773773, "PosTime": 1544408871707, "Mlat": false, "Tisb": false, "Spd": 0.0, "Trak": 71.6, "TrkH": false, "TTrk": 350.15625, "Type": "B789", "Mdl": "Boeing 787 9", "Man": "Boeing", "CNum": "38774", "Op": "Norwegian", "OpIcao": "NAX", "Sqk": "6037", "Help": false, "Vsi": 0, "VsiT": 1, "Dst": 1.25, "Brng": 149.5, "WTC": 3, "Species": 1, "Engines": "2", "EngType": 3, "EngMount": 0, "Mil": false, "Cou": "Norway", "HasPic": false, "Interested": false, "FlightsCount": 0, "Gnd": true, "SpdTyp": 0, "CallSus": false, "Trt": 5, "Year": "2017", "Sat": true}], "totalAc": 5072, "lastDv": "636799758896807771", "shtTrlSec": 65, "stm": 1544409074504}