{"src": 1, "feeds": [{"id": 1, "name": "From Cons", "polarPlot": false}], "srcFeed": 1, "showSil": true, "showFlg": true, "showPic": true, "flgH": 20, "flgW": 85, "acList": [{"Id": 11309223, "Rcvr": 1, "HasSig": false, "Icao": "AC90A7", "Bad": false, "Reg": "N909AM", "FSeen": "/Date(1544425285504)/", "TSecs": 2509, "CMsgs": 409, "InHg": 30.1092529, "AltT": 0, "Lat": 40.776752, "Long": -73.874802, "PosTime": 1544427775098, "Mlat": false, "Tisb": false, "Spd": 0.0, "TrkH": false, "Type": "A321", "Mdl": "Airbus A321 231SL", "Man": "Airbus", "CNum": "7756", "Op": "American Airlines", "OpIcao": "AAL", "Sqk": "6211", "Help": false, "VsiT": 0, "Dst": 16.88, "Brng": 332.2, "WTC": 2, "Species": 1, "Engines": "2", "EngType": 3, "EngMount": 0, "Mil": false, "Cou": "United States", "HasPic": false, "Interested": false, "FlightsCount": 0, "Gnd": true, "SpdTyp": 0, "CallSus": false, "Trt": 2, "Year": "2017"}, {"Id": 11371631, "Rcvr": 1, "HasSig": true, "Sig": 216, "Icao": "AD846F", "Bad": false, "Reg": "N970JB", "FSeen": "/Date(1544425276582)/", "TSecs": 2518, "CMsgs": 1575, "Alt": 1825, "GAlt": 2026, "InHg": 30.1207027, "AltT": 0, "TAlt": 2016, "Lat": 40.518265, "Long": -73.609192, "PosTime": 1544427793513, "Mlat": false, "Tisb": false, "Spd": 189.0, "Trak": 21.4, "TrkH": false, "Type": "A321", "Mdl": "Airbus A321 231SL", "Man": "Airbus", "CNum": "7415", "Op": "JetBlue Airways", "OpIcao": "JBU", "Sqk": "", "Vsi": -64, "VsiT": 0, "Dst": 20.05, "Brng": 133.5, "WTC": 2, "Species": 1, "Engines": "2", "EngType": 3, "EngMount": 0, "Mil": false, "Cou": "United States", "HasPic": false, "Interested": false, "FlightsCount": 0, "Gnd": false, "SpdTyp": 0, "CallSus": false, "Trt": 2, "Year": "2016"}, {"Id": 4196012, "Rcvr": 1, "HasSig": true, "Sig": 163, "Icao": "4006AC", "Bad": false, "Reg": "G-CIVV", "FSeen": "/Date(1544425275824)/", "TSecs": 2518, "CMsgs": 1560, "Alt": 37000, "GAlt": 37180, "InHg": 30.1003933, "AltT": 0, "Lat": 40.413986, "Long": -73.845886, "PosTime": 1544427793503, "Mlat": false, "Tisb": false, "Spd": 574.0, "Trak": 68.8, "TrkH": false, "Type": "B744", "Mdl": "Boeing 747 436", "Man": "Boeing", "CNum": "25819", "Op": "British Airways", "OpIcao": "BAW", "Sqk": "", "Vsi": 0, "VsiT": 0, "Dst": 25.99, "Brng": 192.1, "WTC": 3, "Species": 1, "Engines": "4", "EngType": 3, "EngMount": 0, "Mil": false, "Cou": "United Kingdom", "HasPic": false, "Interested": false, "FlightsCount": 0, "SpdTyp": 0, "CallSus": false, "Trt": 2, "Year": "1998"}, {"Id": 11334991, "Rcvr": 1, "HasSig": true, "Sig": 117, "Icao": "ACF54F", "Bad": false, "Reg": "N934JB", "FSeen": "/Date(1544425275821)/", "TSecs": 2518, "CMsgs": 1048, "Alt": 3188, "GAlt": 3389, "InHg": 30.1210632, "AltT": 0, "Lat": 40.646965, "Long": -73.775772, "PosTime": 1544427784583, "Mlat": false, "Tisb": false, "TrkH": false, "Type": "A321", "Mdl": "2014 AIRBUS INDUSTRIE A321-231", "Man": "Airbus", "CNum": "6130", "Op": "JetBlue Airways", "OpIcao": "JBU", "Sqk": "7370", "Help": false, "VsiT": 0, "Dst": 0.68, "Brng": 43.0, "WTC": 2, "Species": 1, "Engines": "2", "EngType": 3, "EngMount": 0, "Mil": false, "Cou": "United States", "HasPic": false, "Interested": false, "FlightsCount": 0, "SpdTyp": 0, "CallSus": false, "Trt": 2, "Year": "2014"}], "totalAc": 4675, "lastDv": "636800220739655695", "shtTrlSec": 65, "stm": 1544427794627}