{"src": 1, "feeds": [{"id": 1, "name": "From Cons", "polarPlot": false}], "srcFeed": 1, "showSil": true, "showFlg": true, "showPic": true, "flgH": 20, "flgW": 85, "acList": [{"Id": 10999589, "Rcvr": 1, "HasSig": true, "Sig": 183, "Icao": "A7D725", "Bad": false, "Reg": "N604LR", "FSeen": "/Date(1544407070067)/", "TSecs": 54, "CMsgs": 31, "Alt": 1575, "GAlt": 1870, "InHg": 30.2151985, "AltT": 0, "TAlt": 15008, "Call": "EDV5123", "Lat": 40.809586, "Long": -73.906494, "PosTime": 1544407121915, "Mlat": false, "Tisb": false, "Spd": 188.5, "Trak": 330.4, "TrkH": false, "TTrk": 339.609375, "Type": "CRJ9", "Mdl": "2007 BOMBARDIER INC CL-600-2D24", "Man": "Bombardier", "CNum": "15152", "Op": "DELTA AIR LINES INC     - ATLANTA, GA", "OpIcao": "EDV", "Sqk": "7113", "Help": false, "Vsi": 704, "VsiT": 0, "Dst": 21.37, "Brng": 330.4, "WTC": 2, "Species": 1, "Engines": "2", "EngType": 3, "EngMount": 1, "Mil": false, "Cou": "United States", "HasPic": false, "Interested": false, "FlightsCount": 0, "Gnd": false, "SpdTyp": 0, "CallSus": false, "Trt": 5, "Year": "2007"}, {"Id": 11064933, "Rcvr": 1, "HasSig": false, "Icao": "A8D665", "Bad": false, "Reg": "N669HP", "FSeen": "/Date(1544407063805)/", "TSecs": 61, "CMsgs": 17, "Alt": -225, "GAlt": 85, "InHg": 30.2303143, "AltT": 0, "Call": "N669HP", "Lat": 40.642456, "Long": -73.79985, "PosTime": 1544407121915, "Mlat": false, "Tisb": false, "Spd": 16.0, "Trak": 129.4, "TrkH": false, "Type": "F2TH", "Mdl": "2006 DASSAULT FALCON 2000EX", "Man": "Dassault", "CNum": "83", "Op": "MILLROCK AVIATION FINANCIAL LLC     - DANBURY, CT", "Sqk": "1610", "Help": false, "VsiT": 0, "Dst": 1.57, "Brng": 269.9, "WTC": 2, "Species": 1, "Engines": "2", "EngType": 3, "EngMount": 1, "Mil": false, "Cou": "United States", "HasPic": false, "Interested": false, "FlightsCount": 0, "Gnd": true, "SpdTyp": 0, "CallSus": false, "Trt": 2, "Year": "2006"}, {"Id": 4224449, "Rcvr": 1, "HasSig": true, "Sig": 181, "Icao": "4075C1", "Bad": false, "Reg": "G-CKWN", "FSeen": "/Date(1544406310713)/", "TSecs": 814, "CMsgs": 121, "Alt": 2050, "GAlt": 2392, "InHg": 30.26245, "AltT": 0, "TAlt": 11008, "Call": "NRS18U", "Lat": 40.561989, "Long": -73.795353, "PosTime": 1544407121914, "Mlat": false, "Tisb": false, "Spd": 256.3, "Trak": 137.8, "TrkH": false, "TTrk": 80.15625, "Type": "B789", "Mdl": "Boeing 787 9", "Man": "Boeing", "CNum": "63317", "Op": "Norwegian Air UK", "OpIcao": "NRS", "Sqk": "7146", "Help": false, "Vsi": 2112, "VsiT": 0, "Dst": 9.03, "Brng": 187.6, "WTC": 3, "Species": 1, "Engines": "2", "EngType": 3, "EngMount": 0, "Mil": false, "Cou": "United Kingdom", "HasPic": false, "Interested": false, "FlightsCount": 0, "Gnd": false, "SpdTyp": 0, "CallSus": false, "Trt": 5, "Year": "2018"}, {"Id": 10491081, "Rcvr": 1, "HasSig": true, "Sig": 212, "Icao": "A014C9", "Bad": false, "Reg": "N104NN", "FSeen": "/Date(1544405423434)/", "TSecs": 1701, "CMsgs": 295, "Alt": 12125, "GAlt": 12435, "InHg": 30.2303143, "AltT": 0, "Call": "AAL177", "Lat": 40.761605, "Long": -73.571881, "PosTime": 1544407121912, "Mlat": false, "Tisb": false, "Spd": 313.2, "Trak": 348.6, "TrkH": false, "Type": "A321", "Mdl": "2013 AIRBUS A321-231", "Man": "Airbus", "CNum": "5895", "From": "KJFK John F Kennedy, New York, United States", "To": "KSFO San Francisco, United States", "Op": "American Airlines", "OpIcao": "AAL", "Sqk": "2632", "Help": false, "Vsi": 1600, "VsiT": 0, "Dst": 22.07, "Brng": 53.0, "WTC": 2, "Species": 1, "Engines": "2", "EngType": 3, "EngMount": 0, "Mil": false, "Cou": "United States", "HasPic": false, "Interested": false, "FlightsCount": 0, "Gnd": false, "SpdTyp": 0, "CallSus": false, "Trt": 2, "Year": "2013"}, {"Id": 11237165, "Rcvr": 1, "HasSig": false, "Icao": "AB772D", "Bad": false, "Reg": "N838MH", "FSeen": "/Date(1544405270534)/", "TSecs": 1854, "CMsgs": 109, "Alt": 5800, "GAlt": 6095, "InHg": 30.2151985, "AltT": 0, "TAlt": 4992, "Call": "DAL476", "Lat": 40.518173, "Long": -73.696716, "PosTime": 1544407120429, "Mlat": false, "Tisb": false, "Spd": 282.0, "Trak": 118.6, "TrkH": false, "TTrk": 225.0, "Type": "B764", "Mdl": "2001 BOEING 767-432ER", "Man": "Boeing", "CNum": "29711", "From": "KJFK John F Kennedy, New York, United States", "To": "LEBL Barcelona, Spain", "Op": "Delta Air Lines", "OpIcao": "DAL", "Sqk": "7116", "Help": false, "Vsi": 1920, "VsiT": 1, "Dst": 15.56, "Brng": 152.6, "WTC": 3, "Species": 1, "Engines": "2", "EngType": 3, "EngMount": 0, "Mil": false, "Cou": "United States", "HasPic": false, "Interested": false, "FlightsCount": 0, "Gnd": false, "SpdTyp": 0, "CallSus": false, "Trt": 5, "Year": "2001"}, {"Id": 10800277, "Rcvr": 1, "HasSig": true, "Sig": 187, "Icao": "A4CC95", "Bad": false, "Reg": "N408YX", "FSeen": "/Date(1544404559587)/", "TSecs": 2565, "CMsgs": 1431, "Alt": 3725, "GAlt": 4026, "InHg": 30.2214565, "AltT": 0, "TAlt": 4000, "Call": "RPA4454", "Lat": 40.654724, "Long": -73.40271, "PosTime": 1544407124766, "Mlat": false, "Tisb": false, "Spd": 189.0, "Trak": 29.8, "TrkH": false, "Type": "E75S", "Mdl": "2013 EMBRAER ERJ170-200LR", "Man": "Embraer", "CNum": "17000371", "Op": "Republic Airlines", "OpIcao": "RPA", "Sqk": "2117", "Help": false, "Vsi": -192, "VsiT": 1, "Dst": 31.97, "Brng": 87.4, "WTC": 2, "Species": 1, "Engines": "2", "EngType": 3, "EngMount": 0, "Mil": false, "Cou": "United States", "HasPic": false, "Interested": false, "FlightsCount": 0, "Gnd": false, "SpdTyp": 0, "CallSus": false, "Trt": 5, "Year": "2013"}, {"Id": 11355213, "Rcvr": 1, "HasSig": false, "Icao": "AD444D", "Bad": false, "Reg": "N954JB", "FSeen": "/Date(1544404305546)/", "TSecs": 2819, "CMsgs": 1507, "Alt": -275, "GAlt": 20, "InHg": 30.2151985, "AltT": 0, "TAlt": 3008, "Call": "JBU410", "Lat": 40.645065, "Long": -73.755005, "PosTime": 1544407115309, "Mlat": false, "Tisb": false, "Spd": 137.0, "Trak": 211.0, "TrkH": false, "TTrk": 270.0, "Type": "A321", "Mdl": "2015 AIRBUS A321-231", "Man": "Airbus", "CNum": "6725", "From": "MDSD Las Am\u00e9ricas, Santo Domingo, Dominican Republic", "To": "KJFK John F Kennedy, New York, United States", "Op": "JET BLUE AIRWAYS CORP     - LONG ISLAND CITY, NY", "OpIcao": "JBU", "Sqk": "1726", "Help": false, "Vsi": -192, "VsiT": 1, "Dst": 2.24, "Brng": 82.6, "WTC": 2, "Species": 1, "Engines": "2", "EngType": 3, "EngMount": 0, "Mil": false, "Cou": "United States", "HasPic": false, "Interested": false, "FlightsCount": 0, "Gnd": false, "SpdTyp": 0, "CallSus": false, "Trt": 5, "Year": "2015"}, {"Id": 10956578, "Rcvr": 1, "HasSig": true, "Sig": 84, "Icao": "A72F22", "Bad": false, "Reg": "N562JB", "FSeen": "/Date(1544403419176)/", "TSecs": 3705, "CMsgs": 1945, "Alt": -225, "GAlt": 94, "InHg": 30.2388229, "AltT": 0, "TAlt": 3008, "Call": "JBU1818", "Lat": 40.633186, "Long": -73.768875, "PosTime": 1544406818368, "Mlat": false, "PosStale": true, "Tisb": false, "Spd": 18.0, "Trak": 306.6, "TrkH": false, "TTrk": 0.0, "Type": "A320", "Mdl": "2003 AIRBUS A320-232", "Man": "Airbus", "CNum": "1948", "From": "TTPP Piarco, Port of Spain, Trinidad and Tobago", "To": "KJFK John F Kennedy, New York, United States", "Op": "JetBlue Airways", "OpIcao": "JBU", "Sqk": "2666", "Help": false, "Vsi": -640, "VsiT": 0, "Dst": 1.47, "Brng": 134.6, "WTC": 2, "Species": 1, "Engines": "2", "EngType": 3, "EngMount": 0, "Mil": false, "Cou": "United States", "HasPic": false, "Interested": false, "FlightsCount": 0, "Gnd": true, "SpdTyp": 0, "CallSus": false, "Trt": 5, "Year": "2003"}, {"Id": 12615840, "Rcvr": 1, "HasSig": false, "Icao": "C080A0", "Bad": false, "Reg": "C-GWSL", "FSeen": "/Date(1544403390901)/", "TSecs": 3734, "CMsgs": 2035, "Alt": -325, "GAlt": -34, "InHg": 30.2096462, "AltT": 0, "Call": "WJA1214", "Lat": 40.778137, "Long": -73.876709, "PosTime": 1544407124726, "Mlat": false, "Tisb": false, "Spd": 131.0, "Trak": 213.2, "TrkH": false, "Type": "B736", "Mdl": "Boeing 737NG 6CT", "Man": "Boeing", "CNum": "34633", "From": "CYYZ Lester B. Pearson, Toronto, Canada", "To": "KLGA La Guardia, New York, United States", "Op": "WestJet", "OpIcao": "WJA", "Sqk": "0570", "Help": false, "Vsi": -896, "VsiT": 0, "Dst": 17.09, "Brng": 332.0, "WTC": 2, "Species": 1, "Engines": "2", "EngType": 3, "EngMount": 0, "Mil": false, "Cou": "Canada", "HasPic": false, "Interested": false, "FlightsCount": 0, "Gnd": false, "SpdTyp": 0, "CallSus": false, "Trt": 2, "Year": "2006"}, {"Id": 11038261, "Rcvr": 1, "HasSig": false, "Icao": "A86E35", "Bad": false, "Reg": "N642RW", "FSeen": "/Date(1544402898154)/", "TSecs": 4226, "CMsgs": 2249, "Alt": 1925, "GAlt": 2215, "InHg": 30.2096462, "AltT": 0, "TAlt": 18016, "Call": "RPA3527", "Lat": 40.790222, "Long": -74.1026, "PosTime": 1544407121883, "Mlat": false, "Tisb": false, "Spd": 166.0, "Trak": 205.6, "TrkH": false, "Type": "E170", "Mdl": "2004 EMBRAER ERJ 170-100 SE", "Man": "Embraer", "CNum": "17000063", "Op": "SHUTTLE AMERICA CORP     - INDIANAPOLIS, IN", "OpIcao": "RPA", "Sqk": "5726", "Help": false, "Vsi": -960, "VsiT": 1, "Dst": 31.67, "Brng": 301.3, "WTC": 2, "Species": 1, "Engines": "2", "EngType": 3, "EngMount": 0, "Mil": false, "Cou": "United States", "HasPic": false, "Interested": false, "FlightsCount": 0, "Gnd": false, "SpdTyp": 0, "CallSus": false, "Trt": 5, "Year": "2004"}, {"Id": 10785855, "Rcvr": 1, "HasSig": true, "Sig": 140, "Icao": "A4943F", "Bad": false, "Reg": "N39416", "FSeen": "/Date(1544401258373)/", "TSecs": 5866, "CMsgs": 3220, "Alt": 750, "GAlt": 1045, "InHg": 30.2151985, "AltT": 0, "TAlt": 96, "Call": "UAL636", "Lat": 40.740601, "Long": -74.134094, "PosTime": 1544407124699, "Mlat": false, "Tisb": false, "Spd": 149.4, "Trak": 206.2, "TrkH": false, "TTrk": 224.296875, "Type": "B739", "Mdl": "2008 BOEING 737-924ER", "Man": "Boeing", "CNum": "37093", "From": "KORD Chicago O'Hare, United States", "To": "KEWR Newark Liberty, United States", "Op": "United Airlines", "OpIcao": "UAL", "Sqk": "6242", "Help": false, "Vsi": -832, "VsiT": 1, "Dst": 31.68, "Brng": 290.3, "WTC": 2, "Species": 1, "Engines": "2", "EngType": 3, "EngMount": 0, "Mil": false, "Cou": "United States", "HasPic": false, "Interested": false, "FlightsCount": 0, "Gnd": false, "SpdTyp": 0, "CallSus": false, "Trt": 5, "Year": "2008"}, {"Id": 11105991, "Rcvr": 1, "HasSig": true, "Sig": 186, "Icao": "A976C7", "Bad": false, "Reg": "N709JB", "FSeen": "/Date(1544401007613)/", "TSecs": 6117, "CMsgs": 2966, "Alt": -225, "GAlt": 85, "InHg": 30.2303143, "AltT": 0, "TAlt": 35008, "Call": "JBU1374", "Lat": 40.632591, "Long": -73.767609, "PosTime": 1544406220938, "Mlat": false, "PosStale": true, "Tisb": false, "Spd": 0.0, "Trak": 191.3, "TrkH": false, "TTrk": 0.0, "Type": "A320", "Mdl": "2008 AIRBUS A320-232", "Man": "Airbus", "CNum": "3488", "From": "KCHS Charleston Air Force Base-International, United States", "To": "KJFK John F Kennedy, New York, United States", "Op": "JetBlue Airways", "OpIcao": "JBU", "Sqk": "1200", "Help": false, "Vsi": -128, "VsiT": 0, "Dst": 1.59, "Brng": 133.6, "WTC": 2, "Species": 1, "Engines": "2", "EngType": 3, "EngMount": 0, "Mil": false, "Cou": "United States", "HasPic": false, "Interested": false, "FlightsCount": 0, "Gnd": true, "SpdTyp": 0, "CallSus": false, "Trt": 5, "Year": "2008"}, {"Id": 11278673, "Rcvr": 1, "HasSig": true, "Sig": 41, "Icao": "AC1951", "Bad": false, "Reg": "N879RW", "FSeen": "/Date(1544400681075)/", "TSecs": 6443, "CMsgs": 3341, "Alt": 675, "GAlt": 965, "InHg": 30.2096462, "AltT": 0, "Call": "RPA6047", "Lat": 40.827616, "Long": -73.835428, "PosTime": 1544407117351, "Mlat": true, "Tisb": false, "Spd": 360.4, "Trak": 184.5, "TrkH": false, "Type": "E170", "Mdl": "Embraer EMB-170 LR", "Man": "Embraer", "CNum": "17000227", "Op": "Republic Airlines", "OpIcao": "RPA", "Sqk": "3327", "Help": false, "Vsi": 64, "VsiT": 0, "Dst": 21.09, "Brng": 347.5, "WTC": 2, "Species": 1, "Engines": "2", "EngType": 3, "EngMount": 0, "Mil": false, "Cou": "United States", "HasPic": false, "Interested": false, "FlightsCount": 0, "Gnd": false, "SpdTyp": 0, "CallSus": true, "Trt": 2, "Year": "2008"}, {"Id": 10925303, "Rcvr": 1, "HasSig": true, "Sig": 190, "Icao": "A6B4F7", "Bad": false, "Reg": "N531JL", "FSeen": "/Date(1544400039339)/", "TSecs": 7085, "CMsgs": 3259, "Alt": -225, "GAlt": 117, "InHg": 30.26245, "AltT": 0, "TAlt": 3008, "Call": "JBU429", "Lat": 40.632534, "Long": -73.767502, "PosTime": 1544403068750, "Mlat": false, "PosStale": true, "Tisb": false, "Spd": 0.0, "Trak": 199.7, "TrkH": false, "TTrk": 0.0, "Type": "A320", "Mdl": "2001 AIRBUS INDUSTRIE A320-232", "Man": "Airbus", "CNum": "1650", "From": "KBOS General Edward Lawrence Logan, Boston, United States", "To": "KSMF Sacramento, United States", "Op": "JetBlue Airways", "OpIcao": "JBU", "Sqk": "3337", "Help": false, "Vsi": -128, "VsiT": 0, "Dst": 1.61, "Brng": 133.6, "WTC": 2, "Species": 1, "Engines": "2", "EngType": 3, "EngMount": 0, "Mil": false, "Cou": "United States", "HasPic": false, "Interested": false, "FlightsCount": 0, "Gnd": true, "SpdTyp": 0, "CallSus": false, "Trt": 5, "Year": "2001"}, {"Id": 12607666, "Rcvr": 1, "HasSig": false, "Icao": "C060B2", "Bad": false, "Reg": "C-GKQB", "FSeen": "/Date(1544399901195)/", "TSecs": 7223, "CMsgs": 2166, "Alt": -250, "GAlt": 51, "InHg": 30.2214565, "AltT": 0, "Lat": 40.700363, "Long": -74.163559, "PosTime": 1544407103955, "Mlat": false, "Tisb": false, "Spd": 4.0, "Trak": 210.8, "TrkH": false, "Type": "DH8D", "Mdl": "Bombardier DHC-8 402 NG", "Man": "Bombardier", "CNum": "4359", "Op": "Porter Airlines", "OpIcao": "POE", "Sqk": "1164", "Help": false, "Vsi": -384, "VsiT": 0, "Dst": 32.88, "Brng": 281.4, "WTC": 2, "Species": 1, "Engines": "2", "EngType": 2, "EngMount": 0, "Mil": false, "Cou": "Canada", "HasPic": false, "Interested": false, "FlightsCount": 0, "Gnd": true, "SpdTyp": 0, "CallSus": false, "Trt": 5, "Year": "2011"}, {"Id": 10957529, "Rcvr": 1, "HasSig": true, "Sig": 172, "Icao": "A732D9", "Bad": false, "Reg": "N563JB", "FSeen": "/Date(1544399788556)/", "TSecs": 7336, "CMsgs": 3284, "Alt": -225, "GAlt": 94, "InHg": 30.2388229, "AltT": 0, "TAlt": 2016, "Call": "JBU1042", "Lat": 40.629398, "Long": -73.769943, "PosTime": 1544405433417, "Mlat": false, "PosStale": true, "Tisb": false, "Spd": 0.0, "Trak": 239.1, "TrkH": false, "TTrk": 279.84375, "Type": "A320", "Mdl": "2003 AIRBUS A320-232", "Man": "Airbus", "CNum": "2006", "From": "KSAV Savannah Hilton Head, United States", "To": "KJFK John F Kennedy, New York, United States", "Op": "JetBlue Airways", "OpIcao": "JBU", "Sqk": "0726", "Help": false, "Vsi": -576, "VsiT": 0, "Dst": 1.74, "Brng": 146.7, "WTC": 2, "Species": 1, "Engines": "2", "EngType": 3, "EngMount": 0, "Mil": false, "Cou": "United States", "HasPic": false, "Interested": false, "FlightsCount": 0, "Gnd": true, "SpdTyp": 0, "CallSus": false, "Trt": 5, "Year": "2003"}, {"Id": 11120877, "Rcvr": 1, "HasSig": true, "Sig": 196, "Icao": "A9B0ED", "Bad": false, "Reg": "N723YX", "FSeen": "/Date(1544399427510)/", "TSecs": 7697, "CMsgs": 4088, "Alt": 2725, "GAlt": 3020, "InHg": 30.2151985, "AltT": 0, "TAlt": 3008, "Call": "RPA3567", "Lat": 40.843552, "Long": -74.068176, "PosTime": 1544407121877, "Mlat": false, "Tisb": false, "Spd": 169.5, "Trak": 206.3, "TrkH": false, "Type": "E75L", "Mdl": " EMBRAER S A ERJ170-200LR", "Man": "Embraer", "CNum": "17000498", "Op": "REPUBLIC AIRLINE INC     - INDIANAPOLIS, IN", "OpIcao": "RPA", "Sqk": "2310", "Help": false, "Vsi": 0, "VsiT": 0, "Dst": 32.92, "Brng": 312.9, "WTC": 2, "Species": 1, "Engines": "2", "EngType": 3, "EngMount": 0, "Mil": false, "Cou": "United States", "HasPic": false, "Interested": false, "FlightsCount": 0, "Gnd": false, "SpdTyp": 0, "CallSus": false, "Trt": 2, "Year": "2015"}, {"Id": 10755177, "Rcvr": 1, "HasSig": false, "Icao": "A41C69", "Bad": false, "Reg": "N364NW", "FSeen": "/Date(1544399136535)/", "TSecs": 7988, "CMsgs": 4170, "Alt": 3025, "GAlt": 3315, "InHg": 30.2096462, "AltT": 0, "TAlt": 18016, "Call": "DAL2296", "Lat": 40.831432, "Long": -73.737305, "PosTime": 1544407121877, "Mlat": false, "Tisb": false, "Spd": 206.0, "Trak": 31.2, "TrkH": false, "TTrk": 0.0, "Type": "A320", "Mdl": "AIRBUS INDUSTRIE A320-212", "Man": "Airbus", "CNum": "0962", "From": "KMSP Minneapolis-St Paul International/Wold-Chamberlain, Minneapolis, United States", "To": "KLGA La Guardia, New York, United States", "Op": "Delta Air Lines", "OpIcao": "DAL", "Sqk": "2720", "Help": false, "Vsi": -448, "VsiT": 1, "Dst": 21.33, "Brng": 10.0, "WTC": 2, "Species": 1, "Engines": "2", "EngType": 3, "EngMount": 0, "Mil": false, "Cou": "United States", "HasPic": false, "Interested": false, "FlightsCount": 0, "Gnd": false, "SpdTyp": 0, "CallSus": false, "Trt": 5, "Year": "1999"}, {"Id": 11073955, "Rcvr": 1, "HasSig": true, "Sig": 8, "Icao": "A8F9A3", "Bad": false, "Reg": "N678CA", "FSeen": "/Date(1544398876733)/", "TSecs": 8248, "CMsgs": 4330, "Alt": 4950, "GAlt": 5240, "InHg": 30.2096462, "AltT": 0, "Lat": 40.620878, "Long": -74.046603, "PosTime": 1544407120391, "Mlat": true, "Tisb": false, "Spd": 370.4, "Trak": 30.0, "TrkH": false, "Type": "CRJ9", "Mdl": "2007 BOMBARDIER INC CL-600-2D24", "Man": "Bombardier", "CNum": "15125", "Op": "DELTA AIR LINES INC     - ATLANTA, GA", "OpIcao": "EDV", "Sqk": "2635", "Help": false, "Vsi": 0, "VsiT": 0, "Dst": 22.52, "Brng": 264.0, "WTC": 2, "Species": 1, "Engines": "2", "EngType": 3, "EngMount": 1, "Mil": false, "Cou": "United States", "HasPic": false, "Interested": false, "FlightsCount": 0, "Gnd": false, "SpdTyp": 0, "CallSus": false, "Trt": 2, "Year": "2007"}, {"Id": 4222284, "Rcvr": 1, "HasSig": true, "Sig": 194, "Icao": "406D4C", "Bad": false, "Reg": "G-VCRU", "FSeen": "/Date(1544398606383)/", "TSecs": 8518, "CMsgs": 4526, "Alt": 1725, "GAlt": 2020, "InHg": 30.2151985, "AltT": 0, "TAlt": 2016, "Call": "VIR9M", "Lat": 40.740829, "Long": -73.679871, "PosTime": 1544407124680, "Mlat": false, "Tisb": false, "Spd": 154.2, "Trak": 210.4, "TrkH": false, "TTrk": 220.78125, "Type": "B789", "Mdl": "Boeing 787 9", "Man": "Boeing", "CNum": "37972", "From": "EGLL London Heathrow, United Kingdom", "To": "KJFK John F Kennedy, New York, United States", "Op": "Virgin Atlantic Airways", "OpIcao": "VIR", "Sqk": "2544", "Help": false, "Vsi": 64, "VsiT": 0, "Dst": 13.88, "Brng": 38.0, "WTC": 3, "Species": 1, "Engines": "2", "EngType": 3, "EngMount": 0, "Mil": false, "Cou": "United Kingdom", "HasPic": false, "Interested": false, "FlightsCount": 0, "Gnd": false, "SpdTyp": 0, "CallSus": false, "Trt": 5, "Year": "2015"}, {"Id": 11270114, "Rcvr": 1, "HasSig": true, "Sig": 16, "Icao": "ABF7E2", "Bad": false, "Reg": "N870RW", "FSeen": "/Date(1544397910407)/", "TSecs": 9214, "CMsgs": 4185, "Alt": 3750, "GAlt": 4060, "InHg": 30.2303143, "AltT": 0, "Call": "RPA6007", "Lat": 40.705835, "Long": -73.915891, "PosTime": 1544407117351, "Mlat": true, "Tisb": false, "Spd": 340.0, "Trak": 59.9, "TrkH": false, "Type": "E170", "Mdl": "2006 EMBRAER ERJ 170-100SU", "Man": "Embraer", "CNum": "17000138", "Op": "SHUTTLE AMERICA CORP     - INDIANAPOLIS, IN", "OpIcao": "RPA", "Sqk": "4076", "Help": false, "Vsi": -58, "VsiT": 0, "Dst": 13.36, "Brng": 301.9, "WTC": 2, "Species": 1, "Engines": "2", "EngType": 3, "EngMount": 0, "Mil": false, "Cou": "United States", "HasPic": false, "Interested": false, "FlightsCount": 0, "Gnd": false, "SpdTyp": 0, "CallSus": false, "Trt": 2, "Year": "2006"}, {"Id": 3958020, "Rcvr": 1, "HasSig": true, "Sig": 83, "Icao": "3C6504", "Bad": false, "Reg": "D-AIHD", "FSeen": "/Date(1544396995818)/", "TSecs": 10129, "CMsgs": 5386, "Alt": -225, "GAlt": 85, "InHg": 30.2303143, "AltT": 0, "Call": "DLH404", "Lat": 40.641884, "Long": -73.793652, "PosTime": 1544407121874, "Mlat": false, "Tisb": false, "Spd": 4.5, "Trak": 115.3, "TrkH": true, "Type": "A346", "Mdl": "Airbus A340 642", "Man": "Airbus", "CNum": "537", "From": "EDDF Frankfurt am Main, Frankfurt-am-Main, Germany", "To": "KJFK John F Kennedy, New York, United States", "Op": "Lufthansa", "OpIcao": "DLH", "Sqk": "2440", "Help": false, "Vsi": 0, "VsiT": 1, "Dst": 1.05, "Brng": 266.3, "WTC": 3, "Species": 1, "Engines": "4", "EngType": 3, "EngMount": 0, "Mil": false, "Cou": "Germany", "HasPic": false, "Interested": false, "FlightsCount": 0, "Gnd": true, "SpdTyp": 3, "CallSus": false, "Trt": 2, "Year": "2003"}, {"Id": 11033662, "Rcvr": 1, "HasSig": false, "Icao": "A85C3E", "Bad": false, "Reg": "N638JB", "FSeen": "/Date(1544396967542)/", "TSecs": 10157, "CMsgs": 5332, "Alt": 3550, "GAlt": 3869, "InHg": 30.2388229, "AltT": 0, "TAlt": 4000, "Call": "JBU1094", "Lat": 40.793213, "Long": -73.444099, "PosTime": 1544407121874, "Mlat": false, "Tisb": false, "Spd": 172.0, "Trak": 318.3, "TrkH": false, "TTrk": 40.078125, "Type": "A320", "Mdl": "2006 AIRBUS A320-232", "Man": "Airbus", "CNum": "2802", "From": "KAUS Austin Bergstrom, United States", "To": "KJFK John F Kennedy, New York, United States", "Op": "JetBlue Airways", "OpIcao": "JBU", "Sqk": "0621", "Help": false, "Vsi": -960, "VsiT": 0, "Dst": 32.99, "Brng": 59.4, "WTC": 2, "Species": 1, "Engines": "2", "EngType": 3, "EngMount": 0, "Mil": false, "Cou": "United States", "HasPic": false, "Interested": false, "FlightsCount": 0, "Gnd": false, "SpdTyp": 0, "CallSus": false, "Trt": 5, "Year": "2006"}, {"Id": 4704474, "Rcvr": 1, "HasSig": false, "Icao": "47C8DA", "Bad": false, "Reg": "LN-LNN", "FSeen": "/Date(1544396729687)/", "TSecs": 10395, "CMsgs": 4464, "Alt": 4600, "GAlt": 4910, "InHg": 30.2303143, "AltT": 0, "TAlt": 3008, "Call": "NAX9V", "Lat": 40.640968, "Long": -73.794998, "PosTime": 1544406098956, "Mlat": false, "PosStale": true, "Tisb": false, "Spd": 10.5, "Trak": 73.1, "TrkH": false, "TTrk": 224.296875, "Type": "B789", "Mdl": "Boeing 787 9", "Man": "Boeing", "CNum": "38891", "Op": "Norwegian", "OpIcao": "NAX", "Sqk": "0736", "Help": false, "Vsi": -448, "VsiT": 0, "Dst": 1.17, "Brng": 261.7, "WTC": 3, "Species": 1, "Engines": "2", "EngType": 3, "EngMount": 0, "Mil": false, "Cou": "Norway", "HasPic": false, "Interested": false, "FlightsCount": 0, "Gnd": false, "SpdTyp": 0, "CallSus": false, "Trt": 5, "Year": "2017"}, {"Id": 10763870, "Rcvr": 1, "HasSig": false, "Icao": "A43E5E", "Bad": false, "Reg": "N37255", "FSeen": "/Date(1544396142678)/", "TSecs": 10982, "CMsgs": 4926, "Alt": -250, "GAlt": 81, "InHg": 30.2509861, "AltT": 0, "Lat": 40.711701, "Long": -74.153345, "PosTime": 1544406648935, "Mlat": true, "PosStale": true, "Tisb": false, "Spd": 538.0, "Trak": 203.1, "TrkH": false, "Type": "B738", "Mdl": "BOEING 737-824", "Man": "Boeing", "CNum": "30610", "Op": "United Airlines", "OpIcao": "UAL", "Sqk": "7452", "Help": false, "Vsi": 89, "VsiT": 0, "Dst": 32.31, "Brng": 283.9, "WTC": 2, "Species": 1, "Engines": "2", "EngType": 3, "EngMount": 0, "Mil": false, "Cou": "United States", "HasPic": false, "Interested": false, "FlightsCount": 0, "Gnd": true, "SpdTyp": 0, "CallSus": false, "Trt": 2, "Year": "2000"}, {"Id": 11308794, "Rcvr": 1, "HasSig": false, "Icao": "AC8EFA", "Bad": false, "Reg": "N908XJ", "FSeen": "/Date(1544395936705)/", "TSecs": 11188, "CMsgs": 4027, "Alt": 5606, "GAlt": 5916, "InHg": 30.2303143, "AltT": 0, "TAlt": 4000, "Call": "EDV5380", "Lat": 40.77887, "Long": -73.87616, "PosTime": 1544406916760, "Mlat": false, "PosStale": true, "Tisb": false, "Spd": 13.5, "Trak": 33.8, "TrkH": false, "TTrk": 49.921875, "Type": "CRJ9", "Mdl": "2007 BOMBARDIER INC CL-600-2D24", "Man": "Bombardier", "CNum": "15140", "Op": "DELTA AIR LINES INC     - ATLANTA, GA", "OpIcao": "EDV", "Sqk": "4106", "Help": false, "Vsi": 0, "VsiT": 0, "Dst": 17.14, "Brng": 332.2, "WTC": 2, "Species": 1, "Engines": "2", "EngType": 3, "EngMount": 1, "Mil": false, "Cou": "United States", "HasPic": false, "Interested": false, "FlightsCount": 0, "Gnd": true, "SpdTyp": 0, "CallSus": false, "Trt": 5, "Year": "2007"}, {"Id": 7868223, "Rcvr": 1, "HasSig": true, "Sig": 194, "Icao": "780F3F", "Bad": false, "Reg": "B-7367", "FSeen": "/Date(1544395890405)/", "TSecs": 11234, "CMsgs": 4078, "Alt": 1750, "GAlt": 2045, "InHg": 30.2151985, "AltT": 0, "TAlt": 2016, "Call": "CES297", "Lat": 40.788208, "Long": -73.590942, "PosTime": 1544407121881, "Mlat": false, "Tisb": false, "Spd": 171.5, "Trak": 249.9, "TrkH": false, "TTrk": 260.15625, "Type": "B77W", "Mdl": "777-39PER", "Man": "Boeing", "CNum": "43281", "From": "ZSPD Shanghai Pudong, China", "To": "KJFK John F Kennedy, New York, United States", "Op": "China Eastern Airlines", "OpIcao": "CES", "Sqk": "1757", "Help": false, "Vsi": -64, "VsiT": 1, "Dst": 22.8, "Brng": 44.7, "WTC": 3, "Species": 1, "Engines": "2", "EngType": 3, "EngMount": 0, "Mil": false, "Cou": "China", "HasPic": false, "Interested": false, "FlightsCount": 0, "Gnd": false, "SpdTyp": 0, "CallSus": false, "Tag": "GT", "Trt": 5, "Year": "2016"}, {"Id": 10958480, "Rcvr": 1, "HasSig": false, "Icao": "A73690", "Bad": false, "Reg": "N564JB", "FSeen": "/Date(1544395614361)/", "TSecs": 11510, "CMsgs": 4556, "Alt": 3725, "GAlt": 4035, "InHg": 30.2303143, "AltT": 0, "TAlt": 18016, "Call": "JBU922", "Lat": 40.46402, "Long": -73.534973, "PosTime": 1544407118955, "Mlat": false, "Tisb": false, "Spd": 263.0, "Trak": 28.8, "TrkH": false, "TTrk": 0.0, "Type": "A320", "Mdl": "2003 AIRBUS A320-232", "Man": "Airbus", "CNum": "2020", "From": "KORD Chicago O'Hare, United States", "To": "KBOS General Edward Lawrence Logan, Boston, United States", "Op": "JetBlue Airways", "OpIcao": "JBU", "Sqk": "3273", "Help": false, "Vsi": 0, "VsiT": 1, "Dst": 28.75, "Brng": 133.6, "WTC": 2, "Species": 1, "Engines": "2", "EngType": 3, "EngMount": 0, "Mil": false, "Cou": "United States", "HasPic": false, "Interested": false, "FlightsCount": 0, "Gnd": false, "SpdTyp": 0, "CallSus": false, "Trt": 5, "Year": "2003"}, {"Id": 11373549, "Rcvr": 1, "HasSig": true, "Sig": 129, "Icao": "AD8BED", "Bad": false, "Reg": "N972JT", "FSeen": "/Date(1544394186187)/", "TSecs": 12938, "CMsgs": 3871, "Alt": -225, "GAlt": 117, "InHg": 30.26245, "AltT": 0, "TAlt": 4000, "Call": "JBU2809", "Lat": 40.658432, "Long": -73.791809, "PosTime": 1544396609330, "Mlat": false, "PosStale": true, "Tisb": false, "Spd": 0.0, "Trak": 191.3, "TrkH": false, "TTrk": 0.0, "Type": "A321", "Mdl": "Airbus A321 231SL", "Man": "Airbus", "CNum": "7455", "Op": "JetBlue Airways", "OpIcao": "JBU", "Sqk": "3022", "Help": false, "Vsi": -576, "VsiT": 0, "Dst": 1.98, "Brng": 333.4, "WTC": 2, "Species": 1, "Engines": "2", "EngType": 3, "EngMount": 0, "Mil": false, "Cou": "United States", "HasPic": false, "Interested": false, "FlightsCount": 0, "Gnd": true, "SpdTyp": 0, "CallSus": false, "Trt": 5, "Year": "2016"}, {"Id": 11358066, "Rcvr": 1, "HasSig": true, "Sig": 95, "Icao": "AD4F72", "Bad": false, "Reg": "N957JB", "FSeen": "/Date(1544393964752)/", "TSecs": 13160, "CMsgs": 4894, "Alt": -250, "GAlt": 69, "InHg": 30.2388229, "AltT": 0, "TAlt": 3008, "Call": "JBU1452", "Lat": 40.630293, "Long": -73.770197, "PosTime": 1544404270281, "Mlat": false, "PosStale": true, "Tisb": false, "Spd": 0.0, "Trak": 210.9, "TrkH": false, "TTrk": 260.15625, "Type": "A321", "Mdl": "Airbus A321 231SL", "Man": "Airbus", "CNum": "6809", "From": "KMCO Orlando, United States", "To": "KBOS General Edward Lawrence Logan, Boston, United States", "Op": "JetBlue Airways", "OpIcao": "JBU", "Sqk": "2000", "Help": false, "Vsi": -64, "VsiT": 0, "Dst": 1.65, "Brng": 145.4, "WTC": 2, "Species": 1, "Engines": "2", "EngType": 3, "EngMount": 0, "Mil": false, "Cou": "United States", "HasPic": false, "Interested": false, "FlightsCount": 0, "Gnd": true, "SpdTyp": 0, "CallSus": false, "Trt": 5, "Year": "2015"}, {"Id": 10918036, "Rcvr": 1, "HasSig": true, "Sig": 74, "Icao": "A69894", "Bad": false, "Reg": "N524JB", "FSeen": "/Date(1544393567572)/", "TSecs": 13557, "CMsgs": 5895, "Alt": -225, "GAlt": -212, "InHg": 29.93171, "AltT": 0, "TAlt": 35008, "Call": "JBU1677", "Lat": 40.63262, "Long": -73.767653, "PosTime": 1544402499452, "Mlat": false, "PosStale": true, "Tisb": false, "Spd": 3.5, "Trak": 120.9, "TrkH": false, "TTrk": 0.0, "Type": "A320", "Mdl": "2001 AIRBUS INDUSTRIE A320-232", "Man": "Airbus", "CNum": "1528", "From": "KJFK John F Kennedy, New York, United States", "To": "KJAX Jacksonville, United States", "Op": "JetBlue Airways", "OpIcao": "JBU", "Sqk": "1575", "Help": false, "Vsi": -704, "VsiT": 0, "Dst": 1.59, "Brng": 133.6, "WTC": 2, "Species": 1, "Engines": "2", "EngType": 3, "EngMount": 0, "Mil": false, "Cou": "United States", "HasPic": false, "Interested": false, "FlightsCount": 0, "Gnd": true, "SpdTyp": 0, "CallSus": false, "Trt": 5, "Year": "2001"}, {"Id": 11103138, "Rcvr": 1, "HasSig": true, "Sig": 102, "Icao": "A96BA2", "Bad": false, "Reg": "N706JB", "FSeen": "/Date(1544393443968)/", "TSecs": 13680, "CMsgs": 3993, "Alt": -225, "GAlt": 117, "InHg": 30.26245, "AltT": 0, "TAlt": 4000, "Call": "JBU2989", "Lat": 40.651291, "Long": -73.775894, "PosTime": 1544395941415, "Mlat": false, "PosStale": true, "Tisb": false, "Spd": 0.0, "Trak": 177.2, "TrkH": false, "TTrk": 0.0, "Type": "A320", "Mdl": "2008 AIRBUS A320-232", "Man": "Airbus", "CNum": "3451", "From": "KBOS General Edward Lawrence Logan, Boston, United States", "To": "KDCA Ronald Reagan Washington National, United States", "Op": "JetBlue Airways", "OpIcao": "JBU", "Sqk": "2000", "Help": false, "Vsi": -960, "VsiT": 0, "Dst": 1.08, "Brng": 24.9, "WTC": 2, "Species": 1, "Engines": "2", "EngType": 3, "EngMount": 0, "Mil": false, "Cou": "United States", "HasPic": false, "Interested": false, "FlightsCount": 0, "Gnd": true, "SpdTyp": 0, "CallSus": false, "Trt": 5, "Year": "2008"}, {"Id": 11351678, "Rcvr": 1, "HasSig": true, "Sig": 70, "Icao": "AD367E", "Bad": false, "Reg": "N950UW", "FSeen": "/Date(1544392211049)/", "TSecs": 14913, "CMsgs": 5296, "Alt": 1775, "GAlt": 2065, "InHg": 30.2096462, "AltT": 0, "Call": "1655D4", "Lat": 40.874401, "Long": -73.794042, "PosTime": 1544407120417, "Mlat": true, "Tisb": false, "Spd": 14.0, "Trak": 230.7, "TrkH": false, "Type": "E190", "Mdl": "2007 EMBRAER ERJ 190-100 IGW", "Man": "Embraer", "CNum": "19000106", "Op": "US AIRWAYS INC     - FORT WORTH, TX", "OpIcao": "AAL", "Sqk": "4203", "Help": false, "Vsi": -816, "VsiT": 0, "Dst": 25.81, "Brng": 357.6, "WTC": 2, "Species": 1, "Engines": "2", "EngType": 3, "EngMount": 0, "Mil": false, "Cou": "United States", "HasPic": false, "Interested": false, "FlightsCount": 0, "Gnd": false, "SpdTyp": 0, "CallSus": true, "Trt": 2, "Year": "2007"}, {"Id": 10668344, "Rcvr": 1, "HasSig": false, "Icao": "A2C938", "Bad": false, "Reg": "N279PH", "FSeen": "/Date(1544391147119)/", "TSecs": 15977, "CMsgs": 6216, "Alt": -250, "GAlt": 40, "InHg": 30.2096462, "AltT": 0, "Call": "N279PH", "Lat": 40.840942, "Long": -74.060211, "PosTime": 1544407108210, "Mlat": false, "Tisb": false, "Spd": 19.0, "Trak": 184.6, "TrkH": false, "Type": "GLF5", "Mdl": "Gulfstream Aerospace GV", "Man": "Gulfstream Aerospace", "CNum": "531", "Op": "General Motors", "Sqk": "3646", "Help": false, "Vsi": 0, "VsiT": 0, "Dst": 32.24, "Brng": 313.3, "WTC": 2, "Species": 1, "Engines": "2", "EngType": 3, "EngMount": 1, "Mil": false, "Cou": "United States", "HasPic": false, "Interested": false, "FlightsCount": 0, "Gnd": true, "SpdTyp": 0, "CallSus": false, "Trt": 5, "Year": "1997"}, {"Id": 11365340, "Rcvr": 1, "HasSig": false, "Icao": "AD6BDC", "Bad": false, "Reg": "N964JT", "FSeen": "/Date(1544390077586)/", "TSecs": 17047, "CMsgs": 8101, "Alt": 16000, "GAlt": 16290, "InHg": 30.2096462, "AltT": 0, "TAlt": 23000, "Call": "JBU464", "Lat": 40.793747, "Long": -73.940063, "PosTime": 1544407121873, "Mlat": false, "Tisb": false, "Spd": 402.0, "Trak": 157.6, "TrkH": false, "Type": "A321", "Mdl": "Airbus A321 231SL", "Man": "Airbus", "CNum": "7018", "From": "KSEA Seattle Tacoma, United States", "To": "KJFK John F Kennedy, New York, United States", "Op": "JetBlue Airways", "OpIcao": "JBU", "Sqk": "3333", "Help": false, "Vsi": -3648, "VsiT": 1, "Dst": 21.49, "Brng": 321.5, "WTC": 2, "Species": 1, "Engines": "2", "EngType": 3, "EngMount": 0, "Mil": false, "Cou": "United States", "HasPic": false, "Interested": false, "FlightsCount": 0, "Gnd": false, "SpdTyp": 0, "CallSus": false, "Trt": 4, "Year": "2016"}, {"Id": 11363438, "Rcvr": 1, "HasSig": true, "Sig": 108, "Icao": "AD646E", "Bad": false, "Reg": "N962JT", "FSeen": "/Date(1544389406162)/", "TSecs": 17718, "CMsgs": 8930, "Alt": -225, "GAlt": 85, "InHg": 30.2303143, "AltT": 0, "TAlt": 4000, "Call": "JBU190", "Lat": 40.629284, "Long": -73.76947, "PosTime": 1544407092101, "Mlat": false, "Tisb": false, "Spd": 19.0, "Trak": 267.2, "TrkH": false, "TTrk": 250.0, "Type": "A321", "Mdl": "Airbus A321 231SL", "Man": "Airbus", "CNum": "6988", "From": "KSAN San Diego, United States", "To": "KJFK John F Kennedy, New York, United States", "Op": "JetBlue Airways", "OpIcao": "JBU", "Sqk": "1366", "Help": false, "Vsi": -1280, "VsiT": 1, "Dst": 1.77, "Brng": 145.8, "WTC": 2, "Species": 1, "Engines": "2", "EngType": 3, "EngMount": 0, "Mil": false, "Cou": "United States", "HasPic": false, "Interested": false, "FlightsCount": 0, "Gnd": true, "SpdTyp": 0, "CallSus": false, "Trt": 4, "Year": "2016"}, {"Id": 3754477, "Rcvr": 1, "HasSig": false, "Icao": "3949ED", "Bad": false, "Reg": "F-GSPN", "FSeen": "/Date(1544388963919)/", "TSecs": 18160, "CMsgs": 5367, "Alt": -225, "GAlt": 85, "InHg": 30.2303143, "AltT": 0, "Call": "AFR008", "Lat": 40.637741, "Long": -73.788456, "PosTime": 1544407120392, "Mlat": false, "Tisb": false, "Spd": 7.2, "Trak": 303.7, "TrkH": false, "Type": "B772", "Mdl": "Boeing 777 228ER", "Man": "Boeing", "CNum": "29011", "From": "LFPG Charles de Gaulle, Paris, France", "To": "KJFK John F Kennedy, New York, United States", "Op": "Air France", "OpIcao": "AFR", "Sqk": "1023", "Help": false, "Vsi": 0, "VsiT": 1, "Dst": 0.8, "Brng": 228.9, "WTC": 3, "Species": 1, "Engines": "2", "EngType": 3, "EngMount": 0, "Mil": false, "Cou": "France", "HasPic": false, "Interested": false, "FlightsCount": 0, "Gnd": true, "SpdTyp": 0, "CallSus": false, "Trt": 2, "Year": "2000", "Sat": true}, {"Id": 10502794, "Rcvr": 1, "HasSig": true, "Sig": 92, "Icao": "A0428A", "Bad": false, "Reg": "N116AN", "FSeen": "/Date(1544385987759)/", "TSecs": 21137, "CMsgs": 9111, "Alt": -225, "GAlt": 85, "InHg": 30.2303143, "AltT": 0, "TAlt": 3008, "Call": "AAL16", "Lat": 40.633713, "Long": -73.770081, "PosTime": 1544405313732, "Mlat": false, "PosStale": true, "Tisb": false, "Spd": 0.0, "Trak": 149.1, "TrkH": false, "TTrk": 0.0, "Type": "A321", "Mdl": "2014 AIRBUS INDUSTRIE A321-231", "Man": "Airbus", "CNum": "6070", "From": "KSFO San Francisco, United States", "To": "KJFK John F Kennedy, New York, United States", "Op": "American Airlines", "OpIcao": "AAL", "Sqk": "3213", "Help": false, "Vsi": -64, "VsiT": 0, "Dst": 1.36, "Brng": 135.9, "WTC": 2, "Species": 1, "Engines": "2", "EngType": 3, "EngMount": 0, "Mil": false, "Cou": "United States", "HasPic": false, "Interested": false, "FlightsCount": 0, "Gnd": true, "SpdTyp": 0, "CallSus": false, "Trt": 5, "Year": "2014"}, {"Id": 4195777, "Rcvr": 1, "HasSig": false, "Icao": "4005C1", "Bad": false, "Reg": "G-RAES", "FSeen": "/Date(1544379356405)/", "TSecs": 27768, "CMsgs": 5778, "Alt": 800, "GAlt": 1110, "InHg": 30.2303143, "AltT": 0, "Call": "BAW179", "Lat": 40.68824, "Long": -73.72113, "PosTime": 1544407121876, "Mlat": false, "Tisb": false, "Spd": 129.0, "Trak": 211.1, "TrkH": false, "Type": "B772", "Mdl": "Boeing 777 236ER", "Man": "Boeing", "CNum": "27491", "From": "EGLL London Heathrow, United Kingdom", "To": "KJFK John F Kennedy, New York, United States", "Op": "British Airways", "OpIcao": "BAW", "Sqk": "2505", "Help": false, "Vsi": -704, "VsiT": 0, "Dst": 7.18, "Brng": 44.9, "WTC": 3, "Species": 1, "Engines": "2", "EngType": 3, "EngMount": 0, "Mil": false, "Cou": "United Kingdom", "HasPic": false, "Interested": false, "FlightsCount": 0, "Gnd": false, "SpdTyp": 0, "CallSus": false, "Trt": 2, "Year": "1997", "Sat": true}, {"Id": 10763141, "Rcvr": 1, "HasSig": true, "Sig": 86, "Icao": "A43B85", "Bad": false, "Reg": "N372DA", "FSeen": "/Date(1544376509251)/", "TSecs": 30615, "CMsgs": 10735, "Alt": -225, "GAlt": 85, "InHg": 30.2303143, "AltT": 0, "TAlt": 1600, "Call": "DAL1455", "Lat": 40.632118, "Long": -73.775955, "PosTime": 1544407035235, "Mlat": false, "Tisb": false, "Spd": 17.0, "Trak": 353.0, "TrkH": false, "TTrk": 224.296875, "Type": "B738", "Mdl": "BOEING 737-832", "Man": "Boeing", "CNum": "29620", "From": "KATL Hartsfield Jackson Atlanta, United States", "To": "KLAX Los Angeles, United States", "Op": "Delta Air Lines", "OpIcao": "DAL", "Sqk": "3725", "Help": false, "Vsi": -128, "VsiT": 0, "Dst": 1.24, "Brng": 158.7, "WTC": 2, "Species": 1, "Engines": "2", "EngType": 3, "EngMount": 0, "Mil": false, "Cou": "United States", "HasPic": false, "Interested": false, "FlightsCount": 0, "Gnd": true, "SpdTyp": 0, "CallSus": false, "Trt": 5, "Year": "1998"}], "totalAc": 5341, "lastDv": "636799733090356965", "shtTrlSec": 65, "stm": 1544407124589}