{"src": 1, "feeds": [{"id": 1, "name": "From Cons", "polarPlot": false}], "srcFeed": 1, "showSil": true, "showFlg": true, "showPic": true, "flgH": 20, "flgW": 85, "acList": [{"Id": 11371631, "Rcvr": 1, "HasSig": true, "Sig": 196, "Icao": "AD846F", "Bad": false, "Reg": "N970JB", "FSeen": "/Date(1544424986553)/", "TSecs": 3653, "CMsgs": 2201, "Alt": -150, "GAlt": 51, "InHg": 30.1210632, "AltT": 0, "TAlt": 2016, "Call": "JBU4", "Lat": 40.646097, "Long": -73.774411, "PosTime": 1544428639056, "Mlat": false, "Tisb": false, "Spd": 0.0, "Trak": 147.3, "TrkH": false, "TTrk": 0.0, "Type": "A321", "Mdl": "Airbus A321 231SL", "Man": "Airbus", "CNum": "7415", "From": "TJSJ Luis Munoz Marin, San Juan, Puerto Rico", "To": "KJFK John F Kennedy, New York, United States", "Op": "JetBlue Airways", "OpIcao": "JBU", "Sqk": "7473", "Help": false, "Vsi": -192, "VsiT": 0, "Dst": 0.71, "Brng": 55.3, "WTC": 2, "Species": 1, "Engines": "2", "EngType": 3, "EngMount": 0, "Mil": false, "Cou": "United States", "HasPic": false, "Interested": false, "FlightsCount": 0, "Gnd": true, "SpdTyp": 0, "CallSus": false, "Trt": 5, "Year": "2016"}, {"Id": 11334991, "Rcvr": 1, "HasSig": true, "Sig": 107, "Icao": "ACF54F", "Bad": false, "Reg": "N934JB", "FSeen": "/Date(1544403282131)/", "TSecs": 25358, "CMsgs": 14266, "Alt": 3188, "GAlt": 3389, "InHg": 30.1210632, "AltT": 0, "TAlt": 3000, "Call": "JBU1224", "Lat": 40.646954, "Long": -73.775757, "PosTime": 1544428625898, "Mlat": false, "Tisb": false, "Spd": 0.0, "Trak": 3.8, "TrkH": false, "TTrk": 130.0, "Type": "A321", "Mdl": "2014 AIRBUS INDUSTRIE A321-231", "Man": "Airbus", "CNum": "6130", "From": "KLAX Los Angeles, United States", "To": "KJFK John F Kennedy, New York, United States", "Op": "JetBlue Airways", "OpIcao": "JBU", "Sqk": "7370", "Help": false, "Vsi": -704, "VsiT": 0, "Dst": 0.68, "Brng": 43.2, "WTC": 2, "Species": 1, "Engines": "2", "EngType": 3, "EngMount": 0, "Mil": false, "Cou": "United States", "HasPic": false, "Interested": false, "FlightsCount": 0, "Gnd": true, "SpdTyp": 0, "CallSus": false, "Trt": 4, "Year": "2014"}, {"Id": 11309223, "Rcvr": 1, "HasSig": false, "Icao": "AC90A7", "Bad": false, "Reg": "N909AM", "FSeen": "/Date(1544402272301)/", "TSecs": 26367, "CMsgs": 7624, "Alt": -225, "GAlt": 56, "InHg": 30.1092529, "AltT": 0, "TAlt": 3008, "Call": "AAL1207", "Lat": 40.776764, "Long": -73.874802, "PosTime": 1544428631459, "Mlat": false, "Tisb": false, "Spd": 0.0, "Trak": 141.4, "TrkH": false, "TTrk": 70.3125, "Type": "A321", "Mdl": "Airbus A321 231SL", "Man": "Airbus", "CNum": "7756", "From": "KDFW Dallas Fort Worth, Dallas-Fort Worth, United States", "To": "KSAN San Diego, United States", "Op": "American Airlines", "OpIcao": "AAL", "Sqk": "6211", "Help": false, "Vsi": -896, "VsiT": 0, "Dst": 16.88, "Brng": 332.2, "WTC": 2, "Species": 1, "Engines": "2", "EngType": 3, "EngMount": 0, "Mil": false, "Cou": "United States", "HasPic": false, "Interested": false, "FlightsCount": 0, "Gnd": true, "SpdTyp": 0, "CallSus": false, "Trt": 5, "Year": "2017"}], "totalAc": 4618, "lastDv": "636797919051755702", "shtTrlSec": 65, "stm": 1544428639656}