{"src": 1, "feeds": [{"id": 1, "name": "From Cons", "polarPlot": false}], "srcFeed": 1, "showSil": true, "showFlg": true, "showPic": true, "flgH": 20, "flgW": 85, "acList": [{"Id": 11172782, "Rcvr": 1, "HasSig": true, "Sig": 166, "Icao": "AA7BAE", "Bad": false, "Reg": "N775AV", "FSeen": "/Date(1544424720363)/", "TSecs": 214, "CMsgs": 137, "Alt": 7825, "GAlt": 8026, "InHg": 30.1207027, "AltT": 0, "TAlt": 23008, "Call": "TAI503", "Lat": 40.508148, "Long": -73.759033, "PosTime": 1544424933747, "Mlat": false, "Tisb": false, "Spd": 295.6, "Trak": 134.2, "TrkH": false, "Type": "A20N", "Mdl": "Airbus A320 251NSL", "Man": "Airbus", "CNum": "8240", "Op": "Avianca", "OpIcao": "AVA", "Sqk": "1634", "Help": false, "Vsi": 2432, "VsiT": 1, "Dst": 15.06, "Brng": 172.8, "WTC": 2, "Species": 1, "Engines": "2", "EngType": 3, "EngMount": 0, "Mil": false, "Cou": "United States", "HasPic": false, "Interested": false, "FlightsCount": 0, "Gnd": false, "SpdTyp": 0, "CallSus": false, "Trt": 5, "Year": "2018"}, {"Id": 11191284, "Rcvr": 1, "HasSig": true, "Sig": 199, "Icao": "AAC3F4", "Bad": false, "Reg": "N793JB", "FSeen": "/Date(1544421808386)/", "TSecs": 3126, "CMsgs": 1905, "Alt": 2450, "GAlt": 2669, "InHg": 30.1387787, "AltT": 0, "TAlt": 2016, "Call": "JBU1562", "Lat": 40.489181, "Long": -73.581807, "PosTime": 1544424933724, "Mlat": false, "Tisb": false, "Spd": 230.8, "Trak": 332.1, "TrkH": false, "TTrk": 0.0, "Type": "A320", "Mdl": "2011 AIRBUS A320-232", "Man": "Airbus", "CNum": "4647", "From": "TBPB Sir Grantley Adams, Bridgetown, Barbados", "To": "KJFK John F Kennedy, New York, United States", "Op": "JetBlue Airways", "OpIcao": "JBU", "Sqk": "2711", "Help": false, "Vsi": -768, "VsiT": 1, "Dst": 23.97, "Brng": 135.3, "WTC": 2, "Species": 1, "Engines": "2", "EngType": 3, "EngMount": 0, "Mil": false, "Cou": "United States", "HasPic": false, "Interested": false, "FlightsCount": 0, "Gnd": false, "SpdTyp": 0, "CallSus": false, "Trt": 5, "Year": "2011"}, {"Id": 11334991, "Rcvr": 1, "HasSig": true, "Sig": 106, "Icao": "ACF54F", "Bad": false, "Reg": "N934JB", "FSeen": "/Date(1544403282164)/", "TSecs": 21652, "CMsgs": 12732, "Alt": 3062, "GAlt": 3281, "InHg": 30.1210632, "AltT": 0, "TAlt": 3000, "Call": "JBU1224", "Lat": 40.646958, "Long": -73.775753, "PosTime": 1544424933701, "Mlat": false, "Tisb": false, "Spd": 0.0, "Trak": 3.8, "TrkH": false, "TTrk": 130.0, "Type": "A321", "Mdl": "2014 AIRBUS INDUSTRIE A321-231", "Man": "Airbus", "CNum": "6130", "From": "KLAX Los Angeles, United States", "To": "KJFK John F Kennedy, New York, United States", "Op": "JetBlue Airways", "OpIcao": "JBU", "Sqk": "7370", "Help": false, "Vsi": -704, "VsiT": 0, "Dst": 0.68, "Brng": 43.2, "WTC": 2, "Species": 1, "Engines": "2", "EngType": 3, "EngMount": 0, "Mil": false, "Cou": "United States", "HasPic": false, "Interested": false, "FlightsCount": 0, "Gnd": true, "SpdTyp": 0, "CallSus": false, "Trt": 4, "Year": "2014"}, {"Id": 11309223, "Rcvr": 1, "HasSig": false, "Icao": "AC90A7", "Bad": false, "Reg": "N909AM", "FSeen": "/Date(1544402272435)/", "TSecs": 22662, "CMsgs": 7005, "Alt": -225, "GAlt": 56, "InHg": 30.1092529, "AltT": 0, "TAlt": 3008, "Call": "AAL1207", "Lat": 40.776752, "Long": -73.874802, "PosTime": 1544424930258, "Mlat": false, "Tisb": false, "Spd": 0.0, "Trak": 141.4, "TrkH": false, "TTrk": 70.3125, "Type": "A321", "Mdl": "Airbus A321 231SL", "Man": "Airbus", "CNum": "7756", "From": "KDFW Dallas Fort Worth, Dallas-Fort Worth, United States", "To": "KSAN San Diego, United States", "Op": "American Airlines", "OpIcao": "AAL", "Sqk": "6211", "Help": false, "Vsi": -896, "VsiT": 0, "Dst": 16.88, "Brng": 332.2, "WTC": 2, "Species": 1, "Engines": "2", "EngType": 3, "EngMount": 0, "Mil": false, "Cou": "United States", "HasPic": false, "Interested": false, "FlightsCount": 0, "Gnd": true, "SpdTyp": 0, "CallSus": false, "Trt": 5, "Year": "2017"}], "totalAc": 4558, "lastDv": "636799758933151679", "shtTrlSec": 65, "stm": 1544424934472}