{"src": 1, "feeds": [{"id": 1, "name": "From Cons", "polarPlot": false}], "srcFeed": 1, "showSil": true, "showFlg": true, "showPic": true, "flgH": 20, "flgW": 85, "acList": [{"Id": 15205444, "Rcvr": 1, "HasSig": true, "Sig": 197, "Icao": "E80444", "Bad": false, "Reg": "CC-BGC", "FSeen": "/Date(1544419635155)/", "TSecs": 814, "CMsgs": 235, "Alt": 2200, "GAlt": 2424, "InHg": 30.1443272, "AltT": 0, "TAlt": 12000, "Call": "LAN537", "Lat": 40.602443, "Long": -73.892607, "PosTime": 1544420447030, "Mlat": false, "Tisb": false, "Spd": 270.7, "Trak": 193.7, "TrkH": false, "TTrk": 170.15625, "Type": "B789", "Mdl": "Boeing 787 9", "Man": "Boeing", "CNum": "35321", "From": "KJFK John F Kennedy, New York, United States", "To": "SPJC Jorge Ch\u00e1vez, Lima, Per\u00fa", "Op": "LATAM Airlines", "OpIcao": "LAN", "Sqk": "1112", "Help": false, "Vsi": 1536, "VsiT": 0, "Dst": 10.4, "Brng": 244.7, "WTC": 3, "Species": 1, "Engines": "2", "EngType": 3, "EngMount": 0, "Mil": false, "Cou": "Chile", "HasPic": false, "Interested": false, "FlightsCount": 0, "Gnd": false, "SpdTyp": 0, "CallSus": false, "Trt": 5, "Year": "2015"}, {"Id": 4960581, "Rcvr": 1, "HasSig": true, "Sig": 208, "Icao": "4BB145", "Bad": false, "Reg": "TC-LJE", "FSeen": "/Date(1544419205898)/", "TSecs": 1243, "CMsgs": 330, "Alt": 11100, "GAlt": 11319, "InHg": 30.1387787, "AltT": 0, "Call": "THY12", "Lat": 40.56221, "Long": -73.475647, "PosTime": 1544420447028, "Mlat": false, "Tisb": false, "Spd": 341.5, "Trak": 81.8, "TrkH": false, "Type": "B773", "Mdl": "Boeing 777 3F2ER", "Man": "Boeing", "CNum": "44126", "From": "KJFK John F Kennedy, New York, United States", "To": "LTBA Atat\u00fcrk, Istanbul, Turkey", "Op": "Turkish Airlines", "OpIcao": "THY", "Sqk": "7143", "Help": false, "Vsi": 1024, "VsiT": 0, "Dst": 27.3, "Brng": 109.0, "WTC": 3, "Species": 1, "Engines": "2", "EngType": 3, "EngMount": 0, "Mil": false, "Cou": "Turkey", "HasPic": false, "Interested": false, "FlightsCount": 0, "Gnd": false, "SpdTyp": 0, "CallSus": false, "Trt": 2, "Year": "2015"}, {"Id": 10799862, "Rcvr": 1, "HasSig": true, "Sig": 162, "Icao": "A4CAF6", "Bad": false, "Reg": "N408GG", "FSeen": "/Date(1544414954822)/", "TSecs": 5494, "CMsgs": 2498, "Alt": 25, "GAlt": 249, "InHg": 30.1443272, "AltT": 0, "TAlt": 2016, "Call": "N408GG", "Lat": 40.748338, "Long": -74.015954, "PosTime": 1544420447031, "Mlat": false, "Tisb": false, "Spd": 89.6, "Trak": 203.7, "TrkH": false, "Type": "B407", "Mdl": "Bell 407 GX", "Man": "Bell", "CNum": "54558", "Op": "Gary O Galiher", "Sqk": "1200", "Help": false, "Vsi": 512, "VsiT": 1, "Dst": 23.02, "Brng": 300.8, "WTC": 1, "Species": 4, "Engines": "1", "EngType": 2, "EngMount": 0, "Mil": false, "Cou": "United States", "HasPic": false, "Interested": false, "FlightsCount": 0, "Gnd": false, "SpdTyp": 0, "CallSus": false, "Trt": 5, "Year": "2014"}, {"Id": 854419, "Rcvr": 1, "HasSig": true, "Sig": 82, "Icao": "0D0993", "Bad": false, "Reg": "XA-VLN", "FSeen": "/Date(1544410424861)/", "TSecs": 10024, "CMsgs": 5293, "Alt": -150, "GAlt": 69, "InHg": 30.1387787, "AltT": 0, "TAlt": 36992, "Call": "VOI858", "Lat": 40.652332, "Long": -73.778534, "PosTime": 1544420329401, "Mlat": false, "PosStale": true, "Tisb": false, "Spd": 16.0, "Trak": 120.9, "TrkH": false, "TTrk": 350.15625, "Type": "A320", "Mdl": "Airbus A320 233SL", "Man": "Airbus", "CNum": "6948", "From": "MMMX Licenciado Benito Juarez, Mexico City, Mexico", "To": "KJFK John F Kennedy, New York, United States", "Op": "Volaris", "OpIcao": "VOI", "Sqk": "3704", "Help": false, "Vsi": -640, "VsiT": 0, "Dst": 1.12, "Brng": 12.0, "WTC": 2, "Species": 1, "Engines": "2", "EngType": 3, "EngMount": 0, "Mil": false, "Cou": "Mexico", "HasPic": false, "Interested": false, "FlightsCount": 0, "Gnd": true, "SpdTyp": 0, "CallSus": false, "Trt": 5, "Year": "2015"}, {"Id": 10998392, "Rcvr": 1, "HasSig": true, "Sig": 151, "Icao": "A7D278", "Bad": false, "Reg": "N603AV", "FSeen": "/Date(1544409318800)/", "TSecs": 11130, "CMsgs": 4799, "Alt": -150, "GAlt": 69, "InHg": 30.1387787, "AltT": 0, "Call": "LRC670", "Lat": 40.651062, "Long": -73.775391, "PosTime": 1544420412792, "Mlat": false, "Tisb": false, "Spd": 10.5, "Trak": 208.1, "TrkH": false, "Type": "A320", "Mdl": "2013 AIRBUS A320-233", "Man": "Airbus", "CNum": "5840", "From": "MROC Juan Santamaria, San Jose, Costa Rica", "To": "KLAX Los Angeles, United States", "Stops": ["MSLP El Salvador, Santa Clara, El Salvador"], "Op": "WELLS FARGO BANK NORTHWEST NA TRUSTEE     - SALT LAKE CITY, UT", "OpIcao": "AVA", "Sqk": "2473", "Help": false, "Vsi": 0, "VsiT": 1, "Dst": 1.08, "Brng": 27.5, "WTC": 2, "Species": 1, "Engines": "2", "EngType": 3, "EngMount": 0, "Mil": false, "Cou": "United States", "HasPic": false, "Interested": false, "FlightsCount": 0, "Gnd": true, "SpdTyp": 0, "CallSus": false, "Trt": 2, "Year": "2013"}, {"Id": 11376402, "Rcvr": 1, "HasSig": true, "Sig": 142, "Icao": "AD9712", "Bad": false, "Reg": "N975JT", "FSeen": "/Date(1544407246204)/", "TSecs": 13203, "CMsgs": 6100, "Alt": 4950, "GAlt": 5245, "InHg": 30.2151985, "AltT": 0, "TAlt": 8992, "Call": "JBU2836", "Lat": 40.647692, "Long": -73.777391, "PosTime": 1544414454693, "Mlat": false, "PosStale": true, "Tisb": false, "Spd": 0.0, "Trak": 160.1, "TrkH": false, "TTrk": 0.0, "Type": "A321", "Mdl": "Airbus A321 231SL", "Man": "Airbus", "CNum": "7520", "Op": "JetBlue Airways", "OpIcao": "JBU", "Sqk": "2000", "Help": false, "Vsi": -128, "VsiT": 0, "Dst": 0.67, "Brng": 29.6, "WTC": 2, "Species": 1, "Engines": "2", "EngType": 3, "EngMount": 0, "Mil": false, "Cou": "United States", "HasPic": false, "Interested": false, "FlightsCount": 0, "Gnd": true, "SpdTyp": 0, "CallSus": false, "Trt": 5, "Year": "2016"}, {"Id": 10956578, "Rcvr": 1, "HasSig": true, "Sig": 70, "Icao": "A72F22", "Bad": false, "Reg": "N562JB", "FSeen": "/Date(1544403419095)/", "TSecs": 17030, "CMsgs": 5791, "Alt": -150, "GAlt": 169, "InHg": 30.2388229, "AltT": 0, "TAlt": 3008, "Call": "JBU1818", "Lat": 40.633186, "Long": -73.768875, "PosTime": 1544406818368, "Mlat": false, "PosStale": true, "Tisb": false, "Spd": 0.0, "Trak": 210.9, "TrkH": false, "TTrk": 0.0, "Type": "A320", "Mdl": "2003 AIRBUS A320-232", "Man": "Airbus", "CNum": "1948", "From": "TTPP Piarco, Port of Spain, Trinidad and Tobago", "To": "KJFK John F Kennedy, New York, United States", "Op": "JetBlue Airways", "OpIcao": "JBU", "Sqk": "2666", "Help": false, "Vsi": -640, "VsiT": 0, "Dst": 1.47, "Brng": 134.6, "WTC": 2, "Species": 1, "Engines": "2", "EngType": 3, "EngMount": 0, "Mil": false, "Cou": "United States", "HasPic": false, "Interested": false, "FlightsCount": 0, "Gnd": true, "SpdTyp": 0, "CallSus": false, "Trt": 5, "Year": "2003"}, {"Id": 11334991, "Rcvr": 1, "HasSig": true, "Sig": 62, "Icao": "ACF54F", "Bad": false, "Reg": "N934JB", "FSeen": "/Date(1544403282153)/", "TSecs": 17167, "CMsgs": 10742, "Alt": 16600, "GAlt": 16810, "InHg": 30.129921, "AltT": 0, "TAlt": 13000, "Call": "JBU1224", "Lat": 40.763626, "Long": -73.992737, "PosTime": 1544420448277, "Mlat": false, "Tisb": false, "Spd": 321.4, "Trak": 163.4, "TrkH": false, "TTrk": 180.0, "Type": "A321", "Mdl": "2014 AIRBUS INDUSTRIE A321-231", "Man": "Airbus", "CNum": "6130", "From": "KLAX Los Angeles, United States", "To": "KJFK John F Kennedy, New York, United States", "Op": "JetBlue Airways", "OpIcao": "JBU", "Sqk": "7370", "Help": false, "Vsi": -1920, "VsiT": 1, "Dst": 22.34, "Brng": 307.1, "WTC": 2, "Species": 1, "Engines": "2", "EngType": 3, "EngMount": 0, "Mil": false, "Cou": "United States", "HasPic": false, "Interested": false, "FlightsCount": 0, "Gnd": false, "SpdTyp": 0, "CallSus": false, "Trt": 4, "Year": "2014"}, {"Id": 11119800, "Rcvr": 1, "HasSig": true, "Sig": 167, "Icao": "A9ACB8", "Bad": false, "Reg": "N722TW", "FSeen": "/Date(1544403169623)/", "TSecs": 17279, "CMsgs": 10290, "Alt": -175, "GAlt": 94, "InHg": 30.1889763, "AltT": 0, "TAlt": 3008, "Call": "DAL2144", "Lat": 40.637578, "Long": -73.792919, "PosTime": 1544420447010, "Mlat": false, "Tisb": false, "Spd": 84.0, "Trak": 298.8, "TrkH": false, "TTrk": 312.890625, "Type": "B752", "Mdl": "Boeing 757-231 (SkyTeam Livery)", "Man": "Boeing", "CNum": "29385", "From": "KDTW Detroit Metropolitan Wayne County, United States", "To": "KDCA Ronald Reagan Washington National, United States", "Op": "Delta Air Lines (SkyTeam Livery)", "OpIcao": "DAL", "Sqk": "3355", "Help": false, "Vsi": -128, "VsiT": 1, "Dst": 1.12, "Brng": 240.9, "WTC": 2, "Species": 1, "Engines": "2", "EngType": 3, "EngMount": 0, "Mil": false, "Cou": "United States", "HasPic": false, "Interested": false, "FlightsCount": 0, "Gnd": true, "SpdTyp": 0, "CallSus": false, "Tag": "SPLIV", "Trt": 5, "Year": "1999"}, {"Id": 11309223, "Rcvr": 1, "HasSig": false, "Icao": "AC90A7", "Bad": false, "Reg": "N909AM", "FSeen": "/Date(1544402272219)/", "TSecs": 18177, "CMsgs": 6472, "Alt": -225, "GAlt": 56, "InHg": 30.129921, "AltT": 0, "TAlt": 3008, "Call": "AAL1207", "Lat": 40.776867, "Long": -73.874954, "PosTime": 1544420438428, "Mlat": false, "Tisb": false, "Spd": 0.0, "Trak": 314.7, "TrkH": false, "TTrk": 70.3125, "Type": "A321", "Mdl": "Airbus A321 231SL", "Man": "Airbus", "CNum": "7756", "From": "KDFW Dallas Fort Worth, Dallas-Fort Worth, United States", "To": "KSAN San Diego, United States", "Op": "American Airlines", "OpIcao": "AAL", "Sqk": "6211", "Help": false, "Vsi": -896, "VsiT": 0, "Dst": 16.9, "Brng": 332.2, "WTC": 2, "Species": 1, "Engines": "2", "EngType": 3, "EngMount": 0, "Mil": false, "Cou": "United States", "HasPic": false, "Interested": false, "FlightsCount": 0, "Gnd": true, "SpdTyp": 0, "CallSus": false, "Trt": 5, "Year": "2017"}, {"Id": 10502143, "Rcvr": 1, "HasSig": false, "Icao": "A03FFF", "Bad": false, "Reg": "N115NN", "FSeen": "/Date(1544395090209)/", "TSecs": 25359, "CMsgs": 13250, "Alt": 49500, "GAlt": 49790, "InHg": 30.2096462, "AltT": 0, "TAlt": 4000, "Call": "AAL32", "Lat": 40.649551, "Long": -73.795166, "PosTime": 1544412873417, "Mlat": false, "PosStale": true, "Tisb": false, "Spd": 0.0, "Trak": 165.9, "TrkH": false, "TTrk": 0.0, "Type": "A321", "Mdl": "2014 AIRBUS INDUSTRIE A321-231", "Man": "Airbus", "CNum": "6063", "From": "KLAX Los Angeles, United States", "To": "KJFK John F Kennedy, New York, United States", "Op": "American Airlines", "OpIcao": "AAL", "Sqk": "1200", "Help": false, "Vsi": -128, "VsiT": 0, "Dst": 1.41, "Brng": 303.9, "WTC": 2, "Species": 1, "Engines": "2", "EngType": 3, "EngMount": 0, "Mil": false, "Cou": "United States", "HasPic": false, "Interested": false, "FlightsCount": 0, "Gnd": true, "SpdTyp": 0, "CallSus": false, "Trt": 5, "Year": "2014"}, {"Id": 11363438, "Rcvr": 1, "HasSig": true, "Sig": 102, "Icao": "AD646E", "Bad": false, "Reg": "N962JT", "FSeen": "/Date(1544389476038)/", "TSecs": 30973, "CMsgs": 12217, "Alt": -150, "GAlt": 160, "InHg": 30.2303143, "AltT": 0, "TAlt": 4000, "Call": "JBU6123", "Lat": 40.642769, "Long": -73.771088, "PosTime": 1544407306749, "Mlat": false, "PosStale": true, "Tisb": false, "Spd": 0.0, "Trak": 199.7, "TrkH": false, "TTrk": 250.0, "Type": "A321", "Mdl": "Airbus A321 231SL", "Man": "Airbus", "CNum": "6988", "Op": "JetBlue Airways", "OpIcao": "JBU", "Sqk": "7006", "Help": false, "Vsi": -1280, "VsiT": 0, "Dst": 0.86, "Brng": 87.9, "WTC": 2, "Species": 1, "Engines": "2", "EngType": 3, "EngMount": 0, "Mil": false, "Cou": "United States", "HasPic": false, "Interested": false, "FlightsCount": 0, "Gnd": true, "SpdTyp": 0, "CallSus": false, "Trt": 4, "Year": "2016"}, {"Id": 11002378, "Rcvr": 1, "HasSig": true, "Sig": 194, "Icao": "A7E20A", "Bad": false, "Reg": "N607JB", "FSeen": "/Date(1544368970847)/", "TSecs": 51478, "CMsgs": 15957, "Alt": -175, "GAlt": 49, "InHg": 30.1443272, "AltT": 0, "TAlt": 2016, "Call": "JBU2358", "Lat": 40.651579, "Long": -73.781371, "PosTime": 1544416673411, "Mlat": false, "PosStale": true, "Tisb": false, "Spd": 0.0, "Trak": 191.3, "TrkH": false, "TTrk": 0.0, "Type": "A320", "Mdl": "2005 AIRBUS A320-232", "Man": "Airbus", "CNum": "2386", "Op": "JetBlue Airways", "OpIcao": "JBU", "Sqk": "2000", "Help": false, "Vsi": -448, "VsiT": 0, "Dst": 1.01, "Brng": 359.6, "WTC": 2, "Species": 1, "Engines": "2", "EngType": 3, "EngMount": 0, "Mil": false, "Cou": "United States", "HasPic": false, "Interested": false, "FlightsCount": 0, "Gnd": true, "SpdTyp": 0, "CallSus": false, "Trt": 5, "Year": "2005"}], "totalAc": 3752, "lastDv": "636796354155472570", "shtTrlSec": 65, "stm": 1544420449508}