{"src": 1, "feeds": [{"id": 1, "name": "From Cons", "polarPlot": false}], "srcFeed": 1, "showSil": true, "showFlg": true, "showPic": true, "flgH": 20, "flgW": 85, "acList": [{"Id": 3754477, "Rcvr": 1, "HasSig": true, "Sig": 216, "Icao": "3949ED", "Bad": false, "Reg": "F-GSPN", "FSeen": "/Date(1544417175654)/", "TSecs": 1193, "CMsgs": 320, "Alt": 10100, "GAlt": 10319, "InHg": 30.1387787, "AltT": 0, "Call": "AFR009", "Lat": 40.57933, "Long": -73.615417, "PosTime": 1544418367144, "Mlat": false, "Tisb": false, "Spd": 313.1, "Trak": 98.1, "TrkH": false, "Type": "B772", "Mdl": "Boeing 777 228ER", "Man": "Boeing", "CNum": "29011", "From": "KJFK John F Kennedy, New York, United States", "To": "LFPG Charles de Gaulle, Paris, France", "Op": "Air France", "OpIcao": "AFR", "Sqk": "2734", "Help": false, "Vsi": 832, "VsiT": 0, "Dst": 15.66, "Brng": 116.6, "WTC": 3, "Species": 1, "Engines": "2", "EngType": 3, "EngMount": 0, "Mil": false, "Cou": "France", "HasPic": false, "Interested": false, "FlightsCount": 0, "Gnd": false, "SpdTyp": 0, "CallSus": false, "Trt": 2, "Year": "2000"}, {"Id": 10573414, "Rcvr": 1, "HasSig": true, "Sig": 1, "Icao": "A15666", "Bad": false, "Reg": "N18557", "FSeen": "/Date(1544414763028)/", "TSecs": 3606, "CMsgs": 2305, "Alt": 3450, "GAlt": 3719, "InHg": 30.1889763, "AltT": 0, "Call": "ASQ4313", "Lat": 40.554634, "Long": -74.066953, "PosTime": 1544418368345, "Mlat": true, "Tisb": false, "Spd": 391.9, "Trak": 134.0, "TrkH": false, "Type": "E145", "Mdl": " EMBRAER EMB-145LR", "Man": "Embraer", "CNum": "145596", "Op": "WELLS FARGO BANK NORTHWEST NA TRUSTEE     - SALT LAKE CITY, UT", "OpIcao": "ASQ", "Sqk": "1707", "Help": false, "Vsi": -896, "VsiT": 1, "Dst": 26.02, "Brng": 248.0, "WTC": 2, "Species": 1, "Engines": "2", "EngType": 3, "EngMount": 1, "Mil": false, "Cou": "United States", "HasPic": false, "Interested": false, "FlightsCount": 0, "Gnd": false, "SpdTyp": 0, "CallSus": true, "Trt": 2}, {"Id": 11357131, "Rcvr": 1, "HasSig": false, "Icao": "AD4BCB", "Bad": false, "Reg": "N956JT", "FSeen": "/Date(1544414628843)/", "TSecs": 3740, "CMsgs": 2332, "Alt": 200, "GAlt": 419, "InHg": 30.1387787, "AltT": 0, "TAlt": 36992, "Call": "JBU36", "Lat": 40.636322, "Long": -73.742859, "PosTime": 1544418368345, "Mlat": false, "Tisb": false, "Spd": 120.0, "Trak": 300.0, "TrkH": false, "Type": "A321", "Mdl": "Airbus A321 231SL", "Man": "Airbus", "CNum": "6791", "From": "MDST Cibao, Santiago, Dominican Republic", "To": "KJFK John F Kennedy, New York, United States", "Op": "JetBlue Airways", "OpIcao": "JBU", "Sqk": "7447", "Help": false, "Vsi": -704, "VsiT": 1, "Dst": 3.31, "Brng": 101.9, "WTC": 2, "Species": 1, "Engines": "2", "EngType": 3, "EngMount": 0, "Mil": false, "Cou": "United States", "HasPic": false, "Interested": false, "FlightsCount": 0, "Gnd": true, "SpdTyp": 0, "CallSus": false, "Trt": 5, "Year": "2015"}, {"Id": 11318700, "Rcvr": 1, "HasSig": false, "Icao": "ACB5AC", "Bad": false, "Reg": "N918PD", "FSeen": "/Date(1544414417400)/", "TSecs": 3952, "CMsgs": 2614, "Alt": 825, "GAlt": 1076, "InHg": 30.1712589, "AltT": 0, "Call": "N918PD", "Lat": 40.602489, "Long": -74.062271, "PosTime": 1544418368345, "Mlat": false, "Tisb": false, "Spd": 80.0, "Trak": 58.7, "TrkH": false, "Type": "B429", "Mdl": "BELL HELICOPTER TEXTRON CANADA 429", "Man": "BELL", "CNum": "57188", "Op": "NEW YORK CITY POLICE DEPARTMENT", "Sqk": "0362", "Help": false, "Vsi": 0, "VsiT": 0, "Dst": 24.13, "Brng": 259.5, "WTC": 1, "Species": 4, "Engines": "2", "EngType": 2, "EngMount": 0, "Mil": false, "Cou": "United States", "HasPic": true, "PicX": 700, "PicY": 406, "Interested": false, "FlightsCount": 0, "Gnd": false, "SpdTyp": 0, "CallSus": false, "Tag": "LE", "Trt": 5, "Year": "2014"}, {"Id": 11324691, "Rcvr": 1, "HasSig": false, "Icao": "ACCD13", "Bad": false, "Reg": "N924AN", "FSeen": "/Date(1544410823611)/", "TSecs": 7545, "CMsgs": 3019, "Alt": 2625, "GAlt": 2776, "InHg": 30.0708656, "AltT": 0, "Lat": 40.6588, "Long": -73.9805, "PosTime": 1544418365965, "Mlat": true, "Tisb": false, "Spd": 501.1, "Trak": 24.4, "TrkH": false, "Type": "B738", "Mdl": "BOEING 737-823", "Man": "Boeing", "CNum": "29525", "Op": "American Airlines", "OpIcao": "AAL", "Sqk": "1407", "Help": false, "Vsi": 64, "VsiT": 1, "Dst": 16.9, "Brng": 276.2, "WTC": 2, "Species": 1, "Engines": "2", "EngType": 3, "EngMount": 0, "Mil": false, "Cou": "United States", "HasPic": false, "Interested": false, "FlightsCount": 0, "Gnd": false, "SpdTyp": 0, "CallSus": false, "Trt": 2, "Year": "1999"}, {"Id": 852842, "Rcvr": 1, "HasSig": true, "Sig": 102, "Icao": "0D036A", "Bad": false, "Reg": "XA-VTA", "FSeen": "/Date(1544410658480)/", "TSecs": 7711, "CMsgs": 4533, "Alt": 1825, "GAlt": 1825, "InHg": 29.9202747, "AltT": 0, "Call": "AIJ960", "Lat": 40.57695, "Long": -73.607727, "PosTime": 1544418368339, "Mlat": true, "Tisb": false, "Spd": 540.0, "Trak": 308.4, "TrkH": false, "Type": "A320", "Mdl": "Airbus A320 214", "Man": "Airbus", "CNum": "1259", "Op": "Interjet", "OpIcao": "AIJ", "Sqk": "2372", "Help": false, "Vsi": 33, "VsiT": 0, "Dst": 16.36, "Brng": 116.4, "WTC": 2, "Species": 1, "Engines": "2", "EngType": 3, "EngMount": 0, "Mil": false, "Cou": "Mexico", "HasPic": false, "Interested": false, "FlightsCount": 0, "Gnd": false, "SpdTyp": 0, "CallSus": true, "Trt": 2, "Year": "2000"}, {"Id": 11376402, "Rcvr": 1, "HasSig": true, "Sig": 97, "Icao": "AD9712", "Bad": false, "Reg": "N975JT", "FSeen": "/Date(1544407246201)/", "TSecs": 11123, "CMsgs": 4990, "Alt": 9650, "GAlt": 9945, "InHg": 30.2151985, "AltT": 0, "TAlt": 8992, "Call": "JBU2836", "Lat": 40.647692, "Long": -73.777391, "PosTime": 1544414454737, "Mlat": false, "PosStale": true, "Tisb": false, "Spd": 0.0, "Trak": 160.1, "TrkH": false, "TTrk": 0.0, "Type": "A321", "Mdl": "Airbus A321 231SL", "Man": "Airbus", "CNum": "7520", "Op": "JetBlue Airways", "OpIcao": "JBU", "Sqk": "2000", "Help": false, "Vsi": -128, "VsiT": 0, "Dst": 0.67, "Brng": 29.6, "WTC": 2, "Species": 1, "Engines": "2", "EngType": 3, "EngMount": 0, "Mil": false, "Cou": "United States", "HasPic": false, "Interested": false, "FlightsCount": 0, "Gnd": true, "SpdTyp": 0, "CallSus": false, "Trt": 5, "Year": "2016"}, {"Id": 11366291, "Rcvr": 1, "HasSig": true, "Sig": 113, "Icao": "AD6F93", "Bad": false, "Reg": "N965JT", "FSeen": "/Date(1544406473223)/", "TSecs": 11896, "CMsgs": 5488, "Alt": -175, "GAlt": 115, "InHg": 30.2096462, "AltT": 0, "TAlt": 4000, "Call": "JBU1503", "Lat": 40.650112, "Long": -73.778107, "PosTime": 1544414466929, "Mlat": false, "PosStale": true, "Tisb": false, "Spd": 0.0, "Trak": 210.9, "TrkH": false, "TTrk": 19.6875, "Type": "A321", "Mdl": "Airbus A321 231SL", "Man": "Airbus", "CNum": "6512", "From": "KJFK John F Kennedy, New York, United States", "To": "TJSJ Luis Munoz Marin, San Juan, Puerto Rico", "Op": "JetBlue Airways", "OpIcao": "JBU", "Sqk": "1732", "Help": false, "Vsi": -192, "VsiT": 0, "Dst": 0.89, "Brng": 17.5, "WTC": 2, "Species": 1, "Engines": "2", "EngType": 3, "EngMount": 0, "Mil": false, "Cou": "United States", "HasPic": false, "Interested": false, "FlightsCount": 0, "Gnd": true, "SpdTyp": 0, "CallSus": false, "Trt": 5, "Year": "2016"}, {"Id": 10956578, "Rcvr": 1, "HasSig": false, "Icao": "A72F22", "Bad": false, "Reg": "N562JB", "FSeen": "/Date(1544403419176)/", "TSecs": 14950, "CMsgs": 5178, "Alt": -175, "GAlt": 144, "InHg": 30.2388229, "AltT": 0, "TAlt": 3008, "Call": "JBU1818", "Lat": 40.633186, "Long": -73.768875, "PosTime": 1544406818368, "Mlat": false, "PosStale": true, "Tisb": false, "Spd": 0.0, "Trak": 210.9, "TrkH": false, "TTrk": 0.0, "Type": "A320", "Mdl": "2003 AIRBUS A320-232", "Man": "Airbus", "CNum": "1948", "From": "TTPP Piarco, Port of Spain, Trinidad and Tobago", "To": "KJFK John F Kennedy, New York, United States", "Op": "JetBlue Airways", "OpIcao": "JBU", "Sqk": "2666", "Help": false, "Vsi": -640, "VsiT": 0, "Dst": 1.47, "Brng": 134.6, "WTC": 2, "Species": 1, "Engines": "2", "EngType": 3, "EngMount": 0, "Mil": false, "Cou": "United States", "HasPic": false, "Interested": false, "FlightsCount": 0, "Gnd": true, "SpdTyp": 0, "CallSus": false, "Trt": 5, "Year": "2003"}, {"Id": 11309223, "Rcvr": 1, "HasSig": false, "Icao": "AC90A7", "Bad": false, "Reg": "N909AM", "FSeen": "/Date(1544402272658)/", "TSecs": 16096, "CMsgs": 6005, "Alt": -225, "GAlt": 56, "InHg": 30.129921, "AltT": 0, "TAlt": 3008, "Call": "AAL1207", "Lat": 40.77673, "Long": -73.874786, "PosTime": 1544418352953, "Mlat": false, "Tisb": false, "Spd": 0.0, "Trak": 122.3, "TrkH": false, "TTrk": 70.3125, "Type": "A321", "Mdl": "Airbus A321 231SL", "Man": "Airbus", "CNum": "7756", "From": "KDFW Dallas Fort Worth, Dallas-Fort Worth, United States", "To": "KSAN San Diego, United States", "Op": "American Airlines", "OpIcao": "AAL", "Sqk": "6211", "Help": false, "Vsi": -896, "VsiT": 0, "Dst": 16.88, "Brng": 332.2, "WTC": 2, "Species": 1, "Engines": "2", "EngType": 3, "EngMount": 0, "Mil": false, "Cou": "United States", "HasPic": false, "Interested": false, "FlightsCount": 0, "Gnd": true, "SpdTyp": 0, "CallSus": false, "Trt": 5, "Year": "2017"}, {"Id": 10719255, "Rcvr": 1, "HasSig": true, "Sig": 132, "Icao": "A39017", "Bad": false, "Reg": "N329DN", "FSeen": "/Date(1544401944296)/", "TSecs": 16425, "CMsgs": 8941, "Alt": 11650, "GAlt": 11851, "InHg": 30.1207027, "AltT": 0, "TAlt": 2016, "Call": "DAL1830", "Lat": 40.4496, "Long": -73.892944, "PosTime": 1544418368336, "Mlat": false, "Tisb": false, "Spd": 304.2, "Trak": 165.1, "TrkH": false, "TTrk": 180.0, "Type": "A321", "Mdl": "Airbus A321 211SL", "Man": "Airbus", "CNum": "7885", "From": "KSLC Salt Lake City, United States", "To": "KJFK John F Kennedy, New York, United States", "Op": "Delta Air Lines", "OpIcao": "DAL", "Sqk": "6270", "Help": false, "Vsi": -2432, "VsiT": 1, "Dst": 23.43, "Brng": 203.8, "WTC": 2, "Species": 1, "Engines": "2", "EngType": 3, "EngMount": 0, "Mil": false, "Cou": "United States", "HasPic": false, "Interested": false, "FlightsCount": 0, "Gnd": false, "SpdTyp": 0, "CallSus": false, "Trt": 5, "Year": "2017"}, {"Id": 10752479, "Rcvr": 1, "HasSig": true, "Sig": 83, "Icao": "A411DF", "Bad": false, "Reg": "N361VA", "FSeen": "/Date(1544400144044)/", "TSecs": 18225, "CMsgs": 10804, "Alt": -175, "GAlt": 44, "InHg": 30.1387787, "AltT": 0, "Call": "ASA1416", "Lat": 40.650238, "Long": -73.784882, "PosTime": 1544418364433, "Mlat": false, "Tisb": false, "Spd": 2.5, "Trak": 188.4, "TrkH": false, "Type": "A320", "Mdl": "2013 AIRBUS A320-214", "Man": "Airbus", "CNum": "5515", "Op": "Virgin America", "OpIcao": "ASA", "Sqk": "7242", "Help": false, "Vsi": 0, "VsiT": 0, "Dst": 0.91, "Brng": 340.6, "WTC": 2, "Species": 1, "Engines": "2", "EngType": 3, "EngMount": 0, "Mil": false, "Cou": "United States", "HasPic": false, "Interested": false, "FlightsCount": 0, "Gnd": true, "SpdTyp": 0, "CallSus": false, "Trt": 2, "Year": "2013"}, {"Id": 10499941, "Rcvr": 1, "HasSig": false, "Icao": "A03765", "Bad": false, "Reg": "N113AN", "FSeen": "/Date(1544398924072)/", "TSecs": 19445, "CMsgs": 11443, "Alt": -200, "GAlt": 60, "InHg": 30.1801186, "AltT": 0, "Call": "AAL2201", "Lat": 40.652287, "Long": -73.787827, "PosTime": 1544418114074, "Mlat": false, "PosStale": true, "Tisb": false, "Spd": 0.4, "Trak": 151.9, "TrkH": false, "Type": "A321", "Mdl": "2014 AIRBUS INDUSTRIE A321-231", "Man": "Airbus", "CNum": "6020", "From": "KIAD Washington Dulles, United States", "To": "KTPA Tampa, United States", "Stops": ["KDFW Dallas Fort Worth, Dallas-Fort Worth, United States"], "Op": "American Airlines", "OpIcao": "AAL", "Sqk": "4020", "Help": false, "Vsi": 0, "VsiT": 0, "Dst": 1.22, "Brng": 333.1, "WTC": 2, "Species": 1, "Engines": "2", "EngType": 3, "EngMount": 0, "Mil": false, "Cou": "United States", "HasPic": false, "Interested": false, "FlightsCount": 0, "Gnd": true, "SpdTyp": 0, "CallSus": false, "Trt": 2, "Year": "2014"}, {"Id": 10502143, "Rcvr": 1, "HasSig": true, "Sig": 107, "Icao": "A03FFF", "Bad": false, "Reg": "N115NN", "FSeen": "/Date(1544395092393)/", "TSecs": 23277, "CMsgs": 12225, "Alt": 1893, "GAlt": 2183, "InHg": 30.2096462, "AltT": 0, "TAlt": 4000, "Call": "AAL32", "Lat": 40.649551, "Long": -73.795166, "PosTime": 1544412873677, "Mlat": false, "PosStale": true, "Tisb": false, "Spd": 0.0, "Trak": 165.9, "TrkH": false, "TTrk": 0.0, "Type": "A321", "Mdl": "2014 AIRBUS INDUSTRIE A321-231", "Man": "Airbus", "CNum": "6063", "From": "KLAX Los Angeles, United States", "To": "KJFK John F Kennedy, New York, United States", "Op": "American Airlines", "OpIcao": "AAL", "Sqk": "1200", "Help": false, "Vsi": -128, "VsiT": 0, "Dst": 1.41, "Brng": 303.9, "WTC": 2, "Species": 1, "Engines": "2", "EngType": 3, "EngMount": 0, "Mil": false, "Cou": "United States", "HasPic": false, "Interested": false, "FlightsCount": 0, "Gnd": true, "SpdTyp": 0, "CallSus": false, "Trt": 5, "Year": "2014"}, {"Id": 11363438, "Rcvr": 1, "HasSig": true, "Sig": 129, "Icao": "AD646E", "Bad": false, "Reg": "N962JT", "FSeen": "/Date(1544389406162)/", "TSecs": 28963, "CMsgs": 11617, "Alt": -175, "GAlt": 135, "InHg": 30.2303143, "AltT": 0, "TAlt": 4000, "Call": "JBU190", "Lat": 40.642769, "Long": -73.771088, "PosTime": 1544407306768, "Mlat": false, "PosStale": true, "Tisb": false, "Spd": 0.0, "Trak": 199.7, "TrkH": false, "TTrk": 250.0, "Type": "A321", "Mdl": "Airbus A321 231SL", "Man": "Airbus", "CNum": "6988", "From": "KSAN San Diego, United States", "To": "KJFK John F Kennedy, New York, United States", "Op": "JetBlue Airways", "OpIcao": "JBU", "Sqk": "2000", "Help": false, "Vsi": -1280, "VsiT": 0, "Dst": 0.86, "Brng": 87.9, "WTC": 2, "Species": 1, "Engines": "2", "EngType": 3, "EngMount": 0, "Mil": false, "Cou": "United States", "HasPic": false, "Interested": false, "FlightsCount": 0, "Gnd": true, "SpdTyp": 0, "CallSus": false, "Trt": 4, "Year": "2016"}, {"Id": 10493934, "Rcvr": 1, "HasSig": true, "Sig": 54, "Icao": "A01FEE", "Bad": false, "Reg": "N107NN", "FSeen": "/Date(1544376508264)/", "TSecs": 41861, "CMsgs": 15592, "Alt": -175, "GAlt": 85, "InHg": 30.1801186, "AltT": 0, "Call": "AAL166", "Lat": 40.653934, "Long": -73.781784, "PosTime": 1544418296506, "Mlat": false, "Tisb": false, "Spd": 18.0, "Trak": 241.9, "TrkH": false, "Type": "A321", "Mdl": "2014 AIRBUS INDUSTRIE A321-231", "Man": "Airbus", "CNum": "5938", "From": "KBOS General Edward Lawrence Logan, Boston, United States", "To": "KLAX Los Angeles, United States", "Op": "American Airlines", "OpIcao": "AAL", "Sqk": "2132", "Help": false, "Vsi": 0, "VsiT": 0, "Dst": 1.27, "Brng": 358.1, "WTC": 2, "Species": 1, "Engines": "2", "EngType": 3, "EngMount": 0, "Mil": false, "Cou": "United States", "HasPic": false, "Interested": false, "FlightsCount": 0, "Gnd": true, "SpdTyp": 0, "CallSus": false, "Trt": 2, "Year": "2014"}, {"Id": 11002378, "Rcvr": 1, "HasSig": true, "Sig": 194, "Icao": "A7E20A", "Bad": false, "Reg": "N607JB", "FSeen": "/Date(1544376508112)/", "TSecs": 41861, "CMsgs": 15135, "Alt": -175, "GAlt": 49, "InHg": 30.1443272, "AltT": 0, "TAlt": 2016, "Call": "JBU2358", "Lat": 40.651579, "Long": -73.781371, "PosTime": 1544416673427, "Mlat": false, "PosStale": true, "Tisb": false, "Spd": 0.0, "Trak": 191.3, "TrkH": false, "TTrk": 0.0, "Type": "A320", "Mdl": "2005 AIRBUS A320-232", "Man": "Airbus", "CNum": "2386", "Op": "JetBlue Airways", "OpIcao": "JBU", "Sqk": "2000", "Help": false, "Vsi": -448, "VsiT": 0, "Dst": 1.01, "Brng": 359.6, "WTC": 2, "Species": 1, "Engines": "2", "EngType": 3, "EngMount": 0, "Mil": false, "Cou": "United States", "HasPic": false, "Interested": false, "FlightsCount": 0, "Gnd": true, "SpdTyp": 0, "CallSus": false, "Trt": 5, "Year": "2005"}], "totalAc": 3728, "lastDv": "636799733117306738", "shtTrlSec": 65, "stm": 1544418369464}