{"src": 1, "feeds": [{"id": 1, "name": "From Cons", "polarPlot": false}], "srcFeed": 1, "showSil": true, "showFlg": true, "showPic": true, "flgH": 20, "flgW": 85, "acList": [{"Id": 9004131, "Rcvr": 1, "HasSig": true, "Sig": 199, "Icao": "896463", "Bad": false, "Reg": "A6-APH", "FSeen": "/Date(1544412529669)/", "TSecs": 119, "CMsgs": 66, "Alt": 1650, "GAlt": 1945, "InHg": 30.2151985, "AltT": 0, "TAlt": 11008, "Call": "ETD47N", "Lat": 40.619993, "Long": -73.885928, "PosTime": 1544412647491, "Mlat": false, "Tisb": false, "Spd": 228.8, "Trak": 217.7, "TrkH": false, "TTrk": 233.4375, "Type": "A388", "Mdl": "Airbus A380 861", "Man": "Airbus", "CNum": "199", "From": "KJFK John F Kennedy, New York, United States", "To": "OMAA Abu Dhabi, United Arab Emirates", "Op": "Etihad Airways", "OpIcao": "ETD", "Sqk": "1162", "Help": false, "Vsi": 576, "VsiT": 1, "Dst": 9.18, "Brng": 254.2, "WTC": 3, "Species": 1, "Engines": "4", "EngType": 3, "EngMount": 0, "Mil": false, "Cou": "United Arab Emirates", "HasPic": false, "Interested": false, "FlightsCount": 0, "Gnd": false, "SpdTyp": 0, "CallSus": false, "Trt": 5, "Year": "2015"}, {"Id": 4195709, "Rcvr": 1, "HasSig": true, "Sig": 194, "Icao": "40057D", "Bad": false, "Reg": "G-CIVD", "FSeen": "/Date(1544412214423)/", "TSecs": 435, "CMsgs": 165, "Alt": 6675, "GAlt": 6965, "InHg": 30.2096462, "AltT": 0, "Call": "BAW14K", "Lat": 40.552585, "Long": -73.815578, "PosTime": 1544412646067, "Mlat": false, "Tisb": false, "Spd": 277.3, "Trak": 78.8, "TrkH": false, "Type": "B744", "Mdl": "Boeing 747 436", "Man": "Boeing", "CNum": "27349", "From": "KJFK John F Kennedy, New York, United States", "To": "EGLL London Heathrow, United Kingdom", "Op": "British Airways", "OpIcao": "BAW", "Sqk": "3364", "Help": false, "Vsi": 2944, "VsiT": 0, "Dst": 10.41, "Brng": 196.2, "WTC": 3, "Species": 1, "Engines": "4", "EngType": 3, "EngMount": 0, "Mil": false, "Cou": "United Kingdom", "HasPic": false, "Interested": false, "FlightsCount": 0, "Gnd": false, "SpdTyp": 0, "CallSus": false, "Trt": 2, "Year": "1994"}, {"Id": 11118416, "Rcvr": 1, "HasSig": false, "Icao": "A9A750", "Bad": false, "Reg": "N721AN", "FSeen": "/Date(1544412170615)/", "TSecs": 479, "CMsgs": 148, "Alt": -225, "GAlt": 65, "InHg": 30.2096462, "AltT": 0, "Call": "AAL951", "Lat": 40.64888, "Long": -73.790497, "PosTime": 1544412644656, "Mlat": false, "Tisb": false, "Spd": 0.0, "Trak": 171.6, "TrkH": false, "Type": "B77W", "Mdl": "2013 BOEING 777-323ER", "Man": "Boeing", "CNum": "31546", "From": "KJFK John F Kennedy, New York, United States", "To": "SBGR Guarulhos - Governador Andr\u00e9 Franco Montoro, S\u00e3o Paulo, Brazil", "Op": "American Airlines", "OpIcao": "AAL", "Sqk": "1616", "Help": false, "VsiT": 0, "Dst": 1.05, "Brng": 312.4, "WTC": 3, "Species": 1, "Engines": "2", "EngType": 3, "EngMount": 0, "Mil": false, "Cou": "United States", "HasPic": false, "Interested": false, "FlightsCount": 0, "Gnd": true, "SpdTyp": 0, "CallSus": false, "Trt": 2, "Year": "2013"}, {"Id": 3425486, "Rcvr": 1, "HasSig": true, "Sig": 189, "Icao": "3444CE", "Bad": false, "Reg": "EC-MAJ", "FSeen": "/Date(1544412154669)/", "TSecs": 494, "CMsgs": 282, "Alt": 9550, "GAlt": 9840, "InHg": 30.2096462, "AltT": 0, "Call": "AEA092", "Lat": 40.500595, "Long": -73.677612, "PosTime": 1544412647489, "Mlat": false, "Tisb": false, "Spd": 294.3, "Trak": 117.5, "TrkH": false, "Type": "A332", "Mdl": "Airbus A330 243", "Man": "Airbus", "CNum": "992", "From": "KJFK John F Kennedy, New York, United States", "To": "LEMD Madrid Barajas, Spain", "Op": "Air Europa", "OpIcao": "AEA", "Sqk": "3365", "Help": false, "Vsi": 2880, "VsiT": 1, "Dst": 18.04, "Brng": 150.9, "WTC": 3, "Species": 1, "Engines": "2", "EngType": 3, "EngMount": 0, "Mil": false, "Cou": "Spain", "HasPic": false, "Interested": false, "FlightsCount": 0, "Gnd": false, "SpdTyp": 0, "CallSus": false, "Trt": 2, "Year": "2009"}, {"Id": 4196210, "Rcvr": 1, "HasSig": true, "Sig": 193, "Icao": "400772", "Bad": false, "Reg": "G-VIIU", "FSeen": "/Date(1544412058623)/", "TSecs": 591, "CMsgs": 279, "Alt": 13225, "GAlt": 13515, "InHg": 30.2096462, "AltT": 0, "Call": "BAW10C", "Lat": 40.551498, "Long": -73.416748, "PosTime": 1544412647489, "Mlat": false, "Tisb": false, "Spd": 371.1, "Trak": 88.5, "TrkH": false, "Type": "B772", "Mdl": "Boeing 777 236ER", "Man": "Boeing", "CNum": "29963", "From": "EGPF Glasgow, United Kingdom", "To": "EGKK London Gatwick, United Kingdom", "Op": "British Airways", "OpIcao": "BAW", "Sqk": "3003", "Help": false, "Vsi": 2368, "VsiT": 0, "Dst": 32.4, "Brng": 108.1, "WTC": 3, "Species": 1, "Engines": "2", "EngType": 3, "EngMount": 0, "Mil": false, "Cou": "United Kingdom", "HasPic": false, "Interested": false, "FlightsCount": 0, "Gnd": false, "SpdTyp": 0, "CallSus": false, "Trt": 2, "Year": "1999"}, {"Id": 4921471, "Rcvr": 1, "HasSig": true, "Sig": 10, "Icao": "4B187F", "Bad": false, "Reg": "HB-JHF", "FSeen": "/Date(1544411950945)/", "TSecs": 698, "CMsgs": 344, "Alt": 10250, "GAlt": 10531, "InHg": 30.2007866, "AltT": 0, "Call": "SWR19R", "Lat": 40.749939, "Long": -74.073303, "PosTime": 1544412647490, "Mlat": false, "Tisb": false, "Spd": 308.6, "Trak": 47.6, "TrkH": false, "Type": "A333", "Mdl": "Airbus A330 343E", "Man": "Airbus", "CNum": "1089", "From": "KEWR Newark Liberty, United States", "To": "LSZH Z\u00fcrich, Switzerland", "Op": "Swiss International Air Lines", "OpIcao": "SWR", "Sqk": "1722", "Help": false, "Vsi": 896, "VsiT": 0, "Dst": 27.37, "Brng": 296.0, "WTC": 3, "Species": 1, "Engines": "2", "EngType": 3, "EngMount": 0, "Mil": false, "Cou": "Switzerland", "HasPic": false, "Interested": false, "FlightsCount": 0, "Gnd": false, "SpdTyp": 0, "CallSus": false, "Trt": 2, "Year": "2010"}, {"Id": 11164562, "Rcvr": 1, "HasSig": false, "Icao": "AA5B92", "Bad": false, "Reg": "N767AJ", "FSeen": "/Date(1544411926516)/", "TSecs": 723, "CMsgs": 151, "Alt": -200, "GAlt": 90, "InHg": 30.2096462, "AltT": 0, "Call": "AAL104", "Lat": 40.64854, "Long": -73.79364, "PosTime": 1544412639612, "Mlat": false, "Tisb": false, "Spd": 10.0, "Trak": 242.2, "TrkH": false, "Type": "B772", "Mdl": "2006 BOEING 777-223", "Man": "Boeing", "CNum": "33539", "From": "KJFK John F Kennedy, New York, United States", "To": "EGLL London Heathrow, United Kingdom", "Op": "AMERICAN AIRLINES INC     - FORT WORTH, TX", "OpIcao": "AAL", "Sqk": "1630", "Help": false, "VsiT": 0, "Dst": 1.24, "Brng": 302.8, "WTC": 3, "Species": 1, "Engines": "2", "EngType": 3, "EngMount": 0, "Mil": false, "Cou": "United States", "HasPic": false, "Interested": false, "FlightsCount": 0, "Gnd": true, "SpdTyp": 0, "CallSus": false, "Trt": 2, "Year": "2006"}, {"Id": 11162167, "Rcvr": 1, "HasSig": true, "Sig": 191, "Icao": "AA5237", "Bad": false, "Reg": "N764US", "FSeen": "/Date(1544411101044)/", "TSecs": 1548, "CMsgs": 925, "Alt": 33000, "GAlt": 33260, "InHg": 30.1801186, "AltT": 0, "Call": "AAL2138", "Lat": 40.432713, "Long": -73.969574, "PosTime": 1544412644643, "Mlat": true, "Tisb": false, "Trak": 47.5, "TrkH": false, "Type": "A319", "Mdl": "2000 AIRBUS INDUSTRIE A319-112", "Man": "Airbus", "CNum": "1369", "From": "KDCA Ronald Reagan Washington National, United States", "To": "KBOS General Edward Lawrence Logan, Boston, United States", "Op": "American Airlines", "OpIcao": "AAL", "Sqk": "2141", "Help": false, "VsiT": 0, "Dst": 28.24, "Brng": 214.4, "WTC": 2, "Species": 1, "Engines": "2", "EngType": 3, "EngMount": 0, "Mil": false, "Cou": "United States", "HasPic": false, "Interested": false, "FlightsCount": 0, "Gnd": false, "SpdTyp": 0, "CallSus": true, "Trt": 2, "Year": "2000"}, {"Id": 11382611, "Rcvr": 1, "HasSig": true, "Sig": 91, "Icao": "ADAF53", "Bad": false, "Reg": "N981EV", "FSeen": "/Date(1544410049918)/", "TSecs": 2599, "CMsgs": 939, "Alt": 23150, "GAlt": 23440, "InHg": 30.2096462, "AltT": 0, "Lat": 40.643738, "Long": -73.855713, "PosTime": 1544411927788, "Mlat": false, "PosStale": true, "Tisb": false, "Spd": 223.2, "Trak": 217.5, "TrkH": false, "Type": "CRJ2", "Mdl": "2003 BOMBARDIER INC CL-600-2B19", "Man": "Bombardier", "CNum": "7768", "Op": "US BANK NA TRUSTEE     - WILMINGTON, DE", "OpIcao": "EDV", "Sqk": "1134", "Help": false, "Vsi": 704, "VsiT": 1, "Dst": 6.28, "Brng": 271.3, "WTC": 2, "Species": 1, "Engines": "2", "EngType": 3, "EngMount": 1, "Mil": false, "Cou": "United States", "HasPic": false, "Interested": false, "FlightsCount": 0, "Gnd": false, "SpdTyp": 0, "CallSus": false, "Trt": 2, "Year": "2003"}, {"Id": 11400425, "Rcvr": 1, "HasSig": true, "Sig": 18, "Icao": "ADF4E9", "Bad": false, "Reg": "N999JQ", "FSeen": "/Date(1544408488897)/", "TSecs": 4160, "CMsgs": 1668, "Alt": -225, "GAlt": 70, "InHg": 30.2151985, "AltT": 0, "TAlt": 8992, "Call": "JBU1804", "Lat": 40.646819, "Long": -73.772819, "PosTime": 1544410957165, "Mlat": false, "PosStale": true, "Tisb": false, "Spd": 0.0, "Trak": 177.2, "TrkH": false, "TTrk": 0.0, "Type": "A321", "Mdl": "Airbus A321 231SL", "Man": "Airbus", "CNum": "8538", "Op": "JetBlue Airways", "OpIcao": "JBU", "Sqk": "0662", "Help": false, "Vsi": -64, "VsiT": 0, "Dst": 0.86, "Brng": 56.0, "WTC": 2, "Species": 1, "Engines": "2", "EngType": 3, "EngMount": 0, "Mil": false, "Cou": "United States", "HasPic": false, "Interested": false, "FlightsCount": 0, "Gnd": false, "SpdTyp": 0, "CallSus": false, "Trt": 5}, {"Id": 10950271, "Rcvr": 1, "HasSig": false, "Icao": "A7167F", "Bad": false, "Reg": "N556JB", "FSeen": "/Date(1544407976076)/", "TSecs": 4673, "CMsgs": 2794, "Alt": 32400, "GAlt": 32690, "InHg": 30.2096462, "AltT": 0, "TAlt": 27008, "Call": "JBU796", "Lat": 40.616867, "Long": -73.824768, "PosTime": 1544412647471, "Mlat": false, "Tisb": false, "Spd": 555.0, "Trak": 50.2, "TrkH": false, "Type": "A320", "Mdl": "2002 AIRBUS A320-232", "Man": "Airbus", "CNum": "1904", "From": "TNCM Princess Juliana, Saint Martin, Sint Maarten", "To": "KBOS General Edward Lawrence Logan, Boston, United States", "Op": "JetBlue Airways", "OpIcao": "JBU", "Sqk": "3110", "Help": false, "Vsi": -1728, "VsiT": 0, "Dst": 4.65, "Brng": 232.2, "WTC": 2, "Species": 1, "Engines": "2", "EngType": 3, "EngMount": 0, "Mil": false, "Cou": "United States", "HasPic": false, "Interested": false, "FlightsCount": 0, "Gnd": false, "SpdTyp": 0, "CallSus": false, "Trt": 2, "Year": "2002"}, {"Id": 11220316, "Rcvr": 1, "HasSig": true, "Sig": 183, "Icao": "AB355C", "Bad": false, "Reg": "N821JB", "FSeen": "/Date(1544407479580)/", "TSecs": 5170, "CMsgs": 2948, "Alt": 28300, "GAlt": 28312, "InHg": 29.93171, "AltT": 0, "TAlt": 27008, "Call": "JBU1906", "Lat": 40.801987, "Long": -73.552917, "PosTime": 1544412647470, "Mlat": false, "Tisb": false, "Spd": 531.2, "Trak": 56.9, "TrkH": false, "Type": "A320", "Mdl": "2012 AIRBUS A320-232", "Man": "Airbus", "CNum": "5417", "From": "KBNA Nashville, United States", "To": "KBOS General Edward Lawrence Logan, Boston, United States", "Op": "JetBlue Airways", "OpIcao": "JBU", "Sqk": "1542", "Help": false, "Vsi": -1920, "VsiT": 0, "Dst": 26.17, "Brng": 47.3, "WTC": 2, "Species": 1, "Engines": "2", "EngType": 3, "EngMount": 0, "Mil": false, "Cou": "United States", "HasPic": false, "Interested": false, "FlightsCount": 0, "Gnd": false, "SpdTyp": 0, "CallSus": false, "Trt": 2, "Year": "2012"}, {"Id": 11376402, "Rcvr": 1, "HasSig": true, "Sig": 141, "Icao": "AD9712", "Bad": false, "Reg": "N975JT", "FSeen": "/Date(1544407246204)/", "TSecs": 5403, "CMsgs": 2672, "Alt": 2386, "GAlt": 2681, "InHg": 30.2151985, "AltT": 0, "TAlt": 8992, "Call": "JBU2836", "Lat": 40.647692, "Long": -73.777391, "PosTime": 1544410465681, "Mlat": false, "PosStale": true, "Tisb": false, "Spd": 0.0, "Trak": 160.1, "TrkH": false, "TTrk": 0.0, "Type": "A321", "Mdl": "Airbus A321 231SL", "Man": "Airbus", "CNum": "7520", "Op": "JetBlue Airways", "OpIcao": "JBU", "Sqk": "2000", "Help": false, "Vsi": -128, "VsiT": 0, "Dst": 0.67, "Brng": 29.6, "WTC": 2, "Species": 1, "Engines": "2", "EngType": 3, "EngMount": 0, "Mil": false, "Cou": "United States", "HasPic": false, "Interested": false, "FlightsCount": 0, "Gnd": true, "SpdTyp": 0, "CallSus": false, "Trt": 5, "Year": "2016"}, {"Id": 10813842, "Rcvr": 1, "HasSig": false, "Icao": "A50192", "Bad": false, "Reg": "N421YX", "FSeen": "/Date(1544407118913)/", "TSecs": 5530, "CMsgs": 3257, "Alt": 100, "GAlt": 369, "InHg": 30.1889763, "AltT": 0, "TAlt": 3008, "Call": "RPA4439", "Lat": 40.797218, "Long": -73.860962, "PosTime": 1544412647470, "Mlat": false, "Tisb": false, "Spd": 129.0, "Trak": 212.1, "TrkH": false, "Type": "E75L", "Mdl": "2014 EMBRAER S A ERJ170-200LR", "Man": "Embraer", "CNum": "17000386", "Op": "REPUBLIC AIRLINE INC     - INDIANAPOLIS, IN", "OpIcao": "RPA", "Sqk": "3176", "Help": false, "Vsi": -768, "VsiT": 0, "Dst": 18.47, "Brng": 338.7, "WTC": 2, "Species": 1, "Engines": "2", "EngType": 3, "EngMount": 0, "Mil": false, "Cou": "United States", "HasPic": false, "Interested": false, "FlightsCount": 0, "Gnd": false, "SpdTyp": 0, "CallSus": false, "Trt": 2, "Year": "2014"}, {"Id": 11367242, "Rcvr": 1, "HasSig": true, "Sig": 66, "Icao": "AD734A", "Bad": false, "Reg": "N966JT", "FSeen": "/Date(1544406737008)/", "TSecs": 5912, "CMsgs": 3284, "Alt": -225, "GAlt": -212, "InHg": 29.93171, "AltT": 0, "TAlt": 35008, "Call": "JBU478", "Lat": 40.647273, "Long": -73.771882, "PosTime": 1544412639585, "Mlat": false, "Tisb": false, "Spd": 18.0, "Trak": 180.0, "TrkH": false, "TTrk": 40.078125, "Type": "A321", "Mdl": "Airbus A321 231SL", "Man": "Airbus", "CNum": "7230", "From": "KJAX Jacksonville, United States", "To": "KJFK John F Kennedy, New York, United States", "Op": "JetBlue Airways", "OpIcao": "JBU", "Sqk": "3012", "Help": false, "Vsi": -640, "VsiT": 0, "Dst": 0.96, "Brng": 56.1, "WTC": 2, "Species": 1, "Engines": "2", "EngType": 3, "EngMount": 0, "Mil": false, "Cou": "United States", "HasPic": false, "Interested": false, "FlightsCount": 0, "Gnd": true, "SpdTyp": 0, "CallSus": false, "Trt": 5, "Year": "2016"}, {"Id": 11244453, "Rcvr": 1, "HasSig": true, "Sig": 59, "Icao": "AB93A5", "Bad": false, "Reg": "N845NN", "FSeen": "/Date(1544406147118)/", "TSecs": 6502, "CMsgs": 3751, "Alt": 4225, "GAlt": 4515, "InHg": 30.2096462, "AltT": 0, "Call": "AAL279", "Lat": 40.566179, "Long": -74.06558, "PosTime": 1544412628215, "Mlat": false, "Tisb": false, "Spd": 264.4, "Trak": 34.8, "TrkH": false, "Type": "B738", "Mdl": "2010 BOEING 737-823", "Man": "Boeing", "CNum": "40579", "From": "EGPH Edinburgh, United Kingdom", "To": "KMCO Orlando, United States", "Stops": ["KJFK John F Kennedy, New York, United States"], "Op": "American Airlines", "OpIcao": "AAL", "Sqk": "2556", "Help": false, "Vsi": -704, "VsiT": 0, "Dst": 25.46, "Brng": 250.6, "WTC": 2, "Species": 1, "Engines": "2", "EngType": 3, "EngMount": 0, "Mil": false, "Cou": "United States", "HasPic": true, "PicX": 3441, "PicY": 2271, "Interested": false, "FlightsCount": 0, "Gnd": false, "SpdTyp": 0, "CallSus": false, "Trt": 2, "Year": "2010"}, {"Id": 10533006, "Rcvr": 1, "HasSig": false, "Icao": "A0B88E", "Bad": false, "Reg": "N14568", "FSeen": "/Date(1544406008222)/", "TSecs": 6641, "CMsgs": 3660, "Alt": -225, "GAlt": 6, "InHg": 30.15059, "AltT": 0, "Call": "ASQ3993", "Lat": 40.711608, "Long": -74.15191, "PosTime": 1544412597637, "Mlat": true, "Tisb": false, "Spd": 525.4, "Trak": 206.2, "TrkH": false, "Type": "E145", "Mdl": "2002 EMBRAER EMB-145LR", "Man": "Embraer", "CNum": "145628", "Op": "WELLS FARGO BANK NORTHWEST NA TRUSTEE     - SALT LAKE CITY, UT", "OpIcao": "ASQ", "Sqk": "0477", "Help": false, "Vsi": 896, "VsiT": 1, "Dst": 32.19, "Brng": 283.9, "WTC": 2, "Species": 1, "Engines": "2", "EngType": 3, "EngMount": 1, "Mil": false, "Cou": "United States", "HasPic": false, "Interested": false, "FlightsCount": 0, "Gnd": true, "SpdTyp": 0, "CallSus": true, "Trt": 2, "Year": "2002"}, {"Id": 10998682, "Rcvr": 1, "HasSig": false, "Icao": "A7D39A", "Bad": false, "Reg": "N603NK", "FSeen": "/Date(1544405479776)/", "TSecs": 7169, "CMsgs": 4104, "Alt": 650, "GAlt": 931, "InHg": 30.2007866, "AltT": 0, "Call": "NKS150", "Lat": 40.735107, "Long": -74.137634, "PosTime": 1544412647471, "Mlat": false, "Tisb": false, "Spd": 138.0, "Trak": 206.2, "TrkH": false, "Type": "A320", "Mdl": "2010 AIRBUS A320-232", "Man": "Airbus", "CNum": "4321", "From": "MSLP El Salvador, Santa Clara, El Salvador", "To": "KFLL Fort Lauderdale Hollywood, United States", "Op": "Spirit Airlines", "OpIcao": "NKS", "Sqk": "1633", "Help": false, "Vsi": -832, "VsiT": 0, "Dst": 31.76, "Brng": 289.0, "WTC": 2, "Species": 1, "Engines": "2", "EngType": 3, "EngMount": 0, "Mil": false, "Cou": "United States", "HasPic": false, "Interested": false, "FlightsCount": 0, "Gnd": false, "SpdTyp": 0, "CallSus": false, "Trt": 2, "Year": "2010"}, {"Id": 10585572, "Rcvr": 1, "HasSig": false, "Icao": "A185E4", "Bad": false, "Reg": "N198AA", "FSeen": "/Date(1544405025653)/", "TSecs": 7624, "CMsgs": 4274, "Alt": 2750, "GAlt": 3040, "InHg": 30.2096462, "AltT": 0, "Call": "AAL2572", "Lat": 40.458549, "Long": -73.583488, "PosTime": 1544412647471, "Mlat": false, "Tisb": false, "Spd": 226.0, "Trak": 9.7, "TrkH": false, "Type": "B752", "Mdl": "2001 BOEING 757-223", "Man": "Boeing", "CNum": "32392", "From": "KORD Chicago O'Hare, United States", "To": "KLAX Los Angeles, United States", "Stops": ["KMIA Miami, United States"], "Op": "American Airlines", "OpIcao": "AAL", "Sqk": "5755", "Help": false, "Vsi": 0, "VsiT": 0, "Dst": 26.41, "Brng": 140.7, "WTC": 2, "Species": 1, "Engines": "2", "EngType": 3, "EngMount": 0, "Mil": false, "Cou": "United States", "HasPic": false, "Interested": false, "FlightsCount": 0, "Gnd": false, "SpdTyp": 0, "CallSus": false, "Trt": 2, "Year": "2001"}, {"Id": 10956578, "Rcvr": 1, "HasSig": true, "Sig": 71, "Icao": "A72F22", "Bad": false, "Reg": "N562JB", "FSeen": "/Date(1544403419095)/", "TSecs": 9230, "CMsgs": 3242, "Alt": 33325, "GAlt": 33644, "InHg": 30.2388229, "AltT": 0, "TAlt": 3008, "Call": "JBU1818", "Lat": 40.633186, "Long": -73.768875, "PosTime": 1544406818368, "Mlat": false, "PosStale": true, "Tisb": false, "Spd": 0.0, "Trak": 210.9, "TrkH": false, "TTrk": 0.0, "Type": "A320", "Mdl": "2003 AIRBUS A320-232", "Man": "Airbus", "CNum": "1948", "From": "TTPP Piarco, Port of Spain, Trinidad and Tobago", "To": "KJFK John F Kennedy, New York, United States", "Op": "JetBlue Airways", "OpIcao": "JBU", "Sqk": "2666", "Help": false, "Vsi": -640, "VsiT": 0, "Dst": 1.47, "Brng": 134.6, "WTC": 2, "Species": 1, "Engines": "2", "EngType": 3, "EngMount": 0, "Mil": false, "Cou": "United States", "HasPic": false, "Interested": false, "FlightsCount": 0, "Gnd": true, "SpdTyp": 0, "CallSus": false, "Trt": 5, "Year": "2003"}, {"Id": 10535980, "Rcvr": 1, "HasSig": true, "Sig": 12, "Icao": "A0C42C", "Bad": false, "Reg": "N149AN", "FSeen": "/Date(1544403083447)/", "TSecs": 9566, "CMsgs": 5425, "Alt": 1725, "GAlt": 2006, "InHg": 30.2007866, "AltT": 0, "Call": "AAL2708", "Lat": 40.855774, "Long": -73.787964, "PosTime": 1544412646050, "Mlat": false, "Tisb": false, "Spd": 157.1, "Trak": 294.4, "TrkH": false, "Type": "A321", "Mdl": "Airbus A321 231SL", "Man": "Airbus", "CNum": "6812", "From": "KDFW Dallas Fort Worth, Dallas-Fort Worth, United States", "To": "KEWR Newark Liberty, United States", "Op": "American Airlines", "OpIcao": "AAL", "Sqk": "6753", "Help": false, "Vsi": -1344, "VsiT": 0, "Dst": 23.72, "Brng": 358.6, "WTC": 2, "Species": 1, "Engines": "2", "EngType": 3, "EngMount": 0, "Mil": false, "Cou": "United States", "HasPic": false, "Interested": false, "FlightsCount": 0, "Gnd": false, "SpdTyp": 0, "CallSus": false, "Trt": 2, "Year": "2015"}, {"Id": 11309223, "Rcvr": 1, "HasSig": false, "Icao": "AC90A7", "Bad": false, "Reg": "N909AM", "FSeen": "/Date(1544402272219)/", "TSecs": 10377, "CMsgs": 5527, "Alt": -225, "GAlt": 56, "InHg": 30.2007866, "AltT": 0, "TAlt": 3008, "Call": "AAL1207", "Lat": 40.778168, "Long": -73.874634, "PosTime": 1544412628247, "Mlat": false, "Tisb": false, "Spd": 2.0, "Trak": 61.9, "TrkH": false, "TTrk": 70.3125, "Type": "A321", "Mdl": "Airbus A321 231SL", "Man": "Airbus", "CNum": "7756", "From": "KDFW Dallas Fort Worth, Dallas-Fort Worth, United States", "To": "KSAN San Diego, United States", "Op": "American Airlines", "OpIcao": "AAL", "Sqk": "6211", "Help": false, "Vsi": -896, "VsiT": 0, "Dst": 17.02, "Brng": 332.5, "WTC": 2, "Species": 1, "Engines": "2", "EngType": 3, "EngMount": 0, "Mil": false, "Cou": "United States", "HasPic": false, "Interested": false, "FlightsCount": 0, "Gnd": true, "SpdTyp": 0, "CallSus": false, "Trt": 5, "Year": "2017"}, {"Id": 10957529, "Rcvr": 1, "HasSig": true, "Sig": 139, "Icao": "A732D9", "Bad": false, "Reg": "N563JB", "FSeen": "/Date(1544399788612)/", "TSecs": 12861, "CMsgs": 5376, "Alt": -225, "GAlt": 94, "InHg": 30.2388229, "AltT": 0, "TAlt": 2016, "Call": "JBU135", "Lat": 40.629398, "Long": -73.769943, "PosTime": 1544405433448, "Mlat": false, "PosStale": true, "Tisb": false, "Spd": 0.0, "Trak": 239.1, "TrkH": false, "TTrk": 279.84375, "Type": "A320", "Mdl": "2003 AIRBUS A320-232", "Man": "Airbus", "CNum": "2006", "From": "KJFK John F Kennedy, New York, United States", "To": "KRSW Southwest Florida, Fort Myers, United States", "Op": "JetBlue Airways", "OpIcao": "JBU", "Sqk": "7165", "Help": false, "Vsi": -576, "VsiT": 0, "Dst": 1.74, "Brng": 146.7, "WTC": 2, "Species": 1, "Engines": "2", "EngType": 3, "EngMount": 0, "Mil": false, "Cou": "United States", "HasPic": false, "Interested": false, "FlightsCount": 0, "Gnd": true, "SpdTyp": 0, "CallSus": false, "Trt": 5, "Year": "2003"}, {"Id": 10502143, "Rcvr": 1, "HasSig": true, "Sig": 97, "Icao": "A03FFF", "Bad": false, "Reg": "N115NN", "FSeen": "/Date(1544395090209)/", "TSecs": 17559, "CMsgs": 9526, "Alt": -225, "GAlt": -212, "InHg": 29.93171, "AltT": 0, "TAlt": 4000, "Call": "AAL32", "Lat": 40.654093, "Long": -73.782135, "PosTime": 1544412596022, "Mlat": false, "Tisb": false, "Spd": 9.0, "Trak": 241.9, "TrkH": false, "TTrk": 0.0, "Type": "A321", "Mdl": "2014 AIRBUS INDUSTRIE A321-231", "Man": "Airbus", "CNum": "6063", "From": "KLAX Los Angeles, United States", "To": "KJFK John F Kennedy, New York, United States", "Op": "American Airlines", "OpIcao": "AAL", "Sqk": "2023", "Help": false, "Vsi": -128, "VsiT": 0, "Dst": 1.29, "Brng": 356.8, "WTC": 2, "Species": 1, "Engines": "2", "EngType": 3, "EngMount": 0, "Mil": false, "Cou": "United States", "HasPic": false, "Interested": false, "FlightsCount": 0, "Gnd": true, "SpdTyp": 0, "CallSus": false, "Trt": 5, "Year": "2014"}, {"Id": 11337844, "Rcvr": 1, "HasSig": true, "Sig": 137, "Icao": "AD0074", "Bad": false, "Reg": "N937JB", "FSeen": "/Date(1544393615645)/", "TSecs": 19034, "CMsgs": 10002, "Alt": -225, "GAlt": 65, "InHg": 30.2096462, "AltT": 0, "TAlt": 4000, "Call": "JBU624", "Lat": 40.651508, "Long": -73.781235, "PosTime": 1544412253141, "Mlat": false, "PosStale": true, "Tisb": false, "Spd": 0.0, "Trak": 230.6, "TrkH": false, "TTrk": 330.0, "Type": "A321", "Mdl": "2014 AIRBUS A321-231", "Man": "Airbus", "CNum": "6245", "From": "KLAX Los Angeles, United States", "To": "KJFK John F Kennedy, New York, United States", "Op": "JetBlue Airways", "OpIcao": "JBU", "Sqk": "7202", "Help": false, "Vsi": 0, "VsiT": 0, "Dst": 1.0, "Brng": 0.2, "WTC": 2, "Species": 1, "Engines": "2", "EngType": 3, "EngMount": 0, "Mil": false, "Cou": "United States", "HasPic": false, "Interested": false, "FlightsCount": 0, "Gnd": true, "SpdTyp": 0, "CallSus": false, "Trt": 4, "Year": "2014"}, {"Id": 11363438, "Rcvr": 1, "HasSig": true, "Sig": 135, "Icao": "AD646E", "Bad": false, "Reg": "N962JT", "FSeen": "/Date(1544389476038)/", "TSecs": 23173, "CMsgs": 9603, "Alt": 2545, "GAlt": 2855, "InHg": 30.2303143, "AltT": 0, "TAlt": 4000, "Lat": 40.642769, "Long": -73.771088, "PosTime": 1544407306749, "Mlat": false, "PosStale": true, "Tisb": false, "Spd": 0.0, "Trak": 199.7, "TrkH": false, "TTrk": 250.0, "Type": "A321", "Mdl": "Airbus A321 231SL", "Man": "Airbus", "CNum": "6988", "Op": "JetBlue Airways", "OpIcao": "JBU", "Sqk": "2000", "Help": false, "Vsi": -1280, "VsiT": 0, "Dst": 0.86, "Brng": 87.9, "WTC": 2, "Species": 1, "Engines": "2", "EngType": 3, "EngMount": 0, "Mil": false, "Cou": "United States", "HasPic": false, "Interested": false, "FlightsCount": 0, "Gnd": true, "SpdTyp": 0, "CallSus": false, "Trt": 4, "Year": "2016"}, {"Id": 11039969, "Rcvr": 1, "HasSig": true, "Sig": 197, "Icao": "A874E1", "Bad": false, "Reg": "N644JB", "FSeen": "/Date(1544388071631)/", "TSecs": 24578, "CMsgs": 11314, "Alt": -225, "GAlt": 94, "InHg": 30.2388229, "AltT": 0, "TAlt": 3008, "Call": "JBU745", "Lat": 40.63262, "Long": -73.767653, "PosTime": 1544406725487, "Mlat": false, "PosStale": true, "Tisb": false, "Spd": 0.0, "Trak": 188.4, "TrkH": false, "TTrk": 0.0, "Type": "A320", "Mdl": "2006 AIRBUS A320-232", "Man": "Airbus", "CNum": "2880", "From": "KMCO Orlando, United States", "To": "TJSJ Luis Munoz Marin, San Juan, Puerto Rico", "Op": "JetBlue Airways", "OpIcao": "JBU", "Sqk": "1607", "Help": false, "Vsi": -128, "VsiT": 0, "Dst": 1.59, "Brng": 133.6, "WTC": 2, "Species": 1, "Engines": "2", "EngType": 3, "EngMount": 0, "Mil": false, "Cou": "United States", "HasPic": false, "Interested": false, "FlightsCount": 0, "Gnd": true, "SpdTyp": 0, "CallSus": false, "Trt": 5, "Year": "2006"}], "totalAc": 4738, "lastDv": "636796354137989618", "shtTrlSec": 65, "stm": 1544412649616}