{"src": 1, "feeds": [{"id": 1, "name": "From Cons", "polarPlot": false}], "srcFeed": 1, "showSil": true, "showFlg": true, "showPic": true, "flgH": 20, "flgW": 85, "acList": [{"Id": 11123178, "Rcvr": 1, "HasSig": false, "Icao": "A9B9EA", "Bad": false, "Reg": "N726AV", "FSeen": "/Date(1544426200587)/", "TSecs": 7575, "CMsgs": 3429, "Alt": 1850, "GAlt": 2019, "InHg": 30.088583, "AltT": 0, "TAlt": 11008, "Call": "AVA042", "Lat": 40.508194, "Long": -73.647766, "PosTime": 1544433772826, "Mlat": false, "Tisb": false, "Spd": 168.0, "Trak": 17.3, "TrkH": false, "Type": "A319", "Mdl": "2014 AIRBUS A319-115", "Man": "Airbus", "CNum": "6174", "From": "SKCL Alfonso Bonilla Aragon, Cali, Colombia", "To": "KJFK John F Kennedy, New York, United States", "Stops": ["SKRG Jose Maria C\u00f3rdova, Rionegro, Colombia"], "Op": "WILMINGTON TRUST CO TRUSTEE     - WILMINGTON, DE", "OpIcao": "AVA", "Sqk": "2450", "Help": false, "Vsi": 0, "VsiT": 0, "Dst": 18.71, "Brng": 142.9, "WTC": 2, "Species": 1, "Engines": "2", "EngType": 3, "EngMount": 0, "Mil": false, "Cou": "United States", "HasPic": false, "Interested": false, "FlightsCount": 0, "Gnd": false, "SpdTyp": 0, "CallSus": false, "Trt": 5, "Year": "2014"}, {"Id": 11371631, "Rcvr": 1, "HasSig": true, "Sig": 193, "Icao": "AD846F", "Bad": false, "Reg": "N970JB", "FSeen": "/Date(1544424986471)/", "TSecs": 8789, "CMsgs": 5134, "Alt": -125, "GAlt": 55, "InHg": 30.1003933, "AltT": 0, "TAlt": 2016, "Call": "JBU837", "Lat": 40.646404, "Long": -73.77446, "PosTime": 1544433774859, "Mlat": false, "Tisb": false, "Spd": 0.0, "Trak": 53.6, "TrkH": false, "TTrk": 0.0, "Type": "A321", "Mdl": "Airbus A321 231SL", "Man": "Airbus", "CNum": "7415", "From": "KJFK John F Kennedy, New York, United States", "To": "MDST Cibao, Santiago, Dominican Republic", "Op": "JetBlue Airways", "OpIcao": "JBU", "Sqk": "2000", "Help": false, "Vsi": -192, "VsiT": 0, "Dst": 0.72, "Brng": 52.9, "WTC": 2, "Species": 1, "Engines": "2", "EngType": 3, "EngMount": 0, "Mil": false, "Cou": "United States", "HasPic": false, "Interested": false, "FlightsCount": 0, "Gnd": true, "SpdTyp": 0, "CallSus": false, "Trt": 5, "Year": "2016"}, {"Id": 11334991, "Rcvr": 1, "HasSig": true, "Sig": 110, "Icao": "ACF54F", "Bad": false, "Reg": "N934JB", "FSeen": "/Date(1544403282228)/", "TSecs": 30493, "CMsgs": 16610, "Alt": 14700, "GAlt": 14901, "InHg": 30.1003933, "AltT": 0, "TAlt": 3000, "Call": "JBU1224", "Lat": 40.647366, "Long": -73.775635, "PosTime": 1544433768722, "Mlat": false, "Tisb": false, "Spd": 0.0, "Trak": 21.5, "TrkH": false, "TTrk": 130.0, "Type": "A321", "Mdl": "2014 AIRBUS INDUSTRIE A321-231", "Man": "Airbus", "CNum": "6130", "From": "KLAX Los Angeles, United States", "To": "KJFK John F Kennedy, New York, United States", "Op": "JetBlue Airways", "OpIcao": "JBU", "Sqk": "7370", "Help": false, "Vsi": -704, "VsiT": 0, "Dst": 0.72, "Brng": 41.3, "WTC": 2, "Species": 1, "Engines": "2", "EngType": 3, "EngMount": 0, "Mil": false, "Cou": "United States", "HasPic": false, "Interested": false, "FlightsCount": 0, "Gnd": true, "SpdTyp": 0, "CallSus": false, "Trt": 4, "Year": "2014"}, {"Id": 11309223, "Rcvr": 1, "HasSig": false, "Icao": "AC90A7", "Bad": false, "Reg": "N909AM", "FSeen": "/Date(1544402272247)/", "TSecs": 31503, "CMsgs": 9094, "Alt": -225, "GAlt": 56, "InHg": 30.088583, "AltT": 0, "TAlt": 3008, "Call": "AAL1207", "Lat": 40.776756, "Long": -73.874802, "PosTime": 1544433772820, "Mlat": false, "Tisb": false, "Spd": 0.0, "Trak": 182.7, "TrkH": false, "TTrk": 70.3125, "Type": "A321", "Mdl": "Airbus A321 231SL", "Man": "Airbus", "CNum": "7756", "From": "KDFW Dallas Fort Worth, Dallas-Fort Worth, United States", "To": "KSAN San Diego, United States", "Op": "American Airlines", "OpIcao": "AAL", "Sqk": "6211", "Help": false, "Vsi": -896, "VsiT": 0, "Dst": 16.88, "Brng": 332.2, "WTC": 2, "Species": 1, "Engines": "2", "EngType": 3, "EngMount": 0, "Mil": false, "Cou": "United States", "HasPic": false, "Interested": false, "FlightsCount": 0, "Gnd": true, "SpdTyp": 0, "CallSus": false, "Trt": 5, "Year": "2017"}, {"Id": 10488228, "Rcvr": 1, "HasSig": true, "Sig": 212, "Icao": "A009A4", "Bad": false, "Reg": "N101NN", "FSeen": "/Date(1544390419282)/", "TSecs": 43356, "CMsgs": 22411, "Alt": 4475, "GAlt": 4676, "InHg": 30.1210632, "AltT": 0, "Call": "AAL164", "Lat": 40.436158, "Long": -73.735241, "PosTime": 1544433772817, "Mlat": false, "Tisb": false, "Spd": 244.3, "Trak": 118.3, "TrkH": false, "Type": "A321", "Mdl": "2013 AIRBUS INDUSTRIE A321-231", "Man": "Airbus", "CNum": "5834", "From": "KSFO San Francisco, United States", "To": "KJFK John F Kennedy, New York, United States", "Op": "American Airlines", "OpIcao": "AAL", "Sqk": "3757", "Help": false, "Vsi": -896, "VsiT": 0, "Dst": 23.27, "Brng": 170.4, "WTC": 2, "Species": 1, "Engines": "2", "EngType": 3, "EngMount": 0, "Mil": false, "Cou": "United States", "HasPic": false, "Interested": false, "FlightsCount": 0, "Gnd": false, "SpdTyp": 0, "CallSus": false, "Trt": 2, "Year": "2013"}], "totalAc": 4898, "lastDv": "636799846328858796", "shtTrlSec": 65, "stm": 1544433774792}