{"src": 1, "feeds": [{"id": 1, "name": "From Cons", "polarPlot": false}], "srcFeed": 1, "showSil": true, "showFlg": true, "showPic": true, "flgH": 20, "flgW": 85, "acList": [{"Id": 11365340, "Rcvr": 1, "HasSig": false, "Icao": "AD6BDC", "Bad": false, "Reg": "N964JT", "FSeen": "/Date(1544413333615)/", "TSecs": 31, "CMsgs": 4, "Alt": 2279, "GAlt": 2569, "InHg": 30.2096462, "AltT": 0, "Lat": 40.642834, "Long": -73.772202, "PosTime": 1544413335045, "Mlat": false, "Tisb": false, "Spd": 11.0, "Trak": 206.8, "TrkH": false, "Type": "A321", "Mdl": "Airbus A321 231SL", "Man": "Airbus", "CNum": "7018", "Op": "JetBlue Airways", "OpIcao": "JBU", "Sqk": "7704", "Help": false, "VsiT": 0, "Dst": 0.77, "Brng": 87.1, "WTC": 2, "Species": 1, "Engines": "2", "EngType": 3, "EngMount": 0, "Mil": false, "Cou": "United States", "HasPic": false, "Interested": false, "FlightsCount": 0, "Gnd": false, "SpdTyp": 0, "CallSus": false, "Trt": 2, "Year": "2016"}, {"Id": 10737500, "Rcvr": 1, "HasSig": true, "Sig": 60, "Icao": "A3D75C", "Bad": false, "Reg": "N347AN", "FSeen": "/Date(1544413229989)/", "TSecs": 134, "CMsgs": 76, "Alt": 5600, "GAlt": 5890, "InHg": 30.2096462, "AltT": 0, "Call": "AAL94", "Lat": 40.55365, "Long": -73.905518, "PosTime": 1544413364492, "Mlat": false, "Tisb": false, "Spd": 279.6, "Trak": 165.7, "TrkH": false, "Type": "B763", "Mdl": "2003 BOEING 767-323", "Man": "Boeing", "CNum": "33086", "From": "KSAN San Diego, United States", "To": "LEMD Madrid Barajas, Spain", "Stops": ["KJFK John F Kennedy, New York, United States"], "Op": "American Airlines", "OpIcao": "AAL", "Sqk": "2746", "Help": false, "Vsi": 3584, "VsiT": 1, "Dst": 14.41, "Brng": 226.8, "WTC": 3, "Species": 1, "Engines": "2", "EngType": 3, "EngMount": 0, "Mil": false, "Cou": "United States", "HasPic": false, "Interested": false, "FlightsCount": 0, "Gnd": false, "SpdTyp": 0, "CallSus": false, "Trt": 2, "Year": "2003"}, {"Id": 15204864, "Rcvr": 1, "HasSig": false, "Icao": "E80200", "Bad": false, "Reg": "CC-BBH", "FSeen": "/Date(1544412804210)/", "TSecs": 560, "CMsgs": 8, "Alt": -225, "GAlt": 65, "InHg": 30.2096462, "AltT": 0, "Lat": 40.639534, "Long": -73.794388, "PosTime": 1544413357464, "Mlat": false, "Tisb": false, "Spd": 16.0, "Trak": 135.0, "TrkH": false, "Type": "B788", "Mdl": "Boeing 787 8", "Man": "Boeing", "CNum": "42224", "Op": "LATAM Airlines", "OpIcao": "LAN", "Sqk": "", "VsiT": 0, "Dst": 1.15, "Brng": 253.5, "WTC": 3, "Species": 1, "Engines": "2", "EngType": 3, "EngMount": 0, "Mil": false, "Cou": "Chile", "HasPic": false, "Interested": false, "FlightsCount": 0, "Gnd": true, "SpdTyp": 0, "CallSus": false, "Trt": 2, "Year": "2014"}, {"Id": 10569143, "Rcvr": 1, "HasSig": true, "Sig": 65, "Icao": "A145B7", "Bad": false, "Reg": "N181PQ", "FSeen": "/Date(1544412380992)/", "TSecs": 983, "CMsgs": 212, "Alt": 10125, "GAlt": 10415, "InHg": 30.2096462, "AltT": 0, "Lat": 40.5918, "Long": -73.7781, "PosTime": 1544413364483, "Mlat": true, "Tisb": false, "Spd": 0.0, "Trak": 274.8, "TrkH": false, "Type": "CRJ9", "Mdl": "2008 BOMBARDIER INC CL-600-2D24", "Man": "Bombardier", "CNum": "15181", "Op": "DELTA AIR LINES INC     - ATLANTA, GA", "OpIcao": "EDV", "Sqk": "3055", "Help": false, "VsiT": 0, "Dst": 5.64, "Brng": 177.3, "WTC": 2, "Species": 1, "Engines": "2", "EngType": 3, "EngMount": 1, "Mil": false, "Cou": "United States", "HasPic": false, "Interested": false, "FlightsCount": 0, "Gnd": false, "SpdTyp": 0, "CallSus": false, "Trt": 2, "Year": "2008"}, {"Id": 10800277, "Rcvr": 1, "HasSig": false, "Icao": "A4CC95", "Bad": false, "Reg": "N408YX", "FSeen": "/Date(1544412296325)/", "TSecs": 1068, "CMsgs": 167, "Alt": 10325, "GAlt": 10620, "InHg": 30.2151985, "AltT": 0, "TAlt": 13696, "Call": "RPA4454", "Lat": 40.44761, "Long": -74.02925, "PosTime": 1544413364483, "Mlat": false, "Tisb": false, "Spd": 299.1, "Trak": 211.9, "TrkH": false, "Type": "E75S", "Mdl": "2013 EMBRAER ERJ170-200LR", "Man": "Embraer", "CNum": "17000371", "Op": "Republic Airlines", "OpIcao": "RPA", "Sqk": "1657", "Help": false, "Vsi": 960, "VsiT": 1, "Dst": 30.14, "Brng": 224.1, "WTC": 2, "Species": 1, "Engines": "2", "EngType": 3, "EngMount": 0, "Mil": false, "Cou": "United States", "HasPic": false, "Interested": false, "FlightsCount": 0, "Gnd": false, "SpdTyp": 0, "CallSus": false, "Trt": 5, "Year": "2013"}, {"Id": 4703685, "Rcvr": 1, "HasSig": true, "Sig": 183, "Icao": "47C5C5", "Bad": false, "Reg": "LN-LNB", "FSeen": "/Date(1544412287652)/", "TSecs": 1077, "CMsgs": 243, "Alt": 1100, "GAlt": 1395, "InHg": 30.2151985, "AltT": 0, "TAlt": 4992, "Call": "NAX6H", "Lat": 40.650485, "Long": -73.847164, "PosTime": 1544413363096, "Mlat": false, "Tisb": false, "Spd": 203.5, "Trak": 243.4, "TrkH": false, "TTrk": 248.90625, "Type": "B788", "Mdl": "Boeing 787 8", "Man": "Boeing", "CNum": "35305", "Op": "Norwegian", "OpIcao": "NAX", "Sqk": "3352", "Help": false, "Vsi": 1024, "VsiT": 0, "Dst": 5.63, "Brng": 279.1, "WTC": 3, "Species": 1, "Engines": "2", "EngType": 3, "EngMount": 0, "Mil": false, "Cou": "Norway", "HasPic": false, "Interested": false, "FlightsCount": 0, "Gnd": false, "SpdTyp": 0, "CallSus": false, "Trt": 5, "Year": "2013"}, {"Id": 11118416, "Rcvr": 1, "HasSig": false, "Icao": "A9A750", "Bad": false, "Reg": "N721AN", "FSeen": "/Date(1544412170725)/", "TSecs": 1193, "CMsgs": 348, "Alt": -225, "GAlt": 65, "InHg": 30.2096462, "AltT": 0, "Call": "AAL951", "Lat": 40.648891, "Long": -73.790497, "PosTime": 1544413358913, "Mlat": false, "Tisb": false, "Spd": 0.0, "Trak": 171.6, "TrkH": false, "Type": "B77W", "Mdl": "2013 BOEING 777-323ER", "Man": "Boeing", "CNum": "31546", "From": "KJFK John F Kennedy, New York, United States", "To": "SBGR Guarulhos - Governador Andr\u00e9 Franco Montoro, S\u00e3o Paulo, Brazil", "Op": "American Airlines", "OpIcao": "AAL", "Sqk": "1616", "Help": false, "VsiT": 0, "Dst": 1.05, "Brng": 312.5, "WTC": 3, "Species": 1, "Engines": "2", "EngType": 3, "EngMount": 0, "Mil": false, "Cou": "United States", "HasPic": false, "Interested": false, "FlightsCount": 0, "Gnd": true, "SpdTyp": 0, "CallSus": false, "Trt": 2, "Year": "2013"}, {"Id": 11114129, "Rcvr": 1, "HasSig": true, "Sig": 191, "Icao": "A99691", "Bad": false, "Reg": "N717FF", "FSeen": "/Date(1544411684449)/", "TSecs": 1680, "CMsgs": 985, "Alt": 1400, "GAlt": 1690, "InHg": 30.2096462, "AltT": 0, "Lat": 40.649833, "Long": -73.882183, "PosTime": 1544412907746, "Mlat": false, "PosStale": true, "Tisb": false, "Spd": 194.0, "Trak": 227.9, "TrkH": false, "Type": "LJ60", "Mdl": "2001 LEARJET INC 60", "Man": "Bombardier", "CNum": "213", "Op": "DUTY FREE AVIATION LLC     - HOLLYWOOD, FL", "Sqk": "4257", "Help": false, "Vsi": 320, "VsiT": 1, "Dst": 8.55, "Brng": 275.5, "WTC": 2, "Species": 1, "Engines": "2", "EngType": 3, "EngMount": 1, "Mil": false, "Cou": "United States", "HasPic": false, "Interested": false, "FlightsCount": 0, "Gnd": false, "SpdTyp": 0, "CallSus": false, "Trt": 2, "Year": "2001"}, {"Id": 4703690, "Rcvr": 1, "HasSig": false, "Icao": "47C5CA", "Bad": false, "Reg": "LN-LNG", "FSeen": "/Date(1544411508752)/", "TSecs": 1855, "CMsgs": 501, "Alt": 12550, "GAlt": 12819, "InHg": 30.1889763, "AltT": 0, "TAlt": 16992, "Call": "NAX2J", "Lat": 40.7691, "Long": -73.571571, "PosTime": 1544413364481, "Mlat": false, "Tisb": false, "Spd": 359.0, "Trak": 15.3, "TrkH": false, "TTrk": 40.078125, "Type": "B788", "Mdl": "Boeing 787 8", "Man": "Boeing", "CNum": "35314", "Op": "Norwegian", "OpIcao": "NAX", "Sqk": "2603", "Help": false, "Vsi": 2496, "VsiT": 0, "Dst": 22.6, "Brng": 51.4, "WTC": 3, "Species": 1, "Engines": "2", "EngType": 3, "EngMount": 0, "Mil": false, "Cou": "Norway", "HasPic": false, "Interested": false, "FlightsCount": 0, "Gnd": false, "SpdTyp": 0, "CallSus": false, "Trt": 5, "Year": "2014"}, {"Id": 11382611, "Rcvr": 1, "HasSig": false, "Icao": "ADAF53", "Bad": false, "Reg": "N981EV", "FSeen": "/Date(1544410050139)/", "TSecs": 3314, "CMsgs": 1368, "Alt": 28000, "GAlt": 28290, "InHg": 30.2096462, "AltT": 0, "Lat": 40.643738, "Long": -73.855713, "PosTime": 1544411927780, "Mlat": false, "PosStale": true, "Tisb": false, "Spd": 223.2, "Trak": 217.5, "TrkH": false, "Type": "CRJ2", "Mdl": "2003 BOMBARDIER INC CL-600-2B19", "Man": "Bombardier", "CNum": "7768", "Op": "US BANK NA TRUSTEE     - WILMINGTON, DE", "OpIcao": "EDV", "Sqk": "1134", "Help": false, "Vsi": 704, "VsiT": 1, "Dst": 6.28, "Brng": 271.3, "WTC": 2, "Species": 1, "Engines": "2", "EngType": 3, "EngMount": 1, "Mil": false, "Cou": "United States", "HasPic": false, "Interested": false, "FlightsCount": 0, "Gnd": false, "SpdTyp": 0, "CallSus": false, "Trt": 2, "Year": "2003"}, {"Id": 12608358, "Rcvr": 1, "HasSig": true, "Sig": 69, "Icao": "C06366", "Bad": false, "Reg": "C-GLQR", "FSeen": "/Date(1544409983636)/", "TSecs": 3381, "CMsgs": 1786, "Alt": 1100, "GAlt": 1339, "InHg": 30.1594486, "AltT": 0, "Lat": 40.756345, "Long": -74.123695, "PosTime": 1544413358898, "Mlat": true, "Tisb": false, "Spd": 276.0, "Trak": 212.6, "TrkH": false, "Type": "DH8D", "Mdl": "Bombardier DHC-8 402", "Man": "Bombardier", "CNum": "4278", "Op": "Porter Airlines", "OpIcao": "POE", "Sqk": "5706", "Help": false, "Vsi": -1408, "VsiT": 0, "Dst": 31.52, "Brng": 293.8, "WTC": 2, "Species": 1, "Engines": "2", "EngType": 2, "EngMount": 0, "Mil": false, "Cou": "Canada", "HasPic": false, "Interested": false, "FlightsCount": 0, "Gnd": false, "SpdTyp": 0, "CallSus": false, "Trt": 2, "Year": "2009"}, {"Id": 10718418, "Rcvr": 1, "HasSig": true, "Sig": 159, "Icao": "A38CD2", "Bad": false, "Reg": "N328JB", "FSeen": "/Date(1544409879648)/", "TSecs": 3485, "CMsgs": 2047, "Alt": 3700, "GAlt": 3709, "InHg": 29.9291344, "AltT": 0, "Call": "JBU1474", "Lat": 40.3585, "Long": -73.7109, "PosTime": 1544413363078, "Mlat": true, "Tisb": false, "Spd": 521.0, "Trak": 33.8, "TrkH": false, "Type": "E190", "Mdl": "2011 EMBRAER ERJ 190-100 IGW", "Man": "Embraer", "CNum": "19000422", "Op": "JETBLUE AIRWAYS CORP     - LONG ISLAND CITY, NY", "OpIcao": "JBU", "Sqk": "0765", "Help": false, "Vsi": 64, "VsiT": 0, "Dst": 32.13, "Brng": 169.3, "WTC": 2, "Species": 1, "Engines": "2", "EngType": 3, "EngMount": 0, "Mil": false, "Cou": "United States", "HasPic": false, "Interested": false, "FlightsCount": 0, "Gnd": false, "SpdTyp": 0, "CallSus": false, "Trt": 2, "Year": "2011"}, {"Id": 12617979, "Rcvr": 1, "HasSig": false, "Icao": "C088FB", "Bad": false, "Reg": "C-GZWS", "FSeen": "/Date(1544408561837)/", "TSecs": 4802, "CMsgs": 1984, "Alt": 1350, "GAlt": 1631, "InHg": 30.2007866, "AltT": 0, "Call": "WJA1216", "Lat": 40.848953, "Long": -73.818176, "PosTime": 1544413364468, "Mlat": false, "Tisb": false, "Spd": 155.0, "Trak": 212.4, "TrkH": false, "Type": "B738", "Mdl": "Boeing 737NG 8CT/W", "Man": "Boeing", "CNum": "32770", "From": "CYYZ Lester B. Pearson, Toronto, Canada", "To": "KLGA La Guardia, New York, United States", "Op": "WestJet", "OpIcao": "WJA", "Sqk": "0563", "Help": false, "Vsi": -832, "VsiT": 0, "Dst": 23.17, "Brng": 352.3, "WTC": 2, "Species": 1, "Engines": "2", "EngType": 3, "EngMount": 0, "Mil": false, "Cou": "Canada", "HasPic": false, "Interested": false, "FlightsCount": 0, "Gnd": false, "SpdTyp": 0, "CallSus": false, "Trt": 2, "Year": "2005"}, {"Id": 11307385, "Rcvr": 1, "HasSig": true, "Sig": 111, "Icao": "AC8979", "Bad": false, "Reg": "N907DA", "FSeen": "/Date(1544408538879)/", "TSecs": 4825, "CMsgs": 2872, "Alt": 31025, "GAlt": 31315, "InHg": 30.2096462, "AltT": 0, "Lat": 40.736252, "Long": -73.743896, "PosTime": 1544413364465, "Mlat": true, "Tisb": false, "Spd": 532.7, "Trak": 47.5, "TrkH": false, "Type": "MD90", "Mdl": "1995 MCDONNELL DOUGLAS MD-90-30", "Man": "McDonnell Douglas", "CNum": "53387", "Op": "Delta Air Lines", "OpIcao": "DAL", "Sqk": "3131", "Help": false, "Vsi": 64, "VsiT": 0, "Dst": 10.89, "Brng": 16.8, "WTC": 2, "Species": 1, "Engines": "2", "EngType": 3, "EngMount": 1, "Mil": false, "Cou": "United States", "HasPic": false, "Interested": false, "FlightsCount": 0, "Gnd": false, "SpdTyp": 0, "CallSus": false, "Trt": 2, "Year": "1995"}, {"Id": 11400425, "Rcvr": 1, "HasSig": true, "Sig": 73, "Icao": "ADF4E9", "Bad": false, "Reg": "N999JQ", "FSeen": "/Date(1544408488785)/", "TSecs": 4875, "CMsgs": 1921, "Alt": -200, "GAlt": 95, "InHg": 30.2151985, "AltT": 0, "TAlt": 8992, "Call": "JBU1804", "Lat": 40.646819, "Long": -73.772819, "PosTime": 1544410957342, "Mlat": false, "PosStale": true, "Tisb": false, "Spd": 0.0, "Trak": 177.2, "TrkH": false, "TTrk": 0.0, "Type": "A321", "Mdl": "Airbus A321 231SL", "Man": "Airbus", "CNum": "8538", "Op": "JetBlue Airways", "OpIcao": "JBU", "Sqk": "1422", "Help": false, "Vsi": -64, "VsiT": 0, "Dst": 0.86, "Brng": 56.0, "WTC": 2, "Species": 1, "Engines": "2", "EngType": 3, "EngMount": 0, "Mil": false, "Cou": "United States", "HasPic": false, "Interested": false, "FlightsCount": 0, "Gnd": true, "SpdTyp": 0, "CallSus": false, "Trt": 5}, {"Id": 10747943, "Rcvr": 1, "HasSig": false, "Icao": "A40027", "Bad": false, "Reg": "N357PV", "FSeen": "/Date(1544407883378)/", "TSecs": 5481, "CMsgs": 3282, "Alt": 3750, "GAlt": 4031, "InHg": 30.2007866, "AltT": 0, "TAlt": 18016, "Call": "AAL1053", "Lat": 40.693871, "Long": -73.944046, "PosTime": 1544413364464, "Mlat": false, "Tisb": false, "Spd": 259.0, "Trak": 39.5, "TrkH": false, "TTrk": 97.03125, "Type": "B738", "Mdl": "Boeing 737NG 800/W", "Man": "Boeing", "CNum": "31277", "From": "KDFW Dallas Fort Worth, Dallas-Fort Worth, United States", "To": "MROC Juan Santamaria, San Jose, Costa Rica", "Op": "American Airlines", "OpIcao": "AAL", "Sqk": "7247", "Help": false, "Vsi": 0, "VsiT": 1, "Dst": 14.87, "Brng": 292.7, "WTC": 2, "Species": 1, "Engines": "2", "EngType": 3, "EngMount": 0, "Mil": false, "Cou": "United States", "HasPic": false, "Interested": false, "FlightsCount": 0, "Gnd": false, "SpdTyp": 0, "CallSus": false, "Trt": 5, "Year": "2017"}, {"Id": 11376402, "Rcvr": 1, "HasSig": true, "Sig": 133, "Icao": "AD9712", "Bad": false, "Reg": "N975JT", "FSeen": "/Date(1544407247156)/", "TSecs": 6117, "CMsgs": 3027, "Alt": 2386, "GAlt": 2681, "InHg": 30.2151985, "AltT": 0, "TAlt": 8992, "Call": "JBU2836", "Lat": 40.647692, "Long": -73.777391, "PosTime": 1544410465690, "Mlat": false, "PosStale": true, "Tisb": false, "Spd": 0.0, "Trak": 160.1, "TrkH": false, "TTrk": 0.0, "Type": "A321", "Mdl": "Airbus A321 231SL", "Man": "Airbus", "CNum": "7520", "Op": "JetBlue Airways", "OpIcao": "JBU", "Sqk": "2000", "Help": false, "Vsi": -128, "VsiT": 0, "Dst": 0.67, "Brng": 29.6, "WTC": 2, "Species": 1, "Engines": "2", "EngType": 3, "EngMount": 0, "Mil": false, "Cou": "United States", "HasPic": false, "Interested": false, "FlightsCount": 0, "Gnd": true, "SpdTyp": 0, "CallSus": false, "Trt": 5, "Year": "2016"}, {"Id": 11244453, "Rcvr": 1, "HasSig": true, "Sig": 134, "Icao": "AB93A5", "Bad": false, "Reg": "N845NN", "FSeen": "/Date(1544406147191)/", "TSecs": 7217, "CMsgs": 4075, "Alt": -225, "GAlt": 56, "InHg": 30.2007866, "AltT": 0, "Call": "AAL1210", "Lat": 40.776089, "Long": -73.878387, "PosTime": 1544413313628, "Mlat": false, "Tisb": false, "Spd": 11.0, "Trak": 33.8, "TrkH": false, "Type": "B738", "Mdl": "2010 BOEING 737-823", "Man": "Boeing", "CNum": "40579", "From": "KAUS Austin Bergstrom, United States", "To": "KAUS Austin Bergstrom, United States", "Stops": ["KDFW Dallas Fort Worth, Dallas-Fort Worth, United States"], "Op": "American Airlines", "OpIcao": "AAL", "Sqk": "0710", "Help": false, "Vsi": 0, "VsiT": 1, "Dst": 16.96, "Brng": 331.2, "WTC": 2, "Species": 1, "Engines": "2", "EngType": 3, "EngMount": 0, "Mil": false, "Cou": "United States", "HasPic": true, "PicX": 3441, "PicY": 2271, "Interested": false, "FlightsCount": 0, "Gnd": true, "SpdTyp": 0, "CallSus": false, "Trt": 2, "Year": "2010"}, {"Id": 10699147, "Rcvr": 1, "HasSig": false, "Icao": "A3418B", "Bad": false, "Reg": "N309JB", "FSeen": "/Date(1544405645255)/", "TSecs": 7719, "CMsgs": 4064, "Alt": 3150, "GAlt": 3280, "InHg": 30.0501976, "AltT": 0, "Call": "JBU1472", "Lat": 40.750153, "Long": -73.858587, "PosTime": 1544413364466, "Mlat": true, "Tisb": false, "Spd": 522.3, "Trak": 47.2, "TrkH": false, "Type": "E190", "Mdl": "2009 EMBRAER ERJ 190-100 IGW", "Man": "Embraer", "CNum": "19000289", "From": "KFLL Fort Lauderdale Hollywood, United States", "To": "KLGA La Guardia, New York, United States", "Op": "JETBLUE AIRWAYS CORP     - LONG ISLAND CITY, NY", "OpIcao": "JBU", "Sqk": "6466", "Help": false, "Vsi": 64, "VsiT": 1, "Dst": 13.63, "Brng": 331.5, "WTC": 2, "Species": 1, "Engines": "2", "EngType": 3, "EngMount": 0, "Mil": false, "Cou": "United States", "HasPic": false, "Interested": false, "FlightsCount": 0, "Gnd": false, "SpdTyp": 0, "CallSus": true, "Trt": 2, "Year": "2009"}, {"Id": 11353311, "Rcvr": 1, "HasSig": true, "Sig": 148, "Icao": "AD3CDF", "Bad": false, "Reg": "N952JB", "FSeen": "/Date(1544405199284)/", "TSecs": 8165, "CMsgs": 4157, "Alt": -200, "GAlt": 72, "InHg": 30.191576, "AltT": 0, "TAlt": 4000, "Call": "JBU1190", "Lat": 40.651823, "Long": -73.781932, "PosTime": 1544412398836, "Mlat": false, "PosStale": true, "Tisb": false, "Spd": 0.0, "Trak": 191.3, "TrkH": false, "TTrk": 54.84375, "Type": "A321", "Mdl": "2015 AIRBUS A321-231", "Man": "Airbus", "CNum": "6663", "From": "KMCO Orlando, United States", "To": "KJFK John F Kennedy, New York, United States", "Op": "JET BLUE AIRWAYS CORP     - LONG ISLAND CITY, NY", "OpIcao": "JBU", "Sqk": "2000", "Help": false, "Vsi": -64, "VsiT": 0, "Dst": 1.04, "Brng": 357.0, "WTC": 2, "Species": 1, "Engines": "2", "EngType": 3, "EngMount": 0, "Mil": false, "Cou": "United States", "HasPic": false, "Interested": false, "FlightsCount": 0, "Gnd": true, "SpdTyp": 0, "CallSus": false, "Trt": 5, "Year": "2015"}, {"Id": 11019747, "Rcvr": 1, "HasSig": true, "Sig": 95, "Icao": "A825E3", "Bad": false, "Reg": "N624JB", "FSeen": "/Date(1544404300097)/", "TSecs": 9064, "CMsgs": 4723, "Alt": -200, "GAlt": 95, "InHg": 30.2151985, "AltT": 0, "TAlt": 4000, "Call": "JBU164", "Lat": 40.64967, "Long": -73.777173, "PosTime": 1544411993296, "Mlat": false, "PosStale": true, "Tisb": false, "Spd": 0.0, "Trak": 165.9, "TrkH": false, "TTrk": 0.0, "Type": "A320", "Mdl": "2005 AIRBUS A320-232", "Man": "Airbus", "CNum": "2520", "From": "KTPA Tampa, United States", "To": "KJFK John F Kennedy, New York, United States", "Op": "JetBlue Airways", "OpIcao": "JBU", "Sqk": "6657", "Help": false, "Vsi": -128, "VsiT": 0, "Dst": 0.87, "Brng": 23.5, "WTC": 2, "Species": 1, "Engines": "2", "EngType": 3, "EngMount": 0, "Mil": false, "Cou": "United States", "HasPic": true, "PicX": 1024, "PicY": 697, "Interested": false, "FlightsCount": 0, "Gnd": true, "SpdTyp": 0, "CallSus": false, "Trt": 5, "Year": "2005"}, {"Id": 10956578, "Rcvr": 1, "HasSig": true, "Sig": 78, "Icao": "A72F22", "Bad": false, "Reg": "N562JB", "FSeen": "/Date(1544403419152)/", "TSecs": 9945, "CMsgs": 3432, "Alt": 33325, "GAlt": 33644, "InHg": 30.2388229, "AltT": 0, "TAlt": 3008, "Call": "JBU1818", "Lat": 40.633186, "Long": -73.768875, "PosTime": 1544406818542, "Mlat": false, "PosStale": true, "Tisb": false, "Spd": 0.1, "Trak": 210.9, "TrkH": false, "TTrk": 0.0, "Type": "A320", "Mdl": "2003 AIRBUS A320-232", "Man": "Airbus", "CNum": "1948", "From": "TTPP Piarco, Port of Spain, Trinidad and Tobago", "To": "KJFK John F Kennedy, New York, United States", "Op": "JetBlue Airways", "OpIcao": "JBU", "Sqk": "2666", "Help": false, "Vsi": -640, "VsiT": 0, "Dst": 1.47, "Brng": 134.6, "WTC": 2, "Species": 1, "Engines": "2", "EngType": 3, "EngMount": 0, "Mil": false, "Cou": "United States", "HasPic": false, "Interested": false, "FlightsCount": 0, "Gnd": true, "SpdTyp": 0, "CallSus": false, "Trt": 5, "Year": "2003"}, {"Id": 10535980, "Rcvr": 1, "HasSig": false, "Icao": "A0C42C", "Bad": false, "Reg": "N149AN", "FSeen": "/Date(1544403083449)/", "TSecs": 10281, "CMsgs": 5581, "Alt": -225, "GAlt": 56, "InHg": 30.2007866, "AltT": 0, "Call": "AAL2708", "Lat": 40.778191, "Long": -73.874565, "PosTime": 1544413322747, "Mlat": false, "Tisb": false, "Spd": 4.0, "Trak": 61.9, "TrkH": false, "Type": "A321", "Mdl": "Airbus A321 231SL", "Man": "Airbus", "CNum": "6812", "From": "KDFW Dallas Fort Worth, Dallas-Fort Worth, United States", "To": "KEWR Newark Liberty, United States", "Op": "American Airlines", "OpIcao": "AAL", "Sqk": "6753", "Help": false, "Vsi": 0, "VsiT": 0, "Dst": 17.02, "Brng": 332.5, "WTC": 2, "Species": 1, "Engines": "2", "EngType": 3, "EngMount": 0, "Mil": false, "Cou": "United States", "HasPic": false, "Interested": false, "FlightsCount": 0, "Gnd": true, "SpdTyp": 0, "CallSus": false, "Trt": 2, "Year": "2015"}, {"Id": 10502143, "Rcvr": 1, "HasSig": true, "Sig": 108, "Icao": "A03FFF", "Bad": false, "Reg": "N115NN", "FSeen": "/Date(1544395090045)/", "TSecs": 18274, "CMsgs": 9878, "Alt": -200, "GAlt": 90, "InHg": 30.2096462, "AltT": 0, "TAlt": 4000, "Call": "AAL32", "Lat": 40.649551, "Long": -73.795166, "PosTime": 1544412873380, "Mlat": false, "PosStale": true, "Tisb": false, "Spd": 0.0, "Trak": 165.9, "TrkH": false, "TTrk": 0.0, "Type": "A321", "Mdl": "2014 AIRBUS INDUSTRIE A321-231", "Man": "Airbus", "CNum": "6063", "From": "KLAX Los Angeles, United States", "To": "KJFK John F Kennedy, New York, United States", "Op": "American Airlines", "OpIcao": "AAL", "Sqk": "2023", "Help": false, "Vsi": -128, "VsiT": 0, "Dst": 1.41, "Brng": 303.9, "WTC": 2, "Species": 1, "Engines": "2", "EngType": 3, "EngMount": 0, "Mil": false, "Cou": "United States", "HasPic": false, "Interested": false, "FlightsCount": 0, "Gnd": true, "SpdTyp": 0, "CallSus": false, "Trt": 5, "Year": "2014"}, {"Id": 11363438, "Rcvr": 1, "HasSig": true, "Sig": 134, "Icao": "AD646E", "Bad": false, "Reg": "N962JT", "FSeen": "/Date(1544389404867)/", "TSecs": 23959, "CMsgs": 10098, "Alt": 2545, "GAlt": 2855, "InHg": 30.2303143, "AltT": 0, "TAlt": 4000, "Call": "JBU190", "Lat": 40.642769, "Long": -73.771088, "PosTime": 1544407306985, "Mlat": false, "PosStale": true, "Tisb": false, "Spd": 0.0, "Trak": 199.7, "TrkH": false, "TTrk": 250.0, "Type": "A321", "Mdl": "Airbus A321 231SL", "Man": "Airbus", "CNum": "6988", "From": "KSAN San Diego, United States", "To": "KJFK John F Kennedy, New York, United States", "Op": "JetBlue Airways", "OpIcao": "JBU", "Sqk": "2000", "Help": false, "Vsi": -1280, "VsiT": 0, "Dst": 0.86, "Brng": 87.9, "WTC": 2, "Species": 1, "Engines": "2", "EngType": 3, "EngMount": 0, "Mil": false, "Cou": "United States", "HasPic": false, "Interested": false, "FlightsCount": 0, "Gnd": true, "SpdTyp": 0, "CallSus": false, "Trt": 4, "Year": "2016"}, {"Id": 11039969, "Rcvr": 1, "HasSig": true, "Sig": 151, "Icao": "A874E1", "Bad": false, "Reg": "N644JB", "FSeen": "/Date(1544388010022)/", "TSecs": 25354, "CMsgs": 11921, "Alt": -200, "GAlt": 119, "InHg": 30.2388229, "AltT": 0, "TAlt": 3008, "Call": "JBU745", "Lat": 40.63262, "Long": -73.767653, "PosTime": 1544406725492, "Mlat": false, "PosStale": true, "Tisb": false, "Spd": 6.0, "Trak": 351.6, "TrkH": false, "TTrk": 0.0, "Type": "A320", "Mdl": "2006 AIRBUS A320-232", "Man": "Airbus", "CNum": "2880", "From": "KMCO Orlando, United States", "To": "TJSJ Luis Munoz Marin, San Juan, Puerto Rico", "Op": "JetBlue Airways", "OpIcao": "JBU", "Sqk": "3376", "Help": false, "Vsi": -128, "VsiT": 0, "Dst": 1.59, "Brng": 133.6, "WTC": 2, "Species": 1, "Engines": "2", "EngType": 3, "EngMount": 0, "Mil": false, "Cou": "United States", "HasPic": false, "Interested": false, "FlightsCount": 0, "Gnd": true, "SpdTyp": 0, "CallSus": false, "Trt": 5, "Year": "2006"}], "totalAc": 4756, "lastDv": "636797919017467230", "shtTrlSec": 65, "stm": 1544413364660}