{"src": 1, "feeds": [{"id": 1, "name": "From Cons", "polarPlot": false}], "srcFeed": 1, "showSil": true, "showFlg": true, "showPic": true, "flgH": 20, "flgW": 85, "acList": [{"Id": 2802964, "Rcvr": 1, "HasSig": false, "Icao": "2AC514", "Bad": false, "FSeen": "/Date(1544405647272)/", "TSecs": 47, "CMsgs": 1, "Alt": 3750, "GAlt": 4040, "InHg": 30.2096462, "AltT": 0, "Lat": 40.719543, "Long": -73.895203, "PosTime": 1544405647272, "Mlat": false, "Tisb": false, "TrkH": false, "Sqk": "", "VsiT": 0, "Dst": 12.87, "Brng": 311.8, "WTC": 0, "Species": 0, "EngType": 0, "EngMount": 0, "Mil": false, "Cou": "Unknown or unassigned country", "HasPic": false, "Interested": false, "FlightsCount": 0, "Gnd": false, "SpdTyp": 0, "CallSus": false, "Trt": 2}, {"Id": 11240341, "Rcvr": 1, "HasSig": true, "Sig": 176, "Icao": "AB8395", "Bad": false, "Reg": "N841AE", "FSeen": "/Date(1544405587971)/", "TSecs": 107, "CMsgs": 56, "Alt": 3700, "GAlt": 3990, "InHg": 30.2096462, "AltT": 0, "Call": "ENY3420", "Lat": 40.847215, "Long": -73.93262, "PosTime": 1544405694379, "Mlat": false, "Tisb": false, "Spd": 204.8, "Trak": 329.8, "TrkH": false, "Type": "E135", "Mdl": "2002 EMBRAER EMB-135KL", "Man": "Embraer", "CNum": "145667", "From": "KORD Chicago O'Hare, United States", "To": "KORD Chicago O'Hare, United States", "Stops": ["KCOU Columbia Regional, United States"], "Op": "AMERICAN AIRLINES INC     - FORT WORTH, TX", "OpIcao": "ENY", "Sqk": "2731", "Help": false, "Vsi": 2496, "VsiT": 1, "Dst": 26.09, "Brng": 330.8, "WTC": 2, "Species": 1, "Engines": "2", "EngType": 3, "EngMount": 1, "Mil": false, "Cou": "United States", "HasPic": false, "Interested": false, "FlightsCount": 0, "Gnd": false, "SpdTyp": 0, "CallSus": false, "Trt": 5, "Year": "2002"}, {"Id": 10491081, "Rcvr": 1, "HasSig": false, "Icao": "A014C9", "Bad": false, "Reg": "N104NN", "FSeen": "/Date(1544405423476)/", "TSecs": 271, "CMsgs": 31, "Alt": -250, "GAlt": 60, "InHg": 30.2303143, "AltT": 0, "Call": "AAL177", "Lat": 40.65089, "Long": -73.77224, "PosTime": 1544405678225, "Mlat": false, "Tisb": false, "Spd": 0.0, "Trak": 123.4, "TrkH": false, "Type": "A321", "Mdl": "2013 AIRBUS A321-231", "Man": "Airbus", "CNum": "5895", "From": "KJFK John F Kennedy, New York, United States", "To": "KSFO San Francisco, United States", "Op": "American Airlines", "OpIcao": "AAL", "Sqk": "", "VsiT": 0, "Dst": 1.21, "Brng": 39.2, "WTC": 2, "Species": 1, "Engines": "2", "EngType": 3, "EngMount": 0, "Mil": false, "Cou": "United States", "HasPic": false, "Interested": false, "FlightsCount": 0, "Gnd": true, "SpdTyp": 0, "CallSus": false, "Trt": 2, "Year": "2013"}, {"Id": 11303707, "Rcvr": 1, "HasSig": false, "Icao": "AC7B1B", "Bad": false, "Reg": "N903JB", "FSeen": "/Date(1544405257429)/", "TSecs": 437, "CMsgs": 26, "Alt": -250, "GAlt": 60, "InHg": 30.2303143, "AltT": 0, "Call": "JBU611", "Lat": 40.650379, "Long": -73.771133, "PosTime": 1544405564825, "Mlat": false, "PosStale": true, "Tisb": false, "Spd": 0.0, "Trak": 122.6, "TrkH": false, "Type": "A321", "Mdl": "2013 AIRBUS A321-231", "Man": "Airbus", "CNum": "5783", "From": "KJFK John F Kennedy, New York, United States", "To": "KJAX Jacksonville, United States", "Op": "JetBlue Airways", "OpIcao": "JBU", "Sqk": "3021", "Help": false, "VsiT": 0, "Dst": 1.23, "Brng": 44.3, "WTC": 2, "Species": 1, "Engines": "2", "EngType": 3, "EngMount": 0, "Mil": false, "Cou": "United States", "HasPic": false, "Interested": false, "FlightsCount": 0, "Gnd": true, "SpdTyp": 0, "CallSus": false, "Trt": 2, "Year": "2013"}, {"Id": 10518677, "Rcvr": 1, "HasSig": false, "Icao": "A08095", "Bad": false, "Reg": "N131TD", "FSeen": "/Date(1544405192094)/", "TSecs": 503, "CMsgs": 267, "Alt": 1300, "GAlt": 1590, "InHg": 30.2096462, "AltT": 0, "Call": "N131TD", "Lat": 40.786556, "Long": -73.954842, "PosTime": 1544405690967, "Mlat": false, "Tisb": false, "Spd": 130.0, "Trak": 108.7, "TrkH": false, "Type": "EC30", "Mdl": "Airbus Helicopters EC130 T2", "Man": "Airbus Helicopters", "CNum": "8159", "Op": "Airbus Helicopters Inc", "Sqk": "4331", "Help": false, "Vsi": 320, "VsiT": 0, "Dst": 21.69, "Brng": 317.7, "WTC": 1, "Species": 4, "Engines": "1", "EngType": 2, "EngMount": 0, "Mil": false, "Cou": "United States", "HasPic": false, "Interested": false, "FlightsCount": 0, "Gnd": false, "SpdTyp": 0, "CallSus": false, "Trt": 2, "Year": "2015"}, {"Id": 11094601, "Rcvr": 1, "HasSig": true, "Sig": 153, "Icao": "A94A49", "Bad": false, "Reg": "N698V", "FSeen": "/Date(1544404021294)/", "TSecs": 1673, "CMsgs": 781, "Alt": -275, "GAlt": -2, "InHg": 30.191576, "AltT": 0, "TAlt": 800, "Call": "N698V", "Lat": 40.754654, "Long": -74.007813, "PosTime": 1544405676995, "Mlat": false, "Tisb": false, "Spd": 6.1, "Trak": 99.5, "TrkH": false, "Type": "A139", "Mdl": "2013 AGUSTAWESTLAND PHILADELPHIA AW139", "Man": "AgustaWestland", "CNum": "41328", "Op": "JPMORGAN CHASE BANK NA     - COLUMBUS, OH", "Sqk": "1200", "Help": false, "Vsi": -192, "VsiT": 1, "Dst": 22.81, "Brng": 303.2, "WTC": 1, "Species": 4, "Engines": "2", "EngType": 2, "EngMount": 0, "Mil": false, "Cou": "United States", "HasPic": false, "Interested": false, "FlightsCount": 0, "Gnd": false, "SpdTyp": 0, "CallSus": false, "Trt": 5, "Year": "2013"}, {"Id": 10654519, "Rcvr": 1, "HasSig": false, "Icao": "A29337", "Bad": false, "Reg": "N265SY", "FSeen": "/Date(1544403836286)/", "TSecs": 1858, "CMsgs": 262, "Alt": 14875, "GAlt": 15147, "InHg": 30.191576, "AltT": 0, "TAlt": 17024, "Call": "SKW3772", "Lat": 40.874725, "Long": -73.606201, "PosTime": 1544405692889, "Mlat": false, "Tisb": false, "Spd": 306.6, "Trak": 339.4, "TrkH": false, "Type": "E75L", "Mdl": "Embraer EMB-175 LL", "Man": "Embraer", "CNum": "17000717", "Op": "Delta Connection", "OpIcao": "SKW", "Sqk": "3303", "Help": false, "Vsi": 2176, "VsiT": 1, "Dst": 29.74, "Brng": 29.7, "WTC": 2, "Species": 1, "Engines": "2", "EngType": 3, "EngMount": 0, "Mil": false, "Cou": "United States", "HasPic": false, "Interested": false, "FlightsCount": 0, "Gnd": false, "SpdTyp": 0, "CallSus": false, "Trt": 5, "Year": "2018"}, {"Id": 10920695, "Rcvr": 1, "HasSig": true, "Sig": 217, "Icao": "A6A2F7", "Bad": false, "Reg": "N527AH", "FSeen": "/Date(1544403796299)/", "TSecs": 1898, "CMsgs": 349, "Alt": 6725, "GAlt": 7044, "InHg": 30.2388229, "AltT": 0, "TAlt": 7008, "Call": "N527AH", "Lat": 40.724363, "Long": -73.534803, "PosTime": 1544405694376, "Mlat": false, "Tisb": false, "Spd": 274.7, "Trak": 35.4, "TrkH": false, "Type": "E190", "Mdl": "Embraer Lineage 1000 E", "Man": "Embraer", "CNum": "19000691", "Op": "Embraer", "Sqk": "4032", "Help": false, "Vsi": 0, "VsiT": 1, "Dst": 22.69, "Brng": 66.3, "WTC": 2, "Species": 1, "Engines": "2", "EngType": 3, "EngMount": 0, "Mil": false, "Cou": "United States", "HasPic": false, "Interested": false, "FlightsCount": 0, "Gnd": false, "SpdTyp": 0, "CallSus": false, "Trt": 5, "Year": "2016"}, {"Id": 11268098, "Rcvr": 1, "HasSig": true, "Sig": 197, "Icao": "ABF002", "Bad": false, "Reg": "N8688C", "FSeen": "/Date(1544403097209)/", "TSecs": 2597, "CMsgs": 1372, "Alt": 3750, "GAlt": 4060, "InHg": 30.2303143, "AltT": 0, "Lat": 40.704392, "Long": -73.938987, "PosTime": 1544405694363, "Mlat": true, "Tisb": false, "Spd": 282.0, "Trak": 43.4, "TrkH": false, "Type": "CRJ2", "Mdl": "2002 BOMBARDIER INC CL-600-2B19", "Man": "Bombardier", "CNum": "7688", "Op": "WELLS FARGO BANK NORTHWEST NA TRUSTEE     - SALT LAKE CITY, UT", "OpIcao": "EDV", "Sqk": "2476", "Help": false, "Vsi": -842, "VsiT": 0, "Dst": 14.98, "Brng": 297.4, "WTC": 2, "Species": 1, "Engines": "2", "EngType": 3, "EngMount": 1, "Mil": false, "Cou": "United States", "HasPic": false, "Interested": false, "FlightsCount": 0, "Gnd": false, "SpdTyp": 0, "CallSus": false, "Trt": 2, "Year": "2002"}, {"Id": 10569143, "Rcvr": 1, "HasSig": true, "Sig": 191, "Icao": "A145B7", "Bad": false, "Reg": "N181PQ", "FSeen": "/Date(1544402792212)/", "TSecs": 2902, "CMsgs": 1456, "Alt": 2800, "GAlt": 3110, "InHg": 30.2303143, "AltT": 0, "Lat": 40.817688, "Long": -73.642578, "PosTime": 1544405690218, "Mlat": true, "Tisb": false, "Spd": 301.2, "Trak": 248.2, "TrkH": false, "Type": "CRJ9", "Mdl": "2008 BOMBARDIER INC CL-600-2D24", "Man": "Bombardier", "CNum": "15181", "Op": "DELTA AIR LINES INC     - ATLANTA, GA", "OpIcao": "EDV", "Sqk": "1326", "Help": false, "Vsi": -1472, "VsiT": 1, "Dst": 22.72, "Brng": 30.9, "WTC": 2, "Species": 1, "Engines": "2", "EngType": 3, "EngMount": 1, "Mil": false, "Cou": "United States", "HasPic": false, "Interested": false, "FlightsCount": 0, "Gnd": false, "SpdTyp": 0, "CallSus": false, "Trt": 2, "Year": "2008"}, {"Id": 10729480, "Rcvr": 1, "HasSig": true, "Sig": 38, "Icao": "A3B808", "Bad": false, "Reg": "N339JB", "FSeen": "/Date(1544402683174)/", "TSecs": 3011, "CMsgs": 1461, "Alt": 275, "GAlt": 585, "InHg": 30.2303143, "AltT": 0, "Call": "JBU317", "Lat": 40.6519, "Long": -73.7632, "PosTime": 1544405686804, "Mlat": true, "Tisb": false, "Trak": 208.5, "TrkH": false, "Type": "E190", "Mdl": "2011 EMBRAER ERJ 190-100 IGW", "Man": "Embraer", "CNum": "19000490", "From": "KBOS General Edward Lawrence Logan, Boston, United States", "To": "KJFK John F Kennedy, New York, United States", "Op": "JetBlue Airways", "OpIcao": "JBU", "Sqk": "3532", "Help": false, "VsiT": 0, "Dst": 1.85, "Brng": 55.5, "WTC": 2, "Species": 1, "Engines": "2", "EngType": 3, "EngMount": 0, "Mil": false, "Cou": "United States", "HasPic": false, "Interested": false, "FlightsCount": 0, "Gnd": false, "SpdTyp": 0, "CallSus": true, "Trt": 2, "Year": "2011"}, {"Id": 11157871, "Rcvr": 1, "HasSig": false, "Icao": "AA416F", "Bad": false, "Reg": "N76ZA", "FSeen": "/Date(1544401959133)/", "TSecs": 3735, "CMsgs": 960, "Alt": 425, "GAlt": 697, "InHg": 30.191576, "AltT": 0, "Call": "N76ZA", "Lat": 40.813698, "Long": -74.096916, "PosTime": 1544405694378, "Mlat": false, "Tisb": false, "Spd": 116.0, "Trak": 290.2, "TrkH": false, "Type": "B407", "Mdl": "2014 BELL HELICOPTER TEXTRON CANADA 407", "Man": "Bell", "CNum": "54501", "Op": "N76ZA LLC     - NEW YORK, NY", "Sqk": "4340", "Help": false, "Vsi": 256, "VsiT": 1, "Dst": 32.71, "Brng": 305.7, "WTC": 1, "Species": 4, "Engines": "1", "EngType": 2, "EngMount": 0, "Mil": false, "Cou": "United States", "HasPic": false, "Interested": false, "FlightsCount": 0, "Gnd": false, "SpdTyp": 0, "CallSus": false, "Trt": 5, "Year": "2014"}, {"Id": 11271065, "Rcvr": 1, "HasSig": true, "Sig": 89, "Icao": "ABFB99", "Bad": false, "Reg": "N871RW", "FSeen": "/Date(1544400996297)/", "TSecs": 4698, "CMsgs": 2488, "Alt": 3750, "GAlt": 4069, "InHg": 30.239172, "AltT": 0, "Call": "RPA5903", "Lat": 40.741169, "Long": -73.845915, "PosTime": 1544405694344, "Mlat": true, "Tisb": false, "Spd": 368.5, "Trak": 49.7, "TrkH": false, "Type": "E170", "Mdl": "2006 EMBRAER ERJ 170-100SU", "Man": "Embraer", "CNum": "17000140", "Op": "REPUBLIC AIRLINE INC     - INDIANAPOLIS, IN", "OpIcao": "RPA", "Sqk": "6716", "Help": false, "Vsi": 0, "VsiT": 0, "Dst": 12.25, "Brng": 333.6, "WTC": 2, "Species": 1, "Engines": "2", "EngType": 3, "EngMount": 0, "Mil": false, "Cou": "United States", "HasPic": false, "Interested": false, "FlightsCount": 0, "Gnd": false, "SpdTyp": 0, "CallSus": true, "Trt": 2, "Year": "2006"}, {"Id": 10882170, "Rcvr": 1, "HasSig": false, "Icao": "A60C7A", "Bad": false, "Reg": "N48901", "FSeen": "/Date(1544400438231)/", "TSecs": 5256, "CMsgs": 2677, "Alt": -250, "GAlt": -128, "InHg": 30.041338, "AltT": 0, "Call": "ASQ4403", "Lat": 40.711003, "Long": -74.151223, "PosTime": 1544405660584, "Mlat": true, "Tisb": false, "Spd": 509.0, "Trak": 201.5, "TrkH": false, "Type": "E145", "Mdl": "2001 EMBRAER EMB-145LR", "Man": "Embraer", "CNum": "145501", "Op": "WELLS FARGO BANK NORTHWEST NA TRUSTEE     - SALT LAKE CITY, UT", "OpIcao": "ASQ", "Sqk": "0766", "Help": false, "Vsi": 0, "VsiT": 0, "Dst": 32.11, "Brng": 283.8, "WTC": 2, "Species": 1, "Engines": "2", "EngType": 3, "EngMount": 1, "Mil": false, "Cou": "United States", "HasPic": false, "Interested": false, "FlightsCount": 0, "Gnd": true, "SpdTyp": 0, "CallSus": false, "Trt": 2, "Year": "2001"}, {"Id": 10758030, "Rcvr": 1, "HasSig": true, "Sig": 180, "Icao": "A4278E", "Bad": false, "Reg": "N367NW", "FSeen": "/Date(1544400359959)/", "TSecs": 5335, "CMsgs": 2854, "Alt": 6450, "GAlt": 6745, "InHg": 30.2151985, "AltT": 0, "TAlt": 4000, "Call": "DAL2652", "Lat": 40.546692, "Long": -74.091125, "PosTime": 1544405690914, "Mlat": false, "Tisb": false, "Spd": 272.3, "Trak": 35.7, "TrkH": false, "TTrk": 0.0, "Type": "A320", "Mdl": "1999 AIRBUS INDUSTRIE A320-212", "Man": "Airbus", "CNum": "0988", "From": "KTPA Tampa, United States", "To": "KLGA La Guardia, New York, United States", "Op": "Delta Air Lines", "OpIcao": "DAL", "Sqk": "3355", "Help": false, "Vsi": -768, "VsiT": 0, "Dst": 28.25, "Brng": 247.9, "WTC": 2, "Species": 1, "Engines": "2", "EngType": 3, "EngMount": 0, "Mil": false, "Cou": "United States", "HasPic": false, "Interested": false, "FlightsCount": 0, "Gnd": false, "SpdTyp": 0, "CallSus": false, "Trt": 2, "Year": "1999"}, {"Id": 11205603, "Rcvr": 1, "HasSig": true, "Sig": 72, "Icao": "AAFBE3", "Bad": false, "Reg": "N807AE", "FSeen": "/Date(1544400214561)/", "TSecs": 5480, "CMsgs": 2865, "Alt": 1550, "GAlt": 1869, "InHg": 30.239172, "AltT": 0, "Call": "ENY3688", "Lat": 40.8621, "Long": -73.8076, "PosTime": 1544405694343, "Mlat": true, "Tisb": false, "Spd": 361.0, "Trak": 140.7, "TrkH": false, "Type": "E135", "Mdl": "2001 EMBRAER EMB-135KL", "Man": "Embraer", "CNum": "145506", "From": "KLGA La Guardia, New York, United States", "To": "KCMH Port Columbus, United States", "Op": "AMERICAN AIRLINES INC     - FORT WORTH, TX", "OpIcao": "ENY", "Sqk": "6735", "Help": false, "Vsi": -472, "VsiT": 0, "Dst": 24.52, "Brng": 354.8, "WTC": 2, "Species": 1, "Engines": "2", "EngType": 3, "EngMount": 1, "Mil": false, "Cou": "United States", "HasPic": false, "Interested": false, "FlightsCount": 0, "Gnd": false, "SpdTyp": 0, "CallSus": true, "Trt": 2, "Year": "2001"}, {"Id": 10925303, "Rcvr": 1, "HasSig": true, "Sig": 196, "Icao": "A6B4F7", "Bad": false, "Reg": "N531JL", "FSeen": "/Date(1544400040000)/", "TSecs": 5655, "CMsgs": 2591, "Alt": -250, "GAlt": 92, "InHg": 30.26245, "AltT": 0, "TAlt": 3008, "Call": "JBU429", "Lat": 40.632534, "Long": -73.767502, "PosTime": 1544403068500, "Mlat": false, "PosStale": true, "Tisb": false, "Spd": 0.0, "Trak": 199.7, "TrkH": false, "TTrk": 0.0, "Type": "A320", "Mdl": "2001 AIRBUS INDUSTRIE A320-232", "Man": "Airbus", "CNum": "1650", "From": "KBOS General Edward Lawrence Logan, Boston, United States", "To": "KSMF Sacramento, United States", "Op": "JetBlue Airways", "OpIcao": "JBU", "Sqk": "2000", "Help": false, "Vsi": -128, "VsiT": 0, "Dst": 1.61, "Brng": 133.6, "WTC": 2, "Species": 1, "Engines": "2", "EngType": 3, "EngMount": 0, "Mil": false, "Cou": "United States", "HasPic": false, "Interested": false, "FlightsCount": 0, "Gnd": true, "SpdTyp": 0, "CallSus": false, "Trt": 5, "Year": "2001"}, {"Id": 10536844, "Rcvr": 1, "HasSig": true, "Sig": 94, "Icao": "A0C78C", "Bad": false, "Reg": "N14977", "FSeen": "/Date(1544400037076)/", "TSecs": 5658, "CMsgs": 2994, "Alt": 2700, "GAlt": 2990, "InHg": 30.2096462, "AltT": 0, "TAlt": 3008, "Call": "ASQ4031", "Lat": 40.833618, "Long": -74.074707, "PosTime": 1544405694343, "Mlat": false, "Tisb": false, "Spd": 181.1, "Trak": 206.6, "TrkH": false, "Type": "E145", "Mdl": "1999 EMBRAER EMB-145LR", "Man": "Embraer", "CNum": "145175", "Op": "UNITED AIRLINES INC     - CHICAGO, IL", "OpIcao": "ASQ", "Sqk": "6764", "Help": false, "Vsi": -64, "VsiT": 1, "Dst": 32.6, "Brng": 310.8, "WTC": 2, "Species": 1, "Engines": "2", "EngType": 3, "EngMount": 1, "Mil": false, "Cou": "United States", "HasPic": false, "Interested": false, "FlightsCount": 0, "Gnd": false, "SpdTyp": 0, "CallSus": false, "Trt": 5, "Year": "1999"}, {"Id": 10957529, "Rcvr": 1, "HasSig": true, "Sig": 77, "Icao": "A732D9", "Bad": false, "Reg": "N563JB", "FSeen": "/Date(1544399788601)/", "TSecs": 5906, "CMsgs": 2753, "Alt": -250, "GAlt": 69, "InHg": 30.2388229, "AltT": 0, "TAlt": 2016, "Call": "JBU1042", "Lat": 40.629398, "Long": -73.769943, "PosTime": 1544405433727, "Mlat": false, "PosStale": true, "Tisb": false, "Spd": 12.5, "Trak": 309.4, "TrkH": false, "TTrk": 279.84375, "Type": "A320", "Mdl": "2003 AIRBUS A320-232", "Man": "Airbus", "CNum": "2006", "From": "KSAV Savannah Hilton Head, United States", "To": "KJFK John F Kennedy, New York, United States", "Op": "JetBlue Airways", "OpIcao": "JBU", "Sqk": "0726", "Help": false, "Vsi": -576, "VsiT": 0, "Dst": 1.74, "Brng": 146.7, "WTC": 2, "Species": 1, "Engines": "2", "EngType": 3, "EngMount": 0, "Mil": false, "Cou": "United States", "HasPic": false, "Interested": false, "FlightsCount": 0, "Gnd": true, "SpdTyp": 0, "CallSus": true, "Trt": 5, "Year": "2003"}, {"Id": 10900683, "Rcvr": 1, "HasSig": false, "Icao": "A654CB", "Bad": false, "Reg": "N507JT", "FSeen": "/Date(1544399566242)/", "TSecs": 6128, "CMsgs": 3227, "Alt": 1325, "GAlt": 1635, "InHg": 30.2303143, "AltT": 0, "TAlt": 18016, "Call": "JBU720", "Lat": 40.709839, "Long": -73.704216, "PosTime": 1544405694342, "Mlat": false, "Tisb": false, "Spd": 142.0, "Trak": 210.0, "TrkH": false, "Type": "A320", "Mdl": "2000 AIRBUS INDUSTRIE A320-232", "Man": "Airbus", "CNum": "1240", "From": "MYNN Lynden Pindling, Nassau, Bahamas", "To": "KJFK John F Kennedy, New York, United States", "Op": "JetBlue Airways", "OpIcao": "JBU", "Sqk": "2575", "Help": false, "Vsi": -576, "VsiT": 0, "Dst": 9.92, "Brng": 40.9, "WTC": 2, "Species": 1, "Engines": "2", "EngType": 3, "EngMount": 0, "Mil": false, "Cou": "United States", "HasPic": false, "Interested": false, "FlightsCount": 0, "Gnd": false, "SpdTyp": 0, "CallSus": false, "Trt": 2, "Year": "2000"}, {"Id": 10651666, "Rcvr": 1, "HasSig": true, "Sig": 208, "Icao": "A28812", "Bad": false, "Reg": "N262SY", "FSeen": "/Date(1544399257940)/", "TSecs": 6437, "CMsgs": 3410, "Alt": -250, "GAlt": 45, "InHg": 30.2151985, "AltT": 0, "TAlt": 2016, "Call": "SKW3790", "Lat": 40.775198, "Long": -73.879124, "PosTime": 1544405557700, "Mlat": false, "PosStale": true, "Tisb": false, "Spd": 23.0, "Trak": 30.9, "TrkH": false, "Type": "E75L", "Mdl": "Embraer EMB-175 LL", "Man": "Embraer", "CNum": "17000714", "Op": "Delta Connection", "OpIcao": "SKW", "Sqk": "3145", "Help": false, "Vsi": -128, "VsiT": 0, "Dst": 16.91, "Brng": 330.8, "WTC": 2, "Species": 1, "Engines": "2", "EngType": 3, "EngMount": 0, "Mil": false, "Cou": "United States", "HasPic": false, "Interested": false, "FlightsCount": 0, "Gnd": true, "SpdTyp": 0, "CallSus": false, "Trt": 5, "Year": "2018"}, {"Id": 11376657, "Rcvr": 1, "HasSig": false, "Icao": "AD9811", "Bad": false, "Reg": "N975UY", "FSeen": "/Date(1544398803271)/", "TSecs": 6891, "CMsgs": 2838, "Alt": 600, "GAlt": 910, "InHg": 30.2303143, "AltT": 0, "TAlt": 7008, "Call": "AAL824", "Lat": 40.820526, "Long": -73.841858, "PosTime": 1544405694344, "Mlat": false, "Tisb": false, "Spd": 121.0, "Trak": 214.0, "TrkH": false, "TTrk": 340.3125, "Type": "A321", "Mdl": "Airbus A321 231", "Man": "Airbus", "CNum": "4935", "From": "KPHL Philadelphia, United States", "To": "TXKF L.F. Wade International, Hamilton, Bermuda", "Op": "American Airlines", "OpIcao": "AAL", "Sqk": "7212", "Help": false, "Vsi": -384, "VsiT": 0, "Dst": 20.44, "Brng": 345.6, "WTC": 2, "Species": 1, "Engines": "2", "EngType": 3, "EngMount": 0, "Mil": false, "Cou": "United States", "HasPic": false, "Interested": false, "FlightsCount": 0, "Gnd": false, "SpdTyp": 0, "CallSus": false, "Trt": 2, "Year": "2011"}, {"Id": 11399464, "Rcvr": 1, "HasSig": true, "Sig": 141, "Icao": "ADF128", "Bad": false, "Reg": "N998JE", "FSeen": "/Date(1544398160160)/", "TSecs": 7534, "CMsgs": 3831, "Alt": -225, "GAlt": 70, "InHg": 30.2151985, "AltT": 0, "TAlt": 4000, "Call": "JBU1184", "Lat": 40.627244, "Long": -73.783384, "PosTime": 1544405686797, "Mlat": false, "Tisb": false, "Spd": 10.0, "Trak": 25.3, "TrkH": false, "TTrk": 0.0, "Type": "A321", "Mdl": "Airbus A321 231SL", "Man": "Airbus", "CNum": "8525", "From": "KMCO Orlando, United States", "To": "KJFK John F Kennedy, New York, United States", "Op": "JetBlue Airways", "OpIcao": "JBU", "Sqk": "0776", "Help": false, "Vsi": -64, "VsiT": 1, "Dst": 1.7, "Brng": 186.0, "WTC": 2, "Species": 1, "Engines": "2", "EngType": 3, "EngMount": 0, "Mil": false, "Cou": "United States", "HasPic": false, "Interested": false, "FlightsCount": 0, "Gnd": true, "SpdTyp": 0, "CallSus": false, "Trt": 5, "Year": "2018"}, {"Id": 11060119, "Rcvr": 1, "HasSig": false, "Icao": "A8C397", "Bad": false, "Reg": "N664FE", "FSeen": "/Date(1544397944096)/", "TSecs": 7751, "CMsgs": 3695, "Alt": 975, "GAlt": 1270, "InHg": 30.2151985, "AltT": 0, "TAlt": 7008, "Call": "FDX909", "Lat": 40.749874, "Long": -74.128189, "PosTime": 1544405694341, "Mlat": false, "Tisb": false, "Spd": 144.0, "Trak": 205.9, "TrkH": false, "TTrk": 123.046875, "Type": "A306", "Mdl": "1996 AIRBUS INDUSTRIE A300F4-605R", "Man": "Airbus", "CNum": "768", "Op": "FedEx", "OpIcao": "FDX", "Sqk": "5643", "Help": false, "Vsi": -768, "VsiT": 1, "Dst": 31.59, "Brng": 292.3, "WTC": 3, "Species": 1, "Engines": "2", "EngType": 3, "EngMount": 0, "Mil": false, "Cou": "United States", "HasPic": false, "Interested": false, "FlightsCount": 0, "Gnd": false, "SpdTyp": 0, "CallSus": false, "Trt": 5, "Year": "1996"}, {"Id": 11121263, "Rcvr": 1, "HasSig": true, "Sig": 93, "Icao": "A9B26F", "Bad": false, "Reg": "N724AG", "FSeen": "/Date(1544397797914)/", "TSecs": 7897, "CMsgs": 3843, "Alt": 2875, "GAlt": 3165, "InHg": 30.2096462, "AltT": 0, "Call": "N724AG", "Lat": 40.811881, "Long": -73.770384, "PosTime": 1544405694345, "Mlat": false, "Tisb": false, "Spd": 236.5, "Trak": 29.9, "TrkH": false, "Type": "GLF6", "Mdl": "2001 GULFSTREAM AEROSPACE G-V", "Man": "Gulfstream Aerospace", "CNum": "656", "Op": "EDAN LIMITED LLC EDAN LIMITED II LLC    - MORRISTOWN, NJ", "Sqk": "1446", "Help": false, "Vsi": -960, "VsiT": 1, "Dst": 18.86, "Brng": 2.8, "WTC": 2, "Species": 1, "Engines": "2", "EngType": 3, "EngMount": 1, "Mil": false, "Cou": "United States", "HasPic": false, "Interested": false, "FlightsCount": 0, "Gnd": false, "SpdTyp": 0, "CallSus": false, "Trt": 4, "Year": "2001"}, {"Id": 10544977, "Rcvr": 1, "HasSig": true, "Sig": 98, "Icao": "A0E751", "Bad": false, "Reg": "N15751", "FSeen": "/Date(1544397225148)/", "TSecs": 8469, "CMsgs": 4071, "Alt": -50, "GAlt": 251, "InHg": 30.2214565, "AltT": 0, "Lat": 40.712128, "Long": -74.155701, "PosTime": 1544405678190, "Mlat": true, "Tisb": false, "Spd": 385.0, "Trak": 214.9, "TrkH": false, "Type": "B737", "Mdl": "1999 BOEING 737-71Q", "Man": "Boeing", "CNum": "29047", "Op": "United Airlines", "OpIcao": "UAL", "Sqk": "4036", "Help": false, "Vsi": -1536, "VsiT": 0, "Dst": 32.51, "Brng": 283.9, "WTC": 2, "Species": 1, "Engines": "2", "EngType": 3, "EngMount": 0, "Mil": false, "Cou": "United States", "HasPic": false, "Interested": false, "FlightsCount": 0, "Gnd": false, "SpdTyp": 0, "CallSus": false, "Trt": 2, "Year": "1999"}, {"Id": 11259928, "Rcvr": 1, "HasSig": true, "Sig": 182, "Icao": "ABD018", "Bad": false, "Reg": "N860NW", "FSeen": "/Date(1544396771259)/", "TSecs": 8923, "CMsgs": 4519, "Alt": 1700, "GAlt": 2019, "InHg": 30.2388229, "AltT": 0, "TAlt": 2016, "Call": "DAL4", "Lat": 40.766912, "Long": -73.659023, "PosTime": 1544405694343, "Mlat": false, "Tisb": false, "Spd": 172.2, "Trak": 210.7, "TrkH": false, "TTrk": 0.0, "Type": "A332", "Mdl": "2006 AIRBUS A330-223", "Man": "Airbus", "CNum": "0778", "From": "EGLL London Heathrow, United Kingdom", "To": "KJFK John F Kennedy, New York, United States", "Op": "DELTA AIR LINES INC     - ATLANTA, GA", "OpIcao": "DAL", "Sqk": "2516", "Help": false, "Vsi": 0, "VsiT": 1, "Dst": 17.25, "Brng": 36.6, "WTC": 3, "Species": 1, "Engines": "2", "EngType": 3, "EngMount": 0, "Mil": false, "Cou": "United States", "HasPic": false, "Interested": false, "FlightsCount": 0, "Gnd": false, "SpdTyp": 0, "CallSus": false, "Trt": 5, "Year": "2006"}, {"Id": 4704474, "Rcvr": 1, "HasSig": false, "Icao": "47C8DA", "Bad": false, "Reg": "LN-LNN", "FSeen": "/Date(1544396729742)/", "TSecs": 8965, "CMsgs": 4336, "Alt": 24025, "GAlt": 24320, "InHg": 30.2151985, "AltT": 0, "TAlt": 3008, "Call": "NAX9V", "Lat": 40.62992, "Long": -73.76756, "PosTime": 1544405597197, "Mlat": false, "Tisb": false, "Spd": 20.0, "Trak": 247.5, "TrkH": false, "TTrk": 224.296875, "Type": "B789", "Mdl": "Boeing 787 9", "Man": "Boeing", "CNum": "38891", "Op": "Norwegian", "OpIcao": "NAX", "Sqk": "0736", "Help": false, "Vsi": -448, "VsiT": 0, "Dst": 1.81, "Brng": 140.4, "WTC": 3, "Species": 1, "Engines": "2", "EngType": 3, "EngMount": 0, "Mil": false, "Cou": "Norway", "HasPic": false, "Interested": false, "FlightsCount": 0, "Gnd": false, "SpdTyp": 0, "CallSus": false, "Trt": 5, "Year": "2017"}, {"Id": 10669896, "Rcvr": 1, "HasSig": false, "Icao": "A2CF48", "Bad": false, "Reg": "N280PH", "FSeen": "/Date(1544396679128)/", "TSecs": 9015, "CMsgs": 3586, "Alt": -250, "GAlt": 40, "InHg": 30.2096462, "AltT": 0, "Call": "N280PH", "Lat": 40.854153, "Long": -74.055199, "PosTime": 1544405653222, "Mlat": false, "Tisb": false, "Spd": 0.0, "Trak": 208.1, "TrkH": false, "Type": "GLF5", "Mdl": " GULFSTREAM AEROSPACE G-V", "Man": "Gulfstream Aerospace", "CNum": "581", "Op": "GLOBAL SERVICES DETROIT LLC     - WILMINGTON, DE", "Sqk": "7424", "Help": false, "Vsi": -640, "VsiT": 0, "Dst": 32.96, "Brng": 315.7, "WTC": 2, "Species": 1, "Engines": "2", "EngType": 3, "EngMount": 1, "Mil": false, "Cou": "United States", "HasPic": false, "Interested": false, "FlightsCount": 0, "Gnd": true, "SpdTyp": 0, "CallSus": false, "Trt": 5, "Year": "1999"}, {"Id": 10703690, "Rcvr": 1, "HasSig": true, "Sig": 143, "Icao": "A3534A", "Bad": false, "Reg": "N313PQ", "FSeen": "/Date(1544396637628)/", "TSecs": 9057, "CMsgs": 4059, "Alt": 6000, "GAlt": 6290, "InHg": 30.2096462, "AltT": 0, "Call": "00000000", "Lat": 40.646574, "Long": -74.014518, "PosTime": 1544405694341, "Mlat": true, "Tisb": false, "Spd": 333.2, "Trak": 36.5, "TrkH": false, "Type": "CRJ9", "Mdl": "2014 BOMBARDIER INC CL-600-2D24", "Man": "Bombardier", "CNum": "15313", "Op": "DELTA AIR LINES INC     - ATLANTA, GA", "OpIcao": "EDV", "Sqk": "1776", "Help": false, "Vsi": 128, "VsiT": 0, "Dst": 19.68, "Brng": 271.4, "WTC": 2, "Species": 1, "Engines": "2", "EngType": 3, "EngMount": 1, "Mil": false, "Cou": "United States", "HasPic": false, "Interested": false, "FlightsCount": 0, "Gnd": false, "SpdTyp": 0, "CallSus": true, "Trt": 2, "Year": "2014"}, {"Id": 10554300, "Rcvr": 1, "HasSig": true, "Sig": 164, "Icao": "A10BBC", "Bad": false, "Reg": "N167AN", "FSeen": "/Date(1544396025823)/", "TSecs": 9669, "CMsgs": 4905, "Alt": 1800, "GAlt": 2090, "InHg": 30.2096462, "AltT": 0, "Call": "AAL1011", "Lat": 40.882324, "Long": -73.754272, "PosTime": 1544405694338, "Mlat": false, "Tisb": false, "Spd": 165.6, "Trak": 298.9, "TrkH": false, "Type": "A321", "Mdl": "Airbus A321 231SL", "Man": "Airbus", "CNum": "7013", "From": "KMIA Miami, United States", "To": "KLGA La Guardia, New York, United States", "Op": "American Airlines", "OpIcao": "AAL", "Sqk": "0532", "Help": false, "Vsi": -768, "VsiT": 0, "Dst": 26.77, "Brng": 4.9, "WTC": 2, "Species": 1, "Engines": "2", "EngType": 3, "EngMount": 0, "Mil": false, "Cou": "United States", "HasPic": false, "Interested": false, "FlightsCount": 0, "Gnd": false, "SpdTyp": 0, "CallSus": false, "Trt": 2, "Year": "2016"}, {"Id": 10811218, "Rcvr": 1, "HasSig": false, "Icao": "A4F752", "Bad": false, "Reg": "N419UA", "FSeen": "/Date(1544395686009)/", "TSecs": 10009, "CMsgs": 4881, "Alt": -250, "GAlt": 40, "InHg": 30.2096462, "AltT": 0, "TAlt": 10016, "Call": "UAL2094", "Lat": 40.777504, "Long": -73.873566, "PosTime": 1544405666301, "Mlat": false, "Tisb": false, "Spd": 0.0, "Trak": 149.1, "TrkH": false, "TTrk": 70.3125, "Type": "A320", "Mdl": "1994 AIRBUS INDUSTRIE A320-232", "Man": "Airbus", "CNum": "487", "Op": "US BANK NA TRUSTEE     - BOSTON, MA", "OpIcao": "UAL", "Sqk": "2437", "Help": false, "Vsi": -64, "VsiT": 0, "Dst": 16.91, "Brng": 332.6, "WTC": 2, "Species": 1, "Engines": "2", "EngType": 3, "EngMount": 0, "Mil": false, "Cou": "United States", "HasPic": false, "Interested": false, "FlightsCount": 0, "Gnd": true, "SpdTyp": 0, "CallSus": false, "Trt": 5, "Year": "1994"}, {"Id": 10673790, "Rcvr": 1, "HasSig": true, "Sig": 143, "Icao": "A2DE7E", "Bad": false, "Reg": "N284SY", "FSeen": "/Date(1544395208516)/", "TSecs": 10486, "CMsgs": 5260, "Alt": -250, "GAlt": 40, "InHg": 30.2096462, "AltT": 0, "TAlt": 10016, "Call": "SKW3815", "Lat": 40.776222, "Long": -73.878313, "PosTime": 1544405683636, "Mlat": false, "Tisb": false, "Spd": 121.0, "Trak": 212.5, "TrkH": false, "Type": "E75L", "Mdl": "Embraer EMB-175 LR", "Man": "Embraer", "CNum": "17000750", "Op": "Delta Connection", "OpIcao": "SKW", "Sqk": "2241", "Help": false, "Vsi": -256, "VsiT": 0, "Dst": 16.97, "Brng": 331.2, "WTC": 2, "Species": 1, "Engines": "2", "EngType": 3, "EngMount": 0, "Mil": false, "Cou": "United States", "HasPic": false, "Interested": false, "FlightsCount": 0, "Gnd": false, "SpdTyp": 0, "CallSus": false, "Trt": 5, "Year": "2018"}, {"Id": 11373549, "Rcvr": 1, "HasSig": true, "Sig": 125, "Icao": "AD8BED", "Bad": false, "Reg": "N972JT", "FSeen": "/Date(1544394186477)/", "TSecs": 11508, "CMsgs": 3434, "Alt": -250, "GAlt": 92, "InHg": 30.26245, "AltT": 0, "TAlt": 4000, "Call": "JBU2809", "Lat": 40.658432, "Long": -73.791809, "PosTime": 1544396610166, "Mlat": false, "PosStale": true, "Tisb": false, "Spd": 0.0, "Trak": 191.3, "TrkH": false, "TTrk": 0.0, "Type": "A321", "Mdl": "Airbus A321 231SL", "Man": "Airbus", "CNum": "7455", "Op": "JetBlue Airways", "OpIcao": "JBU", "Sqk": "3022", "Help": false, "Vsi": -576, "VsiT": 0, "Dst": 1.98, "Brng": 333.4, "WTC": 2, "Species": 1, "Engines": "2", "EngType": 3, "EngMount": 0, "Mil": false, "Cou": "United States", "HasPic": false, "Interested": false, "FlightsCount": 0, "Gnd": true, "SpdTyp": 0, "CallSus": false, "Trt": 5, "Year": "2016"}, {"Id": 11358066, "Rcvr": 1, "HasSig": true, "Sig": 123, "Icao": "AD4F72", "Bad": false, "Reg": "N957JB", "FSeen": "/Date(1544393963723)/", "TSecs": 11731, "CMsgs": 4317, "Alt": -250, "GAlt": 69, "InHg": 30.2388229, "AltT": 0, "TAlt": 3008, "Call": "JBU1452", "Lat": 40.630293, "Long": -73.770197, "PosTime": 1544404270295, "Mlat": false, "PosStale": true, "Tisb": false, "Spd": 0.0, "Trak": 210.9, "TrkH": false, "TTrk": 260.15625, "Type": "A321", "Mdl": "Airbus A321 231SL", "Man": "Airbus", "CNum": "6809", "From": "KMCO Orlando, United States", "To": "KBOS General Edward Lawrence Logan, Boston, United States", "Op": "JetBlue Airways", "OpIcao": "JBU", "Sqk": "2000", "Help": false, "Vsi": -64, "VsiT": 0, "Dst": 1.65, "Brng": 145.4, "WTC": 2, "Species": 1, "Engines": "2", "EngType": 3, "EngMount": 0, "Mil": false, "Cou": "United States", "HasPic": false, "Interested": false, "FlightsCount": 0, "Gnd": true, "SpdTyp": 0, "CallSus": false, "Trt": 5, "Year": "2015"}, {"Id": 10918036, "Rcvr": 1, "HasSig": true, "Sig": 168, "Icao": "A69894", "Bad": false, "Reg": "N524JB", "FSeen": "/Date(1544393565188)/", "TSecs": 12129, "CMsgs": 5104, "Alt": -225, "GAlt": -212, "InHg": 29.93171, "AltT": 0, "TAlt": 35008, "Call": "JBU1677", "Lat": 40.63262, "Long": -73.767653, "PosTime": 1544402499494, "Mlat": false, "PosStale": true, "Tisb": false, "Spd": 0.1, "Trak": 199.7, "TrkH": false, "TTrk": 0.0, "Type": "A320", "Mdl": "2001 AIRBUS INDUSTRIE A320-232", "Man": "Airbus", "CNum": "1528", "From": "KJFK John F Kennedy, New York, United States", "To": "KJAX Jacksonville, United States", "Op": "JetBlue Airways", "OpIcao": "JBU", "Sqk": "2000", "Help": false, "Vsi": -704, "VsiT": 0, "Dst": 1.59, "Brng": 133.6, "WTC": 2, "Species": 1, "Engines": "2", "EngType": 3, "EngMount": 0, "Mil": false, "Cou": "United States", "HasPic": false, "Interested": false, "FlightsCount": 0, "Gnd": true, "SpdTyp": 0, "CallSus": false, "Trt": 5, "Year": "2001"}, {"Id": 11103138, "Rcvr": 1, "HasSig": true, "Sig": 143, "Icao": "A96BA2", "Bad": false, "Reg": "N706JB", "FSeen": "/Date(1544393443889)/", "TSecs": 12251, "CMsgs": 3624, "Alt": 100400, "GAlt": 100742, "InHg": 30.26245, "AltT": 0, "TAlt": 4000, "Call": "JBU950", "Lat": 40.651291, "Long": -73.775894, "PosTime": 1544395940305, "Mlat": false, "PosStale": true, "Tisb": false, "Spd": 0.1, "Trak": 202.5, "TrkH": false, "TTrk": 0.0, "Type": "A320", "Mdl": "2008 AIRBUS A320-232", "Man": "Airbus", "CNum": "3451", "From": "KMCO Orlando, United States", "To": "KBOS General Edward Lawrence Logan, Boston, United States", "Op": "JetBlue Airways", "OpIcao": "JBU", "Sqk": "2000", "Help": false, "Vsi": -960, "VsiT": 0, "Dst": 1.08, "Brng": 24.9, "WTC": 2, "Species": 1, "Engines": "2", "EngType": 3, "EngMount": 0, "Mil": false, "Cou": "United States", "HasPic": false, "Interested": false, "FlightsCount": 0, "Gnd": true, "SpdTyp": 0, "CallSus": false, "Trt": 5, "Year": "2008"}, {"Id": 3754477, "Rcvr": 1, "HasSig": true, "Sig": 148, "Icao": "3949ED", "Bad": false, "Reg": "F-GSPN", "FSeen": "/Date(1544388964547)/", "TSecs": 16730, "CMsgs": 4579, "Alt": -275, "GAlt": 35, "InHg": 30.2303143, "AltT": 0, "Call": "AFR008", "Lat": 40.633691, "Long": -73.763892, "PosTime": 1544405694342, "Mlat": false, "Tisb": false, "Spd": 53.0, "Trak": 205.0, "TrkH": false, "Type": "B772", "Mdl": "Boeing 777 228ER", "Man": "Boeing", "CNum": "29011", "From": "LFPG Charles de Gaulle, Paris, France", "To": "KJFK John F Kennedy, New York, United States", "Op": "Air France", "OpIcao": "AFR", "Sqk": "2576", "Help": false, "Vsi": 0, "VsiT": 0, "Dst": 1.76, "Brng": 123.7, "WTC": 3, "Species": 1, "Engines": "2", "EngType": 3, "EngMount": 0, "Mil": false, "Cou": "France", "HasPic": false, "Interested": false, "FlightsCount": 0, "Gnd": true, "SpdTyp": 0, "CallSus": false, "Trt": 2, "Year": "2000", "Sat": true}, {"Id": 11107787, "Rcvr": 1, "HasSig": false, "Icao": "A97DCB", "Bad": false, "Reg": "N710TW", "FSeen": "/Date(1544388530493)/", "TSecs": 17164, "CMsgs": 8070, "Alt": 1725, "GAlt": 2020, "InHg": 30.2151985, "AltT": 0, "TAlt": 4000, "Call": "DAL1849", "Lat": 40.849262, "Long": -73.564888, "PosTime": 1544405694335, "Mlat": false, "Tisb": false, "Spd": 166.0, "Trak": 256.8, "TrkH": false, "TTrk": 40.078125, "Type": "B752", "Mdl": "1997 BOEING 757-2Q8", "Man": "Boeing", "CNum": "28169", "From": "KCMH Port Columbus, United States", "To": "KSRQ Sarasota Bradenton, Sarasota/Bradenton, United States", "Stops": ["KATL Hartsfield Jackson Atlanta, United States"], "Op": "Delta Air Lines", "OpIcao": "DAL", "Sqk": "7765", "Help": false, "Vsi": 0, "VsiT": 0, "Dst": 29.34, "Brng": 38.3, "WTC": 2, "Species": 1, "Engines": "2", "EngType": 3, "EngMount": 0, "Mil": false, "Cou": "United States", "HasPic": false, "Interested": false, "FlightsCount": 0, "Gnd": false, "SpdTyp": 0, "CallSus": false, "Trt": 2, "Year": "1997"}, {"Id": 11039969, "Rcvr": 1, "HasSig": true, "Sig": 70, "Icao": "A874E1", "Bad": false, "Reg": "N644JB", "FSeen": "/Date(1544388012517)/", "TSecs": 17682, "CMsgs": 8197, "Alt": 3825, "GAlt": 4144, "InHg": 30.2388229, "AltT": 0, "TAlt": 4000, "Call": "JBU514", "Lat": 40.392746, "Long": -73.596313, "PosTime": 1544405694335, "Mlat": false, "Tisb": false, "Spd": 224.9, "Trak": 29.9, "TrkH": false, "TTrk": 40.078125, "Type": "A320", "Mdl": "2006 AIRBUS A320-232", "Man": "Airbus", "CNum": "2880", "From": "KLGB Long Beach /Daugherty Field/, United States", "To": "KJFK John F Kennedy, New York, United States", "Op": "JetBlue Airways", "OpIcao": "JBU", "Sqk": "1311", "Help": false, "Vsi": -896, "VsiT": 0, "Dst": 31.87, "Brng": 150.6, "WTC": 2, "Species": 1, "Engines": "2", "EngType": 3, "EngMount": 0, "Mil": false, "Cou": "United States", "HasPic": false, "Interested": false, "FlightsCount": 0, "Gnd": false, "SpdTyp": 0, "CallSus": false, "Trt": 5, "Year": "2006"}, {"Id": 11118416, "Rcvr": 1, "HasSig": true, "Sig": 174, "Icao": "A9A750", "Bad": false, "Reg": "N721AN", "FSeen": "/Date(1544383927150)/", "TSecs": 21767, "CMsgs": 4547, "Alt": -250, "GAlt": 60, "InHg": 30.2303143, "AltT": 0, "Call": "AAL107", "Lat": 40.630165, "Long": -73.767045, "PosTime": 1544404813567, "Mlat": false, "Tisb": false, "Spd": 0.0, "Trak": 171.6, "TrkH": false, "Type": "B77W", "Mdl": "2013 BOEING 777-323ER", "Man": "Boeing", "CNum": "31546", "From": "EGLL London Heathrow, United Kingdom", "To": "KJFK John F Kennedy, New York, United States", "Op": "American Airlines", "OpIcao": "AAL", "Sqk": "6333", "Help": false, "Vsi": -128, "VsiT": 0, "Dst": 1.82, "Brng": 138.8, "WTC": 3, "Species": 1, "Engines": "2", "EngType": 3, "EngMount": 0, "Mil": false, "Cou": "United States", "HasPic": false, "Interested": false, "FlightsCount": 0, "Gnd": true, "SpdTyp": 0, "CallSus": false, "Trt": 2, "Year": "2013", "Sat": true}, {"Id": 10763141, "Rcvr": 1, "HasSig": false, "Icao": "A43B85", "Bad": false, "Reg": "N372DA", "FSeen": "/Date(1544370893196)/", "TSecs": 34801, "CMsgs": 11225, "Alt": 12925, "GAlt": 13226, "InHg": 30.2214565, "AltT": 0, "TAlt": 16000, "Call": "DAL1455", "Lat": 40.552864, "Long": -73.992798, "PosTime": 1544405694335, "Mlat": false, "Tisb": false, "Spd": 308.0, "Trak": 165.6, "TrkH": false, "TTrk": 180.0, "Type": "B738", "Mdl": "BOEING 737-832", "Man": "Boeing", "CNum": "29620", "From": "KATL Hartsfield Jackson Atlanta, United States", "To": "KLAX Los Angeles, United States", "Op": "Delta Air Lines", "OpIcao": "DAL", "Sqk": "3725", "Help": false, "Vsi": -1088, "VsiT": 0, "Dst": 20.45, "Brng": 240.9, "WTC": 2, "Species": 1, "Engines": "2", "EngType": 3, "EngMount": 0, "Mil": false, "Cou": "United States", "HasPic": false, "Interested": false, "FlightsCount": 0, "Gnd": false, "SpdTyp": 0, "CallSus": false, "Trt": 5, "Year": "1998"}, {"Id": 11335942, "Rcvr": 1, "HasSig": true, "Sig": 187, "Icao": "ACF906", "Bad": false, "Reg": "N935JB", "FSeen": "/Date(1544364034947)/", "TSecs": 41660, "CMsgs": 14738, "Alt": 3700, "GAlt": 4010, "InHg": 30.2303143, "AltT": 0, "TAlt": 12000, "Call": "JBU748", "Lat": 40.518975, "Long": -73.493354, "PosTime": 1544405694335, "Mlat": false, "Tisb": false, "Spd": 222.1, "Trak": 29.7, "TrkH": false, "TTrk": 40.0, "Type": "A321", "Mdl": "2014 AIRBUS INDUSTRIE A321-231", "Man": "Airbus", "CNum": "6185", "From": "KLAS McCarran, Las Vegas, United States", "To": "KJFK John F Kennedy, New York, United States", "Op": "JetBlue Airways", "OpIcao": "JBU", "Sqk": "7362", "Help": false, "Vsi": 0, "VsiT": 0, "Dst": 27.93, "Brng": 119.4, "WTC": 2, "Species": 1, "Engines": "2", "EngType": 3, "EngMount": 0, "Mil": false, "Cou": "United States", "HasPic": false, "Interested": false, "FlightsCount": 0, "Gnd": false, "SpdTyp": 0, "CallSus": false, "Trt": 4, "Year": "2014"}], "totalAc": 5471, "lastDv": "636796447414846648", "shtTrlSec": 65, "stm": 1544405694916}