{"src": 1, "feeds": [{"id": 1, "name": "From Cons", "polarPlot": false}], "srcFeed": 1, "showSil": true, "showFlg": true, "showPic": true, "flgH": 20, "flgW": 85, "acList": [{"Id": 4804978, "Rcvr": 1, "HasSig": false, "Icao": "495172", "Bad": false, "Reg": "CS-TKR", "FSeen": "/Date(1544418441219)/", "TSecs": 58, "CMsgs": 3, "InHg": 30.1801186, "AltT": 0, "Lat": 40.642826, "Long": -73.772194, "PosTime": 1544418444982, "Mlat": false, "Tisb": false, "Spd": 16.0, "Trak": 208.9, "TrkH": false, "Type": "B763", "Mdl": "Boeing 767 36NER", "Man": "Boeing", "CNum": "30854", "Op": "Air Niugini", "OpIcao": "ANG", "Sqk": "", "VsiT": 0, "Dst": 0.77, "Brng": 87.2, "WTC": 3, "Species": 1, "Engines": "2", "EngType": 3, "EngMount": 0, "Mil": false, "Cou": "Portugal", "HasPic": false, "Interested": false, "FlightsCount": 0, "Gnd": true, "SpdTyp": 0, "CallSus": false, "Trt": 2, "Year": "2001"}, {"Id": 4704458, "Rcvr": 1, "HasSig": true, "Sig": 94, "Icao": "47C8CA", "Bad": false, "Reg": "LN-LNT", "FSeen": "/Date(1544418241449)/", "TSecs": 258, "CMsgs": 76, "Alt": -175, "GAlt": 230, "InHg": 30.3248043, "AltT": 0, "Call": "NAX7JA", "Lat": 40.637707, "Long": -73.788376, "PosTime": 1544418411123, "Mlat": false, "Tisb": false, "Spd": 19.0, "Trak": 132.2, "TrkH": false, "Type": "B789", "Mdl": "Boeing 787 9", "Man": "Boeing", "CNum": "38774", "Op": "Norwegian", "OpIcao": "NAX", "Sqk": "1672", "Help": false, "VsiT": 0, "Dst": 0.8, "Brng": 228.4, "WTC": 3, "Species": 1, "Engines": "2", "EngType": 3, "EngMount": 0, "Mil": false, "Cou": "Norway", "HasPic": false, "Interested": false, "FlightsCount": 0, "Gnd": true, "SpdTyp": 0, "CallSus": false, "Trt": 5, "Year": "2017"}, {"Id": 11357131, "Rcvr": 1, "HasSig": true, "Sig": 109, "Icao": "AD4BCB", "Bad": false, "Reg": "N956JT", "FSeen": "/Date(1544414628616)/", "TSecs": 3870, "CMsgs": 2387, "Alt": -175, "GAlt": 44, "InHg": 30.1387787, "AltT": 0, "TAlt": 36992, "Call": "JBU36", "Lat": 40.654011, "Long": -73.781979, "PosTime": 1544418453460, "Mlat": false, "Tisb": false, "Spd": 11.5, "Trak": 151.9, "TrkH": false, "Type": "A321", "Mdl": "Airbus A321 231SL", "Man": "Airbus", "CNum": "6791", "From": "MDST Cibao, Santiago, Dominican Republic", "To": "KJFK John F Kennedy, New York, United States", "Op": "JetBlue Airways", "OpIcao": "JBU", "Sqk": "7447", "Help": false, "Vsi": -64, "VsiT": 0, "Dst": 1.28, "Brng": 357.4, "WTC": 2, "Species": 1, "Engines": "2", "EngType": 3, "EngMount": 0, "Mil": false, "Cou": "United States", "HasPic": false, "Interested": false, "FlightsCount": 0, "Gnd": true, "SpdTyp": 0, "CallSus": false, "Trt": 5, "Year": "2015"}, {"Id": 11318700, "Rcvr": 1, "HasSig": false, "Icao": "ACB5AC", "Bad": false, "Reg": "N918PD", "FSeen": "/Date(1544414417356)/", "TSecs": 4082, "CMsgs": 2704, "Alt": 800, "GAlt": 1019, "InHg": 30.1387787, "AltT": 0, "Call": "N918PD", "Lat": 40.612335, "Long": -74.065979, "PosTime": 1544418498146, "Mlat": false, "Tisb": false, "Spd": 78.0, "Trak": 276.6, "TrkH": false, "Type": "B429", "Mdl": "BELL HELICOPTER TEXTRON CANADA 429", "Man": "BELL", "CNum": "57188", "Op": "NEW YORK CITY POLICE DEPARTMENT", "Sqk": "0362", "Help": false, "Vsi": 192, "VsiT": 0, "Dst": 24.26, "Brng": 262.1, "WTC": 1, "Species": 4, "Engines": "2", "EngType": 2, "EngMount": 0, "Mil": false, "Cou": "United States", "HasPic": true, "PicX": 700, "PicY": 406, "Interested": false, "FlightsCount": 0, "Gnd": false, "SpdTyp": 0, "CallSus": false, "Tag": "LE", "Trt": 5, "Year": "2014"}, {"Id": 11324691, "Rcvr": 1, "HasSig": false, "Icao": "ACCD13", "Bad": false, "Reg": "N924AN", "FSeen": "/Date(1544410823889)/", "TSecs": 7675, "CMsgs": 3106, "Alt": 1775, "GAlt": 1926, "InHg": 30.0708656, "AltT": 0, "Lat": 40.722361, "Long": -73.899661, "PosTime": 1544418494329, "Mlat": true, "Tisb": false, "Spd": 501.1, "Trak": 24.4, "TrkH": false, "Type": "B738", "Mdl": "BOEING 737-823", "Man": "Boeing", "CNum": "29525", "Op": "American Airlines", "OpIcao": "AAL", "Sqk": "1407", "Help": false, "Vsi": 64, "VsiT": 1, "Dst": 13.36, "Brng": 311.7, "WTC": 2, "Species": 1, "Engines": "2", "EngType": 3, "EngMount": 0, "Mil": false, "Cou": "United States", "HasPic": false, "Interested": false, "FlightsCount": 0, "Gnd": false, "SpdTyp": 0, "CallSus": false, "Trt": 2, "Year": "1999"}, {"Id": 852842, "Rcvr": 1, "HasSig": true, "Sig": 29, "Icao": "0D036A", "Bad": false, "Reg": "XA-VTA", "FSeen": "/Date(1544410658508)/", "TSecs": 7841, "CMsgs": 4618, "Alt": 950, "GAlt": 950, "InHg": 29.9202747, "AltT": 0, "Call": "AIJ960", "Lat": 40.6145, "Long": -73.694167, "PosTime": 1544418484371, "Mlat": true, "Tisb": false, "Spd": 540.0, "Trak": 301.4, "TrkH": false, "Type": "A320", "Mdl": "Airbus A320 214", "Man": "Airbus", "CNum": "1259", "Op": "Interjet", "OpIcao": "AIJ", "Sqk": "2372", "Help": false, "Vsi": 33, "VsiT": 0, "Dst": 7.98, "Brng": 112.9, "WTC": 2, "Species": 1, "Engines": "2", "EngType": 3, "EngMount": 0, "Mil": false, "Cou": "Mexico", "HasPic": false, "Interested": false, "FlightsCount": 0, "Gnd": false, "SpdTyp": 0, "CallSus": true, "Trt": 2, "Year": "2000"}, {"Id": 10573414, "Rcvr": 1, "HasSig": true, "Sig": 57, "Icao": "A15666", "Bad": false, "Reg": "N18557", "FSeen": "/Date(1544408853295)/", "TSecs": 9646, "CMsgs": 3747, "Alt": 2800, "GAlt": 3069, "InHg": 30.1889763, "AltT": 0, "Call": "ASQ4313", "Lat": 40.652114, "Long": -73.981185, "PosTime": 1544418496858, "Mlat": true, "Tisb": false, "Spd": 391.9, "Trak": 134.0, "TrkH": false, "Type": "E145", "Mdl": " EMBRAER EMB-145LR", "Man": "Embraer", "CNum": "145596", "Op": "WELLS FARGO BANK NORTHWEST NA TRUSTEE     - SALT LAKE CITY, UT", "OpIcao": "ASQ", "Sqk": "1707", "Help": false, "Vsi": -896, "VsiT": 1, "Dst": 16.9, "Brng": 273.7, "WTC": 2, "Species": 1, "Engines": "2", "EngType": 3, "EngMount": 1, "Mil": false, "Cou": "United States", "HasPic": false, "Interested": false, "FlightsCount": 0, "Gnd": false, "SpdTyp": 0, "CallSus": true, "Trt": 2}, {"Id": 11333851, "Rcvr": 1, "HasSig": true, "Sig": 214, "Icao": "ACF0DB", "Bad": false, "Reg": "N933AN", "FSeen": "/Date(1544408802010)/", "TSecs": 9697, "CMsgs": 5538, "Alt": 28225, "GAlt": 28476, "InHg": 30.1712589, "AltT": 0, "TAlt": 36992, "Call": "AAL1425", "Lat": 40.529388, "Long": -73.890747, "PosTime": 1544418496850, "Mlat": false, "Tisb": false, "Spd": 515.7, "Trak": 59.2, "TrkH": false, "TTrk": 70.3125, "Type": "B738", "Mdl": "2000 BOEING 737-823", "Man": "Boeing", "CNum": "30080", "From": "KDFW Dallas Fort Worth, Dallas-Fort Worth, United States", "To": "KMIA Miami, United States", "Op": "AMERICAN AIRLINES INC     - FT WORTH, TX", "OpIcao": "AAL", "Sqk": "6212", "Help": false, "Vsi": -2560, "VsiT": 0, "Dst": 15.61, "Brng": 216.4, "WTC": 2, "Species": 1, "Engines": "2", "EngType": 3, "EngMount": 0, "Mil": false, "Cou": "United States", "HasPic": false, "Interested": false, "FlightsCount": 0, "Gnd": false, "SpdTyp": 0, "CallSus": false, "Trt": 5, "Year": "2000"}, {"Id": 11376402, "Rcvr": 1, "HasSig": true, "Sig": 100, "Icao": "AD9712", "Bad": false, "Reg": "N975JT", "FSeen": "/Date(1544407247156)/", "TSecs": 11252, "CMsgs": 5035, "Alt": 9650, "GAlt": 9945, "InHg": 30.2151985, "AltT": 0, "TAlt": 8992, "Call": "JBU2836", "Lat": 40.647692, "Long": -73.777391, "PosTime": 1544414454717, "Mlat": false, "PosStale": true, "Tisb": false, "Spd": 0.0, "Trak": 160.1, "TrkH": false, "TTrk": 0.0, "Type": "A321", "Mdl": "Airbus A321 231SL", "Man": "Airbus", "CNum": "7520", "Op": "JetBlue Airways", "OpIcao": "JBU", "Sqk": "2000", "Help": false, "Vsi": -128, "VsiT": 0, "Dst": 0.67, "Brng": 29.6, "WTC": 2, "Species": 1, "Engines": "2", "EngType": 3, "EngMount": 0, "Mil": false, "Cou": "United States", "HasPic": false, "Interested": false, "FlightsCount": 0, "Gnd": true, "SpdTyp": 0, "CallSus": false, "Trt": 5, "Year": "2016"}, {"Id": 11366291, "Rcvr": 1, "HasSig": true, "Sig": 104, "Icao": "AD6F93", "Bad": false, "Reg": "N965JT", "FSeen": "/Date(1544406473196)/", "TSecs": 12026, "CMsgs": 5535, "Alt": -175, "GAlt": 115, "InHg": 30.2096462, "AltT": 0, "TAlt": 4000, "Call": "JBU1503", "Lat": 40.650112, "Long": -73.778107, "PosTime": 1544414466916, "Mlat": false, "PosStale": true, "Tisb": false, "Spd": 0.0, "Trak": 210.9, "TrkH": false, "TTrk": 19.6875, "Type": "A321", "Mdl": "Airbus A321 231SL", "Man": "Airbus", "CNum": "6512", "From": "KJFK John F Kennedy, New York, United States", "To": "TJSJ Luis Munoz Marin, San Juan, Puerto Rico", "Op": "JetBlue Airways", "OpIcao": "JBU", "Sqk": "1732", "Help": false, "Vsi": -192, "VsiT": 0, "Dst": 0.89, "Brng": 17.5, "WTC": 2, "Species": 1, "Engines": "2", "EngType": 3, "EngMount": 0, "Mil": false, "Cou": "United States", "HasPic": false, "Interested": false, "FlightsCount": 0, "Gnd": true, "SpdTyp": 0, "CallSus": false, "Trt": 5, "Year": "2016"}, {"Id": 10956578, "Rcvr": 1, "HasSig": true, "Sig": 65, "Icao": "A72F22", "Bad": false, "Reg": "N562JB", "FSeen": "/Date(1544403419152)/", "TSecs": 15080, "CMsgs": 5231, "Alt": -175, "GAlt": 144, "InHg": 30.2388229, "AltT": 0, "TAlt": 3008, "Call": "JBU1818", "Lat": 40.633186, "Long": -73.768875, "PosTime": 1544406818542, "Mlat": false, "PosStale": true, "Tisb": false, "Spd": 0.0, "Trak": 210.9, "TrkH": false, "TTrk": 0.0, "Type": "A320", "Mdl": "2003 AIRBUS A320-232", "Man": "Airbus", "CNum": "1948", "From": "TTPP Piarco, Port of Spain, Trinidad and Tobago", "To": "KJFK John F Kennedy, New York, United States", "Op": "JetBlue Airways", "OpIcao": "JBU", "Sqk": "2666", "Help": false, "Vsi": -640, "VsiT": 0, "Dst": 1.47, "Brng": 134.6, "WTC": 2, "Species": 1, "Engines": "2", "EngType": 3, "EngMount": 0, "Mil": false, "Cou": "United States", "HasPic": false, "Interested": false, "FlightsCount": 0, "Gnd": true, "SpdTyp": 0, "CallSus": false, "Trt": 5, "Year": "2003"}, {"Id": 11309223, "Rcvr": 1, "HasSig": false, "Icao": "AC90A7", "Bad": false, "Reg": "N909AM", "FSeen": "/Date(1544402272301)/", "TSecs": 16227, "CMsgs": 6021, "Alt": -225, "GAlt": 56, "InHg": 30.129921, "AltT": 0, "TAlt": 3008, "Call": "AAL1207", "Lat": 40.776733, "Long": -73.874802, "PosTime": 1544418469100, "Mlat": false, "Tisb": false, "Spd": 0.0, "Trak": 122.3, "TrkH": false, "TTrk": 70.3125, "Type": "A321", "Mdl": "Airbus A321 231SL", "Man": "Airbus", "CNum": "7756", "From": "KDFW Dallas Fort Worth, Dallas-Fort Worth, United States", "To": "KSAN San Diego, United States", "Op": "American Airlines", "OpIcao": "AAL", "Sqk": "6211", "Help": false, "Vsi": -896, "VsiT": 0, "Dst": 16.88, "Brng": 332.2, "WTC": 2, "Species": 1, "Engines": "2", "EngType": 3, "EngMount": 0, "Mil": false, "Cou": "United States", "HasPic": false, "Interested": false, "FlightsCount": 0, "Gnd": true, "SpdTyp": 0, "CallSus": false, "Trt": 5, "Year": "2017"}, {"Id": 10719255, "Rcvr": 1, "HasSig": true, "Sig": 121, "Icao": "A39017", "Bad": false, "Reg": "N329DN", "FSeen": "/Date(1544401943946)/", "TSecs": 16555, "CMsgs": 9029, "Alt": 6675, "GAlt": 6876, "InHg": 30.1207027, "AltT": 0, "TAlt": 2016, "Call": "DAL1830", "Lat": 40.412417, "Long": -73.707088, "PosTime": 1544418498138, "Mlat": false, "Tisb": false, "Spd": 271.4, "Trak": 78.5, "TrkH": false, "TTrk": 90.0, "Type": "A321", "Mdl": "Airbus A321 211SL", "Man": "Airbus", "CNum": "7885", "From": "KSLC Salt Lake City, United States", "To": "KJFK John F Kennedy, New York, United States", "Op": "Delta Air Lines", "OpIcao": "DAL", "Sqk": "6270", "Help": false, "Vsi": -2240, "VsiT": 1, "Dst": 26.34, "Brng": 166.2, "WTC": 2, "Species": 1, "Engines": "2", "EngType": 3, "EngMount": 0, "Mil": false, "Cou": "United States", "HasPic": false, "Interested": false, "FlightsCount": 0, "Gnd": false, "SpdTyp": 0, "CallSus": false, "Trt": 5, "Year": "2017"}, {"Id": 11384611, "Rcvr": 1, "HasSig": false, "Icao": "ADB723", "Bad": false, "Reg": "N983JT", "FSeen": "/Date(1544400607161)/", "TSecs": 17892, "CMsgs": 10070, "Alt": 17575, "GAlt": 17794, "InHg": 30.1387787, "AltT": 0, "TAlt": 23008, "Call": "JBU616", "Lat": 40.792236, "Long": -74.033447, "PosTime": 1544418496849, "Mlat": false, "Tisb": false, "Spd": 390.0, "Trak": 163.7, "TrkH": false, "TTrk": 0.0, "Type": "A321", "Mdl": "Airbus A321 231SL", "Man": "Airbus", "CNum": "7739", "From": "KSFO San Francisco, United States", "To": "KJFK John F Kennedy, New York, United States", "Op": "JetBlue Airways", "OpIcao": "JBU", "Sqk": "6303", "Help": false, "Vsi": -2304, "VsiT": 1, "Dst": 27.0, "Brng": 308.2, "WTC": 2, "Species": 1, "Engines": "2", "EngType": 3, "EngMount": 0, "Mil": false, "Cou": "United States", "HasPic": false, "Interested": false, "FlightsCount": 0, "Gnd": false, "SpdTyp": 0, "CallSus": false, "Trt": 5, "Year": "2017"}, {"Id": 10752479, "Rcvr": 1, "HasSig": true, "Sig": 66, "Icao": "A411DF", "Bad": false, "Reg": "N361VA", "FSeen": "/Date(1544400145132)/", "TSecs": 18354, "CMsgs": 10832, "Alt": -175, "GAlt": 44, "InHg": 30.1387787, "AltT": 0, "Call": "ASA1416", "Lat": 40.649323, "Long": -73.784943, "PosTime": 1544418449271, "Mlat": false, "Tisb": false, "Spd": 2.5, "Trak": 75.9, "TrkH": false, "Type": "A320", "Mdl": "2013 AIRBUS A320-214", "Man": "Airbus", "CNum": "5515", "Op": "Virgin America", "OpIcao": "ASA", "Sqk": "7242", "Help": false, "Vsi": 0, "VsiT": 0, "Dst": 0.82, "Brng": 337.9, "WTC": 2, "Species": 1, "Engines": "2", "EngType": 3, "EngMount": 0, "Mil": false, "Cou": "United States", "HasPic": false, "Interested": false, "FlightsCount": 0, "Gnd": true, "SpdTyp": 0, "CallSus": false, "Trt": 2, "Year": "2013"}, {"Id": 10493934, "Rcvr": 1, "HasSig": true, "Sig": 54, "Icao": "A01FEE", "Bad": false, "Reg": "N107NN", "FSeen": "/Date(1544399287161)/", "TSecs": 19212, "CMsgs": 10718, "Alt": -175, "GAlt": 85, "InHg": 30.1801186, "AltT": 0, "Call": "AAL166", "Lat": 40.653934, "Long": -73.781784, "PosTime": 1544418296499, "Mlat": false, "PosStale": true, "Tisb": false, "Spd": 8.5, "Trak": 275.6, "TrkH": false, "Type": "A321", "Mdl": "2014 AIRBUS INDUSTRIE A321-231", "Man": "Airbus", "CNum": "5938", "From": "KBOS General Edward Lawrence Logan, Boston, United States", "To": "KLAX Los Angeles, United States", "Op": "American Airlines", "OpIcao": "AAL", "Sqk": "2132", "Help": false, "Vsi": 0, "VsiT": 0, "Dst": 1.27, "Brng": 358.1, "WTC": 2, "Species": 1, "Engines": "2", "EngType": 3, "EngMount": 0, "Mil": false, "Cou": "United States", "HasPic": false, "Interested": false, "FlightsCount": 0, "Gnd": true, "SpdTyp": 0, "CallSus": false, "Trt": 2, "Year": "2014"}, {"Id": 10502143, "Rcvr": 1, "HasSig": true, "Sig": 105, "Icao": "A03FFF", "Bad": false, "Reg": "N115NN", "FSeen": "/Date(1544395090045)/", "TSecs": 23409, "CMsgs": 12232, "Alt": 1893, "GAlt": 2183, "InHg": 30.2096462, "AltT": 0, "TAlt": 4000, "Call": "AAL32", "Lat": 40.649551, "Long": -73.795166, "PosTime": 1544412873380, "Mlat": false, "PosStale": true, "Tisb": false, "Spd": 0.0, "Trak": 165.9, "TrkH": false, "TTrk": 0.0, "Type": "A321", "Mdl": "2014 AIRBUS INDUSTRIE A321-231", "Man": "Airbus", "CNum": "6063", "From": "KLAX Los Angeles, United States", "To": "KJFK John F Kennedy, New York, United States", "Op": "American Airlines", "OpIcao": "AAL", "Sqk": "1200", "Help": false, "Vsi": -128, "VsiT": 0, "Dst": 1.41, "Brng": 303.9, "WTC": 2, "Species": 1, "Engines": "2", "EngType": 3, "EngMount": 0, "Mil": false, "Cou": "United States", "HasPic": false, "Interested": false, "FlightsCount": 0, "Gnd": true, "SpdTyp": 0, "CallSus": false, "Trt": 5, "Year": "2014"}, {"Id": 11002378, "Rcvr": 1, "HasSig": false, "Icao": "A7E20A", "Bad": false, "Reg": "N607JB", "FSeen": "/Date(1544393701323)/", "TSecs": 24798, "CMsgs": 11679, "Alt": -175, "GAlt": 49, "InHg": 30.1443272, "AltT": 0, "TAlt": 2016, "Call": "JBU2358", "Lat": 40.651579, "Long": -73.781371, "PosTime": 1544416673410, "Mlat": false, "PosStale": true, "Tisb": false, "Spd": 0.0, "Trak": 191.3, "TrkH": false, "TTrk": 0.0, "Type": "A320", "Mdl": "2005 AIRBUS A320-232", "Man": "Airbus", "CNum": "2386", "Op": "JetBlue Airways", "OpIcao": "JBU", "Sqk": "2000", "Help": false, "Vsi": -448, "VsiT": 0, "Dst": 1.01, "Brng": 359.6, "WTC": 2, "Species": 1, "Engines": "2", "EngType": 3, "EngMount": 0, "Mil": false, "Cou": "United States", "HasPic": false, "Interested": false, "FlightsCount": 0, "Gnd": true, "SpdTyp": 0, "CallSus": false, "Trt": 5, "Year": "2005"}, {"Id": 11363438, "Rcvr": 1, "HasSig": true, "Sig": 124, "Icao": "AD646E", "Bad": false, "Reg": "N962JT", "FSeen": "/Date(1544389404867)/", "TSecs": 29094, "CMsgs": 11621, "Alt": -175, "GAlt": 135, "InHg": 30.2303143, "AltT": 0, "TAlt": 4000, "Call": "JBU6123", "Lat": 40.642769, "Long": -73.771088, "PosTime": 1544407306985, "Mlat": false, "PosStale": true, "Tisb": false, "Spd": 0.0, "Trak": 199.7, "TrkH": false, "TTrk": 250.0, "Type": "A321", "Mdl": "Airbus A321 231SL", "Man": "Airbus", "CNum": "6988", "Op": "JetBlue Airways", "OpIcao": "JBU", "Sqk": "2000", "Help": false, "Vsi": -1280, "VsiT": 0, "Dst": 0.86, "Brng": 87.9, "WTC": 2, "Species": 1, "Engines": "2", "EngType": 3, "EngMount": 0, "Mil": false, "Cou": "United States", "HasPic": false, "Interested": false, "FlightsCount": 0, "Gnd": true, "SpdTyp": 0, "CallSus": false, "Trt": 4, "Year": "2016"}], "totalAc": 3713, "lastDv": "636797919029120952", "shtTrlSec": 65, "stm": 1544418499506}