{"src": 1, "feeds": [{"id": 1, "name": "From Cons", "polarPlot": false}], "srcFeed": 1, "showSil": true, "showFlg": true, "showPic": true, "flgH": 20, "flgW": 85, "acList": [{"Id": 3214731, "Rcvr": 1, "HasSig": false, "Icao": "310D8B", "Bad": false, "FSeen": "/Date(1544406928397)/", "TSecs": 1, "CMsgs": 1, "Alt": 3025, "GAlt": 3335, "InHg": 30.2303143, "AltT": 0, "Lat": 40.567623, "Long": -73.776505, "PosTime": 1544406928397, "Mlat": false, "Tisb": false, "TrkH": false, "Sqk": "", "VsiT": 0, "Dst": 8.33, "Brng": 177.2, "WTC": 0, "Species": 0, "EngType": 0, "EngMount": 0, "Mil": false, "Cou": "Italy", "HasPic": false, "Interested": false, "FlightsCount": 0, "Gnd": false, "SpdTyp": 0, "CallSus": false, "Trt": 2}, {"Id": 11088421, "Rcvr": 1, "HasSig": false, "Icao": "A93225", "Bad": false, "Reg": "N692AA", "FSeen": "/Date(1544406841151)/", "TSecs": 88, "CMsgs": 47, "Alt": 3200, "GAlt": 3510, "InHg": 30.2303143, "AltT": 0, "Call": "AAL2383", "Lat": 40.561337, "Long": -73.77388, "PosTime": 1544406924966, "Mlat": false, "Tisb": false, "Spd": 246.0, "Trak": 135.7, "TrkH": false, "Type": "B752", "Mdl": "1993 BOEING 757-223", "Man": "Boeing", "CNum": "26972", "From": "KDFW Dallas Fort Worth, Dallas-Fort Worth, United States", "To": "MBPV Providenciales, Providenciales Island, Turks and Caicos Islands", "Op": "American Airlines", "OpIcao": "AAL", "Sqk": "1602", "Help": false, "Vsi": 4224, "VsiT": 0, "Dst": 9.04, "Brng": 176.0, "WTC": 2, "Species": 1, "Engines": "2", "EngType": 3, "EngMount": 0, "Mil": false, "Cou": "United States", "HasPic": false, "Interested": false, "FlightsCount": 0, "Gnd": false, "SpdTyp": 0, "CallSus": false, "Trt": 2, "Year": "1993"}, {"Id": 7785844, "Rcvr": 1, "HasSig": true, "Sig": 181, "Icao": "76CD74", "Bad": false, "Reg": "9V-SKT", "FSeen": "/Date(1544406396121)/", "TSecs": 533, "CMsgs": 182, "Alt": 10475, "GAlt": 10794, "InHg": 30.2388229, "AltT": 0, "TAlt": 19008, "Call": "SIA25", "Lat": 40.562361, "Long": -73.421506, "PosTime": 1544406928389, "Mlat": false, "Tisb": false, "Spd": 321.0, "Trak": 90.5, "TrkH": false, "TTrk": 101.953125, "Type": "A388", "Mdl": "Airbus A380 841", "Man": "Airbus", "CNum": "92", "From": "KJFK John F Kennedy, New York, United States", "To": "WSSS Singapore Changi, Singapore", "Stops": ["EDDF Frankfurt am Main, Frankfurt-am-Main, Germany"], "Op": "Singapore Airlines", "OpIcao": "SIA", "Sqk": "1767", "Help": false, "Vsi": 1088, "VsiT": 1, "Dst": 31.65, "Brng": 106.2, "WTC": 3, "Species": 1, "Engines": "4", "EngType": 3, "EngMount": 0, "Mil": false, "Cou": "Singapore", "HasPic": false, "Interested": false, "FlightsCount": 0, "Gnd": false, "SpdTyp": 0, "CallSus": false, "Trt": 5, "Year": "2012"}, {"Id": 4224449, "Rcvr": 1, "HasSig": false, "Icao": "4075C1", "Bad": false, "Reg": "G-CKWN", "FSeen": "/Date(1544406310731)/", "TSecs": 619, "CMsgs": 55, "Alt": -250, "GAlt": 60, "InHg": 30.2303143, "AltT": 0, "Call": "NRS18U", "Lat": 40.651066, "Long": -73.764908, "PosTime": 1544406911795, "Mlat": false, "Tisb": false, "Spd": 4.0, "Trak": 90.0, "TrkH": false, "Type": "B789", "Mdl": "Boeing 787 9", "Man": "Boeing", "CNum": "63317", "Op": "Norwegian Air UK", "OpIcao": "NRS", "Sqk": "7146", "Help": false, "VsiT": 0, "Dst": 1.68, "Brng": 55.4, "WTC": 3, "Species": 1, "Engines": "2", "EngType": 3, "EngMount": 0, "Mil": false, "Cou": "United Kingdom", "HasPic": false, "Interested": false, "FlightsCount": 0, "Gnd": true, "SpdTyp": 0, "CallSus": false, "Trt": 2, "Year": "2018"}, {"Id": 10559389, "Rcvr": 1, "HasSig": true, "Sig": 29, "Icao": "A11F9D", "Bad": false, "Reg": "N17122", "FSeen": "/Date(1544405451312)/", "TSecs": 1478, "CMsgs": 548, "Alt": 9750, "GAlt": 10184, "InHg": 30.35433, "AltT": 0, "TAlt": 11008, "Call": "UAL36", "Lat": 40.864746, "Long": -73.892578, "PosTime": 1544406928388, "Mlat": false, "Tisb": false, "Spd": 345.5, "Trak": 47.8, "TrkH": false, "Type": "B752", "Mdl": "1997 BOEING 757-224", "Man": "Boeing", "CNum": "27564", "From": "KEWR Newark Liberty, United States", "To": "EGPH Edinburgh, United Kingdom", "Op": "United Airlines", "OpIcao": "UAL", "Sqk": "1145", "Help": false, "Vsi": 64, "VsiT": 0, "Dst": 26.43, "Brng": 339.3, "WTC": 2, "Species": 1, "Engines": "2", "EngType": 3, "EngMount": 0, "Mil": false, "Cou": "United States", "HasPic": false, "Interested": false, "FlightsCount": 0, "Gnd": false, "SpdTyp": 0, "CallSus": false, "Trt": 2, "Year": "1997"}, {"Id": 10491081, "Rcvr": 1, "HasSig": true, "Sig": 205, "Icao": "A014C9", "Bad": false, "Reg": "N104NN", "FSeen": "/Date(1544405423423)/", "TSecs": 1506, "CMsgs": 185, "Alt": 4625, "GAlt": 4935, "InHg": 30.2303143, "AltT": 0, "Call": "AAL177", "Lat": 40.554657, "Long": -73.708801, "PosTime": 1544406924965, "Mlat": false, "Tisb": false, "Spd": 269.5, "Trak": 67.5, "TrkH": false, "Type": "A321", "Mdl": "2013 AIRBUS A321-231", "Man": "Airbus", "CNum": "5895", "From": "KJFK John F Kennedy, New York, United States", "To": "KSFO San Francisco, United States", "Op": "American Airlines", "OpIcao": "AAL", "Sqk": "2632", "Help": false, "Vsi": 3328, "VsiT": 0, "Dst": 11.52, "Brng": 147.9, "WTC": 2, "Species": 1, "Engines": "2", "EngType": 3, "EngMount": 0, "Mil": false, "Cou": "United States", "HasPic": false, "Interested": false, "FlightsCount": 0, "Gnd": false, "SpdTyp": 0, "CallSus": false, "Trt": 2, "Year": "2013"}, {"Id": 10800277, "Rcvr": 1, "HasSig": true, "Sig": 56, "Icao": "A4CC95", "Bad": false, "Reg": "N408YX", "FSeen": "/Date(1544404559565)/", "TSecs": 2370, "CMsgs": 1320, "Alt": 3725, "GAlt": 4026, "InHg": 30.2214565, "AltT": 0, "TAlt": 4000, "Call": "RPA4454", "Lat": 40.471398, "Long": -73.535926, "PosTime": 1544406926208, "Mlat": false, "Tisb": false, "Spd": 263.5, "Trak": 28.3, "TrkH": false, "Type": "E75S", "Mdl": "2013 EMBRAER ERJ170-200LR", "Man": "Embraer", "CNum": "17000371", "Op": "Republic Airlines", "OpIcao": "RPA", "Sqk": "2117", "Help": false, "Vsi": 0, "VsiT": 1, "Dst": 28.13, "Brng": 132.5, "WTC": 2, "Species": 1, "Engines": "2", "EngType": 3, "EngMount": 0, "Mil": false, "Cou": "United States", "HasPic": false, "Interested": false, "FlightsCount": 0, "Gnd": false, "SpdTyp": 0, "CallSus": false, "Trt": 5, "Year": "2013"}, {"Id": 11355213, "Rcvr": 1, "HasSig": true, "Sig": 179, "Icao": "AD444D", "Bad": false, "Reg": "N954JB", "FSeen": "/Date(1544404305473)/", "TSecs": 2624, "CMsgs": 1407, "Alt": 1700, "GAlt": 1995, "InHg": 30.2151985, "AltT": 0, "TAlt": 2016, "Call": "JBU410", "Lat": 40.753458, "Long": -73.669822, "PosTime": 1544406928363, "Mlat": false, "Tisb": false, "Spd": 170.7, "Trak": 211.8, "TrkH": false, "TTrk": 270.0, "Type": "A321", "Mdl": "2015 AIRBUS A321-231", "Man": "Airbus", "CNum": "6725", "From": "MDSD Las Am\u00e9ricas, Santo Domingo, Dominican Republic", "To": "KJFK John F Kennedy, New York, United States", "Op": "JET BLUE AIRWAYS CORP     - LONG ISLAND CITY, NY", "OpIcao": "JBU", "Sqk": "1726", "Help": false, "Vsi": 0, "VsiT": 1, "Dst": 15.51, "Brng": 37.3, "WTC": 2, "Species": 1, "Engines": "2", "EngType": 3, "EngMount": 0, "Mil": false, "Cou": "United States", "HasPic": false, "Interested": false, "FlightsCount": 0, "Gnd": false, "SpdTyp": 0, "CallSus": false, "Trt": 5, "Year": "2015"}, {"Id": 10956578, "Rcvr": 1, "HasSig": true, "Sig": 132, "Icao": "A72F22", "Bad": false, "Reg": "N562JB", "FSeen": "/Date(1544403419152)/", "TSecs": 3510, "CMsgs": 1884, "Alt": -225, "GAlt": 94, "InHg": 30.2388229, "AltT": 0, "TAlt": 3008, "Call": "JBU1818", "Lat": 40.633186, "Long": -73.768875, "PosTime": 1544406818542, "Mlat": false, "Tisb": false, "Spd": 19.0, "Trak": 30.9, "TrkH": false, "TTrk": 0.0, "Type": "A320", "Mdl": "2003 AIRBUS A320-232", "Man": "Airbus", "CNum": "1948", "From": "TTPP Piarco, Port of Spain, Trinidad and Tobago", "To": "KJFK John F Kennedy, New York, United States", "Op": "JetBlue Airways", "OpIcao": "JBU", "Sqk": "2666", "Help": false, "Vsi": -640, "VsiT": 0, "Dst": 1.47, "Brng": 134.6, "WTC": 2, "Species": 1, "Engines": "2", "EngType": 3, "EngMount": 0, "Mil": false, "Cou": "United States", "HasPic": false, "Interested": false, "FlightsCount": 0, "Gnd": true, "SpdTyp": 0, "CallSus": false, "Trt": 5, "Year": "2003"}, {"Id": 12615840, "Rcvr": 1, "HasSig": false, "Icao": "C080A0", "Bad": false, "Reg": "C-GWSL", "FSeen": "/Date(1544403390640)/", "TSecs": 3539, "CMsgs": 1928, "Alt": 2050, "GAlt": 2301, "InHg": 30.1712589, "AltT": 0, "Call": "WJA1214", "Lat": 40.879852, "Long": -73.792664, "PosTime": 1544406928361, "Mlat": false, "Tisb": false, "Spd": 162.0, "Trak": 212.4, "TrkH": false, "Type": "B736", "Mdl": "Boeing 737NG 6CT", "Man": "Boeing", "CNum": "34633", "From": "CYYZ Lester B. Pearson, Toronto, Canada", "To": "KLGA La Guardia, New York, United States", "Op": "WestJet", "OpIcao": "WJA", "Sqk": "0570", "Help": false, "Vsi": -896, "VsiT": 0, "Dst": 26.41, "Brng": 357.9, "WTC": 2, "Species": 1, "Engines": "2", "EngType": 3, "EngMount": 0, "Mil": false, "Cou": "Canada", "HasPic": false, "Interested": false, "FlightsCount": 0, "Gnd": false, "SpdTyp": 0, "CallSus": false, "Trt": 2, "Year": "2006"}, {"Id": 11308794, "Rcvr": 1, "HasSig": true, "Sig": 198, "Icao": "AC8EFA", "Bad": false, "Reg": "N908XJ", "FSeen": "/Date(1544403355157)/", "TSecs": 3574, "CMsgs": 1997, "Alt": -225, "GAlt": 85, "InHg": 30.2303143, "AltT": 0, "TAlt": 4000, "Call": "EDV5380", "Lat": 40.77887, "Long": -73.87616, "PosTime": 1544406916809, "Mlat": false, "Tisb": false, "Spd": 115.1, "Trak": 212.6, "TrkH": false, "TTrk": 49.921875, "Type": "CRJ9", "Mdl": "2007 BOMBARDIER INC CL-600-2D24", "Man": "Bombardier", "CNum": "15140", "Op": "DELTA AIR LINES INC     - ATLANTA, GA", "OpIcao": "EDV", "Sqk": "4106", "Help": false, "Vsi": 0, "VsiT": 0, "Dst": 17.14, "Brng": 332.2, "WTC": 2, "Species": 1, "Engines": "2", "EngType": 3, "EngMount": 1, "Mil": false, "Cou": "United States", "HasPic": false, "Interested": false, "FlightsCount": 0, "Gnd": false, "SpdTyp": 0, "CallSus": false, "Trt": 5, "Year": "2007"}, {"Id": 11094856, "Rcvr": 1, "HasSig": false, "Icao": "A94B48", "Bad": false, "Reg": "N69830", "FSeen": "/Date(1544402808345)/", "TSecs": 4121, "CMsgs": 2235, "Alt": 2600, "GAlt": 2890, "InHg": 30.2096462, "AltT": 0, "TAlt": 8000, "Call": "UAL1997", "Lat": 40.815746, "Long": -74.086494, "PosTime": 1544406928360, "Mlat": false, "Tisb": false, "Spd": 181.0, "Trak": 204.4, "TrkH": false, "TTrk": 52.734375, "Type": "B739", "Mdl": "2014 BOEING 737-924ER", "Man": "Boeing", "CNum": "44560", "From": "KLAX Los Angeles, United States", "To": "KEWR Newark Liberty, United States", "Op": "United Airlines", "OpIcao": "UAL", "Sqk": "0556", "Help": false, "Vsi": -1024, "VsiT": 1, "Dst": 32.13, "Brng": 306.9, "WTC": 2, "Species": 1, "Engines": "2", "EngType": 3, "EngMount": 0, "Mil": false, "Cou": "United States", "HasPic": false, "Interested": false, "FlightsCount": 0, "Gnd": false, "SpdTyp": 0, "CallSus": false, "Trt": 5, "Year": "2014"}, {"Id": 11043967, "Rcvr": 1, "HasSig": true, "Sig": 100, "Icao": "A8847F", "Bad": false, "Reg": "N648RW", "FSeen": "/Date(1544402143880)/", "TSecs": 4786, "CMsgs": 2482, "Alt": -150, "GAlt": 151, "InHg": 30.2214565, "AltT": 0, "Call": "RPA3444", "Lat": 40.713796, "Long": -74.151722, "PosTime": 1544406862912, "Mlat": true, "Tisb": false, "Spd": 240.0, "Trak": 206.3, "TrkH": false, "Type": "E170", "Mdl": "2005 EMBRAER ERJ 170-100 SE", "Man": "Embraer", "CNum": "17000068", "Op": "WELLS FARGO BANK NORTHWEST NA TRUSTEE     - SALT LAKE CITY, UT", "OpIcao": "RPA", "Sqk": "6762", "Help": false, "Vsi": 20, "VsiT": 0, "Dst": 32.23, "Brng": 284.4, "WTC": 2, "Species": 1, "Engines": "2", "EngType": 3, "EngMount": 0, "Mil": false, "Cou": "United States", "HasPic": false, "Interested": false, "FlightsCount": 0, "Gnd": false, "SpdTyp": 0, "CallSus": false, "Trt": 2, "Year": "2005"}, {"Id": 5276239, "Rcvr": 1, "HasSig": true, "Sig": 29, "Icao": "50824F", "Bad": false, "Reg": "UR-GEB", "FSeen": "/Date(1544401771301)/", "TSecs": 5158, "CMsgs": 2366, "Alt": 275, "GAlt": 476, "InHg": 30.1210632, "AltT": 0, "Call": "AUI231", "Lat": 40.6873, "Long": -73.7241, "PosTime": 1544406847999, "Mlat": true, "Tisb": false, "Spd": 357.0, "Trak": 307.6, "TrkH": false, "Type": "B763", "Mdl": "Boeing 767 33AER/W", "Man": "Boeing", "CNum": "25530", "From": "UKBB Boryspil, Kiev, Ukraine", "To": "KJFK John F Kennedy, New York, United States", "Op": "Ukraine International Airlines", "OpIcao": "AUI", "Sqk": "2572", "Help": false, "Vsi": -64, "VsiT": 0, "Dst": 6.93, "Brng": 44.0, "WTC": 3, "Species": 1, "Engines": "2", "EngType": 3, "EngMount": 0, "Mil": false, "Cou": "Ukraine", "HasPic": false, "Interested": false, "FlightsCount": 0, "Gnd": false, "SpdTyp": 0, "CallSus": true, "Trt": 2, "Year": "1992"}, {"Id": 11105991, "Rcvr": 1, "HasSig": true, "Sig": 188, "Icao": "A976C7", "Bad": false, "Reg": "N709JB", "FSeen": "/Date(1544401007406)/", "TSecs": 5922, "CMsgs": 2877, "Alt": -225, "GAlt": 85, "InHg": 30.2303143, "AltT": 0, "TAlt": 35008, "Call": "JBU1374", "Lat": 40.632591, "Long": -73.767609, "PosTime": 1544406220928, "Mlat": false, "PosStale": true, "Tisb": false, "Spd": 0.1, "Trak": 191.3, "TrkH": false, "TTrk": 0.0, "Type": "A320", "Mdl": "2008 AIRBUS A320-232", "Man": "Airbus", "CNum": "3488", "From": "KCHS Charleston Air Force Base-International, United States", "To": "KJFK John F Kennedy, New York, United States", "Op": "JetBlue Airways", "OpIcao": "JBU", "Sqk": "1200", "Help": false, "Vsi": -128, "VsiT": 0, "Dst": 1.59, "Brng": 133.6, "WTC": 2, "Species": 1, "Engines": "2", "EngType": 3, "EngMount": 0, "Mil": false, "Cou": "United States", "HasPic": false, "Interested": false, "FlightsCount": 0, "Gnd": true, "SpdTyp": 0, "CallSus": false, "Trt": 5, "Year": "2008"}, {"Id": 10766767, "Rcvr": 1, "HasSig": true, "Sig": 56, "Icao": "A449AF", "Bad": false, "Reg": "N3757D", "FSeen": "/Date(1544400727368)/", "TSecs": 6202, "CMsgs": 3196, "Alt": -225, "GAlt": -212, "InHg": 30.2096462, "AltT": 0, "TAlt": 18016, "Call": "DAL1704", "Lat": 40.774281, "Long": -73.865738, "PosTime": 1544406924966, "Mlat": false, "Tisb": false, "Spd": 0.0, "Trak": 116.6, "TrkH": false, "TTrk": 115.3125, "Type": "B738", "Mdl": "BOEING 737-832", "Man": "Boeing", "CNum": "30813", "From": "KDTW Detroit Metropolitan Wayne County, United States", "To": "KDTW Detroit Metropolitan Wayne County, United States", "Stops": ["KFLL Fort Lauderdale Hollywood, United States"], "Op": "Delta Air Lines", "OpIcao": "DAL", "Sqk": "4055", "Help": false, "Vsi": -768, "VsiT": 1, "Dst": 16.29, "Brng": 334.1, "WTC": 2, "Species": 1, "Engines": "2", "EngType": 3, "EngMount": 0, "Mil": false, "Cou": "United States", "HasPic": false, "Interested": false, "FlightsCount": 0, "Gnd": true, "SpdTyp": 0, "CallSus": false, "Trt": 5, "Year": "2001"}, {"Id": 11278673, "Rcvr": 1, "HasSig": true, "Sig": 107, "Icao": "AC1951", "Bad": false, "Reg": "N879RW", "FSeen": "/Date(1544400680784)/", "TSecs": 6249, "CMsgs": 3231, "Alt": 2125, "GAlt": 2415, "InHg": 30.2096462, "AltT": 0, "Call": "RPA6047", "Lat": 40.888506, "Long": -73.719011, "PosTime": 1544406924940, "Mlat": true, "Tisb": false, "Spd": 360.4, "Trak": 311.3, "TrkH": false, "Type": "E170", "Mdl": "Embraer EMB-170 LR", "Man": "Embraer", "CNum": "17000227", "Op": "Republic Airlines", "OpIcao": "RPA", "Sqk": "3327", "Help": false, "Vsi": 64, "VsiT": 0, "Dst": 27.85, "Brng": 10.8, "WTC": 2, "Species": 1, "Engines": "2", "EngType": 3, "EngMount": 0, "Mil": false, "Cou": "United States", "HasPic": false, "Interested": false, "FlightsCount": 0, "Gnd": false, "SpdTyp": 0, "CallSus": true, "Trt": 2, "Year": "2008"}, {"Id": 10925303, "Rcvr": 1, "HasSig": true, "Sig": 193, "Icao": "A6B4F7", "Bad": false, "Reg": "N531JL", "FSeen": "/Date(1544400039342)/", "TSecs": 6890, "CMsgs": 3153, "Alt": -225, "GAlt": 117, "InHg": 30.26245, "AltT": 0, "TAlt": 3008, "Call": "JBU429", "Lat": 40.632534, "Long": -73.767502, "PosTime": 1544403068414, "Mlat": false, "PosStale": true, "Tisb": false, "Spd": 0.0, "Trak": 199.7, "TrkH": false, "TTrk": 0.0, "Type": "A320", "Mdl": "2001 AIRBUS INDUSTRIE A320-232", "Man": "Airbus", "CNum": "1650", "From": "KBOS General Edward Lawrence Logan, Boston, United States", "To": "KSMF Sacramento, United States", "Op": "JetBlue Airways", "OpIcao": "JBU", "Sqk": "3337", "Help": false, "Vsi": -128, "VsiT": 0, "Dst": 1.61, "Brng": 133.6, "WTC": 2, "Species": 1, "Engines": "2", "EngType": 3, "EngMount": 0, "Mil": false, "Cou": "United States", "HasPic": false, "Interested": false, "FlightsCount": 0, "Gnd": true, "SpdTyp": 0, "CallSus": false, "Trt": 5, "Year": "2001"}, {"Id": 10957529, "Rcvr": 1, "HasSig": true, "Sig": 166, "Icao": "A732D9", "Bad": false, "Reg": "N563JB", "FSeen": "/Date(1544399788502)/", "TSecs": 7141, "CMsgs": 3204, "Alt": -225, "GAlt": 94, "InHg": 30.2388229, "AltT": 0, "TAlt": 2016, "Call": "JBU1042", "Lat": 40.629398, "Long": -73.769943, "PosTime": 1544405433414, "Mlat": false, "PosStale": true, "Tisb": false, "Spd": 0.0, "Trak": 239.1, "TrkH": false, "TTrk": 279.84375, "Type": "A320", "Mdl": "2003 AIRBUS A320-232", "Man": "Airbus", "CNum": "2006", "From": "KSAV Savannah Hilton Head, United States", "To": "KJFK John F Kennedy, New York, United States", "Op": "JetBlue Airways", "OpIcao": "JBU", "Sqk": "0726", "Help": false, "Vsi": -576, "VsiT": 0, "Dst": 1.74, "Brng": 146.7, "WTC": 2, "Species": 1, "Engines": "2", "EngType": 3, "EngMount": 0, "Mil": false, "Cou": "United States", "HasPic": false, "Interested": false, "FlightsCount": 0, "Gnd": true, "SpdTyp": 0, "CallSus": false, "Trt": 5, "Year": "2003"}, {"Id": 10900683, "Rcvr": 1, "HasSig": true, "Sig": 105, "Icao": "A654CB", "Bad": false, "Reg": "N507JT", "FSeen": "/Date(1544399564661)/", "TSecs": 7365, "CMsgs": 3415, "Alt": -225, "GAlt": 94, "InHg": 30.2388229, "AltT": 0, "TAlt": 3008, "Call": "JBU720", "Lat": 40.629604, "Long": -73.770172, "PosTime": 1544405897572, "Mlat": false, "PosStale": true, "Tisb": false, "Spd": 0.1, "Trak": 165.9, "TrkH": false, "Type": "A320", "Mdl": "2000 AIRBUS INDUSTRIE A320-232", "Man": "Airbus", "CNum": "1240", "From": "MYNN Lynden Pindling, Nassau, Bahamas", "To": "KJFK John F Kennedy, New York, United States", "Op": "JetBlue Airways", "OpIcao": "JBU", "Sqk": "2000", "Help": false, "Vsi": -128, "VsiT": 0, "Dst": 1.71, "Brng": 146.8, "WTC": 2, "Species": 1, "Engines": "2", "EngType": 3, "EngMount": 0, "Mil": false, "Cou": "United States", "HasPic": false, "Interested": false, "FlightsCount": 0, "Gnd": true, "SpdTyp": 0, "CallSus": false, "Trt": 5, "Year": "2000"}, {"Id": 10761484, "Rcvr": 1, "HasSig": false, "Icao": "A4350C", "Bad": false, "Reg": "N370NW", "FSeen": "/Date(1544399202133)/", "TSecs": 7727, "CMsgs": 2942, "Alt": -225, "GAlt": 94, "InHg": 30.2388229, "AltT": 0, "TAlt": 3008, "Call": "DAL799", "Lat": 40.632562, "Long": -73.767497, "PosTime": 1544406518224, "Mlat": false, "PosStale": true, "Tisb": false, "Spd": 6.0, "Trak": 303.8, "TrkH": false, "TTrk": 250.3125, "Type": "A320", "Mdl": "1999 AIRBUS INDUSTRIE A320-212", "Man": "Airbus", "CNum": "1037", "From": "KMCO Orlando, United States", "To": "KJFK John F Kennedy, New York, United States", "Op": "Delta Air Lines", "OpIcao": "DAL", "Sqk": "3745", "Help": false, "Vsi": -128, "VsiT": 0, "Dst": 1.6, "Brng": 133.5, "WTC": 2, "Species": 1, "Engines": "2", "EngType": 3, "EngMount": 0, "Mil": false, "Cou": "United States", "HasPic": false, "Interested": false, "FlightsCount": 0, "Gnd": true, "SpdTyp": 0, "CallSus": false, "Trt": 5, "Year": "1999"}, {"Id": 10711861, "Rcvr": 1, "HasSig": false, "Icao": "A37335", "Bad": false, "Reg": "N321NB", "FSeen": "/Date(1544399171228)/", "TSecs": 7758, "CMsgs": 4068, "Alt": 825, "GAlt": 1120, "InHg": 30.2151985, "AltT": 0, "TAlt": 7008, "Call": "DAL1940", "Lat": 40.828594, "Long": -73.835114, "PosTime": 1544406928356, "Mlat": false, "Tisb": false, "Spd": 122.0, "Trak": 211.6, "TrkH": false, "TTrk": 0.0, "Type": "A319", "Mdl": "2001 AIRBUS INDUSTRIE A319-114", "Man": "Airbus", "CNum": "1414", "From": "KSFO San Francisco, United States", "To": "KJFK John F Kennedy, New York, United States", "Op": "Delta Air Lines", "OpIcao": "DAL", "Sqk": "5021", "Help": false, "Vsi": -576, "VsiT": 0, "Dst": 21.19, "Brng": 347.7, "WTC": 2, "Species": 1, "Engines": "2", "EngType": 3, "EngMount": 0, "Mil": false, "Cou": "United States", "HasPic": false, "Interested": false, "FlightsCount": 0, "Gnd": false, "SpdTyp": 0, "CallSus": false, "Trt": 5, "Year": "2001"}, {"Id": 10755177, "Rcvr": 1, "HasSig": false, "Icao": "A41C69", "Bad": false, "Reg": "N364NW", "FSeen": "/Date(1544399136490)/", "TSecs": 7793, "CMsgs": 4055, "Alt": 3725, "GAlt": 4026, "InHg": 30.2214565, "AltT": 0, "TAlt": 18016, "Call": "DAL2296", "Lat": 40.687775, "Long": -73.969299, "PosTime": 1544406928356, "Mlat": false, "Tisb": false, "Spd": 268.0, "Trak": 55.2, "TrkH": false, "TTrk": 0.0, "Type": "A320", "Mdl": "AIRBUS INDUSTRIE A320-212", "Man": "Airbus", "CNum": "0962", "From": "KMSP Minneapolis-St Paul International/Wold-Chamberlain, Minneapolis, United States", "To": "KLGA La Guardia, New York, United States", "Op": "Delta Air Lines", "OpIcao": "DAL", "Sqk": "2720", "Help": false, "Vsi": 64, "VsiT": 1, "Dst": 16.64, "Brng": 287.7, "WTC": 2, "Species": 1, "Engines": "2", "EngType": 3, "EngMount": 0, "Mil": false, "Cou": "United States", "HasPic": false, "Interested": false, "FlightsCount": 0, "Gnd": false, "SpdTyp": 0, "CallSus": false, "Trt": 5, "Year": "1999"}, {"Id": 10498225, "Rcvr": 1, "HasSig": false, "Icao": "A030B1", "Bad": false, "Reg": "N111HZ", "FSeen": "/Date(1544398756305)/", "TSecs": 8173, "CMsgs": 4334, "Alt": -250, "GAlt": 40, "InHg": 30.2096462, "AltT": 0, "TAlt": 4000, "Call": "N111HZ", "Lat": 40.840767, "Long": -74.060226, "PosTime": 1544406907778, "Mlat": false, "Tisb": false, "Spd": 12.0, "Trak": 185.6, "TrkH": false, "Type": "FA7X", "Mdl": "2011 DASSAULT AVIATION FALCON 7X", "Man": "Dassault", "CNum": "137", "Op": "WELLS FARGO BANK NORTHWEST NA TRUSTEE     - SALT LAKE CITY, UT", "Sqk": "2367", "Help": false, "Vsi": -768, "VsiT": 0, "Dst": 32.22, "Brng": 313.3, "WTC": 2, "Species": 1, "Engines": "3", "EngType": 3, "EngMount": 1, "Mil": false, "Cou": "United States", "HasPic": false, "Interested": false, "FlightsCount": 0, "Gnd": true, "SpdTyp": 0, "CallSus": false, "Trt": 5, "Year": "2011"}, {"Id": 4222284, "Rcvr": 1, "HasSig": true, "Sig": 36, "Icao": "406D4C", "Bad": false, "Reg": "G-VCRU", "FSeen": "/Date(1544398606337)/", "TSecs": 8323, "CMsgs": 4414, "Alt": 3750, "GAlt": 4045, "InHg": 30.2151985, "AltT": 0, "TAlt": 3008, "Call": "VIR9M", "Lat": 40.790095, "Long": -73.511706, "PosTime": 1544406928356, "Mlat": false, "Tisb": false, "Spd": 182.9, "Trak": 297.0, "TrkH": false, "TTrk": 310.078125, "Type": "B789", "Mdl": "Boeing 787 9", "Man": "Boeing", "CNum": "37972", "From": "EGLL London Heathrow, United Kingdom", "To": "KJFK John F Kennedy, New York, United States", "Op": "Virgin Atlantic Airways", "OpIcao": "VIR", "Sqk": "2544", "Help": false, "Vsi": -192, "VsiT": 0, "Dst": 28.03, "Brng": 54.1, "WTC": 3, "Species": 1, "Engines": "2", "EngType": 3, "EngMount": 0, "Mil": false, "Cou": "United Kingdom", "HasPic": false, "Interested": false, "FlightsCount": 0, "Gnd": false, "SpdTyp": 0, "CallSus": false, "Trt": 5, "Year": "2015"}, {"Id": 11210316, "Rcvr": 1, "HasSig": false, "Icao": "AB0E4C", "Bad": false, "Reg": "N811NN", "FSeen": "/Date(1544398526533)/", "TSecs": 8403, "CMsgs": 4311, "Alt": -225, "GAlt": 47, "InHg": 30.2096462, "AltT": 0, "TAlt": 3008, "Call": "AAL1311", "Lat": 40.77634, "Long": -73.875885, "PosTime": 1544406900170, "Mlat": false, "Tisb": false, "Spd": 7.0, "Trak": 39.4, "TrkH": false, "TTrk": 229.921875, "Type": "B738", "Mdl": "2009 BOEING 737-823", "Man": "Boeing", "CNum": "31079", "From": "KMIA Miami, United States", "To": "TJSJ Luis Munoz Marin, San Juan, Puerto Rico", "Op": "American Airlines", "OpIcao": "AAL", "Sqk": "3777", "Help": false, "Vsi": -192, "VsiT": 0, "Dst": 16.89, "Brng": 331.9, "WTC": 2, "Species": 1, "Engines": "2", "EngType": 3, "EngMount": 0, "Mil": false, "Cou": "United States", "HasPic": false, "Interested": false, "FlightsCount": 0, "Gnd": true, "SpdTyp": 0, "CallSus": false, "Trt": 5, "Year": "2009"}, {"Id": 11270114, "Rcvr": 1, "HasSig": true, "Sig": 199, "Icao": "ABF7E2", "Bad": false, "Reg": "N870RW", "FSeen": "/Date(1544397910473)/", "TSecs": 9019, "CMsgs": 4080, "Alt": 5625, "GAlt": 5935, "InHg": 30.2303143, "AltT": 0, "Call": "RPA6007", "Lat": 40.5245, "Long": -74.1048, "PosTime": 1544406926200, "Mlat": true, "Tisb": false, "Spd": 340.0, "Trak": 47.0, "TrkH": false, "Type": "E170", "Mdl": "2006 EMBRAER ERJ 170-100SU", "Man": "Embraer", "CNum": "17000138", "Op": "SHUTTLE AMERICA CORP     - INDIANAPOLIS, IN", "OpIcao": "RPA", "Sqk": "4076", "Help": false, "Vsi": -58, "VsiT": 0, "Dst": 30.31, "Brng": 244.5, "WTC": 2, "Species": 1, "Engines": "2", "EngType": 3, "EngMount": 0, "Mil": false, "Cou": "United States", "HasPic": false, "Interested": false, "FlightsCount": 0, "Gnd": false, "SpdTyp": 0, "CallSus": false, "Trt": 2, "Year": "2006"}, {"Id": 11121263, "Rcvr": 1, "HasSig": false, "Icao": "A9B26F", "Bad": false, "Reg": "N724AG", "FSeen": "/Date(1544397799339)/", "TSecs": 9130, "CMsgs": 4240, "Alt": -250, "GAlt": 40, "InHg": 30.2096462, "AltT": 0, "Call": "N724AG", "Lat": 40.775974, "Long": -73.87854, "PosTime": 1544406053493, "Mlat": false, "PosStale": true, "Tisb": false, "Spd": 0.0, "Trak": 14.1, "TrkH": false, "Type": "GLF6", "Mdl": "2001 GULFSTREAM AEROSPACE G-V", "Man": "Gulfstream Aerospace", "CNum": "656", "Op": "EDAN LIMITED LLC EDAN LIMITED II LLC    - MORRISTOWN, NJ", "Sqk": "1446", "Help": false, "Vsi": -128, "VsiT": 0, "Dst": 16.96, "Brng": 331.1, "WTC": 2, "Species": 1, "Engines": "2", "EngType": 3, "EngMount": 1, "Mil": false, "Cou": "United States", "HasPic": false, "Interested": false, "FlightsCount": 0, "Gnd": true, "SpdTyp": 0, "CallSus": false, "Trt": 4, "Year": "2001"}, {"Id": 3958020, "Rcvr": 1, "HasSig": true, "Sig": 82, "Icao": "3C6504", "Bad": false, "Reg": "D-AIHD", "FSeen": "/Date(1544396997834)/", "TSecs": 9932, "CMsgs": 5257, "Alt": -225, "GAlt": 85, "InHg": 30.2303143, "AltT": 0, "Call": "DLH404", "Lat": 40.641, "Long": -73.79501, "PosTime": 1544406924938, "Mlat": false, "Tisb": false, "Spd": 4.5, "Trak": 329.9, "TrkH": true, "Type": "A346", "Mdl": "Airbus A340 642", "Man": "Airbus", "CNum": "537", "From": "EDDF Frankfurt am Main, Frankfurt-am-Main, Germany", "To": "KJFK John F Kennedy, New York, United States", "Op": "Lufthansa", "OpIcao": "DLH", "Sqk": "0226", "Help": false, "Vsi": 0, "VsiT": 1, "Dst": 1.17, "Brng": 261.9, "WTC": 3, "Species": 1, "Engines": "4", "EngType": 3, "EngMount": 0, "Mil": false, "Cou": "Germany", "HasPic": false, "Interested": false, "FlightsCount": 0, "Gnd": true, "SpdTyp": 3, "CallSus": false, "Trt": 2, "Year": "2003"}, {"Id": 11033662, "Rcvr": 1, "HasSig": false, "Icao": "A85C3E", "Bad": false, "Reg": "N638JB", "FSeen": "/Date(1544396967973)/", "TSecs": 9961, "CMsgs": 5186, "Alt": 3700, "GAlt": 4019, "InHg": 30.2388229, "AltT": 0, "TAlt": 4000, "Call": "JBU1094", "Lat": 40.63916, "Long": -73.403198, "PosTime": 1544406928355, "Mlat": false, "Tisb": false, "Spd": 219.0, "Trak": 30.1, "TrkH": false, "TTrk": 40.078125, "Type": "A320", "Mdl": "2006 AIRBUS A320-232", "Man": "Airbus", "CNum": "2802", "From": "KAUS Austin Bergstrom, United States", "To": "KJFK John F Kennedy, New York, United States", "Op": "JetBlue Airways", "OpIcao": "JBU", "Sqk": "0621", "Help": false, "Vsi": 0, "VsiT": 0, "Dst": 31.9, "Brng": 90.5, "WTC": 2, "Species": 1, "Engines": "2", "EngType": 3, "EngMount": 0, "Mil": false, "Cou": "United States", "HasPic": false, "Interested": false, "FlightsCount": 0, "Gnd": false, "SpdTyp": 0, "CallSus": false, "Trt": 5, "Year": "2006"}, {"Id": 4704474, "Rcvr": 1, "HasSig": false, "Icao": "47C8DA", "Bad": false, "Reg": "LN-LNN", "FSeen": "/Date(1544396730952)/", "TSecs": 10198, "CMsgs": 4428, "Alt": 7225, "GAlt": 7535, "InHg": 30.2303143, "AltT": 0, "TAlt": 3008, "Call": "NAX9V", "Lat": 40.640968, "Long": -73.794998, "PosTime": 1544406098785, "Mlat": false, "PosStale": true, "Tisb": false, "Spd": 10.5, "Trak": 73.1, "TrkH": false, "TTrk": 224.296875, "Type": "B789", "Mdl": "Boeing 787 9", "Man": "Boeing", "CNum": "38891", "Op": "Norwegian", "OpIcao": "NAX", "Sqk": "0736", "Help": false, "Vsi": -448, "VsiT": 0, "Dst": 1.17, "Brng": 261.7, "WTC": 3, "Species": 1, "Engines": "2", "EngType": 3, "EngMount": 0, "Mil": false, "Cou": "Norway", "HasPic": false, "Interested": false, "FlightsCount": 0, "Gnd": false, "SpdTyp": 0, "CallSus": false, "Trt": 5, "Year": "2017"}, {"Id": 10763870, "Rcvr": 1, "HasSig": false, "Icao": "A43E5E", "Bad": false, "Reg": "N37255", "FSeen": "/Date(1544396142696)/", "TSecs": 10787, "CMsgs": 4871, "Alt": -250, "GAlt": 81, "InHg": 30.2509861, "AltT": 0, "Lat": 40.711701, "Long": -74.153345, "PosTime": 1544406648958, "Mlat": true, "PosStale": true, "Tisb": false, "Spd": 538.0, "Trak": 203.1, "TrkH": false, "Type": "B738", "Mdl": "BOEING 737-824", "Man": "Boeing", "CNum": "30610", "Op": "United Airlines", "OpIcao": "UAL", "Sqk": "7452", "Help": false, "Vsi": 89, "VsiT": 0, "Dst": 32.31, "Brng": 283.9, "WTC": 2, "Species": 1, "Engines": "2", "EngType": 3, "EngMount": 0, "Mil": false, "Cou": "United States", "HasPic": false, "Interested": false, "FlightsCount": 0, "Gnd": true, "SpdTyp": 0, "CallSus": false, "Trt": 2, "Year": "2000"}, {"Id": 7868223, "Rcvr": 1, "HasSig": true, "Sig": 164, "Icao": "780F3F", "Bad": false, "Reg": "B-7367", "FSeen": "/Date(1544395889757)/", "TSecs": 11040, "CMsgs": 3948, "Alt": 2725, "GAlt": 3020, "InHg": 30.2151985, "AltT": 0, "TAlt": 3008, "Call": "CES297", "Lat": 40.705627, "Long": -73.423828, "PosTime": 1544406928359, "Mlat": false, "Tisb": false, "Spd": 182.8, "Trak": 329.8, "TrkH": false, "TTrk": 319.921875, "Type": "B77W", "Mdl": "777-39PER", "Man": "Boeing", "CNum": "43281", "From": "ZSPD Shanghai Pudong, China", "To": "KJFK John F Kennedy, New York, United States", "Op": "China Eastern Airlines", "OpIcao": "CES", "Sqk": "1757", "Help": false, "Vsi": 0, "VsiT": 1, "Dst": 30.95, "Brng": 76.8, "WTC": 3, "Species": 1, "Engines": "2", "EngType": 3, "EngMount": 0, "Mil": false, "Cou": "China", "HasPic": false, "Interested": false, "FlightsCount": 0, "Gnd": false, "SpdTyp": 0, "CallSus": false, "Tag": "GT", "Trt": 5, "Year": "2016"}, {"Id": 11238284, "Rcvr": 1, "HasSig": true, "Sig": 149, "Icao": "AB7B8C", "Bad": false, "Reg": "N839UA", "FSeen": "/Date(1544395820273)/", "TSecs": 11109, "CMsgs": 4896, "Alt": 1100, "GAlt": 1401, "InHg": 30.2214565, "AltT": 0, "Call": "UAL2025", "Lat": 40.757834, "Long": -74.123695, "PosTime": 1544406926199, "Mlat": true, "Tisb": false, "Spd": 317.9, "Trak": 209.2, "TrkH": false, "Type": "A319", "Mdl": "2001 AIRBUS INDUSTRIE A319-131", "Man": "Airbus", "CNum": "1507", "From": "KMCO Orlando, United States", "To": "KEWR Newark Liberty, United States", "Op": "United Airlines", "OpIcao": "UAL", "Sqk": "7476", "Help": false, "Vsi": -1088, "VsiT": 1, "Dst": 31.59, "Brng": 294.1, "WTC": 2, "Species": 1, "Engines": "2", "EngType": 3, "EngMount": 0, "Mil": false, "Cou": "United States", "HasPic": false, "Interested": false, "FlightsCount": 0, "Gnd": false, "SpdTyp": 0, "CallSus": true, "Trt": 2, "Year": "2001"}, {"Id": 11084920, "Rcvr": 1, "HasSig": false, "Icao": "A92478", "Bad": false, "Reg": "N68880", "FSeen": "/Date(1544394782937)/", "TSecs": 12146, "CMsgs": 6133, "Alt": 75, "GAlt": 365, "InHg": 30.2096462, "AltT": 0, "TAlt": 18016, "Lat": 40.711235, "Long": -74.152847, "PosTime": 1544406928355, "Mlat": false, "Tisb": false, "Spd": 148.0, "Trak": 206.4, "TrkH": false, "TTrk": 123.75, "Type": "B739", "Mdl": "2015 BOEING 737-924ER", "Man": "Boeing", "CNum": "42199", "Op": "United Airlines", "OpIcao": "UAL", "Sqk": "2745", "Help": false, "Vsi": -1024, "VsiT": 0, "Dst": 32.25, "Brng": 283.8, "WTC": 2, "Species": 1, "Engines": "2", "EngType": 3, "EngMount": 0, "Mil": false, "Cou": "United States", "HasPic": false, "Interested": false, "FlightsCount": 0, "Gnd": false, "SpdTyp": 0, "CallSus": false, "Trt": 2, "Year": "2015"}, {"Id": 11373549, "Rcvr": 1, "HasSig": false, "Icao": "AD8BED", "Bad": false, "Reg": "N972JT", "FSeen": "/Date(1544394186012)/", "TSecs": 12743, "CMsgs": 3805, "Alt": -225, "GAlt": 117, "InHg": 30.26245, "AltT": 0, "TAlt": 4000, "Call": "JBU2809", "Lat": 40.658432, "Long": -73.791809, "PosTime": 1544396608253, "Mlat": false, "PosStale": true, "Tisb": false, "Spd": 0.0, "Trak": 191.3, "TrkH": false, "TTrk": 0.0, "Type": "A321", "Mdl": "Airbus A321 231SL", "Man": "Airbus", "CNum": "7455", "Op": "JetBlue Airways", "OpIcao": "JBU", "Sqk": "3022", "Help": false, "Vsi": -576, "VsiT": 0, "Dst": 1.98, "Brng": 333.4, "WTC": 2, "Species": 1, "Engines": "2", "EngType": 3, "EngMount": 0, "Mil": false, "Cou": "United States", "HasPic": false, "Interested": false, "FlightsCount": 0, "Gnd": true, "SpdTyp": 0, "CallSus": false, "Trt": 5, "Year": "2016"}, {"Id": 11358066, "Rcvr": 1, "HasSig": true, "Sig": 140, "Icao": "AD4F72", "Bad": false, "Reg": "N957JB", "FSeen": "/Date(1544393964276)/", "TSecs": 12965, "CMsgs": 4775, "Alt": -250, "GAlt": 69, "InHg": 30.2388229, "AltT": 0, "TAlt": 3008, "Call": "JBU1452", "Lat": 40.630293, "Long": -73.770197, "PosTime": 1544404270222, "Mlat": false, "PosStale": true, "Tisb": false, "Spd": 0.0, "Trak": 210.9, "TrkH": false, "TTrk": 260.15625, "Type": "A321", "Mdl": "Airbus A321 231SL", "Man": "Airbus", "CNum": "6809", "From": "KMCO Orlando, United States", "To": "KBOS General Edward Lawrence Logan, Boston, United States", "Op": "JetBlue Airways", "OpIcao": "JBU", "Sqk": "2000", "Help": false, "Vsi": -64, "VsiT": 0, "Dst": 1.65, "Brng": 145.4, "WTC": 2, "Species": 1, "Engines": "2", "EngType": 3, "EngMount": 0, "Mil": false, "Cou": "United States", "HasPic": false, "Interested": false, "FlightsCount": 0, "Gnd": true, "SpdTyp": 0, "CallSus": false, "Trt": 5, "Year": "2015"}, {"Id": 10918036, "Rcvr": 1, "HasSig": true, "Sig": 146, "Icao": "A69894", "Bad": false, "Reg": "N524JB", "FSeen": "/Date(1544393565946)/", "TSecs": 13363, "CMsgs": 5767, "Alt": -225, "GAlt": -212, "InHg": 29.93171, "AltT": 0, "TAlt": 35008, "Call": "JBU1677", "Lat": 40.63262, "Long": -73.767653, "PosTime": 1544402499544, "Mlat": false, "PosStale": true, "Tisb": false, "Spd": 0.0, "Trak": 199.7, "TrkH": false, "TTrk": 0.0, "Type": "A320", "Mdl": "2001 AIRBUS INDUSTRIE A320-232", "Man": "Airbus", "CNum": "1528", "From": "KJFK John F Kennedy, New York, United States", "To": "KJAX Jacksonville, United States", "Op": "JetBlue Airways", "OpIcao": "JBU", "Sqk": "1575", "Help": false, "Vsi": -704, "VsiT": 0, "Dst": 1.59, "Brng": 133.6, "WTC": 2, "Species": 1, "Engines": "2", "EngType": 3, "EngMount": 0, "Mil": false, "Cou": "United States", "HasPic": false, "Interested": false, "FlightsCount": 0, "Gnd": true, "SpdTyp": 0, "CallSus": false, "Trt": 5, "Year": "2001"}, {"Id": 11351678, "Rcvr": 1, "HasSig": true, "Sig": 200, "Icao": "AD367E", "Bad": false, "Reg": "N950UW", "FSeen": "/Date(1544392209690)/", "TSecs": 14720, "CMsgs": 5177, "Alt": 3750, "GAlt": 4040, "InHg": 30.2096462, "AltT": 0, "Call": "1655D4", "Lat": 40.813231, "Long": -73.757088, "PosTime": 1544406922043, "Mlat": true, "Tisb": false, "Spd": 14.0, "Trak": 21.4, "TrkH": false, "Type": "E190", "Mdl": "2007 EMBRAER ERJ 190-100 IGW", "Man": "Embraer", "CNum": "19000106", "Op": "US AIRWAYS INC     - FORT WORTH, TX", "OpIcao": "AAL", "Sqk": "4203", "Help": false, "Vsi": -816, "VsiT": 0, "Dst": 19.1, "Brng": 6.1, "WTC": 2, "Species": 1, "Engines": "2", "EngType": 3, "EngMount": 0, "Mil": false, "Cou": "United States", "HasPic": false, "Interested": false, "FlightsCount": 0, "Gnd": false, "SpdTyp": 0, "CallSus": true, "Trt": 2, "Year": "2007"}, {"Id": 11363438, "Rcvr": 1, "HasSig": true, "Sig": 38, "Icao": "AD646E", "Bad": false, "Reg": "N962JT", "FSeen": "/Date(1544389404867)/", "TSecs": 17525, "CMsgs": 8797, "Alt": 1100, "GAlt": 1410, "InHg": 30.2303143, "AltT": 0, "TAlt": 4000, "Call": "JBU190", "Lat": 40.701925, "Long": -73.710397, "PosTime": 1544406928344, "Mlat": false, "Tisb": false, "Spd": 130.5, "Trak": 210.9, "TrkH": false, "TTrk": 250.0, "Type": "A321", "Mdl": "Airbus A321 231SL", "Man": "Airbus", "CNum": "6988", "From": "KSAN San Diego, United States", "To": "KJFK John F Kennedy, New York, United States", "Op": "JetBlue Airways", "OpIcao": "JBU", "Sqk": "1366", "Help": false, "Vsi": -704, "VsiT": 1, "Dst": 8.91, "Brng": 42.1, "WTC": 2, "Species": 1, "Engines": "2", "EngType": 3, "EngMount": 0, "Mil": false, "Cou": "United States", "HasPic": false, "Interested": false, "FlightsCount": 0, "Gnd": false, "SpdTyp": 0, "CallSus": false, "Trt": 4, "Year": "2016"}, {"Id": 3754477, "Rcvr": 1, "HasSig": false, "Icao": "3949ED", "Bad": false, "Reg": "F-GSPN", "FSeen": "/Date(1544388963755)/", "TSecs": 17966, "CMsgs": 5228, "Alt": -225, "GAlt": 85, "InHg": 30.2303143, "AltT": 0, "Call": "AFR008", "Lat": 40.634056, "Long": -73.779694, "PosTime": 1544406923441, "Mlat": false, "Tisb": false, "Spd": 8.0, "Trak": 264.4, "TrkH": false, "Type": "B772", "Mdl": "Boeing 777 228ER", "Man": "Boeing", "CNum": "29011", "From": "LFPG Charles de Gaulle, Paris, France", "To": "KJFK John F Kennedy, New York, United States", "Op": "Air France", "OpIcao": "AFR", "Sqk": "2576", "Help": false, "Vsi": 0, "VsiT": 1, "Dst": 0.95, "Brng": 171.9, "WTC": 3, "Species": 1, "Engines": "2", "EngType": 3, "EngMount": 0, "Mil": false, "Cou": "France", "HasPic": false, "Interested": false, "FlightsCount": 0, "Gnd": true, "SpdTyp": 0, "CallSus": false, "Trt": 2, "Year": "2000", "Sat": true}, {"Id": 10763141, "Rcvr": 1, "HasSig": true, "Sig": 108, "Icao": "A43B85", "Bad": false, "Reg": "N372DA", "FSeen": "/Date(1544387227821)/", "TSecs": 19702, "CMsgs": 8894, "Alt": -225, "GAlt": 94, "InHg": 30.2388229, "AltT": 0, "TAlt": 1600, "Call": "DAL1455", "Lat": 40.630943, "Long": -73.7733, "PosTime": 1544406923436, "Mlat": false, "Tisb": false, "Spd": 17.0, "Trak": 300.5, "TrkH": false, "TTrk": 224.296875, "Type": "B738", "Mdl": "BOEING 737-832", "Man": "Boeing", "CNum": "29620", "From": "KATL Hartsfield Jackson Atlanta, United States", "To": "KLAX Los Angeles, United States", "Op": "Delta Air Lines", "OpIcao": "DAL", "Sqk": "3725", "Help": false, "Vsi": -128, "VsiT": 1, "Dst": 1.45, "Brng": 152.3, "WTC": 2, "Species": 1, "Engines": "2", "EngType": 3, "EngMount": 0, "Mil": false, "Cou": "United States", "HasPic": false, "Interested": false, "FlightsCount": 0, "Gnd": true, "SpdTyp": 0, "CallSus": false, "Trt": 5, "Year": "1998"}, {"Id": 10502794, "Rcvr": 1, "HasSig": true, "Sig": 85, "Icao": "A0428A", "Bad": false, "Reg": "N116AN", "FSeen": "/Date(1544382891707)/", "TSecs": 24038, "CMsgs": 8982, "Alt": -225, "GAlt": 85, "InHg": 30.2303143, "AltT": 0, "TAlt": 3008, "Call": "AAL16", "Lat": 40.633713, "Long": -73.770081, "PosTime": 1544405313900, "Mlat": false, "PosStale": true, "Tisb": false, "Spd": 0.0, "Trak": 149.1, "TrkH": false, "TTrk": 0.0, "Type": "A321", "Mdl": "2014 AIRBUS INDUSTRIE A321-231", "Man": "Airbus", "CNum": "6070", "From": "KSFO San Francisco, United States", "To": "KJFK John F Kennedy, New York, United States", "Op": "American Airlines", "OpIcao": "AAL", "Sqk": "3213", "Help": false, "Vsi": -64, "VsiT": 0, "Dst": 1.36, "Brng": 135.9, "WTC": 2, "Species": 1, "Engines": "2", "EngType": 3, "EngMount": 0, "Mil": false, "Cou": "United States", "HasPic": false, "Interested": false, "FlightsCount": 0, "Gnd": true, "SpdTyp": 0, "CallSus": false, "Trt": 5, "Year": "2014"}, {"Id": 4195777, "Rcvr": 1, "HasSig": false, "Icao": "4005C1", "Bad": false, "Reg": "G-RAES", "FSeen": "/Date(1544379354958)/", "TSecs": 27574, "CMsgs": 5652, "Alt": 2750, "GAlt": 3040, "InHg": 30.2096462, "AltT": 0, "Call": "BAW179", "Lat": 40.805099, "Long": -73.629089, "PosTime": 1544406924939, "Mlat": false, "Tisb": false, "Spd": 172.0, "Trak": 215.1, "TrkH": false, "Type": "B772", "Mdl": "Boeing 777 236ER", "Man": "Boeing", "CNum": "27491", "From": "EGLL London Heathrow, United Kingdom", "To": "KJFK John F Kennedy, New York, United States", "Op": "British Airways", "OpIcao": "BAW", "Sqk": "2505", "Help": false, "Vsi": 0, "VsiT": 0, "Dst": 22.17, "Brng": 35.3, "WTC": 3, "Species": 1, "Engines": "2", "EngType": 3, "EngMount": 0, "Mil": false, "Cou": "United Kingdom", "HasPic": false, "Interested": false, "FlightsCount": 0, "Gnd": false, "SpdTyp": 0, "CallSus": false, "Trt": 2, "Year": "1997", "Sat": true}], "totalAc": 5337, "lastDv": "636797919001417717", "shtTrlSec": 65, "stm": 1544406929476}