{"src": 1, "feeds": [{"id": 1, "name": "From Cons", "polarPlot": false}], "srcFeed": 1, "showSil": true, "showFlg": true, "showPic": true, "flgH": 20, "flgW": 85, "acList": [{"Id": 794805, "Rcvr": 1, "HasSig": true, "Sig": 87, "Icao": "0C20B5", "Bad": false, "Reg": "HP-1845CMP", "FSeen": "/Date(1544427126021)/", "TSecs": 18, "CMsgs": 12, "Alt": -150, "GAlt": 51, "InHg": 30.1207027, "AltT": 0, "TAlt": 4992, "Call": "CMP807", "Lat": 40.63731, "Long": -73.792357, "PosTime": 1544427144213, "Mlat": false, "Tisb": false, "Spd": 160.5, "Trak": 300.7, "TrkH": false, "TTrk": 314.296875, "Type": "B738", "Mdl": "Boeing 737NG 8V3/W", "Man": "Boeing", "CNum": "40787", "Op": "Copa Airlines", "OpIcao": "CMP", "Sqk": "3005", "Help": false, "Vsi": 512, "VsiT": 1, "Dst": 1.1, "Brng": 238.4, "WTC": 2, "Species": 1, "Engines": "2", "EngType": 3, "EngMount": 0, "Mil": false, "Cou": "Panama", "HasPic": false, "Interested": false, "FlightsCount": 0, "Gnd": false, "SpdTyp": 0, "CallSus": false, "Trt": 5, "Year": "2015"}, {"Id": 851976, "Rcvr": 1, "HasSig": true, "Sig": 209, "Icao": "0D0008", "Bad": false, "Reg": "N501VL", "FSeen": "/Date(1544427026513)/", "TSecs": 118, "CMsgs": 80, "Alt": 4425, "GAlt": 4626, "InHg": 30.1210632, "AltT": 0, "Call": "VOC4085", "Lat": 40.586336, "Long": -73.915579, "PosTime": 1544427144211, "Mlat": false, "Tisb": false, "Spd": 267.9, "Trak": 186.9, "TrkH": false, "Type": "A319", "Mdl": "Airbus A319 133", "Man": "Airbus", "CNum": "2979", "Op": "Volaris", "OpIcao": "VOI", "Sqk": "2756", "Help": false, "Vsi": 3776, "VsiT": 0, "Dst": 12.94, "Brng": 241.2, "WTC": 2, "Species": 1, "Engines": "2", "EngType": 3, "EngMount": 0, "Mil": false, "Cou": "Mexico", "HasPic": false, "Interested": false, "FlightsCount": 0, "Gnd": false, "SpdTyp": 0, "CallSus": false, "Trt": 2, "Year": "2006"}, {"Id": 11334991, "Rcvr": 1, "HasSig": true, "Sig": 113, "Icao": "ACF54F", "Bad": false, "Reg": "N934JB", "FSeen": "/Date(1544403282152)/", "TSecs": 23862, "CMsgs": 13658, "Alt": 3188, "GAlt": 3389, "InHg": 30.1210632, "AltT": 0, "TAlt": 3000, "Call": "JBU1224", "Lat": 40.646947, "Long": -73.775768, "PosTime": 1544427129239, "Mlat": false, "Tisb": false, "Spd": 0.0, "Trak": 3.8, "TrkH": false, "TTrk": 130.0, "Type": "A321", "Mdl": "2014 AIRBUS INDUSTRIE A321-231", "Man": "Airbus", "CNum": "6130", "From": "KLAX Los Angeles, United States", "To": "KJFK John F Kennedy, New York, United States", "Op": "JetBlue Airways", "OpIcao": "JBU", "Sqk": "7370", "Help": false, "Vsi": -704, "VsiT": 0, "Dst": 0.68, "Brng": 43.2, "WTC": 2, "Species": 1, "Engines": "2", "EngType": 3, "EngMount": 0, "Mil": false, "Cou": "United States", "HasPic": false, "Interested": false, "FlightsCount": 0, "Gnd": true, "SpdTyp": 0, "CallSus": false, "Trt": 4, "Year": "2014"}, {"Id": 11309223, "Rcvr": 1, "HasSig": false, "Icao": "AC90A7", "Bad": false, "Reg": "N909AM", "FSeen": "/Date(1544402272273)/", "TSecs": 24872, "CMsgs": 7327, "Alt": -225, "GAlt": 56, "InHg": 30.1092529, "AltT": 0, "TAlt": 3008, "Call": "AAL1207", "Lat": 40.776745, "Long": -73.874802, "PosTime": 1544427114003, "Mlat": false, "Tisb": false, "Spd": 0.0, "Trak": 141.4, "TrkH": false, "TTrk": 70.3125, "Type": "A321", "Mdl": "Airbus A321 231SL", "Man": "Airbus", "CNum": "7756", "From": "KDFW Dallas Fort Worth, Dallas-Fort Worth, United States", "To": "KSAN San Diego, United States", "Op": "American Airlines", "OpIcao": "AAL", "Sqk": "6211", "Help": false, "Vsi": -896, "VsiT": 0, "Dst": 16.88, "Brng": 332.2, "WTC": 2, "Species": 1, "Engines": "2", "EngType": 3, "EngMount": 0, "Mil": false, "Cou": "United States", "HasPic": false, "Interested": false, "FlightsCount": 0, "Gnd": true, "SpdTyp": 0, "CallSus": false, "Trt": 5, "Year": "2017"}], "totalAc": 4684, "lastDv": "636798038050926684", "shtTrlSec": 65, "stm": 1544427144638}