{"src": 1, "feeds": [{"id": 1, "name": "From Cons", "polarPlot": false}], "srcFeed": 1, "showSil": true, "showFlg": true, "showPic": true, "flgH": 20, "flgW": 85, "acList": [{"Id": 9004007, "Rcvr": 1, "HasSig": true, "Sig": 158, "Icao": "8963E7", "Bad": false, "Reg": "A6-EOJ", "FSeen": "/Date(1544414175271)/", "TSecs": 34, "CMsgs": 23, "Alt": 25, "GAlt": 320, "InHg": 30.2151985, "AltT": 0, "TAlt": 4992, "Call": "UAE5RQ", "Lat": 40.642478, "Long": -73.80378, "PosTime": 1544414208722, "Mlat": false, "Tisb": false, "Spd": 156.4, "Trak": 300.3, "TrkH": false, "TTrk": 314.296875, "Type": "A388", "Mdl": "Airbus A380 861", "Man": "Airbus", "CNum": "182", "Op": "Emirates Airline", "OpIcao": "UAE", "Sqk": "1504", "Help": false, "Vsi": 1152, "VsiT": 1, "Dst": 1.9, "Brng": 270.0, "WTC": 3, "Species": 1, "Engines": "4", "EngType": 3, "EngMount": 0, "Mil": false, "Cou": "United Arab Emirates", "HasPic": false, "Interested": false, "FlightsCount": 0, "Gnd": false, "SpdTyp": 0, "CallSus": false, "Trt": 5, "Year": "2014"}, {"Id": 10589767, "Rcvr": 1, "HasSig": true, "Sig": 72, "Icao": "A19647", "Bad": false, "Reg": "N201FR", "FSeen": "/Date(1544414062157)/", "TSecs": 147, "CMsgs": 87, "Alt": 4825, "GAlt": 5094, "InHg": 30.1889763, "AltT": 0, "Call": "1597", "Lat": 40.887314, "Long": -73.97406, "PosTime": 1544414208722, "Mlat": false, "Tisb": false, "Spd": 251.4, "Trak": 328.3, "TrkH": false, "Type": "A320", "Mdl": "2008 AIRBUS A320-214", "Man": "Airbus", "CNum": "3389", "Op": "Frontier Airlines", "OpIcao": "FFT", "Sqk": "1571", "Help": false, "Vsi": 2496, "VsiT": 0, "Dst": 31.7, "Brng": 329.3, "WTC": 2, "Species": 1, "Engines": "2", "EngType": 3, "EngMount": 0, "Mil": false, "Cou": "United States", "HasPic": false, "Interested": false, "FlightsCount": 0, "Gnd": false, "SpdTyp": 0, "CallSus": false, "Trt": 2, "Year": "2008"}, {"Id": 15204864, "Rcvr": 1, "HasSig": true, "Sig": 215, "Icao": "E80200", "Bad": false, "Reg": "CC-BBH", "FSeen": "/Date(1544412804209)/", "TSecs": 1405, "CMsgs": 270, "Alt": 9175, "GAlt": 9470, "InHg": 30.2151985, "AltT": 0, "TAlt": 16000, "Call": "LAN531", "Lat": 40.465759, "Long": -73.590637, "PosTime": 1544414208720, "Mlat": false, "Tisb": false, "Spd": 294.3, "Trak": 147.1, "TrkH": false, "TTrk": 158.203125, "Type": "B788", "Mdl": "Boeing 787 8", "Man": "Boeing", "CNum": "42224", "From": "KJFK John F Kennedy, New York, United States", "To": "SCEL Comodoro Arturo Merino Ben\u00edtez, Santiago, Chile", "Stops": ["SPJC Jorge Ch\u00e1vez, Lima, Per\u00fa"], "Op": "LATAM Airlines", "OpIcao": "LAN", "Sqk": "3315", "Help": false, "Vsi": 1920, "VsiT": 0, "Dst": 25.41, "Brng": 140.6, "WTC": 3, "Species": 1, "Engines": "2", "EngType": 3, "EngMount": 0, "Mil": false, "Cou": "Chile", "HasPic": false, "Interested": false, "FlightsCount": 0, "Gnd": false, "SpdTyp": 0, "CallSus": false, "Trt": 5, "Year": "2014"}, {"Id": 11367537, "Rcvr": 1, "HasSig": false, "Icao": "AD7471", "Bad": false, "Reg": "N966WN", "FSeen": "/Date(1544412660800)/", "TSecs": 1548, "CMsgs": 970, "Alt": 27000, "GAlt": 27260, "InHg": 30.1801186, "AltT": 0, "Lat": 40.377083, "Long": -73.831121, "PosTime": 1544414208713, "Mlat": true, "Tisb": false, "Spd": 524.0, "Trak": 64.7, "TrkH": false, "Type": "B737", "Mdl": "2011 BOEING 737-7H4", "Man": "Boeing", "CNum": "36966", "Op": "Southwest Airlines", "OpIcao": "SWA", "Sqk": "5671", "Help": false, "Vsi": 212, "VsiT": 0, "Dst": 29.81, "Brng": 188.1, "WTC": 2, "Species": 1, "Engines": "2", "EngType": 3, "EngMount": 0, "Mil": false, "Cou": "United States", "HasPic": false, "Interested": false, "FlightsCount": 0, "Gnd": false, "SpdTyp": 0, "CallSus": false, "Trt": 2, "Year": "2011"}, {"Id": 10828708, "Rcvr": 1, "HasSig": false, "Icao": "A53BA4", "Bad": false, "Reg": "N436YX", "FSeen": "/Date(1544411742765)/", "TSecs": 2466, "CMsgs": 1514, "Alt": 1675, "GAlt": 1687, "InHg": 29.93171, "AltT": 0, "TAlt": 17024, "Call": "RPA4317", "Lat": 40.87822, "Long": -73.7481, "PosTime": 1544414208710, "Mlat": false, "Tisb": false, "Spd": 166.0, "Trak": 256.8, "TrkH": false, "Type": "E75L", "Mdl": "2014 EMBRAER S A ERJ170-200LR", "Man": "Embraer", "CNum": "17000424", "Op": "Republic Airlines", "OpIcao": "RPA", "Sqk": "3653", "Help": false, "Vsi": 64, "VsiT": 1, "Dst": 26.36, "Brng": 6.1, "WTC": 2, "Species": 1, "Engines": "2", "EngType": 3, "EngMount": 0, "Mil": false, "Cou": "United States", "HasPic": false, "Interested": false, "FlightsCount": 0, "Gnd": false, "SpdTyp": 0, "CallSus": false, "Trt": 5, "Year": "2014"}, {"Id": 11232831, "Rcvr": 1, "HasSig": false, "Icao": "AB663F", "Bad": false, "Reg": "N83329", "FSeen": "/Date(1544411272879)/", "TSecs": 2936, "CMsgs": 1718, "Alt": -125, "GAlt": 156, "InHg": 30.2007866, "AltT": 0, "TAlt": 19008, "Call": "ASH6337", "Lat": 40.786789, "Long": -73.869514, "PosTime": 1544414208709, "Mlat": false, "Tisb": false, "Spd": 135.0, "Trak": 212.6, "TrkH": false, "Type": "E75L", "Mdl": " EMBRAER S A ERJ170-200LR", "Man": "Embraer", "CNum": "17000487", "Op": "UNITED AIRLINES INC     - CHICAGO, IL", "OpIcao": "ASH", "Sqk": "0534", "Help": false, "Vsi": -576, "VsiT": 1, "Dst": 17.69, "Brng": 335.2, "WTC": 2, "Species": 1, "Engines": "2", "EngType": 3, "EngMount": 0, "Mil": false, "Cou": "United States", "HasPic": false, "Interested": false, "FlightsCount": 0, "Gnd": false, "SpdTyp": 0, "CallSus": false, "Trt": 5, "Year": "2015"}, {"Id": 11273918, "Rcvr": 1, "HasSig": true, "Sig": 32, "Icao": "AC06BE", "Bad": false, "Reg": "N874RW", "FSeen": "/Date(1544411043321)/", "TSecs": 3166, "CMsgs": 1953, "Alt": 4075, "GAlt": 4323, "InHg": 30.16795, "AltT": 0, "TAlt": 4000, "Call": "RPA5965", "Lat": 40.571503, "Long": -74.049622, "PosTime": 1544414207306, "Mlat": false, "Tisb": false, "Spd": 262.9, "Trak": 33.2, "TrkH": false, "Type": "E170", "Mdl": "2006 EMBRAER ERJ 170-100SU", "Man": "Embraer", "CNum": "17000148", "Op": "Republic Airlines", "OpIcao": "RPA", "Sqk": "2445", "Help": false, "Vsi": -1920, "VsiT": 1, "Dst": 23.99, "Brng": 250.9, "WTC": 2, "Species": 1, "Engines": "2", "EngType": 3, "EngMount": 0, "Mil": false, "Cou": "United States", "HasPic": false, "Interested": false, "FlightsCount": 0, "Gnd": false, "SpdTyp": 0, "CallSus": false, "Trt": 5, "Year": "2006"}, {"Id": 11056271, "Rcvr": 1, "HasSig": true, "Sig": 182, "Icao": "A8B48F", "Bad": false, "Reg": "N660DL", "FSeen": "/Date(1544409542314)/", "TSecs": 4667, "CMsgs": 2818, "Alt": 30700, "GAlt": 30990, "InHg": 30.2096462, "AltT": 0, "TAlt": 27008, "Call": "DAL336", "Lat": 40.69592, "Long": -73.68986, "PosTime": 1544414208693, "Mlat": false, "Tisb": false, "Spd": 555.9, "Trak": 49.2, "TrkH": false, "TTrk": 59.765625, "Type": "B752", "Mdl": "1990 BOEING 757-232", "Man": "Boeing", "CNum": "24422", "From": "KDEN Denver, United States", "To": "KATL Hartsfield Jackson Atlanta, United States", "Op": "WILMINGTON TRUST CO TRUSTEE     - WILMINGTON, DE", "OpIcao": "DAL", "Sqk": "2543", "Help": false, "Vsi": -3712, "VsiT": 1, "Dst": 9.73, "Brng": 52.4, "WTC": 2, "Species": 1, "Engines": "2", "EngType": 3, "EngMount": 0, "Mil": false, "Cou": "United States", "HasPic": false, "Interested": false, "FlightsCount": 0, "Gnd": false, "SpdTyp": 0, "CallSus": false, "Trt": 5, "Year": "1990"}, {"Id": 11400425, "Rcvr": 1, "HasSig": true, "Sig": 81, "Icao": "ADF4E9", "Bad": false, "Reg": "N999JQ", "FSeen": "/Date(1544408489083)/", "TSecs": 5720, "CMsgs": 2277, "Alt": -200, "GAlt": 95, "InHg": 30.2151985, "AltT": 0, "TAlt": 8992, "Call": "JBU1804", "Lat": 40.646819, "Long": -73.772819, "PosTime": 1544410957255, "Mlat": false, "PosStale": true, "Tisb": false, "Spd": 0.0, "Trak": 177.2, "TrkH": false, "TTrk": 0.0, "Type": "A321", "Mdl": "Airbus A321 231SL", "Man": "Airbus", "CNum": "8538", "Op": "JetBlue Airways", "OpIcao": "JBU", "Sqk": "1422", "Help": false, "Vsi": -64, "VsiT": 0, "Dst": 0.86, "Brng": 56.0, "WTC": 2, "Species": 1, "Engines": "2", "EngType": 3, "EngMount": 0, "Mil": false, "Cou": "United States", "HasPic": false, "Interested": false, "FlightsCount": 0, "Gnd": true, "SpdTyp": 0, "CallSus": false, "Trt": 5}, {"Id": 10666532, "Rcvr": 1, "HasSig": false, "Icao": "A2C224", "Bad": false, "Reg": "N277SY", "FSeen": "/Date(1544407987826)/", "TSecs": 6221, "CMsgs": 3789, "Alt": 1050, "GAlt": 1331, "InHg": 30.2007866, "AltT": 0, "TAlt": 18016, "Call": "SKW3787", "Lat": 40.838139, "Long": -73.827248, "PosTime": 1544414208690, "Mlat": false, "Tisb": false, "Spd": 134.0, "Trak": 212.5, "TrkH": false, "Type": "E75L", "Mdl": "Embraer EMB-175 LL", "Man": "Embraer", "CNum": "17000741", "Op": "Delta Connection", "OpIcao": "SKW", "Sqk": "3130", "Help": false, "Vsi": -768, "VsiT": 1, "Dst": 22.1, "Brng": 349.9, "WTC": 2, "Species": 1, "Engines": "2", "EngType": 3, "EngMount": 0, "Mil": false, "Cou": "United States", "HasPic": false, "Interested": false, "FlightsCount": 0, "Gnd": false, "SpdTyp": 0, "CallSus": false, "Trt": 5, "Year": "2018"}, {"Id": 10747943, "Rcvr": 1, "HasSig": false, "Icao": "A40027", "Bad": false, "Reg": "N357PV", "FSeen": "/Date(1544407883542)/", "TSecs": 6326, "CMsgs": 3607, "Alt": -200, "GAlt": 81, "InHg": 30.2007866, "AltT": 0, "TAlt": 3008, "Call": "AAL1053", "Lat": 40.778091, "Long": -73.874802, "PosTime": 1544414078386, "Mlat": false, "PosStale": true, "Tisb": false, "Spd": 0.0, "Trak": 59.1, "TrkH": false, "TTrk": 272.8125, "Type": "B738", "Mdl": "Boeing 737NG 800/W", "Man": "Boeing", "CNum": "31277", "From": "KDFW Dallas Fort Worth, Dallas-Fort Worth, United States", "To": "MROC Juan Santamaria, San Jose, Costa Rica", "Op": "American Airlines", "OpIcao": "AAL", "Sqk": "7247", "Help": false, "Vsi": -128, "VsiT": 0, "Dst": 17.01, "Brng": 332.4, "WTC": 2, "Species": 1, "Engines": "2", "EngType": 3, "EngMount": 0, "Mil": false, "Cou": "United States", "HasPic": false, "Interested": false, "FlightsCount": 0, "Gnd": true, "SpdTyp": 0, "CallSus": false, "Trt": 5, "Year": "2017"}, {"Id": 10668524, "Rcvr": 1, "HasSig": true, "Sig": 157, "Icao": "A2C9EC", "Bad": false, "Reg": "N279WN", "FSeen": "/Date(1544407587599)/", "TSecs": 6622, "CMsgs": 3905, "Alt": 3650, "GAlt": 3919, "InHg": 30.1889763, "AltT": 0, "Lat": 40.733441, "Long": -73.891921, "PosTime": 1544414197568, "Mlat": true, "Tisb": false, "Spd": 490.4, "Trak": 300.8, "TrkH": false, "Type": "B737", "Mdl": "2007 BOEING 737-7H4", "Man": "Boeing", "CNum": "32532", "Op": "Southwest Airlines", "OpIcao": "SWA", "Sqk": "5073", "Help": false, "Vsi": -3200, "VsiT": 1, "Dst": 13.76, "Brng": 317.3, "WTC": 2, "Species": 1, "Engines": "2", "EngType": 3, "EngMount": 0, "Mil": false, "Cou": "United States", "HasPic": false, "Interested": false, "FlightsCount": 0, "Gnd": true, "SpdTyp": 0, "CallSus": false, "Trt": 2, "Year": "2007"}, {"Id": 11376402, "Rcvr": 1, "HasSig": true, "Sig": 110, "Icao": "AD9712", "Bad": false, "Reg": "N975JT", "FSeen": "/Date(1544407246385)/", "TSecs": 6963, "CMsgs": 3456, "Alt": 6112, "GAlt": 6407, "InHg": 30.2151985, "AltT": 0, "TAlt": 8992, "Call": "JBU2836", "Lat": 40.647692, "Long": -73.777391, "PosTime": 1544410466032, "Mlat": false, "PosStale": true, "Tisb": false, "Spd": 0.0, "Trak": 160.1, "TrkH": false, "TTrk": 0.0, "Type": "A321", "Mdl": "Airbus A321 231SL", "Man": "Airbus", "CNum": "7520", "Op": "JetBlue Airways", "OpIcao": "JBU", "Sqk": "2000", "Help": false, "Vsi": -128, "VsiT": 0, "Dst": 0.67, "Brng": 29.6, "WTC": 2, "Species": 1, "Engines": "2", "EngType": 3, "EngMount": 0, "Mil": false, "Cou": "United States", "HasPic": false, "Interested": false, "FlightsCount": 0, "Gnd": true, "SpdTyp": 0, "CallSus": false, "Trt": 5, "Year": "2016"}, {"Id": 10529127, "Rcvr": 1, "HasSig": false, "Icao": "A0A967", "Bad": false, "Reg": "N14143", "FSeen": "/Date(1544407214220)/", "TSecs": 6995, "CMsgs": 3666, "Alt": 2200, "GAlt": 2472, "InHg": 30.191576, "AltT": 0, "TAlt": 3008, "Call": "UCA4914", "Lat": 40.798965, "Long": -74.101624, "PosTime": 1544414208690, "Mlat": false, "Tisb": false, "Spd": 212.0, "Trak": 178.9, "TrkH": false, "Type": "E45X", "Mdl": "2003 EMBRAER EMB-145XR", "Man": "Embraer", "CNum": "145739", "Op": "WELLS FARGO BANK NORTHWEST NA TRUSTEE     - SALT LAKE CITY, UT", "OpIcao": "UCA", "Sqk": "5660", "Help": false, "Vsi": -960, "VsiT": 1, "Dst": 32.12, "Brng": 302.9, "WTC": 2, "Species": 1, "Engines": "2", "EngType": 3, "EngMount": 1, "Mil": false, "Cou": "United States", "HasPic": false, "Interested": false, "FlightsCount": 0, "Gnd": false, "SpdTyp": 0, "CallSus": false, "Trt": 5, "Year": "2003"}, {"Id": 11366291, "Rcvr": 1, "HasSig": true, "Sig": 106, "Icao": "AD6F93", "Bad": false, "Reg": "N965JT", "FSeen": "/Date(1544406473165)/", "TSecs": 7736, "CMsgs": 3702, "Alt": -200, "GAlt": 90, "InHg": 30.2096462, "AltT": 0, "TAlt": 4000, "Call": "JBU1802", "Lat": 40.650112, "Long": -73.778107, "PosTime": 1544414197572, "Mlat": false, "Tisb": false, "Spd": 0.0, "Trak": 210.9, "TrkH": false, "TTrk": 19.6875, "Type": "A321", "Mdl": "Airbus A321 231SL", "Man": "Airbus", "CNum": "6512", "From": "KFLL Fort Lauderdale Hollywood, United States", "To": "KJFK John F Kennedy, New York, United States", "Op": "JetBlue Airways", "OpIcao": "JBU", "Sqk": "3327", "Help": false, "Vsi": -192, "VsiT": 0, "Dst": 0.89, "Brng": 17.5, "WTC": 2, "Species": 1, "Engines": "2", "EngType": 3, "EngMount": 0, "Mil": false, "Cou": "United States", "HasPic": false, "Interested": false, "FlightsCount": 0, "Gnd": true, "SpdTyp": 0, "CallSus": false, "Trt": 5, "Year": "2016"}, {"Id": 10748637, "Rcvr": 1, "HasSig": true, "Sig": 206, "Icao": "A402DD", "Bad": false, "Reg": "N358DN", "FSeen": "/Date(1544406427327)/", "TSecs": 7782, "CMsgs": 4004, "Alt": 2775, "GAlt": 3044, "InHg": 30.1889763, "AltT": 0, "TAlt": 24000, "Call": "DAL2820", "Lat": 40.789443, "Long": -73.761895, "PosTime": 1544414208693, "Mlat": false, "Tisb": false, "Spd": 199.9, "Trak": 62.3, "TrkH": false, "TTrk": 70.3125, "Type": "A321", "Mdl": "Airbus A321 211SL", "Man": "Airbus", "CNum": "8316", "Op": "Delta Air Lines", "OpIcao": "DAL", "Sqk": "1040", "Help": false, "Vsi": -64, "VsiT": 1, "Dst": 16.42, "Brng": 5.7, "WTC": 2, "Species": 1, "Engines": "2", "EngType": 3, "EngMount": 0, "Mil": false, "Cou": "United States", "HasPic": false, "Interested": false, "FlightsCount": 0, "Gnd": false, "SpdTyp": 0, "CallSus": false, "Trt": 5, "Year": "2018"}, {"Id": 10765806, "Rcvr": 1, "HasSig": false, "Icao": "A445EE", "Bad": false, "Reg": "N37464", "FSeen": "/Date(1544405994230)/", "TSecs": 8215, "CMsgs": 4798, "Alt": 0, "GAlt": 269, "InHg": 30.1889763, "AltT": 0, "TAlt": 8000, "Call": "UAL722", "Lat": 40.706955, "Long": -74.155579, "PosTime": 1544414208688, "Mlat": false, "Tisb": false, "Spd": 152.0, "Trak": 205.7, "TrkH": false, "TTrk": 52.03125, "Type": "B739", "Mdl": "2012 BOEING 737-924ER", "Man": "Boeing", "CNum": "41745", "From": "KORD Chicago O'Hare, United States", "To": "KPHX Phoenix Sky Harbor, United States", "Op": "United Airlines", "OpIcao": "UAL", "Sqk": "3675", "Help": false, "Vsi": -896, "VsiT": 1, "Dst": 32.37, "Brng": 282.9, "WTC": 2, "Species": 1, "Engines": "2", "EngType": 3, "EngMount": 0, "Mil": false, "Cou": "United States", "HasPic": false, "Interested": false, "FlightsCount": 0, "Gnd": false, "SpdTyp": 0, "CallSus": false, "Trt": 5, "Year": "2012"}, {"Id": 10674741, "Rcvr": 1, "HasSig": false, "Icao": "A2E235", "Bad": false, "Reg": "N285SY", "FSeen": "/Date(1544404535765)/", "TSecs": 9673, "CMsgs": 5439, "Alt": 2750, "GAlt": 3022, "InHg": 30.191576, "AltT": 0, "TAlt": 3008, "Call": "SKW3508", "Lat": 40.837811, "Long": -73.6996, "PosTime": 1544414208689, "Mlat": false, "Tisb": false, "Spd": 176.0, "Trak": 31.5, "TrkH": false, "Type": "E75L", "Mdl": "Embraer EMB-175 LR", "Man": "Embraer", "CNum": "17000751", "Op": "Delta Connection", "OpIcao": "SKW", "Sqk": "7134", "Help": false, "Vsi": -64, "VsiT": 1, "Dst": 22.78, "Brng": 17.6, "WTC": 2, "Species": 1, "Engines": "2", "EngType": 3, "EngMount": 0, "Mil": false, "Cou": "United States", "HasPic": false, "Interested": false, "FlightsCount": 0, "Gnd": false, "SpdTyp": 0, "CallSus": false, "Trt": 5, "Year": "2018"}, {"Id": 10592694, "Rcvr": 1, "HasSig": false, "Icao": "A1A1B6", "Bad": false, "Reg": "N204JQ", "FSeen": "/Date(1544404335471)/", "TSecs": 9874, "CMsgs": 5634, "Alt": -200, "GAlt": 81, "InHg": 30.2007866, "AltT": 0, "TAlt": 2016, "Call": "RPA5934", "Lat": 40.77726, "Long": -73.875053, "PosTime": 1544414185934, "Mlat": false, "Tisb": false, "Spd": 11.0, "Trak": 45.0, "TrkH": false, "Type": "E170", "Mdl": "ERJ 170-200 LR", "Man": "Embraer-Empresa", "CNum": "17000243", "Op": "Republic Airline", "OpIcao": "RPA", "Sqk": "2274", "Help": false, "Vsi": -64, "VsiT": 0, "Dst": 16.94, "Brng": 332.2, "WTC": 2, "Species": 1, "Engines": "2", "EngType": 3, "EngMount": 0, "Mil": false, "Cou": "United States", "HasPic": false, "Interested": false, "FlightsCount": 0, "Gnd": true, "SpdTyp": 0, "CallSus": false, "Trt": 5, "Year": "2008"}, {"Id": 11019747, "Rcvr": 1, "HasSig": true, "Sig": 92, "Icao": "A825E3", "Bad": false, "Reg": "N624JB", "FSeen": "/Date(1544404299861)/", "TSecs": 9909, "CMsgs": 5127, "Alt": 2658, "GAlt": 2953, "InHg": 30.2151985, "AltT": 0, "TAlt": 4000, "Call": "JBU164", "Lat": 40.64967, "Long": -73.777173, "PosTime": 1544411993688, "Mlat": false, "PosStale": true, "Tisb": false, "Spd": 0.0, "Trak": 165.9, "TrkH": false, "TTrk": 340.3125, "Type": "A320", "Mdl": "2005 AIRBUS A320-232", "Man": "Airbus", "CNum": "2520", "From": "KTPA Tampa, United States", "To": "KJFK John F Kennedy, New York, United States", "Op": "JetBlue Airways", "OpIcao": "JBU", "Sqk": "6657", "Help": false, "Vsi": -128, "VsiT": 0, "Dst": 0.87, "Brng": 23.5, "WTC": 2, "Species": 1, "Engines": "2", "EngType": 3, "EngMount": 0, "Mil": false, "Cou": "United States", "HasPic": true, "PicX": 1024, "PicY": 697, "Interested": false, "FlightsCount": 0, "Gnd": true, "SpdTyp": 0, "CallSus": false, "Trt": 5, "Year": "2005"}, {"Id": 10579878, "Rcvr": 1, "HasSig": false, "Icao": "A16FA6", "Bad": false, "Reg": "N192AN", "FSeen": "/Date(1544403782296)/", "TSecs": 10427, "CMsgs": 5619, "Alt": 11700, "GAlt": 11990, "InHg": 30.2096462, "AltT": 0, "TAlt": 23008, "Call": "AAL2292", "Lat": 40.543304, "Long": -73.916565, "PosTime": 1544414208688, "Mlat": false, "Tisb": false, "Spd": 308.0, "Trak": 165.3, "TrkH": false, "TTrk": 125.859375, "Type": "B752", "Mdl": "757-223", "Man": "Boeing", "CNum": "32386", "From": "KDFW Dallas Fort Worth, Dallas-Fort Worth, United States", "To": "KFAT Fresno Yosemite, United States", "Op": "American Airlines", "OpIcao": "AAL", "Sqk": "0551", "Help": false, "Vsi": -1920, "VsiT": 1, "Dst": 15.88, "Brng": 226.1, "WTC": 2, "Species": 1, "Engines": "2", "EngType": 3, "EngMount": 0, "Mil": false, "Cou": "United States", "HasPic": false, "Interested": false, "FlightsCount": 0, "Gnd": false, "SpdTyp": 0, "CallSus": false, "Trt": 5, "Year": "2001"}, {"Id": 10956578, "Rcvr": 1, "HasSig": true, "Sig": 134, "Icao": "A72F22", "Bad": false, "Reg": "N562JB", "FSeen": "/Date(1544403419204)/", "TSecs": 10790, "CMsgs": 3756, "Alt": -200, "GAlt": 119, "InHg": 30.2388229, "AltT": 0, "TAlt": 3008, "Call": "JBU1818", "Lat": 40.633186, "Long": -73.768875, "PosTime": 1544406818514, "Mlat": false, "PosStale": true, "Tisb": false, "Spd": 0.0, "Trak": 210.9, "TrkH": false, "TTrk": 0.0, "Type": "A320", "Mdl": "2003 AIRBUS A320-232", "Man": "Airbus", "CNum": "1948", "From": "TTPP Piarco, Port of Spain, Trinidad and Tobago", "To": "KJFK John F Kennedy, New York, United States", "Op": "JetBlue Airways", "OpIcao": "JBU", "Sqk": "2666", "Help": false, "Vsi": -640, "VsiT": 0, "Dst": 1.47, "Brng": 134.6, "WTC": 2, "Species": 1, "Engines": "2", "EngType": 3, "EngMount": 0, "Mil": false, "Cou": "United States", "HasPic": false, "Interested": false, "FlightsCount": 0, "Gnd": true, "SpdTyp": 0, "CallSus": false, "Trt": 5, "Year": "2003"}, {"Id": 11094827, "Rcvr": 1, "HasSig": false, "Icao": "A94B2B", "Bad": false, "Reg": "N69826", "FSeen": "/Date(1544402873316)/", "TSecs": 11336, "CMsgs": 6664, "Alt": 3775, "GAlt": 4023, "InHg": 30.16795, "AltT": 0, "TAlt": 4000, "Call": "UAL1013", "Lat": 40.656372, "Long": -73.97699, "PosTime": 1544414208687, "Mlat": false, "Tisb": false, "Spd": 258.0, "Trak": 33.0, "TrkH": false, "TTrk": 45.703125, "Type": "B739", "Mdl": "2014 BOEING 737-924ER", "Man": "Boeing", "CNum": "42180", "From": "KEWR Newark Liberty, United States", "To": "KAUS Austin Bergstrom, United States", "Op": "United Airlines", "OpIcao": "UAL", "Sqk": "5625", "Help": false, "Vsi": 0, "VsiT": 0, "Dst": 16.58, "Brng": 275.4, "WTC": 2, "Species": 1, "Engines": "2", "EngType": 3, "EngMount": 0, "Mil": false, "Cou": "United States", "HasPic": false, "Interested": false, "FlightsCount": 0, "Gnd": false, "SpdTyp": 0, "CallSus": false, "Trt": 2, "Year": "2014"}, {"Id": 11309223, "Rcvr": 1, "HasSig": false, "Icao": "AC90A7", "Bad": false, "Reg": "N909AM", "FSeen": "/Date(1544402272208)/", "TSecs": 11937, "CMsgs": 5594, "Alt": -225, "GAlt": 56, "InHg": 30.2007866, "AltT": 0, "TAlt": 3008, "Call": "AAL1207", "Lat": 40.776745, "Long": -73.874802, "PosTime": 1544414199489, "Mlat": false, "Tisb": false, "Spd": 0.0, "Trak": 78.8, "TrkH": false, "TTrk": 70.3125, "Type": "A321", "Mdl": "Airbus A321 231SL", "Man": "Airbus", "CNum": "7756", "From": "KDFW Dallas Fort Worth, Dallas-Fort Worth, United States", "To": "KSAN San Diego, United States", "Op": "American Airlines", "OpIcao": "AAL", "Sqk": "6211", "Help": false, "Vsi": -896, "VsiT": 0, "Dst": 16.88, "Brng": 332.2, "WTC": 2, "Species": 1, "Engines": "2", "EngType": 3, "EngMount": 0, "Mil": false, "Cou": "United States", "HasPic": false, "Interested": false, "FlightsCount": 0, "Gnd": true, "SpdTyp": 0, "CallSus": false, "Trt": 5, "Year": "2017"}, {"Id": 11302867, "Rcvr": 1, "HasSig": false, "Icao": "AC77D3", "Bad": false, "Reg": "N902NN", "FSeen": "/Date(1544397292973)/", "TSecs": 16916, "CMsgs": 8518, "Alt": 17175, "GAlt": 17344, "InHg": 30.088583, "AltT": 0, "TAlt": 19008, "Call": "AAL1388", "Lat": 40.732086, "Long": -74.019714, "PosTime": 1544414208686, "Mlat": false, "Tisb": false, "Spd": 352.0, "Trak": 163.5, "TrkH": false, "TTrk": 123.046875, "Type": "B738", "Mdl": "2012 BOEING 737-823", "Man": "Boeing", "CNum": "31154", "From": "KMSP Minneapolis-St Paul International/Wold-Chamberlain, Minneapolis, United States", "To": "KPHX Phoenix Sky Harbor, United States", "Op": "American Airlines", "OpIcao": "AAL", "Sqk": "4160", "Help": false, "Vsi": -1984, "VsiT": 1, "Dst": 22.44, "Brng": 296.4, "WTC": 2, "Species": 1, "Engines": "2", "EngType": 3, "EngMount": 0, "Mil": false, "Cou": "United States", "HasPic": false, "Interested": false, "FlightsCount": 0, "Gnd": false, "SpdTyp": 0, "CallSus": false, "Trt": 5, "Year": "2012"}, {"Id": 11235263, "Rcvr": 1, "HasSig": true, "Sig": 218, "Icao": "AB6FBF", "Bad": false, "Reg": "N836MH", "FSeen": "/Date(1544396961439)/", "TSecs": 17248, "CMsgs": 9484, "Alt": 3400, "GAlt": 3624, "InHg": 30.1443272, "AltT": 0, "TAlt": 2016, "Call": "DAL1077", "Lat": 40.426117, "Long": -73.694641, "PosTime": 1544414208686, "Mlat": false, "Tisb": false, "Spd": 256.4, "Trak": 41.8, "TrkH": false, "TTrk": 40.078125, "Type": "B764", "Mdl": "2000 BOEING 767-432ER", "Man": "Boeing", "CNum": "29709", "From": "KRIC Richmond, United States", "To": "KMSY Louis Armstrong New Orleans, United States", "Stops": ["KATL Hartsfield Jackson Atlanta, United States"], "Op": "Delta Air Lines", "OpIcao": "DAL", "Sqk": "6371", "Help": false, "Vsi": -2048, "VsiT": 0, "Dst": 25.15, "Brng": 163.0, "WTC": 3, "Species": 1, "Engines": "2", "EngType": 3, "EngMount": 0, "Mil": false, "Cou": "United States", "HasPic": false, "Interested": false, "FlightsCount": 0, "Gnd": false, "SpdTyp": 0, "CallSus": false, "Trt": 5, "Year": "2000"}, {"Id": 11174864, "Rcvr": 1, "HasSig": false, "Icao": "AA83D0", "Bad": false, "Reg": "N777J", "FSeen": "/Date(1544396454255)/", "TSecs": 17755, "CMsgs": 9850, "Alt": -225, "GAlt": 44, "InHg": 30.1889763, "AltT": 0, "TAlt": 18016, "Call": "N777J", "Lat": 40.849228, "Long": -74.059631, "PosTime": 1544414193601, "Mlat": false, "Tisb": false, "Spd": 112.0, "Trak": 183.6, "TrkH": false, "TTrk": 123.046875, "Type": "CL60", "Mdl": "1999 BOMBARDIER INC CL-600-2B16", "Man": "Bombardier", "CNum": "5433", "Op": "WELLS FARGO BANK NORTHWEST NA TRUSTEE     - SALT LAKE CITY, UT", "Sqk": "7217", "Help": false, "Vsi": 0, "VsiT": 0, "Dst": 32.84, "Brng": 314.5, "WTC": 2, "Species": 1, "Engines": "2", "EngType": 3, "EngMount": 1, "Mil": false, "Cou": "United States", "HasPic": false, "Interested": false, "FlightsCount": 0, "Gnd": true, "SpdTyp": 0, "CallSus": false, "Trt": 5, "Year": "1999"}, {"Id": 10502143, "Rcvr": 1, "HasSig": true, "Sig": 106, "Icao": "A03FFF", "Bad": false, "Reg": "N115NN", "FSeen": "/Date(1544395089875)/", "TSecs": 19119, "CMsgs": 10036, "Alt": -200, "GAlt": 90, "InHg": 30.2096462, "AltT": 0, "TAlt": 4000, "Call": "AAL32", "Lat": 40.649551, "Long": -73.795166, "PosTime": 1544412873629, "Mlat": false, "PosStale": true, "Tisb": false, "Spd": 0.0, "Trak": 165.9, "TrkH": false, "TTrk": 0.0, "Type": "A321", "Mdl": "2014 AIRBUS INDUSTRIE A321-231", "Man": "Airbus", "CNum": "6063", "From": "KLAX Los Angeles, United States", "To": "KJFK John F Kennedy, New York, United States", "Op": "American Airlines", "OpIcao": "AAL", "Sqk": "2023", "Help": false, "Vsi": -128, "VsiT": 0, "Dst": 1.41, "Brng": 303.9, "WTC": 2, "Species": 1, "Engines": "2", "EngType": 3, "EngMount": 0, "Mil": false, "Cou": "United States", "HasPic": false, "Interested": false, "FlightsCount": 0, "Gnd": true, "SpdTyp": 0, "CallSus": false, "Trt": 5, "Year": "2014"}, {"Id": 11363438, "Rcvr": 1, "HasSig": true, "Sig": 115, "Icao": "AD646E", "Bad": false, "Reg": "N962JT", "FSeen": "/Date(1544389405871)/", "TSecs": 24803, "CMsgs": 10382, "Alt": 2545, "GAlt": 2855, "InHg": 30.2303143, "AltT": 0, "TAlt": 4000, "Call": "JBU190", "Lat": 40.642769, "Long": -73.771088, "PosTime": 1544407306762, "Mlat": false, "PosStale": true, "Tisb": false, "Spd": 0.0, "Trak": 199.7, "TrkH": false, "TTrk": 250.0, "Type": "A321", "Mdl": "Airbus A321 231SL", "Man": "Airbus", "CNum": "6988", "From": "KSAN San Diego, United States", "To": "KJFK John F Kennedy, New York, United States", "Op": "JetBlue Airways", "OpIcao": "JBU", "Sqk": "2000", "Help": false, "Vsi": -1280, "VsiT": 0, "Dst": 0.86, "Brng": 87.9, "WTC": 2, "Species": 1, "Engines": "2", "EngType": 3, "EngMount": 0, "Mil": false, "Cou": "United States", "HasPic": false, "Interested": false, "FlightsCount": 0, "Gnd": true, "SpdTyp": 0, "CallSus": false, "Trt": 4, "Year": "2016"}, {"Id": 4196157, "Rcvr": 1, "HasSig": true, "Sig": 172, "Icao": "40073D", "Bad": false, "Reg": "G-BYGE", "FSeen": "/Date(1544387343274)/", "TSecs": 26866, "CMsgs": 6687, "Alt": 1550, "GAlt": 1840, "InHg": 30.2096462, "AltT": 0, "Call": "BAW183", "Lat": 40.602676, "Long": -73.669011, "PosTime": 1544414208688, "Mlat": false, "Tisb": false, "Spd": 134.1, "Trak": 301.0, "TrkH": false, "Type": "B744", "Mdl": "Boeing 747 436", "Man": "Boeing", "CNum": "28858", "From": "EGLL London Heathrow, United Kingdom", "To": "KJFK John F Kennedy, New York, United States", "Op": "British Airways", "OpIcao": "BAW", "Sqk": "6335", "Help": false, "Vsi": -704, "VsiT": 0, "Dst": 10.46, "Brng": 115.0, "WTC": 3, "Species": 1, "Engines": "4", "EngType": 3, "EngMount": 0, "Mil": false, "Cou": "United Kingdom", "HasPic": false, "Interested": false, "FlightsCount": 0, "Gnd": false, "SpdTyp": 0, "CallSus": false, "Trt": 2, "Year": "1999", "Sat": true}], "totalAc": 4570, "lastDv": "636797242224423147", "shtTrlSec": 65, "stm": 1544414209610}