{"src": 1, "feeds": [{"id": 1, "name": "From Cons", "polarPlot": false}], "srcFeed": 1, "showSil": true, "showFlg": true, "showPic": true, "flgH": 20, "flgW": 85, "acList": [{"Id": 11207779, "Rcvr": 1, "HasSig": true, "Sig": 192, "Icao": "AB0463", "Bad": false, "Reg": "N809MD", "FSeen": "/Date(1544408532132)/", "TSecs": 22, "CMsgs": 14, "Alt": 750, "GAlt": 1045, "InHg": 30.2151985, "AltT": 0, "TAlt": 5024, "Call": "RPA5877", "Lat": 40.788895, "Long": -73.889526, "PosTime": 1544408554067, "Mlat": false, "Tisb": false, "Spd": 143.6, "Trak": 323.2, "TrkH": false, "Type": "E170", "Mdl": "2004 EMBRAER ERJ 170-100SU", "Man": "Embraer", "CNum": "17000022", "Op": "REPUBLIC AIRLINE INC     - INDIANAPOLIS, IN", "OpIcao": "RPA", "Sqk": "3067", "Help": false, "Vsi": 2240, "VsiT": 1, "Dst": 18.66, "Brng": 330.8, "WTC": 2, "Species": 1, "Engines": "2", "EngType": 3, "EngMount": 0, "Mil": false, "Cou": "United States", "HasPic": false, "Interested": false, "FlightsCount": 0, "Gnd": false, "SpdTyp": 0, "CallSus": false, "Trt": 5, "Year": "2004"}, {"Id": 2803409, "Rcvr": 1, "HasSig": false, "Icao": "2AC6D1", "Bad": false, "FSeen": "/Date(1544408523166)/", "TSecs": 31, "CMsgs": 3, "Alt": 3800, "GAlt": 4101, "InHg": 30.2214565, "AltT": 0, "Lat": 40.648178, "Long": -73.986816, "PosTime": 1544408532132, "Mlat": false, "Tisb": false, "Spd": 260.0, "Trak": 33.0, "TrkH": false, "Sqk": "", "Vsi": 0, "VsiT": 0, "Dst": 17.35, "Brng": 272.2, "WTC": 0, "Species": 0, "EngType": 0, "EngMount": 0, "Mil": false, "Cou": "Unknown or unassigned country", "HasPic": false, "Interested": false, "FlightsCount": 0, "Gnd": false, "SpdTyp": 0, "CallSus": false, "Trt": 2}, {"Id": 4196017, "Rcvr": 1, "HasSig": false, "Icao": "4006B1", "Bad": false, "Reg": "G-BYGA", "FSeen": "/Date(1544408512147)/", "TSecs": 42, "CMsgs": 3, "InHg": 30.2303143, "AltT": 0, "Lat": 40.650112, "Long": -73.770508, "PosTime": 1544408532132, "Mlat": false, "Tisb": false, "Spd": 12.0, "Trak": 120.8, "TrkH": false, "Type": "B744", "Mdl": "Boeing 747 436", "Man": "Boeing", "CNum": "28855", "Op": "British Airways", "OpIcao": "BAW", "Sqk": "", "VsiT": 0, "Dst": 1.24, "Brng": 47.0, "WTC": 3, "Species": 1, "Engines": "4", "EngType": 3, "EngMount": 0, "Mil": false, "Cou": "United Kingdom", "HasPic": false, "Interested": false, "FlightsCount": 0, "Gnd": true, "SpdTyp": 0, "CallSus": false, "Trt": 2, "Year": "1998"}, {"Id": 5024306, "Rcvr": 1, "HasSig": false, "Icao": "4CAA32", "Bad": false, "Reg": "EI-EJM", "FSeen": "/Date(1544408453520)/", "TSecs": 101, "CMsgs": 9, "Alt": -250, "GAlt": 60, "InHg": 30.2303143, "AltT": 0, "Call": "AZA605", "Lat": 40.649601, "Long": -73.766357, "PosTime": 1544408537543, "Mlat": false, "Tisb": false, "Spd": 7.0, "Trak": 30.9, "TrkH": false, "Type": "A332", "Mdl": "Airbus A330 202", "Man": "Airbus", "CNum": "1308", "From": "KJFK John F Kennedy, New York, United States", "To": "LIMC Malpensa, Milan, Italy", "Op": "Alitalia", "OpIcao": "AZA", "Sqk": "", "VsiT": 0, "Dst": 1.49, "Brng": 57.9, "WTC": 3, "Species": 1, "Engines": "2", "EngType": 3, "EngMount": 0, "Mil": false, "Cou": "Ireland", "HasPic": false, "Interested": false, "FlightsCount": 0, "Gnd": true, "SpdTyp": 0, "CallSus": false, "Trt": 2, "Year": "2012"}, {"Id": 10721059, "Rcvr": 1, "HasSig": true, "Sig": 68, "Icao": "A39723", "Bad": false, "Reg": "N330PQ", "FSeen": "/Date(1544408412666)/", "TSecs": 141, "CMsgs": 82, "Alt": 4150, "GAlt": 4440, "InHg": 30.2096462, "AltT": 0, "Call": "EDV5234", "Lat": 40.8791, "Long": -73.9565, "PosTime": 1544408554066, "Mlat": true, "Tisb": false, "Trak": 332.6, "TrkH": false, "Type": "CRJ9", "Mdl": "2014 BOMBARDIER INC CL-600-2D24", "Man": "Bombardier", "CNum": "15330", "Op": "Delta Air Lines", "OpIcao": "EDV", "Sqk": "3311", "Help": false, "VsiT": 0, "Dst": 30.17, "Brng": 330.8, "WTC": 2, "Species": 1, "Engines": "2", "EngType": 3, "EngMount": 1, "Mil": false, "Cou": "United States", "HasPic": false, "Interested": false, "FlightsCount": 0, "Gnd": false, "SpdTyp": 0, "CallSus": true, "Trt": 2, "Year": "2014"}, {"Id": 10573898, "Rcvr": 1, "HasSig": true, "Sig": 84, "Icao": "A1584A", "Bad": false, "Reg": "N186PQ", "FSeen": "/Date(1544408372507)/", "TSecs": 182, "CMsgs": 37, "Alt": 3306, "GAlt": 3596, "InHg": 30.2096462, "AltT": 0, "Lat": 40.772533, "Long": -73.860397, "PosTime": 1544408554066, "Mlat": false, "Tisb": false, "Spd": 0.0, "Trak": 116.6, "TrkH": false, "Type": "CRJ9", "Mdl": "2008 BOMBARDIER INC CL-600-2D24", "Man": "Bombardier", "CNum": "15186", "Op": "DELTA AIRLINES INC DEPT 595 AIRCRAFT REGISTRATIONS    - ATLANTA, GA", "OpIcao": "EDV", "Sqk": "", "VsiT": 1, "Dst": 15.92, "Brng": 335.3, "WTC": 2, "Species": 1, "Engines": "2", "EngType": 3, "EngMount": 1, "Mil": false, "Cou": "United States", "HasPic": false, "Interested": false, "FlightsCount": 0, "Gnd": true, "SpdTyp": 0, "CallSus": false, "Trt": 2, "Year": "2008"}, {"Id": 5023854, "Rcvr": 1, "HasSig": true, "Sig": 112, "Icao": "4CA86E", "Bad": false, "Reg": "EI-GCF", "FSeen": "/Date(1544408304738)/", "TSecs": 249, "CMsgs": 16, "Alt": -225, "GAlt": 94, "InHg": 30.2388229, "AltT": 0, "TAlt": 4992, "Call": "EIN10X", "Lat": 40.649872, "Long": -73.766144, "PosTime": 1544408342574, "Mlat": false, "PosStale": true, "Tisb": false, "Spd": 100.5, "Trak": 211.2, "TrkH": false, "Type": "A333", "Mdl": "Airbus A330 302", "Man": "Airbus", "CNum": "1817", "From": "EIDW Dublin, Ireland", "To": "EIDW Dublin, Ireland", "Stops": ["KJFK John F Kennedy, New York, United States"], "Op": "Aer Lingus", "OpIcao": "EIN", "Sqk": "1756", "Help": false, "Vsi": 0, "VsiT": 1, "Dst": 1.52, "Brng": 57.3, "WTC": 3, "Species": 1, "Engines": "2", "EngType": 3, "EngMount": 0, "Mil": false, "Cou": "Ireland", "HasPic": false, "Interested": false, "FlightsCount": 0, "Gnd": false, "SpdTyp": 0, "CallSus": false, "Trt": 5, "Year": "2017"}, {"Id": 4220587, "Rcvr": 1, "HasSig": true, "Sig": 102, "Icao": "4066AB", "Bad": false, "Reg": "G-VRAY", "FSeen": "/Date(1544408232843)/", "TSecs": 321, "CMsgs": 46, "Alt": 1225, "GAlt": 1535, "InHg": 30.2303143, "AltT": 0, "Call": "VIR138M", "Lat": 40.5902, "Long": -73.791171, "PosTime": 1544408552674, "Mlat": false, "Tisb": false, "Spd": 200.4, "Trak": 155.2, "TrkH": false, "Type": "A333", "Mdl": "Airbus A330 343E", "Man": "Airbus", "CNum": "1296", "From": "KJFK John F Kennedy, New York, United States", "To": "EGLL London Heathrow, United Kingdom", "Op": "Virgin Atlantic Airways", "OpIcao": "VIR", "Sqk": "1620", "Help": false, "Vsi": 0, "VsiT": 0, "Dst": 5.87, "Brng": 188.2, "WTC": 3, "Species": 1, "Engines": "2", "EngType": 3, "EngMount": 0, "Mil": false, "Cou": "United Kingdom", "HasPic": false, "Interested": false, "FlightsCount": 0, "Gnd": false, "SpdTyp": 0, "CallSus": false, "Trt": 2, "Year": "2012"}, {"Id": 11326163, "Rcvr": 1, "HasSig": true, "Sig": 88, "Icao": "ACD2D3", "Bad": false, "Reg": "N925XJ", "FSeen": "/Date(1544408160252)/", "TSecs": 394, "CMsgs": 235, "Alt": 15450, "GAlt": 15740, "InHg": 30.2096462, "AltT": 0, "Lat": 40.8728, "Long": -73.5714, "PosTime": 1544408554063, "Mlat": true, "Tisb": false, "Trak": 8.4, "TrkH": false, "Type": "CRJ9", "Mdl": "2008 BOMBARDIER INC CL-600-2D24", "Man": "Bombardier", "CNum": "15183", "Op": "DELTA AIR LINES INC     - ATLANTA, GA", "OpIcao": "EDV", "Sqk": "1635", "Help": false, "VsiT": 0, "Dst": 31.12, "Brng": 34.5, "WTC": 2, "Species": 1, "Engines": "2", "EngType": 3, "EngMount": 1, "Mil": false, "Cou": "United States", "HasPic": false, "Interested": false, "FlightsCount": 0, "Gnd": false, "SpdTyp": 0, "CallSus": false, "Trt": 2, "Year": "2008"}, {"Id": 10790179, "Rcvr": 1, "HasSig": false, "Icao": "A4A523", "Bad": false, "Reg": "N399KK", "FSeen": "/Date(1544408081464)/", "TSecs": 473, "CMsgs": 279, "Alt": 800, "GAlt": 1090, "InHg": 30.2096462, "AltT": 0, "Call": "N399KK", "Lat": 40.835575, "Long": -73.961143, "PosTime": 1544408554062, "Mlat": false, "Tisb": false, "Spd": 147.0, "Trak": 204.0, "TrkH": false, "Type": "S76", "Mdl": "2003 SIKORSKY S-76C", "Man": "Sikorsky", "CNum": "760550", "Op": "CITIFLIGHT INC     - WHITE PLAINS, NY", "Sqk": "1200", "Help": false, "Vsi": 64, "VsiT": 0, "Dst": 26.28, "Brng": 324.8, "WTC": 1, "Species": 4, "Engines": "2", "EngType": 2, "EngMount": 0, "Mil": false, "Cou": "United States", "HasPic": false, "Interested": false, "FlightsCount": 0, "Gnd": false, "SpdTyp": 0, "CallSus": false, "Trt": 5, "Year": "2003"}, {"Id": 11199915, "Rcvr": 1, "HasSig": true, "Sig": 231, "Icao": "AAE5AB", "Bad": false, "Reg": "N801AY", "FSeen": "/Date(1544407987764)/", "TSecs": 566, "CMsgs": 244, "Alt": 12400, "GAlt": 12710, "InHg": 30.2303143, "AltT": 0, "Lat": 40.530212, "Long": -73.750122, "PosTime": 1544408347740, "Mlat": false, "PosStale": true, "Tisb": false, "Spd": 1100.8, "Trak": 72.9, "TrkH": false, "Type": "CRJ2", "Mdl": "2004 BOMBARDIER INC CL-600-2B19", "Man": "Bombardier", "CNum": "8001", "Op": "WELLS FARGO BANK NORTHWEST NA TRUSTEE     - SALT LAKE CITY, UT", "OpIcao": "EDV", "Sqk": "1125", "Help": false, "Vsi": 2432, "VsiT": 0, "Dst": 12.76, "Brng": 168.1, "WTC": 2, "Species": 1, "Engines": "2", "EngType": 3, "EngMount": 1, "Mil": false, "Cou": "United States", "HasPic": false, "Interested": false, "FlightsCount": 0, "Gnd": true, "SpdTyp": 0, "CallSus": false, "Trt": 2, "Year": "2004"}, {"Id": 10502603, "Rcvr": 1, "HasSig": true, "Sig": 188, "Icao": "A041CB", "Bad": false, "Reg": "N11548", "FSeen": "/Date(1544407403301)/", "TSecs": 1151, "CMsgs": 413, "Alt": 11175, "GAlt": 11609, "InHg": 30.35433, "AltT": 0, "TAlt": 12992, "Call": "ASQ4338", "Lat": 40.863373, "Long": -73.790283, "PosTime": 1544408554063, "Mlat": false, "Tisb": false, "Spd": 360.0, "Trak": 26.9, "TrkH": false, "Type": "E145", "Mdl": "2002 EMBRAER EMB-145LR", "Man": "Embraer", "CNum": "145565", "Op": "WELLS FARGO BANK NORTHWEST NA TRUSTEE     - SALT LAKE CITY, UT", "OpIcao": "ASQ", "Sqk": "3321", "Help": false, "Vsi": 1856, "VsiT": 0, "Dst": 24.57, "Brng": 358.2, "WTC": 2, "Species": 1, "Engines": "2", "EngType": 3, "EngMount": 1, "Mil": false, "Cou": "United States", "HasPic": false, "Interested": false, "FlightsCount": 0, "Gnd": false, "SpdTyp": 0, "CallSus": false, "Trt": 2, "Year": "2002"}, {"Id": 11290404, "Rcvr": 1, "HasSig": false, "Icao": "AC4724", "Bad": false, "Reg": "N890UP", "FSeen": "/Date(1544406350310)/", "TSecs": 2204, "CMsgs": 1197, "Alt": -250, "GAlt": 40, "InHg": 30.2096462, "AltT": 0, "TAlt": 8000, "Call": "GAJ890", "Lat": 40.849091, "Long": -74.061066, "PosTime": 1544408550664, "Mlat": false, "Tisb": false, "Spd": 11.0, "Trak": 2.8, "TrkH": false, "TTrk": 302.34375, "Type": "B350", "Mdl": "Textron Aviation King Air B350", "Man": "Textron Aviation", "CNum": "FL-1129", "Op": "Textron Aviation Inc", "Sqk": "3407", "Help": false, "Vsi": -576, "VsiT": 0, "Dst": 32.91, "Brng": 314.4, "WTC": 2, "Species": 1, "Engines": "2", "EngType": 2, "EngMount": 0, "Mil": false, "Cou": "United States", "HasPic": false, "Interested": false, "FlightsCount": 0, "Gnd": true, "SpdTyp": 0, "CallSus": false, "Trt": 5, "Year": "2018"}, {"Id": 10526731, "Rcvr": 1, "HasSig": false, "Icao": "A0A00B", "Bad": false, "Reg": "N13975", "FSeen": "/Date(1544406027918)/", "TSecs": 2526, "CMsgs": 1454, "Alt": 100, "GAlt": 395, "InHg": 30.2151985, "AltT": 0, "TAlt": 16992, "Lat": 40.711487, "Long": -74.152588, "PosTime": 1544408554035, "Mlat": false, "Tisb": false, "Spd": 125.0, "Trak": 206.6, "TrkH": false, "Type": "E145", "Mdl": "1999 EMBRAER EMB-145LR", "Man": "Embraer", "CNum": "145163", "Op": "UNITED AIRLINES INC     - CHICAGO, IL", "OpIcao": "ASQ", "Sqk": "3645", "Help": false, "Vsi": -896, "VsiT": 1, "Dst": 32.24, "Brng": 283.9, "WTC": 2, "Species": 1, "Engines": "2", "EngType": 3, "EngMount": 1, "Mil": false, "Cou": "United States", "HasPic": false, "Interested": false, "FlightsCount": 0, "Gnd": false, "SpdTyp": 0, "CallSus": false, "Trt": 5, "Year": "1999"}, {"Id": 10550269, "Rcvr": 1, "HasSig": true, "Sig": 26, "Icao": "A0FBFD", "Bad": false, "Reg": "N16237", "FSeen": "/Date(1544405925913)/", "TSecs": 2628, "CMsgs": 1133, "Alt": -75, "GAlt": 206, "InHg": 30.2007866, "AltT": 0, "Call": "N16237", "Lat": 40.743217, "Long": -73.414889, "PosTime": 1544408497059, "Mlat": true, "Tisb": false, "Spd": 119.3, "Trak": 179.2, "TrkH": false, "Type": "C172", "Mdl": "2005 CESSNA 172S", "Man": "Cessna", "CNum": "172S9912", "Op": "HICKORY LANE CORP     - FARMINGDALE, NY", "Sqk": "4210", "Help": false, "Vsi": 0, "VsiT": 1, "Dst": 32.86, "Brng": 70.0, "WTC": 1, "Species": 1, "Engines": "1", "EngType": 1, "EngMount": 0, "Mil": false, "Cou": "United States", "HasPic": false, "Interested": false, "FlightsCount": 0, "Gnd": false, "SpdTyp": 0, "CallSus": true, "Trt": 2, "Year": "2005"}, {"Id": 10959431, "Rcvr": 1, "HasSig": true, "Sig": 98, "Icao": "A73A47", "Bad": false, "Reg": "N565JB", "FSeen": "/Date(1544405010455)/", "TSecs": 3544, "CMsgs": 1669, "Alt": -250, "GAlt": 45, "InHg": 30.2151985, "AltT": 0, "TAlt": 4000, "Call": "JBU1858", "Lat": 40.629341, "Long": -73.769714, "PosTime": 1544408097177, "Mlat": false, "PosStale": true, "Tisb": false, "Spd": 9.0, "Trak": 286.9, "TrkH": false, "TTrk": 40.078125, "Type": "A320", "Mdl": "2003 AIRBUS A320-232", "Man": "Airbus", "CNum": "2031", "From": "TNCA Queen Beatrix, Oranjestad, Aruba", "To": "KJFK John F Kennedy, New York, United States", "Op": "JetBlue Airways", "OpIcao": "JBU", "Sqk": "3357", "Help": false, "Vsi": -128, "VsiT": 0, "Dst": 1.76, "Brng": 146.3, "WTC": 2, "Species": 1, "Engines": "2", "EngType": 3, "EngMount": 0, "Mil": false, "Cou": "United States", "HasPic": false, "Interested": false, "FlightsCount": 0, "Gnd": true, "SpdTyp": 0, "CallSus": false, "Trt": 5, "Year": "2003"}, {"Id": 10604707, "Rcvr": 1, "HasSig": true, "Sig": 57, "Icao": "A1D0A3", "Bad": false, "Reg": "N216JQ", "FSeen": "/Date(1544404538853)/", "TSecs": 4015, "CMsgs": 2201, "Alt": 19200, "GAlt": 19351, "InHg": 30.0708656, "AltT": 0, "Call": "RPA6048", "Lat": 40.806564, "Long": -73.853149, "PosTime": 1544408330417, "Mlat": true, "PosStale": true, "Tisb": false, "Spd": 435.2, "Trak": 244.1, "TrkH": false, "Type": "E75S", "Mdl": "2009 EMBRAER-EMPRESA BRASILEIRA DE ERJ 170-200 LR", "Man": "Embraer", "CNum": "17000273", "Op": "SHUTTLE AMERICA CORP     - INDIANAPOLIS, IN", "OpIcao": "RPA", "Sqk": "5615", "Help": false, "Vsi": 2496, "VsiT": 0, "Dst": 19.22, "Brng": 341.7, "WTC": 2, "Species": 1, "Engines": "2", "EngType": 3, "EngMount": 0, "Mil": false, "Cou": "United States", "HasPic": false, "Interested": false, "FlightsCount": 0, "Gnd": true, "SpdTyp": 0, "CallSus": false, "Trt": 2, "Year": "2009"}, {"Id": 10956578, "Rcvr": 1, "HasSig": true, "Sig": 121, "Icao": "A72F22", "Bad": false, "Reg": "N562JB", "FSeen": "/Date(1544403419146)/", "TSecs": 5135, "CMsgs": 2508, "Alt": -250, "GAlt": 69, "InHg": 30.2388229, "AltT": 0, "TAlt": 3008, "Call": "JBU1818", "Lat": 40.633186, "Long": -73.768875, "PosTime": 1544406818361, "Mlat": false, "PosStale": true, "Tisb": false, "Spd": 0.0, "Trak": 210.9, "TrkH": false, "TTrk": 0.0, "Type": "A320", "Mdl": "2003 AIRBUS A320-232", "Man": "Airbus", "CNum": "1948", "From": "TTPP Piarco, Port of Spain, Trinidad and Tobago", "To": "KJFK John F Kennedy, New York, United States", "Op": "JetBlue Airways", "OpIcao": "JBU", "Sqk": "2666", "Help": false, "Vsi": -640, "VsiT": 0, "Dst": 1.47, "Brng": 134.6, "WTC": 2, "Species": 1, "Engines": "2", "EngType": 3, "EngMount": 0, "Mil": false, "Cou": "United States", "HasPic": false, "Interested": false, "FlightsCount": 0, "Gnd": true, "SpdTyp": 0, "CallSus": false, "Trt": 5, "Year": "2003"}, {"Id": 10536597, "Rcvr": 1, "HasSig": true, "Sig": 197, "Icao": "A0C695", "Bad": false, "Reg": "N14905", "FSeen": "/Date(1544403342756)/", "TSecs": 5211, "CMsgs": 2653, "Alt": 1675, "GAlt": 1976, "InHg": 30.2214565, "AltT": 0, "Call": "ASQ4170", "Lat": 40.781529, "Long": -74.107465, "PosTime": 1544408554026, "Mlat": true, "Tisb": false, "Spd": 262.0, "Trak": 205.5, "TrkH": false, "Type": "E145", "Mdl": "2001 EMBRAER EMB-145LR", "Man": "Embraer", "CNum": "145476", "Op": "WELLS FARGO BANK NORTHWEST NA TRUSTEE     - SALT LAKE CITY, UT", "OpIcao": "ASQ", "Sqk": "6767", "Help": false, "Vsi": 5, "VsiT": 0, "Dst": 31.54, "Brng": 299.5, "WTC": 2, "Species": 1, "Engines": "2", "EngType": 3, "EngMount": 1, "Mil": false, "Cou": "United States", "HasPic": false, "Interested": false, "FlightsCount": 0, "Gnd": false, "SpdTyp": 0, "CallSus": true, "Trt": 2, "Year": "2001"}, {"Id": 11346322, "Rcvr": 1, "HasSig": false, "Icao": "AD2192", "Bad": false, "Reg": "N945UW", "FSeen": "/Date(1544403289535)/", "TSecs": 5265, "CMsgs": 2928, "Alt": 3750, "GAlt": 3889, "InHg": 30.0590553, "AltT": 0, "Call": "C31662", "Lat": 40.6671, "Long": -73.9704, "PosTime": 1544408550626, "Mlat": true, "Tisb": false, "Spd": 484.4, "Trak": 37.7, "TrkH": false, "Type": "E190", "Mdl": " EMBRAER ERJ 190-100 IGW", "Man": "Embraer", "CNum": "19000062", "Op": "US AIRWAYS INC     - FORT WORTH, TX", "OpIcao": "AAL", "Sqk": "7227", "Help": false, "Vsi": 64, "VsiT": 1, "Dst": 16.19, "Brng": 279.8, "WTC": 2, "Species": 1, "Engines": "2", "EngType": 3, "EngMount": 0, "Mil": false, "Cou": "United States", "HasPic": false, "Interested": false, "FlightsCount": 0, "Gnd": false, "SpdTyp": 0, "CallSus": false, "Trt": 2}, {"Id": 11357226, "Rcvr": 1, "HasSig": false, "Icao": "AD4C2A", "Bad": false, "Reg": "N956NN", "FSeen": "/Date(1544403102560)/", "TSecs": 5452, "CMsgs": 3058, "Alt": 3725, "GAlt": 4015, "InHg": 30.2096462, "AltT": 0, "Call": "AAL295", "Lat": 40.735748, "Long": -73.865417, "PosTime": 1544408554026, "Mlat": false, "Tisb": false, "Spd": 239.0, "Trak": 59.2, "TrkH": false, "Type": "B738", "Mdl": "2014 BOEING 737-823", "Man": "Boeing", "CNum": "31200", "From": "KMIA Miami, United States", "To": "KLAX Los Angeles, United States", "Op": "American Airlines", "OpIcao": "AAL", "Sqk": "1300", "Help": false, "Vsi": 0, "VsiT": 0, "Dst": 12.56, "Brng": 325.7, "WTC": 2, "Species": 1, "Engines": "2", "EngType": 3, "EngMount": 0, "Mil": false, "Cou": "United States", "HasPic": false, "Interested": false, "FlightsCount": 0, "Gnd": false, "SpdTyp": 0, "CallSus": false, "Trt": 2, "Year": "2014"}, {"Id": 10660826, "Rcvr": 1, "HasSig": true, "Sig": 167, "Icao": "A2ABDA", "Bad": false, "Reg": "N271SY", "FSeen": "/Date(1544403002186)/", "TSecs": 5552, "CMsgs": 3114, "Alt": 10525, "GAlt": 10820, "InHg": 30.2151985, "AltT": 0, "TAlt": 3008, "Call": "SKW3792", "Lat": 40.420982, "Long": -73.840797, "PosTime": 1544408554026, "Mlat": false, "Tisb": false, "Spd": 298.2, "Trak": 107.8, "TrkH": false, "Type": "E75L", "Mdl": "Embraer EMB-175 LL", "Man": "Embraer", "CNum": "17000729", "Op": "Delta Connection", "OpIcao": "SKW", "Sqk": "6526", "Help": false, "Vsi": -2112, "VsiT": 1, "Dst": 25.14, "Brng": 191.6, "WTC": 2, "Species": 1, "Engines": "2", "EngType": 3, "EngMount": 0, "Mil": false, "Cou": "United States", "HasPic": false, "Interested": false, "FlightsCount": 0, "Gnd": false, "SpdTyp": 0, "CallSus": false, "Trt": 5, "Year": "2018"}, {"Id": 11211993, "Rcvr": 1, "HasSig": false, "Icao": "AB14D9", "Bad": false, "Reg": "N813DN", "FSeen": "/Date(1544402840217)/", "TSecs": 5714, "CMsgs": 3159, "Alt": 1725, "GAlt": 2015, "InHg": 30.2096462, "AltT": 0, "Call": "DAL214", "Lat": 40.758671, "Long": -73.663956, "PosTime": 1544408554025, "Mlat": false, "Tisb": false, "Spd": 170.0, "Trak": 219.3, "TrkH": false, "Type": "B739", "Mdl": "2014 BOEING 737-932ER", "Man": "Boeing", "CNum": "31925", "From": "LGAV Eleftherios Venizelos, Athens, Greece", "To": "KJFK John F Kennedy, New York, United States", "Op": "Delta Air Lines", "OpIcao": "DAL", "Sqk": "7154", "Help": false, "Vsi": 0, "VsiT": 0, "Dst": 16.27, "Brng": 37.4, "WTC": 2, "Species": 1, "Engines": "2", "EngType": 3, "EngMount": 0, "Mil": false, "Cou": "United States", "HasPic": false, "Interested": false, "FlightsCount": 0, "Gnd": false, "SpdTyp": 0, "CallSus": false, "Trt": 2, "Year": "2014"}, {"Id": 10661694, "Rcvr": 1, "HasSig": false, "Icao": "A2AF3E", "Bad": false, "Reg": "N272PQ", "FSeen": "/Date(1544402246687)/", "TSecs": 6307, "CMsgs": 3089, "Alt": -250, "GAlt": 60, "InHg": 30.2303143, "AltT": 0, "Lat": 40.7001, "Long": -73.7259, "PosTime": 1544408510659, "Mlat": true, "Tisb": false, "Spd": 283.0, "Trak": 215.7, "TrkH": false, "Type": "CRJ9", "Mdl": "2013 BOMBARDIER INC CL-600-2D24", "Man": "Bombardier", "CNum": "15272", "Op": "Delta Air Lines", "OpIcao": "EDV", "Sqk": "1050", "Help": false, "Vsi": 94, "VsiT": 0, "Dst": 7.93, "Brng": 36.1, "WTC": 2, "Species": 1, "Engines": "2", "EngType": 3, "EngMount": 1, "Mil": false, "Cou": "United States", "HasPic": false, "Interested": false, "FlightsCount": 0, "Gnd": true, "SpdTyp": 0, "CallSus": false, "Trt": 2, "Year": "2013"}, {"Id": 10620161, "Rcvr": 1, "HasSig": true, "Sig": 194, "Icao": "A20D01", "Bad": false, "Reg": "N231JB", "FSeen": "/Date(1544402245087)/", "TSecs": 6309, "CMsgs": 3512, "Alt": 875, "GAlt": 1170, "InHg": 30.2151985, "AltT": 0, "TAlt": 3008, "Call": "JBU1106", "Lat": 40.693685, "Long": -73.716888, "PosTime": 1544408554024, "Mlat": false, "Tisb": false, "Spd": 135.0, "Trak": 210.7, "TrkH": false, "Type": "E190", "Mdl": "2006 EMBRAER ERJ 190-100 IGW", "Man": "Embraer", "CNum": "19000033", "From": "KORD Chicago O'Hare, United States", "To": "KJFK John F Kennedy, New York, United States", "Op": "JetBlue Airways", "OpIcao": "JBU", "Sqk": "6206", "Help": false, "Vsi": -704, "VsiT": 1, "Dst": 7.87, "Brng": 43.6, "WTC": 2, "Species": 1, "Engines": "2", "EngType": 3, "EngMount": 0, "Mil": false, "Cou": "United States", "HasPic": false, "Interested": false, "FlightsCount": 0, "Gnd": false, "SpdTyp": 0, "CallSus": false, "Trt": 5, "Year": "2006"}, {"Id": 10726522, "Rcvr": 1, "HasSig": true, "Sig": 62, "Icao": "A3AC7A", "Bad": false, "Reg": "N336DX", "FSeen": "/Date(1544402107486)/", "TSecs": 6447, "CMsgs": 3494, "Alt": 4075, "GAlt": 4376, "InHg": 30.2214565, "AltT": 0, "TAlt": 10016, "Call": "DAL869", "Lat": 40.577072, "Long": -74.056591, "PosTime": 1544408554024, "Mlat": false, "Tisb": false, "Spd": 263.0, "Trak": 34.8, "TrkH": false, "Type": "A321", "Mdl": "Airbus A321 211SL", "Man": "Airbus", "CNum": "8063", "From": "KEWR Newark Liberty, United States", "To": "KDTW Detroit Metropolitan Wayne County, United States", "Op": "Delta Air Lines", "OpIcao": "DAL", "Sqk": "1701", "Help": false, "Vsi": -1664, "VsiT": 1, "Dst": 24.35, "Brng": 252.7, "WTC": 2, "Species": 1, "Engines": "2", "EngType": 3, "EngMount": 0, "Mil": false, "Cou": "United States", "HasPic": false, "Interested": false, "FlightsCount": 0, "Gnd": false, "SpdTyp": 0, "CallSus": false, "Trt": 5, "Year": "2017"}, {"Id": 11105991, "Rcvr": 1, "HasSig": true, "Sig": 184, "Icao": "A976C7", "Bad": false, "Reg": "N709JB", "FSeen": "/Date(1544401007420)/", "TSecs": 7547, "CMsgs": 3545, "Alt": -250, "GAlt": 60, "InHg": 30.2303143, "AltT": 0, "TAlt": 35008, "Call": "JBU1295", "Lat": 40.632591, "Long": -73.767609, "PosTime": 1544406220924, "Mlat": false, "PosStale": true, "Tisb": false, "Spd": 0.3, "Trak": 191.3, "TrkH": false, "TTrk": 0.0, "Type": "A320", "Mdl": "2008 AIRBUS A320-232", "Man": "Airbus", "CNum": "3488", "From": "KJFK John F Kennedy, New York, United States", "To": "KAUS Austin Bergstrom, United States", "Op": "JetBlue Airways", "OpIcao": "JBU", "Sqk": "1553", "Help": false, "Vsi": -128, "VsiT": 0, "Dst": 1.59, "Brng": 133.6, "WTC": 2, "Species": 1, "Engines": "2", "EngType": 3, "EngMount": 0, "Mil": false, "Cou": "United States", "HasPic": false, "Interested": false, "FlightsCount": 0, "Gnd": true, "SpdTyp": 0, "CallSus": false, "Trt": 5, "Year": "2008"}, {"Id": 10589767, "Rcvr": 1, "HasSig": true, "Sig": 9, "Icao": "A19647", "Bad": false, "Reg": "N201FR", "FSeen": "/Date(1544400865349)/", "TSecs": 7689, "CMsgs": 4136, "Alt": 2725, "GAlt": 3015, "InHg": 30.2096462, "AltT": 0, "Call": "1596", "Lat": 40.803409, "Long": -73.752781, "PosTime": 1544408542806, "Mlat": false, "Tisb": false, "Spd": 224.1, "Trak": 21.2, "TrkH": false, "Type": "A320", "Mdl": "2008 AIRBUS A320-214", "Man": "Airbus", "CNum": "3389", "Op": "Frontier Airlines", "OpIcao": "FFT", "Sqk": "1441", "Help": false, "Vsi": -1408, "VsiT": 0, "Dst": 18.05, "Brng": 7.6, "WTC": 2, "Species": 1, "Engines": "2", "EngType": 3, "EngMount": 0, "Mil": false, "Cou": "United States", "HasPic": false, "Interested": false, "FlightsCount": 0, "Gnd": false, "SpdTyp": 0, "CallSus": false, "Trt": 2, "Year": "2008"}, {"Id": 4804978, "Rcvr": 1, "HasSig": true, "Sig": 197, "Icao": "495172", "Bad": false, "Reg": "CS-TKR", "FSeen": "/Date(1544400431200)/", "TSecs": 8123, "CMsgs": 4484, "Alt": 2800, "GAlt": 3090, "InHg": 30.2096462, "AltT": 0, "Call": "LOT26", "Lat": 40.810857, "Long": -73.610084, "PosTime": 1544408554022, "Mlat": false, "Tisb": false, "Spd": 172.7, "Trak": 241.7, "TrkH": false, "Type": "B763", "Mdl": "Boeing 767 36NER", "Man": "Boeing", "CNum": "30854", "From": "EPWA Warsaw Chopin, Poland", "To": "KJFK John F Kennedy, New York, United States", "Op": "Air Niugini", "OpIcao": "ANG", "Sqk": "4573", "Help": false, "Vsi": -896, "VsiT": 0, "Dst": 23.64, "Brng": 37.6, "WTC": 3, "Species": 1, "Engines": "2", "EngType": 3, "EngMount": 0, "Mil": false, "Cou": "Portugal", "HasPic": false, "Interested": false, "FlightsCount": 0, "Gnd": false, "SpdTyp": 0, "CallSus": false, "Trt": 2, "Year": "2001"}, {"Id": 10823953, "Rcvr": 1, "HasSig": true, "Sig": 137, "Icao": "A52911", "Bad": false, "Reg": "N431YX", "FSeen": "/Date(1544400340845)/", "TSecs": 8213, "CMsgs": 4446, "Alt": -250, "GAlt": 40, "InHg": 30.2096462, "AltT": 0, "TAlt": 2016, "Call": "RPA4500", "Lat": 40.78125, "Long": -73.874146, "PosTime": 1544408485073, "Mlat": false, "Tisb": false, "Spd": 114.6, "Trak": 212.2, "TrkH": false, "Type": "E75L", "Mdl": "2014 EMBRAER S A ERJ170-200LR", "Man": "Embraer", "CNum": "17000413", "From": "KMSP Minneapolis-St Paul International/Wold-Chamberlain, Minneapolis, United States", "To": "KLGA La Guardia, New York, United States", "Op": "REPUBLIC AIRLINE INC     - INDIANAPOLIS, IN", "OpIcao": "RPA", "Sqk": "7114", "Help": false, "Vsi": -192, "VsiT": 1, "Dst": 17.3, "Brng": 333.1, "WTC": 2, "Species": 1, "Engines": "2", "EngType": 3, "EngMount": 0, "Mil": false, "Cou": "United States", "HasPic": false, "Interested": false, "FlightsCount": 0, "Gnd": false, "SpdTyp": 0, "CallSus": false, "Trt": 5, "Year": "2014"}, {"Id": 10925303, "Rcvr": 1, "HasSig": true, "Sig": 114, "Icao": "A6B4F7", "Bad": false, "Reg": "N531JL", "FSeen": "/Date(1544400039350)/", "TSecs": 8515, "CMsgs": 3861, "Alt": -250, "GAlt": 92, "InHg": 30.26245, "AltT": 0, "TAlt": 3008, "Call": "JBU429", "Lat": 40.632534, "Long": -73.767502, "PosTime": 1544403068437, "Mlat": false, "PosStale": true, "Tisb": false, "Spd": 12.5, "Trak": 120.9, "TrkH": false, "TTrk": 0.0, "Type": "A320", "Mdl": "2001 AIRBUS INDUSTRIE A320-232", "Man": "Airbus", "CNum": "1650", "From": "KBOS General Edward Lawrence Logan, Boston, United States", "To": "KSMF Sacramento, United States", "Op": "JetBlue Airways", "OpIcao": "JBU", "Sqk": "3337", "Help": false, "Vsi": -128, "VsiT": 0, "Dst": 1.61, "Brng": 133.6, "WTC": 2, "Species": 1, "Engines": "2", "EngType": 3, "EngMount": 0, "Mil": false, "Cou": "United States", "HasPic": false, "Interested": false, "FlightsCount": 0, "Gnd": true, "SpdTyp": 0, "CallSus": false, "Trt": 5, "Year": "2001"}, {"Id": 10957529, "Rcvr": 1, "HasSig": true, "Sig": 159, "Icao": "A732D9", "Bad": false, "Reg": "N563JB", "FSeen": "/Date(1544399788617)/", "TSecs": 8765, "CMsgs": 3824, "Alt": -250, "GAlt": 69, "InHg": 30.2388229, "AltT": 0, "TAlt": 2016, "Call": "JBU1042", "Lat": 40.629398, "Long": -73.769943, "PosTime": 1544405433418, "Mlat": false, "PosStale": true, "Tisb": false, "Spd": 0.0, "Trak": 236.3, "TrkH": false, "TTrk": 279.84375, "Type": "A320", "Mdl": "2003 AIRBUS A320-232", "Man": "Airbus", "CNum": "2006", "From": "KSAV Savannah Hilton Head, United States", "To": "KJFK John F Kennedy, New York, United States", "Op": "JetBlue Airways", "OpIcao": "JBU", "Sqk": "6017", "Help": false, "Vsi": -576, "VsiT": 0, "Dst": 1.74, "Brng": 146.7, "WTC": 2, "Species": 1, "Engines": "2", "EngType": 3, "EngMount": 0, "Mil": false, "Cou": "United States", "HasPic": false, "Interested": false, "FlightsCount": 0, "Gnd": true, "SpdTyp": 0, "CallSus": false, "Trt": 5, "Year": "2003"}, {"Id": 11376657, "Rcvr": 1, "HasSig": true, "Sig": 120, "Icao": "AD9811", "Bad": false, "Reg": "N975UY", "FSeen": "/Date(1544398804088)/", "TSecs": 9750, "CMsgs": 2999, "Alt": -250, "GAlt": -237, "InHg": 30.2096462, "AltT": 0, "TAlt": 10016, "Call": "AAL824", "Lat": 40.775517, "Long": -73.874832, "PosTime": 1544406062543, "Mlat": false, "PosStale": true, "Tisb": false, "Spd": 0.0, "Trak": 101.3, "TrkH": false, "TTrk": 340.3125, "Type": "A321", "Mdl": "Airbus A321 231", "Man": "Airbus", "CNum": "4935", "From": "KPHL Philadelphia, United States", "To": "TXKF L.F. Wade International, Hamilton, Bermuda", "Op": "American Airlines", "OpIcao": "AAL", "Sqk": "1200", "Help": false, "Vsi": -704, "VsiT": 0, "Dst": 16.76, "Brng": 332.0, "WTC": 2, "Species": 1, "Engines": "2", "EngType": 3, "EngMount": 0, "Mil": false, "Cou": "United States", "HasPic": false, "Interested": false, "FlightsCount": 0, "Gnd": true, "SpdTyp": 0, "CallSus": false, "Trt": 5, "Year": "2011"}, {"Id": 10578165, "Rcvr": 1, "HasSig": true, "Sig": 186, "Icao": "A168F5", "Bad": false, "Reg": "N190JB", "FSeen": "/Date(1544397310144)/", "TSecs": 11244, "CMsgs": 4216, "Alt": 3550, "GAlt": 3860, "InHg": 30.2303143, "AltT": 0, "Call": "JBU1808", "Lat": 40.7926, "Long": -73.4512, "PosTime": 1544408552653, "Mlat": true, "Tisb": false, "Spd": 286.0, "Trak": 44.0, "TrkH": false, "Type": "E190", "Mdl": "2005 EMBRAER ERJ 190-100 IGW", "Man": "Embraer", "CNum": "19000011", "From": "KIAD Washington Dulles, United States", "To": "KJFK John F Kennedy, New York, United States", "Op": "JetBlue Airways", "OpIcao": "JBU", "Sqk": "2165", "Help": false, "Vsi": 16, "VsiT": 0, "Dst": 32.44, "Brng": 58.9, "WTC": 2, "Species": 1, "Engines": "2", "EngType": 3, "EngMount": 0, "Mil": false, "Cou": "United States", "HasPic": false, "Interested": false, "FlightsCount": 0, "Gnd": false, "SpdTyp": 0, "CallSus": true, "Trt": 2, "Year": "2005"}, {"Id": 4704474, "Rcvr": 1, "HasSig": true, "Sig": 121, "Icao": "47C8DA", "Bad": false, "Reg": "LN-LNN", "FSeen": "/Date(1544396732245)/", "TSecs": 11822, "CMsgs": 4528, "Alt": -250, "GAlt": 60, "InHg": 30.2303143, "AltT": 0, "TAlt": 3008, "Call": "NAX9V", "Lat": 40.643532, "Long": -73.800079, "PosTime": 1544408483554, "Mlat": false, "Tisb": false, "Spd": 0.0, "Trak": 296.6, "TrkH": false, "TTrk": 224.296875, "Type": "B789", "Mdl": "Boeing 787 9", "Man": "Boeing", "CNum": "38891", "Op": "Norwegian", "OpIcao": "NAX", "Sqk": "0736", "Help": false, "Vsi": -448, "VsiT": 0, "Dst": 1.59, "Brng": 274.2, "WTC": 3, "Species": 1, "Engines": "2", "EngType": 3, "EngMount": 0, "Mil": false, "Cou": "Norway", "HasPic": false, "Interested": false, "FlightsCount": 0, "Gnd": true, "SpdTyp": 0, "CallSus": false, "Trt": 5, "Year": "2017"}, {"Id": 11248395, "Rcvr": 1, "HasSig": true, "Sig": 192, "Icao": "ABA30B", "Bad": false, "Reg": "N849UA", "FSeen": "/Date(1544396333524)/", "TSecs": 12221, "CMsgs": 6177, "Alt": 425, "GAlt": 715, "InHg": 30.2096462, "AltT": 0, "Call": "UAL406", "Lat": 40.817142, "Long": -73.844792, "PosTime": 1544408548817, "Mlat": true, "Tisb": false, "Spd": 264.0, "Trak": 220.3, "TrkH": false, "Type": "A319", "Mdl": "2002 AIRBUS INDUSTRIE A319-131", "Man": "Airbus", "CNum": "1649", "From": "KDEN Denver, United States", "To": "KLGA La Guardia, New York, United States", "Op": "United Airlines", "OpIcao": "UAL", "Sqk": "0672", "Help": false, "Vsi": -977, "VsiT": 1, "Dst": 20.14, "Brng": 344.6, "WTC": 2, "Species": 1, "Engines": "2", "EngType": 3, "EngMount": 0, "Mil": false, "Cou": "United States", "HasPic": false, "Interested": false, "FlightsCount": 0, "Gnd": false, "SpdTyp": 0, "CallSus": true, "Trt": 2, "Year": "2002"}, {"Id": 10958480, "Rcvr": 1, "HasSig": true, "Sig": 137, "Icao": "A73690", "Bad": false, "Reg": "N564JB", "FSeen": "/Date(1544395615527)/", "TSecs": 12939, "CMsgs": 5074, "Alt": -250, "GAlt": 60, "InHg": 30.2303143, "AltT": 0, "TAlt": 18016, "Call": "JBU922", "Lat": 40.633633, "Long": -73.769897, "PosTime": 1544408021006, "Mlat": false, "PosStale": true, "Tisb": false, "Spd": 12.0, "Trak": 132.2, "TrkH": false, "TTrk": 0.0, "Type": "A320", "Mdl": "2003 AIRBUS A320-232", "Man": "Airbus", "CNum": "2020", "From": "KORD Chicago O'Hare, United States", "To": "KBOS General Edward Lawrence Logan, Boston, United States", "Op": "JetBlue Airways", "OpIcao": "JBU", "Sqk": "3273", "Help": false, "Vsi": 256, "VsiT": 0, "Dst": 1.38, "Brng": 135.7, "WTC": 2, "Species": 1, "Engines": "2", "EngType": 3, "EngMount": 0, "Mil": false, "Cou": "United States", "HasPic": false, "Interested": false, "FlightsCount": 0, "Gnd": true, "SpdTyp": 0, "CallSus": false, "Trt": 5, "Year": "2003"}, {"Id": 11103138, "Rcvr": 1, "HasSig": true, "Sig": 121, "Icao": "A96BA2", "Bad": false, "Reg": "N706JB", "FSeen": "/Date(1544393522677)/", "TSecs": 15031, "CMsgs": 4325, "Alt": -250, "GAlt": 92, "InHg": 30.26245, "AltT": 0, "TAlt": 4000, "Call": "JBU2989", "Lat": 40.651291, "Long": -73.775894, "PosTime": 1544395940339, "Mlat": false, "PosStale": true, "Tisb": false, "Spd": 0.0, "Trak": 177.2, "TrkH": false, "TTrk": 0.0, "Type": "A320", "Mdl": "2008 AIRBUS A320-232", "Man": "Airbus", "CNum": "3451", "From": "KBOS General Edward Lawrence Logan, Boston, United States", "To": "KDCA Ronald Reagan Washington National, United States", "Op": "JetBlue Airways", "OpIcao": "JBU", "Sqk": "3056", "Help": false, "Vsi": -960, "VsiT": 0, "Dst": 1.08, "Brng": 24.9, "WTC": 2, "Species": 1, "Engines": "2", "EngType": 3, "EngMount": 0, "Mil": false, "Cou": "United States", "HasPic": false, "Interested": false, "FlightsCount": 0, "Gnd": true, "SpdTyp": 0, "CallSus": false, "Trt": 5, "Year": "2008"}, {"Id": 11232410, "Rcvr": 1, "HasSig": true, "Sig": 125, "Icao": "AB649A", "Bad": false, "Reg": "N833MH", "FSeen": "/Date(1544391142196)/", "TSecs": 17412, "CMsgs": 8381, "Alt": -225, "GAlt": 70, "InHg": 30.2151985, "AltT": 0, "TAlt": 3008, "Lat": 40.629295, "Long": -73.769119, "PosTime": 1544408548816, "Mlat": false, "Tisb": false, "Spd": 16.0, "Trak": 250.3, "TrkH": false, "TTrk": 224.296875, "Type": "B764", "Mdl": "2000 BOEING 767-432ER", "Man": "Boeing", "CNum": "29706", "Op": "Delta Air Lines", "OpIcao": "DAL", "Sqk": "4063", "Help": false, "Vsi": -64, "VsiT": 1, "Dst": 1.79, "Brng": 145.0, "WTC": 3, "Species": 1, "Engines": "2", "EngType": 3, "EngMount": 0, "Mil": false, "Cou": "United States", "HasPic": false, "Interested": false, "FlightsCount": 0, "Gnd": true, "SpdTyp": 0, "CallSus": false, "Trt": 2, "Year": "2000"}, {"Id": 11120751, "Rcvr": 1, "HasSig": true, "Sig": 96, "Icao": "A9B06F", "Bad": false, "Reg": "N723TW", "FSeen": "/Date(1544389902263)/", "TSecs": 18652, "CMsgs": 8173, "Alt": 12750, "GAlt": 13045, "InHg": 30.2151985, "AltT": 0, "TAlt": 12992, "Call": "DAL1164", "Lat": 40.583263, "Long": -73.941172, "PosTime": 1544408554017, "Mlat": false, "Tisb": false, "Spd": 362.1, "Trak": 165.8, "TrkH": false, "TTrk": 180.0, "Type": "B752", "Mdl": "2000 BOEING 757-231", "Man": "Boeing", "CNum": "29378", "From": "KJFK John F Kennedy, New York, United States", "To": "KBOS General Edward Lawrence Logan, Boston, United States", "Op": "DELTA AIR LINES INC     - ATLANTA, GA", "OpIcao": "DAL", "Sqk": "3704", "Help": false, "Vsi": -128, "VsiT": 0, "Dst": 15.02, "Brng": 244.0, "WTC": 2, "Species": 1, "Engines": "2", "EngType": 3, "EngMount": 0, "Mil": false, "Cou": "United States", "HasPic": false, "Interested": false, "FlightsCount": 0, "Gnd": false, "SpdTyp": 0, "CallSus": false, "Trt": 5, "Year": "2000"}, {"Id": 11363438, "Rcvr": 1, "HasSig": true, "Sig": 148, "Icao": "AD646E", "Bad": false, "Reg": "N962JT", "FSeen": "/Date(1544389458648)/", "TSecs": 19095, "CMsgs": 8287, "Alt": -250, "GAlt": 60, "InHg": 30.2303143, "AltT": 0, "TAlt": 4000, "Call": "JBU190", "Lat": 40.642769, "Long": -73.771088, "PosTime": 1544407306857, "Mlat": false, "PosStale": true, "Tisb": false, "Spd": 0.0, "Trak": 199.7, "TrkH": false, "TTrk": 250.0, "Type": "A321", "Mdl": "Airbus A321 231SL", "Man": "Airbus", "CNum": "6988", "From": "KSAN San Diego, United States", "To": "KJFK John F Kennedy, New York, United States", "Op": "JetBlue Airways", "OpIcao": "JBU", "Sqk": "2000", "Help": false, "Vsi": -1280, "VsiT": 0, "Dst": 0.86, "Brng": 87.9, "WTC": 2, "Species": 1, "Engines": "2", "EngType": 3, "EngMount": 0, "Mil": false, "Cou": "United States", "HasPic": false, "Interested": false, "FlightsCount": 0, "Gnd": true, "SpdTyp": 0, "CallSus": false, "Trt": 4, "Year": "2016"}, {"Id": 3754477, "Rcvr": 1, "HasSig": true, "Sig": 59, "Icao": "3949ED", "Bad": false, "Reg": "F-GSPN", "FSeen": "/Date(1544389049462)/", "TSecs": 19505, "CMsgs": 5809, "Alt": -250, "GAlt": 60, "InHg": 30.2303143, "AltT": 0, "Call": "AFR008", "Lat": 40.640408, "Long": -73.79425, "PosTime": 1544408051502, "Mlat": false, "Tisb": false, "Spd": 0.1, "Trak": 53.4, "TrkH": false, "Type": "B772", "Mdl": "Boeing 777 228ER", "Man": "Boeing", "CNum": "29011", "From": "LFPG Charles de Gaulle, Paris, France", "To": "KJFK John F Kennedy, New York, United States", "Op": "Air France", "OpIcao": "AFR", "Sqk": "2576", "Help": false, "Vsi": 0, "VsiT": 0, "Dst": 1.12, "Brng": 258.1, "WTC": 3, "Species": 1, "Engines": "2", "EngType": 3, "EngMount": 0, "Mil": false, "Cou": "France", "HasPic": false, "Interested": false, "FlightsCount": 0, "Gnd": true, "SpdTyp": 0, "CallSus": false, "Trt": 2, "Year": "2000", "Sat": true}, {"Id": 11039969, "Rcvr": 1, "HasSig": true, "Sig": 185, "Icao": "A874E1", "Bad": false, "Reg": "N644JB", "FSeen": "/Date(1544388110946)/", "TSecs": 20443, "CMsgs": 8702, "Alt": -250, "GAlt": 69, "InHg": 30.2388229, "AltT": 0, "TAlt": 3008, "Call": "JBU514", "Lat": 40.63262, "Long": -73.767653, "PosTime": 1544406725493, "Mlat": false, "PosStale": true, "Tisb": false, "Spd": 0.1, "Trak": 188.4, "TrkH": false, "TTrk": 0.0, "Type": "A320", "Mdl": "2006 AIRBUS A320-232", "Man": "Airbus", "CNum": "2880", "From": "KLGB Long Beach /Daugherty Field/, United States", "To": "KJFK John F Kennedy, New York, United States", "Op": "JetBlue Airways", "OpIcao": "JBU", "Sqk": "2000", "Help": false, "Vsi": -128, "VsiT": 0, "Dst": 1.59, "Brng": 133.6, "WTC": 2, "Species": 1, "Engines": "2", "EngType": 3, "EngMount": 0, "Mil": false, "Cou": "United States", "HasPic": false, "Interested": false, "FlightsCount": 0, "Gnd": true, "SpdTyp": 0, "CallSus": false, "Trt": 5, "Year": "2006"}, {"Id": 9015523, "Rcvr": 1, "HasSig": true, "Sig": 157, "Icao": "8990E3", "Bad": false, "Reg": "B-16721", "FSeen": "/Date(1544388060940)/", "TSecs": 20493, "CMsgs": 5005, "Alt": -225, "GAlt": 209, "InHg": 30.2303143, "AltT": 0, "TAlt": 2016, "Call": "EVA032", "Lat": 40.644562, "Long": -73.802307, "PosTime": 1544408483554, "Mlat": false, "Tisb": false, "Spd": 0.0, "Trak": 296.6, "TrkH": false, "TTrk": 250.3125, "Type": "B773", "Mdl": "Boeing 777 35EER", "Man": "Boeing", "CNum": "43290", "From": "RCTP Taiwan Taoyuan, Taipei, Taiwan", "To": "KJFK John F Kennedy, New York, United States", "Op": "EVA Air", "OpIcao": "EVA", "Sqk": "4122", "Help": false, "Vsi": -128, "VsiT": 1, "Dst": 1.79, "Brng": 277.4, "WTC": 3, "Species": 1, "Engines": "2", "EngType": 3, "EngMount": 0, "Mil": false, "Cou": "Taiwan", "HasPic": false, "Interested": false, "FlightsCount": 0, "Gnd": true, "SpdTyp": 0, "CallSus": false, "Trt": 5, "Year": "2015"}, {"Id": 10502794, "Rcvr": 1, "HasSig": true, "Sig": 79, "Icao": "A0428A", "Bad": false, "Reg": "N116AN", "FSeen": "/Date(1544386077160)/", "TSecs": 22477, "CMsgs": 8430, "Alt": -250, "GAlt": 60, "InHg": 30.2303143, "AltT": 0, "TAlt": 3008, "Call": "AAL185", "Lat": 40.633713, "Long": -73.770081, "PosTime": 1544405313792, "Mlat": false, "PosStale": true, "Tisb": false, "Spd": 0.0, "Trak": 149.1, "TrkH": false, "TTrk": 0.0, "Type": "A321", "Mdl": "2014 AIRBUS INDUSTRIE A321-231", "Man": "Airbus", "CNum": "6070", "From": "KJFK John F Kennedy, New York, United States", "To": "KLAX Los Angeles, United States", "Op": "American Airlines", "OpIcao": "AAL", "Sqk": "3041", "Help": false, "Vsi": -64, "VsiT": 0, "Dst": 1.36, "Brng": 135.9, "WTC": 2, "Species": 1, "Engines": "2", "EngType": 3, "EngMount": 0, "Mil": false, "Cou": "United States", "HasPic": false, "Interested": false, "FlightsCount": 0, "Gnd": true, "SpdTyp": 0, "CallSus": false, "Trt": 5, "Year": "2014"}, {"Id": 4704458, "Rcvr": 1, "HasSig": true, "Sig": 156, "Icao": "47C8CA", "Bad": false, "Reg": "LN-LNT", "FSeen": "/Date(1544380088263)/", "TSecs": 28466, "CMsgs": 5496, "Alt": -250, "GAlt": 60, "InHg": 30.2303143, "AltT": 0, "TAlt": 4992, "Call": "NAX3RV", "Lat": 40.632854, "Long": -73.773819, "PosTime": 1544408513674, "Mlat": false, "Tisb": false, "Spd": 0.0, "Trak": 63.4, "TrkH": false, "TTrk": 350.15625, "Type": "B789", "Mdl": "Boeing 787 9", "Man": "Boeing", "CNum": "38774", "Op": "Norwegian", "OpIcao": "NAX", "Sqk": "6037", "Help": false, "Vsi": 0, "VsiT": 1, "Dst": 1.24, "Brng": 149.5, "WTC": 3, "Species": 1, "Engines": "2", "EngType": 3, "EngMount": 0, "Mil": false, "Cou": "Norway", "HasPic": false, "Interested": false, "FlightsCount": 0, "Gnd": true, "SpdTyp": 0, "CallSus": false, "Trt": 5, "Year": "2017", "Sat": true}], "totalAc": 5155, "lastDv": "636798038008342382", "shtTrlSec": 65, "stm": 1544408554505}