{"src": 1, "feeds": [{"id": 1, "name": "From Cons", "polarPlot": false}], "srcFeed": 1, "showSil": true, "showFlg": true, "showPic": true, "flgH": 20, "flgW": 85, "acList": [{"Id": 4195710, "Rcvr": 1, "HasSig": true, "Sig": 64, "Icao": "40057E", "Bad": false, "Reg": "G-CIVE", "FSeen": "/Date(1544413463630)/", "TSecs": 14136, "CMsgs": 8758, "Alt": 13900, "GAlt": 14080, "InHg": 30.1003933, "AltT": 0, "Call": "BAW38P", "Lat": 40.429001, "Long": -73.652344, "PosTime": 1544427599301, "Mlat": false, "Tisb": false, "Spd": 575.5, "Trak": 68.4, "TrkH": false, "Type": "B744", "Mdl": "Boeing 747 436", "Man": "Boeing", "CNum": "27350", "From": "KPHX Phoenix Sky Harbor, United States", "To": "EGLL London Heathrow, United Kingdom", "Op": "British Airways", "OpIcao": "BAW", "Sqk": "2677", "Help": false, "Vsi": 0, "VsiT": 0, "Dst": 26.12, "Brng": 155.3, "WTC": 3, "Species": 1, "Engines": "4", "EngType": 3, "EngMount": 0, "Mil": false, "Cou": "United Kingdom", "HasPic": false, "Interested": false, "FlightsCount": 0, "Gnd": false, "SpdTyp": 0, "CallSus": false, "Trt": 2, "Year": "1994"}, {"Id": 11334991, "Rcvr": 1, "HasSig": true, "Sig": 112, "Icao": "ACF54F", "Bad": false, "Reg": "N934JB", "FSeen": "/Date(1544403282128)/", "TSecs": 24317, "CMsgs": 13839, "Alt": 3188, "GAlt": 3389, "InHg": 30.1210632, "AltT": 0, "TAlt": 3000, "Call": "JBU1224", "Lat": 40.646954, "Long": -73.775757, "PosTime": 1544427594028, "Mlat": false, "Tisb": false, "Spd": 0.0, "Trak": 3.8, "TrkH": false, "TTrk": 130.0, "Type": "A321", "Mdl": "2014 AIRBUS INDUSTRIE A321-231", "Man": "Airbus", "CNum": "6130", "From": "KLAX Los Angeles, United States", "To": "KJFK John F Kennedy, New York, United States", "Op": "JetBlue Airways", "OpIcao": "JBU", "Sqk": "7370", "Help": false, "Vsi": -704, "VsiT": 0, "Dst": 0.68, "Brng": 43.2, "WTC": 2, "Species": 1, "Engines": "2", "EngType": 3, "EngMount": 0, "Mil": false, "Cou": "United States", "HasPic": false, "Interested": false, "FlightsCount": 0, "Gnd": true, "SpdTyp": 0, "CallSus": false, "Trt": 4, "Year": "2014"}, {"Id": 11309223, "Rcvr": 1, "HasSig": false, "Icao": "AC90A7", "Bad": false, "Reg": "N909AM", "FSeen": "/Date(1544402272209)/", "TSecs": 25327, "CMsgs": 7420, "Alt": -225, "GAlt": 56, "InHg": 30.1092529, "AltT": 0, "TAlt": 3008, "Call": "AAL1207", "Lat": 40.776741, "Long": -73.874802, "PosTime": 1544427594049, "Mlat": false, "Tisb": false, "Spd": 0.0, "Trak": 141.4, "TrkH": false, "TTrk": 70.3125, "Type": "A321", "Mdl": "Airbus A321 231SL", "Man": "Airbus", "CNum": "7756", "From": "KDFW Dallas Fort Worth, Dallas-Fort Worth, United States", "To": "KSAN San Diego, United States", "Op": "American Airlines", "OpIcao": "AAL", "Sqk": "6211", "Help": false, "Vsi": -896, "VsiT": 0, "Dst": 16.88, "Brng": 332.2, "WTC": 2, "Species": 1, "Engines": "2", "EngType": 3, "EngMount": 0, "Mil": false, "Cou": "United States", "HasPic": false, "Interested": false, "FlightsCount": 0, "Gnd": true, "SpdTyp": 0, "CallSus": false, "Trt": 5, "Year": "2017"}], "totalAc": 4723, "lastDv": "636799839399206947", "shtTrlSec": 65, "stm": 1544427599627}