{"src": 1, "feeds": [{"id": 1, "name": "From Cons", "polarPlot": false}], "srcFeed": 1, "showSil": true, "showFlg": true, "showPic": true, "flgH": 20, "flgW": 85, "acList": [{"Id": 794805, "Rcvr": 1, "HasSig": true, "Sig": 195, "Icao": "0C20B5", "Bad": false, "Reg": "HP-1845CMP", "FSeen": "/Date(1544427126067)/", "TSecs": 83, "CMsgs": 55, "Alt": 1600, "GAlt": 1801, "InHg": 30.1207027, "AltT": 0, "TAlt": 12000, "Call": "CMP807", "Lat": 40.645752, "Long": -73.855042, "PosTime": 1544427204294, "Mlat": false, "Tisb": false, "Spd": 237.9, "Trak": 230.3, "TrkH": false, "TTrk": 234.140625, "Type": "B738", "Mdl": "Boeing 737NG 8V3/W", "Man": "Boeing", "CNum": "40787", "Op": "Copa Airlines", "OpIcao": "CMP", "Sqk": "3005", "Help": false, "Vsi": 768, "VsiT": 1, "Dst": 6.23, "Brng": 273.4, "WTC": 2, "Species": 1, "Engines": "2", "EngType": 3, "EngMount": 0, "Mil": false, "Cou": "Panama", "HasPic": false, "Interested": false, "FlightsCount": 0, "Gnd": false, "SpdTyp": 0, "CallSus": false, "Trt": 5, "Year": "2015"}, {"Id": 851976, "Rcvr": 1, "HasSig": true, "Sig": 222, "Icao": "0D0008", "Bad": false, "Reg": "N501VL", "FSeen": "/Date(1544427026142)/", "TSecs": 183, "CMsgs": 122, "Alt": 7700, "GAlt": 7901, "InHg": 30.1210632, "AltT": 0, "Call": "VOC4085", "Lat": 40.523025, "Long": -73.849973, "PosTime": 1544427208296, "Mlat": false, "Tisb": false, "Spd": 294.7, "Trak": 129.6, "TrkH": false, "Type": "A319", "Mdl": "Airbus A319 133", "Man": "Airbus", "CNum": "2979", "Op": "Volaris", "OpIcao": "VOI", "Sqk": "2756", "Help": false, "Vsi": 2368, "VsiT": 0, "Dst": 14.49, "Brng": 203.6, "WTC": 2, "Species": 1, "Engines": "2", "EngType": 3, "EngMount": 0, "Mil": false, "Cou": "Mexico", "HasPic": false, "Interested": false, "FlightsCount": 0, "Gnd": false, "SpdTyp": 0, "CallSus": false, "Trt": 2, "Year": "2006"}, {"Id": 11334991, "Rcvr": 1, "HasSig": true, "Sig": 117, "Icao": "ACF54F", "Bad": false, "Reg": "N934JB", "FSeen": "/Date(1544403282128)/", "TSecs": 23927, "CMsgs": 13688, "Alt": 3188, "GAlt": 3389, "InHg": 30.1210632, "AltT": 0, "TAlt": 3000, "Call": "JBU1224", "Lat": 40.646942, "Long": -73.775772, "PosTime": 1544427195175, "Mlat": false, "Tisb": false, "Spd": 0.0, "Trak": 3.8, "TrkH": false, "TTrk": 130.0, "Type": "A321", "Mdl": "2014 AIRBUS INDUSTRIE A321-231", "Man": "Airbus", "CNum": "6130", "From": "KLAX Los Angeles, United States", "To": "KJFK John F Kennedy, New York, United States", "Op": "JetBlue Airways", "OpIcao": "JBU", "Sqk": "7370", "Help": false, "Vsi": -704, "VsiT": 0, "Dst": 0.68, "Brng": 43.2, "WTC": 2, "Species": 1, "Engines": "2", "EngType": 3, "EngMount": 0, "Mil": false, "Cou": "United States", "HasPic": false, "Interested": false, "FlightsCount": 0, "Gnd": true, "SpdTyp": 0, "CallSus": false, "Trt": 4, "Year": "2014"}, {"Id": 11309223, "Rcvr": 1, "HasSig": false, "Icao": "AC90A7", "Bad": false, "Reg": "N909AM", "FSeen": "/Date(1544402272209)/", "TSecs": 24937, "CMsgs": 7358, "Alt": -225, "GAlt": 56, "InHg": 30.1092529, "AltT": 0, "TAlt": 3008, "Call": "AAL1207", "Lat": 40.776745, "Long": -73.874802, "PosTime": 1544427195211, "Mlat": false, "Tisb": false, "Spd": 0.0, "Trak": 141.4, "TrkH": false, "TTrk": 70.3125, "Type": "A321", "Mdl": "Airbus A321 231SL", "Man": "Airbus", "CNum": "7756", "From": "KDFW Dallas Fort Worth, Dallas-Fort Worth, United States", "To": "KSAN San Diego, United States", "Op": "American Airlines", "OpIcao": "AAL", "Sqk": "6211", "Help": false, "Vsi": -896, "VsiT": 0, "Dst": 16.88, "Brng": 332.2, "WTC": 2, "Species": 1, "Engines": "2", "EngType": 3, "EngMount": 0, "Mil": false, "Cou": "United States", "HasPic": false, "Interested": false, "FlightsCount": 0, "Gnd": true, "SpdTyp": 0, "CallSus": false, "Trt": 5, "Year": "2017"}], "totalAc": 4652, "lastDv": "636799839398282851", "shtTrlSec": 65, "stm": 1544427209594}