{"src": 1, "feeds": [{"id": 1, "name": "From Cons", "polarPlot": false}], "srcFeed": 1, "showSil": true, "showFlg": true, "showPic": true, "flgH": 20, "flgW": 85, "acList": [{"Id": 10654519, "Rcvr": 1, "HasSig": false, "Icao": "A29337", "Bad": false, "Reg": "N265SY", "FSeen": "/Date(1544403836215)/", "TSecs": 38, "CMsgs": 1, "InHg": 30.2598419, "AltT": 0, "Lat": 40.640316, "Long": -73.791916, "PosTime": 1544403836215, "Mlat": false, "Tisb": false, "Spd": 5.0, "Trak": 225.0, "TrkH": false, "Type": "E75L", "Mdl": "Embraer EMB-175 LL", "Man": "Embraer", "CNum": "17000717", "Op": "Delta Connection", "OpIcao": "SKW", "Sqk": "", "VsiT": 0, "Dst": 0.93, "Brng": 255.0, "WTC": 2, "Species": 1, "Engines": "2", "EngType": 3, "EngMount": 0, "Mil": false, "Cou": "United States", "HasPic": false, "Interested": false, "FlightsCount": 0, "Gnd": true, "SpdTyp": 0, "CallSus": false, "Trt": 2, "Year": "2018"}, {"Id": 10920695, "Rcvr": 1, "HasSig": false, "Icao": "A6A2F7", "Bad": false, "Reg": "N527AH", "FSeen": "/Date(1544403795786)/", "TSecs": 78, "CMsgs": 13, "InHg": 30.2598419, "AltT": 0, "Call": "N527AH", "Lat": 40.642082, "Long": -73.799362, "PosTime": 1544403854823, "Mlat": false, "Tisb": false, "Spd": 0.0, "Trak": 135.0, "TrkH": false, "Type": "E190", "Mdl": "Embraer Lineage 1000 E", "Man": "Embraer", "CNum": "19000691", "Op": "Embraer", "Sqk": "4032", "Help": false, "VsiT": 0, "Dst": 1.53, "Brng": 268.3, "WTC": 2, "Species": 1, "Engines": "2", "EngType": 3, "EngMount": 0, "Mil": false, "Cou": "United States", "HasPic": false, "Interested": false, "FlightsCount": 0, "Gnd": true, "SpdTyp": 0, "CallSus": false, "Trt": 2, "Year": "2016"}, {"Id": 10734955, "Rcvr": 1, "HasSig": true, "Sig": 186, "Icao": "A3CD6B", "Bad": false, "Reg": "N344NW", "FSeen": "/Date(1544403558318)/", "TSecs": 316, "CMsgs": 173, "Alt": 11125, "GAlt": 11435, "InHg": 30.2303143, "AltT": 0, "Call": "DAL1318", "Lat": 40.7752, "Long": -73.5736, "PosTime": 1544403872403, "Mlat": true, "Tisb": false, "Trak": 175.3, "TrkH": false, "Type": "A320", "Mdl": "1993 AIRBUS INDUSTRIE A320-212", "Man": "Airbus", "CNum": "388", "From": "KMCO Orlando, United States", "To": "KATL Hartsfield Jackson Atlanta, United States", "Op": "Delta Air Lines", "OpIcao": "DAL", "Sqk": "2702", "Help": false, "VsiT": 0, "Dst": 22.9, "Brng": 49.8, "WTC": 2, "Species": 1, "Engines": "2", "EngType": 3, "EngMount": 0, "Mil": false, "Cou": "United States", "HasPic": false, "Interested": false, "FlightsCount": 0, "Gnd": false, "SpdTyp": 0, "CallSus": true, "Trt": 2, "Year": "1993"}, {"Id": 10563535, "Rcvr": 1, "HasSig": false, "Icao": "A12FCF", "Bad": false, "Reg": "N176DN", "FSeen": "/Date(1544403490382)/", "TSecs": 384, "CMsgs": 5, "Alt": -250, "GAlt": 90, "InHg": 30.2598419, "AltT": 0, "Lat": 40.650524, "Long": -73.771439, "PosTime": 1544403857900, "Mlat": false, "Tisb": false, "Spd": 5.0, "Trak": 120.7, "TrkH": false, "Type": "B763", "Mdl": "1990 BOEING 767-332", "Man": "Boeing", "CNum": "25061", "Op": "Delta Air Lines", "OpIcao": "DAL", "Sqk": "", "VsiT": 0, "Dst": 1.22, "Brng": 42.9, "WTC": 3, "Species": 1, "Engines": "2", "EngType": 3, "EngMount": 0, "Mil": false, "Cou": "United States", "HasPic": false, "Interested": false, "FlightsCount": 0, "Gnd": true, "SpdTyp": 0, "CallSus": false, "Trt": 2, "Year": "1990"}, {"Id": 10738526, "Rcvr": 1, "HasSig": false, "Icao": "A3DB5E", "Bad": false, "Reg": "N348DN", "FSeen": "/Date(1544403429531)/", "TSecs": 445, "CMsgs": 222, "Alt": 12225, "GAlt": 12544, "InHg": 30.239172, "AltT": 0, "TAlt": 12000, "Call": "DAL896", "Lat": 40.616959, "Long": -74.143738, "PosTime": 1544403857895, "Mlat": false, "Tisb": false, "Spd": 405.0, "Trak": 187.7, "TrkH": false, "TTrk": 229.921875, "Type": "A321", "Mdl": "Airbus A321 211SL", "Man": "Airbus", "CNum": "8258", "From": "KSEA Seattle Tacoma, United States", "To": "KDTW Detroit Metropolitan Wayne County, United States", "Op": "Delta Air Lines", "OpIcao": "DAL", "Sqk": "3012", "Help": false, "Vsi": 1408, "VsiT": 1, "Dst": 30.72, "Brng": 264.8, "WTC": 2, "Species": 1, "Engines": "2", "EngType": 3, "EngMount": 0, "Mil": false, "Cou": "United States", "HasPic": false, "Interested": false, "FlightsCount": 0, "Gnd": false, "SpdTyp": 0, "CallSus": false, "Trt": 5, "Year": "2018"}, {"Id": 10723893, "Rcvr": 1, "HasSig": true, "Sig": 86, "Icao": "A3A235", "Bad": false, "Reg": "N333NW", "FSeen": "/Date(1544403379196)/", "TSecs": 495, "CMsgs": 67, "Alt": 3725, "GAlt": 4044, "InHg": 30.2388229, "AltT": 0, "TAlt": 12000, "Call": "DAL1702", "Lat": 40.869232, "Long": -73.94812, "PosTime": 1544403873890, "Mlat": false, "Tisb": false, "Spd": 251.1, "Trak": 329.3, "TrkH": false, "TTrk": 340.3125, "Type": "A320", "Mdl": "1992 AIRBUS INDUSTRIE A320-211", "Man": "Airbus", "CNum": "329", "From": "KLAS McCarran, Las Vegas, United States", "To": "KJAX Jacksonville, United States", "Stops": ["KATL Hartsfield Jackson Atlanta, United States"], "Op": "Delta Air Lines", "OpIcao": "DAL", "Sqk": "2776", "Help": false, "Vsi": 3136, "VsiT": 1, "Dst": 28.86, "Brng": 330.9, "WTC": 2, "Species": 1, "Engines": "2", "EngType": 3, "EngMount": 0, "Mil": false, "Cou": "United States", "HasPic": false, "Interested": false, "FlightsCount": 0, "Gnd": false, "SpdTyp": 0, "CallSus": false, "Trt": 5, "Year": "1992"}, {"Id": 11362487, "Rcvr": 1, "HasSig": false, "Icao": "AD60B7", "Bad": false, "Reg": "N961JT", "FSeen": "/Date(1544402806732)/", "TSecs": 1068, "CMsgs": 71, "Alt": 1950, "GAlt": 2290, "InHg": 30.2598419, "AltT": 0, "Call": "JBU1623", "Lat": 40.578415, "Long": -73.813965, "PosTime": 1544403873890, "Mlat": false, "Tisb": false, "Spd": 211.0, "Trak": 190.6, "TrkH": false, "Type": "A321", "Mdl": "Airbus A321 231SL", "Man": "Airbus", "CNum": "6930", "From": "KJFK John F Kennedy, New York, United States", "To": "KLAX Los Angeles, United States", "Op": "JetBlue Airways", "OpIcao": "JBU", "Sqk": "1502", "Help": false, "Vsi": 512, "VsiT": 1, "Dst": 7.64, "Brng": 201.2, "WTC": 2, "Species": 1, "Engines": "2", "EngType": 3, "EngMount": 0, "Mil": false, "Cou": "United States", "HasPic": false, "Interested": false, "FlightsCount": 0, "Gnd": false, "SpdTyp": 0, "CallSus": false, "Trt": 5, "Year": "2016"}, {"Id": 10857080, "Rcvr": 1, "HasSig": true, "Sig": 47, "Icao": "A5AA78", "Bad": false, "Reg": "N464WN", "FSeen": "/Date(1544402534326)/", "TSecs": 1340, "CMsgs": 733, "Alt": 35000, "GAlt": 35012, "InHg": 29.93171, "AltT": 0, "TAlt": 27008, "Call": "SWA4269", "Lat": 40.506088, "Long": -74.018616, "PosTime": 1544403873876, "Mlat": false, "Tisb": false, "Spd": 522.1, "Trak": 51.2, "TrkH": false, "TTrk": 57.65625, "Type": "B737", "Mdl": "2004 BOEING 737-7H4", "Man": "Boeing", "CNum": "32468", "Op": "Southwest Airlines", "OpIcao": "SWA", "Sqk": "0551", "Help": false, "Vsi": 64, "VsiT": 1, "Dst": 25.14, "Brng": 233.0, "WTC": 2, "Species": 1, "Engines": "2", "EngType": 3, "EngMount": 0, "Mil": false, "Cou": "United States", "HasPic": false, "Interested": false, "FlightsCount": 0, "Gnd": false, "SpdTyp": 0, "CallSus": false, "Trt": 5, "Year": "2004"}, {"Id": 10571176, "Rcvr": 1, "HasSig": false, "Icao": "A14DA8", "Bad": false, "Reg": "N183UW", "FSeen": "/Date(1544402410662)/", "TSecs": 1464, "CMsgs": 722, "Alt": 21000, "GAlt": 21340, "InHg": 30.2303143, "AltT": 0, "Lat": 40.6168, "Long": -73.7847, "PosTime": 1544403872393, "Mlat": true, "Tisb": false, "Spd": 296.0, "Trak": 46.3, "TrkH": false, "Type": "A321", "Mdl": "2001 AIRBUS INDUSTRIE A321-211", "Man": "Airbus", "CNum": "1539", "Op": "American Airlines", "OpIcao": "AAL", "Sqk": "7105", "Help": false, "Vsi": 928, "VsiT": 0, "Dst": 2.87, "Brng": 185.8, "WTC": 2, "Species": 1, "Engines": "2", "EngType": 3, "EngMount": 0, "Mil": false, "Cou": "United States", "HasPic": false, "Interested": false, "FlightsCount": 0, "Gnd": false, "SpdTyp": 0, "CallSus": false, "Trt": 2, "Year": "2001"}, {"Id": 10579581, "Rcvr": 1, "HasSig": true, "Sig": 17, "Icao": "A16E7D", "Bad": false, "Reg": "N19117", "FSeen": "/Date(1544402059053)/", "TSecs": 1815, "CMsgs": 711, "Alt": 11750, "GAlt": 12155, "InHg": 30.3248043, "AltT": 0, "TAlt": 12000, "Call": "UAL81", "Lat": 40.882222, "Long": -73.776065, "PosTime": 1544403873873, "Mlat": false, "Tisb": false, "Spd": 370.5, "Trak": 44.3, "TrkH": false, "TTrk": 57.65625, "Type": "B752", "Mdl": "1996 BOEING 757-224", "Man": "Boeing", "CNum": "27559", "From": "KEWR Newark Liberty, United States", "To": "EGCC Manchester, United Kingdom", "Op": "United Airlines", "OpIcao": "UAL", "Sqk": "2676", "Help": false, "Vsi": 0, "VsiT": 0, "Dst": 26.66, "Brng": 0.9, "WTC": 2, "Species": 1, "Engines": "2", "EngType": 3, "EngMount": 0, "Mil": false, "Cou": "United States", "HasPic": false, "Interested": false, "FlightsCount": 0, "Gnd": false, "SpdTyp": 0, "CallSus": false, "Trt": 2, "Year": "1996"}, {"Id": 10688864, "Rcvr": 1, "HasSig": false, "Icao": "A31960", "Bad": false, "Reg": "N29906", "FSeen": "/Date(1544401258582)/", "TSecs": 2616, "CMsgs": 1213, "Alt": 1200, "GAlt": 1481, "InHg": 30.2007866, "AltT": 0, "Call": "ASQ4061", "Lat": 40.77059, "Long": -74.113894, "PosTime": 1544403866801, "Mlat": true, "Tisb": false, "Spd": 309.0, "Trak": 205.5, "TrkH": false, "Type": "E145", "Mdl": "2001 EMBRAER EMB-145LR", "Man": "Embraer", "CNum": "145472", "Op": "WELLS FARGO BANK NORTHWEST NA TRUSTEE     - SALT LAKE CITY, UT", "OpIcao": "ASQ", "Sqk": "3412", "Help": false, "Vsi": -436, "VsiT": 0, "Dst": 31.45, "Brng": 297.0, "WTC": 2, "Species": 1, "Engines": "2", "EngType": 3, "EngMount": 1, "Mil": false, "Cou": "United States", "HasPic": false, "Interested": false, "FlightsCount": 0, "Gnd": false, "SpdTyp": 0, "CallSus": false, "Trt": 2, "Year": "2001"}, {"Id": 11004167, "Rcvr": 1, "HasSig": true, "Sig": 92, "Icao": "A7E907", "Bad": false, "Reg": "N609DP", "FSeen": "/Date(1544401184218)/", "TSecs": 2690, "CMsgs": 1363, "Alt": 7050, "GAlt": 7419, "InHg": 30.28937, "AltT": 0, "Call": "PDT4823", "Lat": 40.683909, "Long": -73.948912, "PosTime": 1544403812434, "Mlat": true, "Tisb": false, "Spd": 349.5, "Trak": 31.7, "TrkH": false, "Type": "E145", "Mdl": "1998 EMBRAER EMB-145LR", "Man": "Embraer", "CNum": "145069", "Op": "American Eagle - Envoy Air", "OpIcao": "PDT", "Sqk": "1540", "Help": false, "Vsi": -1536, "VsiT": 0, "Dst": 14.87, "Brng": 288.1, "WTC": 2, "Species": 1, "Engines": "2", "EngType": 3, "EngMount": 1, "Mil": false, "Cou": "United States", "HasPic": false, "Interested": false, "FlightsCount": 0, "Gnd": false, "SpdTyp": 0, "CallSus": true, "Trt": 2, "Year": "1998"}, {"Id": 11382611, "Rcvr": 1, "HasSig": true, "Sig": 61, "Icao": "ADAF53", "Bad": false, "Reg": "N981EV", "FSeen": "/Date(1544400966950)/", "TSecs": 2907, "CMsgs": 1409, "Alt": -250, "GAlt": 31, "InHg": 30.2007866, "AltT": 0, "Lat": 40.689356, "Long": -73.721008, "PosTime": 1544403788819, "Mlat": true, "Tisb": false, "Spd": 431.4, "Trak": 209.7, "TrkH": false, "Type": "CRJ2", "Mdl": "2003 BOMBARDIER INC CL-600-2B19", "Man": "Bombardier", "CNum": "7768", "Op": "US BANK NA TRUSTEE     - WILMINGTON, DE", "OpIcao": "EDV", "Sqk": "3442", "Help": false, "Vsi": 64, "VsiT": 0, "Dst": 7.28, "Brng": 44.3, "WTC": 2, "Species": 1, "Engines": "2", "EngType": 3, "EngMount": 1, "Mil": false, "Cou": "United States", "HasPic": false, "Interested": false, "FlightsCount": 0, "Gnd": true, "SpdTyp": 0, "CallSus": false, "Trt": 2, "Year": "2003"}, {"Id": 11348224, "Rcvr": 1, "HasSig": true, "Sig": 224, "Icao": "AD2900", "Bad": false, "Reg": "N947UW", "FSeen": "/Date(1544400346684)/", "TSecs": 3528, "CMsgs": 1430, "Alt": -250, "GAlt": 60, "InHg": 30.2303143, "AltT": 0, "Call": "C52145", "Lat": 40.815, "Long": -73.8484, "PosTime": 1544403157173, "Mlat": true, "PosStale": true, "Tisb": false, "Trak": 212.9, "TrkH": false, "Type": "E190", "Mdl": "2007 EMBRAER ERJ 190-100 IGW", "Man": "Embraer", "CNum": "19000078", "Op": "US AIRWAYS INC     - FORT WORTH, TX", "OpIcao": "AAL", "Sqk": "1310", "Help": false, "VsiT": 0, "Dst": 20.0, "Brng": 343.6, "WTC": 2, "Species": 1, "Engines": "2", "EngType": 3, "EngMount": 0, "Mil": false, "Cou": "United States", "HasPic": false, "Interested": false, "FlightsCount": 0, "Gnd": true, "SpdTyp": 0, "CallSus": false, "Trt": 2, "Year": "2007"}, {"Id": 10925303, "Rcvr": 1, "HasSig": true, "Sig": 188, "Icao": "A6B4F7", "Bad": false, "Reg": "N531JL", "FSeen": "/Date(1544400039432)/", "TSecs": 3835, "CMsgs": 1708, "Alt": -250, "GAlt": 92, "InHg": 30.26245, "AltT": 0, "TAlt": 3008, "Call": "JBU740", "Lat": 40.632534, "Long": -73.767502, "PosTime": 1544403068412, "Mlat": false, "PosStale": true, "Tisb": false, "Spd": 0.0, "Trak": 199.7, "TrkH": false, "TTrk": 0.0, "Type": "A320", "Mdl": "2001 AIRBUS INDUSTRIE A320-232", "Man": "Airbus", "CNum": "1650", "From": "TJPS Mercedita, Ponce, Puerto Rico", "To": "KJFK John F Kennedy, New York, United States", "Op": "JetBlue Airways", "OpIcao": "JBU", "Sqk": "2000", "Help": false, "Vsi": -128, "VsiT": 0, "Dst": 1.61, "Brng": 133.6, "WTC": 2, "Species": 1, "Engines": "2", "EngType": 3, "EngMount": 0, "Mil": false, "Cou": "United States", "HasPic": false, "Interested": false, "FlightsCount": 0, "Gnd": true, "SpdTyp": 0, "CallSus": false, "Trt": 5, "Year": "2001"}, {"Id": 11234034, "Rcvr": 1, "HasSig": false, "Icao": "AB6AF2", "Bad": false, "Reg": "N835AE", "FSeen": "/Date(1544399905985)/", "TSecs": 3968, "CMsgs": 2011, "Alt": 3750, "GAlt": 4069, "InHg": 30.239172, "AltT": 0, "Call": "ENY3346", "Lat": 40.699768, "Long": -73.967224, "PosTime": 1544403872373, "Mlat": false, "Tisb": false, "Spd": 259.0, "Trak": 55.8, "TrkH": false, "Type": "E135", "Mdl": "EMB-135KL", "Man": "Embraer", "CNum": "145634", "Op": "Envoy Air", "OpIcao": "ENY", "Sqk": "7404", "Help": false, "Vsi": 192, "VsiT": 0, "Dst": 16.93, "Brng": 292.2, "WTC": 2, "Species": 1, "Engines": "2", "EngType": 3, "EngMount": 1, "Mil": false, "Cou": "United States", "HasPic": false, "Interested": false, "FlightsCount": 0, "Gnd": false, "SpdTyp": 0, "CallSus": false, "Trt": 2, "Year": "2002"}, {"Id": 11307843, "Rcvr": 1, "HasSig": true, "Sig": 211, "Icao": "AC8B43", "Bad": false, "Reg": "N907XJ", "FSeen": "/Date(1544399598525)/", "TSecs": 4276, "CMsgs": 2186, "Alt": 3725, "GAlt": 4006, "InHg": 30.2007866, "AltT": 0, "Lat": 40.540575, "Long": -73.46439, "PosTime": 1544403872373, "Mlat": true, "Tisb": false, "Spd": 459.0, "Trak": 22.2, "TrkH": false, "Type": "CRJ9", "Mdl": "2007 BOMBARDIER INC CL-600-2D24", "Man": "Bombardier", "CNum": "15139", "Op": "DELTA AIR LINES INC     - ATLANTA, GA", "OpIcao": "EDV", "Sqk": "2240", "Help": false, "Vsi": -2368, "VsiT": 0, "Dst": 29.06, "Brng": 112.8, "WTC": 2, "Species": 1, "Engines": "2", "EngType": 3, "EngMount": 1, "Mil": false, "Cou": "United States", "HasPic": false, "Interested": false, "FlightsCount": 0, "Gnd": false, "SpdTyp": 0, "CallSus": false, "Trt": 2, "Year": "2007"}, {"Id": 10753993, "Rcvr": 1, "HasSig": true, "Sig": 190, "Icao": "A417C9", "Bad": false, "Reg": "N363DN", "FSeen": "/Date(1544399078087)/", "TSecs": 4796, "CMsgs": 2550, "Alt": 28375, "GAlt": 28715, "InHg": 30.2598419, "AltT": 0, "TAlt": 27008, "Call": "DAL1240", "Lat": 40.785672, "Long": -73.55665, "PosTime": 1544403873861, "Mlat": false, "Tisb": false, "Spd": 534.0, "Trak": 50.3, "TrkH": false, "Type": "A321", "Mdl": "Airbus A321 211SL", "Man": "Airbus", "CNum": "8502", "From": "KTUS Tucson, United States", "To": "KPBI Palm Beach, West Palm Beach, United States", "Stops": ["KATL Hartsfield Jackson Atlanta, United States"], "Op": "Delta Air Lines", "OpIcao": "DAL", "Sqk": "2053", "Help": false, "Vsi": -1856, "VsiT": 0, "Dst": 24.74, "Brng": 49.9, "WTC": 2, "Species": 1, "Engines": "2", "EngType": 3, "EngMount": 0, "Mil": false, "Cou": "United States", "HasPic": false, "Interested": false, "FlightsCount": 0, "Gnd": false, "SpdTyp": 0, "CallSus": false, "Trt": 2, "Year": "2018"}, {"Id": 10573898, "Rcvr": 1, "HasSig": false, "Icao": "A1584A", "Bad": false, "Reg": "N186PQ", "FSeen": "/Date(1544398856988)/", "TSecs": 5017, "CMsgs": 2527, "Alt": 1775, "GAlt": 2094, "InHg": 30.239172, "AltT": 0, "Lat": 40.882082, "Long": -73.760709, "PosTime": 1544403866795, "Mlat": true, "Tisb": false, "Spd": 343.0, "Trak": 297.4, "TrkH": false, "Type": "CRJ9", "Mdl": "2008 BOMBARDIER INC CL-600-2D24", "Man": "Bombardier", "CNum": "15186", "Op": "DELTA AIRLINES INC DEPT 595 AIRCRAFT REGISTRATIONS    - ATLANTA, GA", "OpIcao": "EDV", "Sqk": "3003", "Help": false, "Vsi": 31, "VsiT": 1, "Dst": 26.7, "Brng": 3.7, "WTC": 2, "Species": 1, "Engines": "2", "EngType": 3, "EngMount": 1, "Mil": false, "Cou": "United States", "HasPic": false, "Interested": false, "FlightsCount": 0, "Gnd": false, "SpdTyp": 0, "CallSus": false, "Trt": 2, "Year": "2008"}, {"Id": 11207779, "Rcvr": 1, "HasSig": true, "Sig": 118, "Icao": "AB0463", "Bad": false, "Reg": "N809MD", "FSeen": "/Date(1544398838612)/", "TSecs": 5036, "CMsgs": 2326, "Alt": -250, "GAlt": 81, "InHg": 30.2509861, "AltT": 0, "TAlt": 10016, "Call": "RPA5876", "Lat": 40.776215, "Long": -73.878357, "PosTime": 1544403318755, "Mlat": false, "PosStale": true, "Tisb": false, "Spd": 0.0, "Trak": 212.3, "TrkH": false, "Type": "E170", "Mdl": "2004 EMBRAER ERJ 170-100SU", "Man": "Embraer", "CNum": "17000022", "Op": "REPUBLIC AIRLINE INC     - INDIANAPOLIS, IN", "OpIcao": "RPA", "Sqk": "7175", "Help": false, "Vsi": -192, "VsiT": 0, "Dst": 16.97, "Brng": 331.2, "WTC": 2, "Species": 1, "Engines": "2", "EngType": 3, "EngMount": 0, "Mil": false, "Cou": "United States", "HasPic": false, "Interested": false, "FlightsCount": 0, "Gnd": true, "SpdTyp": 0, "CallSus": false, "Trt": 5, "Year": "2004"}, {"Id": 11181572, "Rcvr": 1, "HasSig": false, "Icao": "AA9E04", "Bad": false, "Reg": "N7830A", "FSeen": "/Date(1544398114139)/", "TSecs": 5760, "CMsgs": 3019, "Alt": 650, "GAlt": 960, "InHg": 30.2303143, "AltT": 0, "Call": "SWA1277", "Lat": 40.821892, "Long": -73.840607, "PosTime": 1544403873859, "Mlat": false, "Tisb": false, "Spd": 120.0, "Trak": 212.1, "TrkH": false, "Type": "B737", "Mdl": " BOEING 737-7L9", "Man": "Boeing", "CNum": "28008", "From": "KFLL Fort Lauderdale Hollywood, United States", "To": "KPVD Theodore Francis Green State, Providence, United States", "Stops": ["KBWI Baltimore/Washington International Thurgood Marshal, Baltimore, United States"], "Op": "Southwest Airlines", "OpIcao": "SWA", "Sqk": "7217", "Help": false, "Vsi": -576, "VsiT": 0, "Dst": 20.57, "Brng": 346.0, "WTC": 2, "Species": 1, "Engines": "2", "EngType": 3, "EngMount": 0, "Mil": false, "Cou": "United States", "HasPic": false, "Interested": false, "FlightsCount": 0, "Gnd": false, "SpdTyp": 0, "CallSus": false, "Trt": 2}, {"Id": 11039018, "Rcvr": 1, "HasSig": true, "Sig": 144, "Icao": "A8712A", "Bad": false, "Reg": "N643JB", "FSeen": "/Date(1544396608495)/", "TSecs": 7266, "CMsgs": 3669, "Alt": -225, "GAlt": 85, "InHg": 30.2303143, "AltT": 0, "TAlt": 4000, "Call": "JBU1198", "Lat": 40.775894, "Long": -73.878601, "PosTime": 1544403862157, "Mlat": false, "Tisb": false, "Spd": 60.0, "Trak": 210.9, "TrkH": false, "TTrk": 70.3125, "Type": "A320", "Mdl": "2006 AIRBUS A320-232", "Man": "Airbus", "CNum": "2871", "From": "KMCO Orlando, United States", "To": "KLGA La Guardia, New York, United States", "Op": "JetBlue Airways", "OpIcao": "JBU", "Sqk": "2633", "Help": false, "Vsi": -256, "VsiT": 1, "Dst": 16.95, "Brng": 331.1, "WTC": 2, "Species": 1, "Engines": "2", "EngType": 3, "EngMount": 0, "Mil": false, "Cou": "United States", "HasPic": false, "Interested": false, "FlightsCount": 0, "Gnd": true, "SpdTyp": 0, "CallSus": false, "Trt": 5, "Year": "2006"}, {"Id": 11249785, "Rcvr": 1, "HasSig": false, "Icao": "ABA879", "Bad": false, "Reg": "N850MP", "FSeen": "/Date(1544396356661)/", "TSecs": 7518, "CMsgs": 3264, "Alt": -275, "GAlt": 35, "InHg": 30.2303143, "AltT": 0, "TAlt": 4000, "Call": "N850MP", "Lat": 40.854172, "Long": -74.055222, "PosTime": 1544403872406, "Mlat": false, "Tisb": false, "Spd": 0.0, "Trak": 208.1, "TrkH": false, "TTrk": 40.078125, "Type": "GLEX", "Mdl": "Bombardier Global 6000", "Man": "Bombardier", "CNum": "9733", "Op": "TVPX ARS Inc Trustee", "OpIcao": "TWY", "Sqk": "2621", "Help": false, "Vsi": -640, "VsiT": 0, "Dst": 32.96, "Brng": 315.7, "WTC": 2, "Species": 1, "Engines": "2", "EngType": 3, "EngMount": 1, "Mil": false, "Cou": "United States", "HasPic": false, "Interested": false, "FlightsCount": 0, "Gnd": true, "SpdTyp": 0, "CallSus": false, "Trt": 5, "Year": "2015"}, {"Id": 10695463, "Rcvr": 1, "HasSig": true, "Sig": 50, "Icao": "A33327", "Bad": false, "Reg": "N305NX", "FSeen": "/Date(1544396195596)/", "TSecs": 7679, "CMsgs": 3936, "Alt": 3725, "GAlt": 4020, "InHg": 30.2151985, "AltT": 0, "TAlt": 4000, "Call": "AAL332", "Lat": 40.602396, "Long": -74.037989, "PosTime": 1544403869908, "Mlat": false, "Tisb": false, "Spd": 260.0, "Trak": 35.8, "TrkH": false, "TTrk": 45.0, "Type": "B738", "Mdl": "737-823", "Man": "Boeing", "CNum": "31253", "From": "KLGA La Guardia, New York, United States", "To": "KORD Chicago O'Hare, United States", "Op": "American Airlines", "OpIcao": "AAL", "Sqk": "2103", "Help": false, "Vsi": 0, "VsiT": 1, "Dst": 22.12, "Brng": 258.5, "WTC": 2, "Species": 1, "Engines": "2", "EngType": 3, "EngMount": 0, "Mil": false, "Cou": "United States", "HasPic": false, "Interested": false, "FlightsCount": 0, "Gnd": false, "SpdTyp": 0, "CallSus": false, "Tag": "GT", "Trt": 5, "Year": "2016"}, {"Id": 10910778, "Rcvr": 1, "HasSig": true, "Sig": 30, "Icao": "A67C3A", "Bad": false, "Reg": "N517JB", "FSeen": "/Date(1544395911954)/", "TSecs": 7962, "CMsgs": 4051, "Alt": 2200, "GAlt": 2519, "InHg": 30.2388229, "AltT": 0, "TAlt": 2496, "Call": "JBU1944", "Lat": 40.824326, "Long": -74.082153, "PosTime": 1544403873856, "Mlat": false, "Tisb": false, "Spd": 168.9, "Trak": 192.3, "TrkH": false, "TTrk": 0.0, "Type": "A320", "Mdl": "2000 AIRBUS INDUSTRIE A320-232", "Man": "Airbus", "CNum": "1327", "Op": "JetBlue Airways", "OpIcao": "JBU", "Sqk": "1657", "Help": false, "Vsi": 0, "VsiT": 0, "Dst": 32.43, "Brng": 308.7, "WTC": 2, "Species": 1, "Engines": "2", "EngType": 3, "EngMount": 0, "Mil": false, "Cou": "United States", "HasPic": false, "Interested": false, "FlightsCount": 0, "Gnd": false, "SpdTyp": 0, "CallSus": false, "Trt": 5, "Year": "2000"}, {"Id": 11112593, "Rcvr": 1, "HasSig": true, "Sig": 168, "Icao": "A99091", "Bad": false, "FSeen": "/Date(1544395904498)/", "TSecs": 7970, "CMsgs": 2366, "Alt": 1700, "GAlt": 1990, "InHg": 30.2096462, "AltT": 0, "Lat": 40.7802, "Long": -73.6495, "PosTime": 1544403872372, "Mlat": true, "Tisb": false, "Spd": 509.3, "Trak": 210.5, "TrkH": false, "Sqk": "6601", "Help": false, "Vsi": 128, "VsiT": 1, "Dst": 18.92, "Brng": 35.9, "WTC": 0, "Species": 0, "EngType": 0, "EngMount": 0, "Mil": false, "Cou": "United States", "HasPic": false, "Interested": false, "FlightsCount": 0, "Gnd": false, "SpdTyp": 0, "CallSus": false, "Trt": 2}, {"Id": 11034613, "Rcvr": 1, "HasSig": true, "Sig": 90, "Icao": "A85FF5", "Bad": false, "Reg": "N639JB", "FSeen": "/Date(1544395822965)/", "TSecs": 8051, "CMsgs": 4027, "Alt": -275, "GAlt": 67, "InHg": 30.26245, "AltT": 0, "TAlt": 4000, "Call": "JBU1730", "Lat": 40.632492, "Long": -73.767388, "PosTime": 1544403822285, "Mlat": false, "Tisb": false, "Spd": 18.0, "Trak": 295.3, "TrkH": false, "TTrk": 40.078125, "Type": "A320", "Mdl": "2006 AIRBUS A320-232", "Man": "Airbus", "CNum": "2814", "From": "TXKF L.F. Wade International, Hamilton, Bermuda", "To": "KJFK John F Kennedy, New York, United States", "Op": "JetBlue Airways", "OpIcao": "JBU", "Sqk": "2111", "Help": false, "Vsi": -512, "VsiT": 0, "Dst": 1.62, "Brng": 133.5, "WTC": 2, "Species": 1, "Engines": "2", "EngType": 3, "EngMount": 0, "Mil": false, "Cou": "United States", "HasPic": false, "Interested": false, "FlightsCount": 0, "Gnd": false, "SpdTyp": 0, "CallSus": false, "Trt": 5, "Year": "2006"}, {"Id": 4739594, "Rcvr": 1, "HasSig": false, "Icao": "48520A", "Bad": false, "Reg": "PH-HXB", "FSeen": "/Date(1544395538611)/", "TSecs": 8336, "CMsgs": 4241, "Alt": 1725, "GAlt": 2067, "InHg": 30.26245, "AltT": 0, "TAlt": 4000, "Call": "SCX247", "Lat": 40.843094, "Long": -73.509521, "PosTime": 1544403873855, "Mlat": false, "Tisb": false, "Spd": 171.0, "Trak": 275.0, "TrkH": false, "TTrk": 75.234375, "Type": "B738", "Mdl": "Boeing 737NG 8K2/W", "Man": "Boeing", "CNum": "41340", "From": "KMSP Minneapolis-St Paul International/Wold-Chamberlain, Minneapolis, United States", "To": "KJFK John F Kennedy, New York, United States", "Op": "Transavia", "OpIcao": "TRA", "Sqk": "6263", "Help": false, "Vsi": -896, "VsiT": 1, "Dst": 31.96, "Brng": 45.7, "WTC": 2, "Species": 1, "Engines": "2", "EngType": 3, "EngMount": 0, "Mil": false, "Cou": "Netherlands", "HasPic": false, "Interested": false, "FlightsCount": 0, "Gnd": false, "SpdTyp": 0, "CallSus": false, "Trt": 5, "Year": "2016"}, {"Id": 4735855, "Rcvr": 1, "HasSig": false, "Icao": "48436F", "Bad": false, "Reg": "PH-BQH", "FSeen": "/Date(1544394924840)/", "TSecs": 8949, "CMsgs": 4484, "Alt": -250, "GAlt": 90, "InHg": 30.2598419, "AltT": 0, "Call": "KLM643", "Lat": 40.636356, "Long": -73.783524, "PosTime": 1544403834492, "Mlat": false, "Tisb": false, "Spd": 8.0, "Trak": 5.6, "TrkH": false, "Type": "B772", "Mdl": "Boeing 777 206ER", "Man": "Boeing", "CNum": "32705", "From": "EHAM Amsterdam Airport Schiphol, Netherlands", "To": "KJFK John F Kennedy, New York, United States", "Op": "KLM Royal Dutch Airlines", "OpIcao": "KLM", "Sqk": "2554", "Help": false, "Vsi": 128, "VsiT": 0, "Dst": 0.71, "Brng": 195.5, "WTC": 3, "Species": 1, "Engines": "2", "EngType": 3, "EngMount": 0, "Mil": false, "Cou": "Netherlands", "HasPic": false, "Interested": false, "FlightsCount": 0, "Gnd": true, "SpdTyp": 0, "CallSus": false, "Trt": 2, "Year": "2004"}, {"Id": 11172782, "Rcvr": 1, "HasSig": true, "Sig": 68, "Icao": "AA7BAE", "Bad": false, "Reg": "N775AV", "FSeen": "/Date(1544394451168)/", "TSecs": 9423, "CMsgs": 3739, "Alt": 3700, "GAlt": 4019, "InHg": 30.2388229, "AltT": 0, "TAlt": 4000, "Call": "TAI570", "Lat": 40.417648, "Long": -73.56073, "PosTime": 1544403873857, "Mlat": false, "Tisb": false, "Spd": 263.8, "Trak": 29.8, "TrkH": false, "Type": "A20N", "Mdl": "Airbus A320 251NSL", "Man": "Airbus", "CNum": "8240", "From": "MSLP El Salvador, Santa Clara, El Salvador", "To": "KJFK John F Kennedy, New York, United States", "Op": "Avianca", "OpIcao": "AVA", "Sqk": "7425", "Help": false, "Vsi": 0, "VsiT": 0, "Dst": 31.18, "Brng": 143.2, "WTC": 2, "Species": 1, "Engines": "2", "EngType": 3, "EngMount": 0, "Mil": false, "Cou": "United States", "HasPic": false, "Interested": false, "FlightsCount": 0, "Gnd": false, "SpdTyp": 0, "CallSus": false, "Trt": 2, "Year": "2018"}, {"Id": 10599952, "Rcvr": 1, "HasSig": true, "Sig": 17, "Icao": "A1BE10", "Bad": false, "Reg": "N211JQ", "FSeen": "/Date(1544394297046)/", "TSecs": 9577, "CMsgs": 4638, "Alt": 3725, "GAlt": 4020, "InHg": 30.2151985, "AltT": 0, "TAlt": 4000, "Call": "RPA5899", "Lat": 40.778364, "Long": -73.780372, "PosTime": 1544403873857, "Mlat": false, "Tisb": false, "Spd": 227.4, "Trak": 56.7, "TrkH": false, "Type": "E75S", "Mdl": "2008 EMBRAER-EMPRESA BRASILEIRA DE ERJ 170-200 LR", "Man": "Embraer", "CNum": "17000261", "Op": "SHUTTLE AMERICA CORP     - INDIANAPOLIS, IN", "OpIcao": "RPA", "Sqk": "2770", "Help": false, "Vsi": -128, "VsiT": 0, "Dst": 15.11, "Brng": 0.3, "WTC": 2, "Species": 1, "Engines": "2", "EngType": 3, "EngMount": 0, "Mil": false, "Cou": "United States", "HasPic": false, "Interested": false, "FlightsCount": 0, "Gnd": false, "SpdTyp": 0, "CallSus": false, "Trt": 5, "Year": "2008"}, {"Id": 11373549, "Rcvr": 1, "HasSig": true, "Sig": 134, "Icao": "AD8BED", "Bad": false, "Reg": "N972JT", "FSeen": "/Date(1544394185115)/", "TSecs": 9689, "CMsgs": 3017, "Alt": -250, "GAlt": 92, "InHg": 30.26245, "AltT": 0, "TAlt": 4000, "Call": "JBU2809", "Lat": 40.658432, "Long": -73.791809, "PosTime": 1544396608463, "Mlat": false, "PosStale": true, "Tisb": false, "Spd": 0.0, "Trak": 191.3, "TrkH": false, "TTrk": 0.0, "Type": "A321", "Mdl": "Airbus A321 231SL", "Man": "Airbus", "CNum": "7455", "Op": "JetBlue Airways", "OpIcao": "JBU", "Sqk": "2000", "Help": false, "Vsi": -576, "VsiT": 0, "Dst": 1.98, "Brng": 333.4, "WTC": 2, "Species": 1, "Engines": "2", "EngType": 3, "EngMount": 0, "Mil": false, "Cou": "United States", "HasPic": false, "Interested": false, "FlightsCount": 0, "Gnd": true, "SpdTyp": 0, "CallSus": false, "Trt": 5, "Year": "2016"}, {"Id": 11358066, "Rcvr": 1, "HasSig": true, "Sig": 186, "Icao": "AD4F72", "Bad": false, "Reg": "N957JB", "FSeen": "/Date(1544393963728)/", "TSecs": 9911, "CMsgs": 3845, "Alt": 1725, "GAlt": 2044, "InHg": 30.2388229, "AltT": 0, "TAlt": 2016, "Call": "JBU1452", "Lat": 40.828171, "Long": -73.610168, "PosTime": 1544403873856, "Mlat": false, "Tisb": false, "Spd": 148.8, "Trak": 218.2, "TrkH": false, "TTrk": 260.15625, "Type": "A321", "Mdl": "Airbus A321 231SL", "Man": "Airbus", "CNum": "6809", "From": "KMCO Orlando, United States", "To": "KBOS General Edward Lawrence Logan, Boston, United States", "Op": "JetBlue Airways", "OpIcao": "JBU", "Sqk": "6103", "Help": false, "Vsi": -64, "VsiT": 0, "Dst": 25.18, "Brng": 34.9, "WTC": 2, "Species": 1, "Engines": "2", "EngType": 3, "EngMount": 0, "Mil": false, "Cou": "United States", "HasPic": false, "Interested": false, "FlightsCount": 0, "Gnd": false, "SpdTyp": 0, "CallSus": false, "Trt": 5, "Year": "2015"}, {"Id": 10918036, "Rcvr": 1, "HasSig": true, "Sig": 163, "Icao": "A69894", "Bad": false, "Reg": "N524JB", "FSeen": "/Date(1544393565929)/", "TSecs": 10308, "CMsgs": 4432, "Alt": -250, "GAlt": -237, "InHg": 29.93171, "AltT": 0, "TAlt": 35008, "Call": "JBU2960", "Lat": 40.63262, "Long": -73.767653, "PosTime": 1544402499324, "Mlat": false, "PosStale": true, "Tisb": false, "Spd": 0.1, "Trak": 199.7, "TrkH": false, "TTrk": 0.0, "Type": "A320", "Mdl": "2001 AIRBUS INDUSTRIE A320-232", "Man": "Airbus", "CNum": "1528", "Op": "JetBlue Airways", "OpIcao": "JBU", "Sqk": "2000", "Help": false, "Vsi": -704, "VsiT": 0, "Dst": 1.59, "Brng": 133.6, "WTC": 2, "Species": 1, "Engines": "2", "EngType": 3, "EngMount": 0, "Mil": false, "Cou": "United States", "HasPic": false, "Interested": false, "FlightsCount": 0, "Gnd": true, "SpdTyp": 0, "CallSus": false, "Trt": 5, "Year": "2001"}, {"Id": 11103138, "Rcvr": 1, "HasSig": true, "Sig": 117, "Icao": "A96BA2", "Bad": false, "Reg": "N706JB", "FSeen": "/Date(1544393442685)/", "TSecs": 10432, "CMsgs": 3396, "Alt": 100400, "GAlt": 100742, "InHg": 30.26245, "AltT": 0, "TAlt": 4000, "Call": "JBU950", "Lat": 40.651291, "Long": -73.775894, "PosTime": 1544395940439, "Mlat": false, "PosStale": true, "Tisb": false, "Spd": 0.0, "Trak": 202.5, "TrkH": false, "TTrk": 0.0, "Type": "A320", "Mdl": "2008 AIRBUS A320-232", "Man": "Airbus", "CNum": "3451", "From": "KMCO Orlando, United States", "To": "KBOS General Edward Lawrence Logan, Boston, United States", "Op": "JetBlue Airways", "OpIcao": "JBU", "Sqk": "2000", "Help": false, "Vsi": -960, "VsiT": 0, "Dst": 1.08, "Brng": 24.9, "WTC": 2, "Species": 1, "Engines": "2", "EngType": 3, "EngMount": 0, "Mil": false, "Cou": "United States", "HasPic": false, "Interested": false, "FlightsCount": 0, "Gnd": true, "SpdTyp": 0, "CallSus": false, "Trt": 5, "Year": "2008"}, {"Id": 10566593, "Rcvr": 1, "HasSig": true, "Sig": 46, "Icao": "A13BC1", "Bad": false, "Reg": "N179MT", "FSeen": "/Date(1544393434060)/", "TSecs": 10440, "CMsgs": 3019, "Alt": -300, "GAlt": 19, "InHg": 30.239172, "AltT": 0, "Call": "N179MT", "Lat": 40.738701, "Long": -74.067764, "PosTime": 1544403778099, "Mlat": true, "Tisb": false, "Spd": 97.5, "Trak": 274.8, "TrkH": false, "Type": "AS55", "Mdl": " AEROSPATIALE AS 355F1", "Man": "Aerospatiale", "CNum": "5183", "Op": "MANHATTAN EXIT STRATEGY LLC MWG HELI HOLDINGS LLC BRIDGEFIELD HELI HOLDINGS LLC   - PRINCETON, NJ", "Sqk": "0326", "Help": false, "Vsi": 256, "VsiT": 0, "Dst": 26.42, "Brng": 294.0, "WTC": 1, "Species": 4, "Engines": "2", "EngType": 2, "EngMount": 0, "Mil": false, "Cou": "United States", "HasPic": false, "Interested": false, "FlightsCount": 0, "Gnd": false, "SpdTyp": 0, "CallSus": false, "Trt": 2}, {"Id": 10802659, "Rcvr": 1, "HasSig": false, "Icao": "A4D5E3", "Bad": false, "Reg": "N410UA", "FSeen": "/Date(1544388541153)/", "TSecs": 15333, "CMsgs": 5527, "Alt": -275, "GAlt": 74, "InHg": 30.2687035, "AltT": 0, "Call": "UAL856", "Lat": 40.708116, "Long": -74.15397, "PosTime": 1544398248882, "Mlat": true, "PosStale": true, "Tisb": false, "Spd": 533.0, "Trak": 43.0, "TrkH": false, "Type": "A320", "Mdl": "1994 AIRBUS INDUSTRIE A320-232", "Man": "Airbus", "CNum": "463", "From": "KLAX Los Angeles, United States", "To": "KIAD Washington Dulles, United States", "Op": "United Airlines", "OpIcao": "UAL", "Sqk": "1563", "Help": false, "Vsi": 42, "VsiT": 0, "Dst": 32.27, "Brng": 283.2, "WTC": 2, "Species": 1, "Engines": "2", "EngType": 3, "EngMount": 0, "Mil": false, "Cou": "United States", "HasPic": false, "Interested": false, "FlightsCount": 0, "Gnd": true, "SpdTyp": 0, "CallSus": false, "Trt": 2, "Year": "1994"}, {"Id": 9015523, "Rcvr": 1, "HasSig": true, "Sig": 205, "Icao": "8990E3", "Bad": false, "Reg": "B-16721", "FSeen": "/Date(1544387964439)/", "TSecs": 15910, "CMsgs": 5240, "Alt": 3375, "GAlt": 3715, "InHg": 30.2598419, "AltT": 0, "TAlt": 3008, "Call": "EVA032", "Lat": 40.683677, "Long": -73.4466, "PosTime": 1544403873862, "Mlat": false, "Tisb": false, "Spd": 234.4, "Trak": 9.8, "TrkH": false, "TTrk": 19.6875, "Type": "B773", "Mdl": "Boeing 777 35EER", "Man": "Boeing", "CNum": "43290", "From": "RCTP Taiwan Taoyuan, Taipei, Taiwan", "To": "KJFK John F Kennedy, New York, United States", "Op": "EVA Air", "OpIcao": "EVA", "Sqk": "4122", "Help": false, "Vsi": -576, "VsiT": 1, "Dst": 28.6, "Brng": 80.7, "WTC": 3, "Species": 1, "Engines": "2", "EngType": 3, "EngMount": 0, "Mil": false, "Cou": "Taiwan", "HasPic": false, "Interested": false, "FlightsCount": 0, "Gnd": false, "SpdTyp": 0, "CallSus": false, "Trt": 5, "Year": "2015"}, {"Id": 4703690, "Rcvr": 1, "HasSig": true, "Sig": 88, "Icao": "47C5CA", "Bad": false, "Reg": "LN-LNG", "FSeen": "/Date(1544387861429)/", "TSecs": 16013, "CMsgs": 3758, "Alt": -300, "GAlt": 42, "InHg": 30.26245, "AltT": 0, "TAlt": 4992, "Call": "NAX5W", "Lat": 40.648853, "Long": -73.76458, "PosTime": 1544403846400, "Mlat": false, "Tisb": false, "Spd": 130.0, "Trak": 210.9, "TrkH": false, "TTrk": 300.234375, "Type": "B788", "Mdl": "Boeing 787 8", "Man": "Boeing", "CNum": "35314", "Op": "Norwegian", "OpIcao": "NAX", "Sqk": "0740", "Help": false, "Vsi": -576, "VsiT": 0, "Dst": 1.58, "Brng": 63.3, "WTC": 3, "Species": 1, "Engines": "2", "EngType": 3, "EngMount": 0, "Mil": false, "Cou": "Norway", "HasPic": false, "Interested": false, "FlightsCount": 0, "Gnd": false, "SpdTyp": 0, "CallSus": false, "Trt": 5, "Year": "2014", "Sat": true}, {"Id": 11246998, "Rcvr": 1, "HasSig": false, "Icao": "AB9D96", "Bad": false, "Reg": "N848AE", "FSeen": "/Date(1544387572490)/", "TSecs": 16302, "CMsgs": 4697, "Alt": 3700, "GAlt": 4010, "InHg": 30.2303143, "AltT": 0, "Call": "ENY4093", "Lat": 40.867836, "Long": -73.71608, "PosTime": 1544403873862, "Mlat": false, "Tisb": false, "Spd": 186.0, "Trak": 13.4, "TrkH": false, "Type": "E135", "Mdl": "2003 EMBRAER EMB-135KL", "Man": "Embraer", "CNum": "145710", "Op": "AMERICAN AIRLINES INC     - FORT WORTH, TX", "OpIcao": "ENY", "Sqk": "6605", "Help": false, "Vsi": -128, "VsiT": 1, "Dst": 25.65, "Brng": 12.3, "WTC": 2, "Species": 1, "Engines": "2", "EngType": 3, "EngMount": 1, "Mil": false, "Cou": "United States", "HasPic": false, "Interested": false, "FlightsCount": 0, "Gnd": false, "SpdTyp": 0, "CallSus": false, "Trt": 5, "Year": "2003"}, {"Id": 11118849, "Rcvr": 1, "HasSig": true, "Sig": 91, "Icao": "A9A901", "Bad": false, "Reg": "N721TW", "FSeen": "/Date(1544387550043)/", "TSecs": 16324, "CMsgs": 7647, "Alt": 15275, "GAlt": 15594, "InHg": 30.2388229, "AltT": 0, "TAlt": 12992, "Call": "DAL1512", "Lat": 40.563766, "Long": -74.006653, "PosTime": 1544403873852, "Mlat": false, "Tisb": false, "Spd": 325.3, "Trak": 163.6, "TrkH": false, "TTrk": 180.0, "Type": "B752", "Mdl": "1999 BOEING 757-231", "Man": "Boeing", "CNum": "29954", "From": "KATL Hartsfield Jackson Atlanta, United States", "To": "KATL Hartsfield Jackson Atlanta, United States", "Stops": ["KORD Chicago O'Hare, United States"], "Op": "Delta Air Lines", "OpIcao": "DAL", "Sqk": "7251", "Help": false, "Vsi": -1536, "VsiT": 0, "Dst": 20.94, "Brng": 245.4, "WTC": 2, "Species": 1, "Engines": "2", "EngType": 3, "EngMount": 0, "Mil": false, "Cou": "United States", "HasPic": false, "Interested": false, "FlightsCount": 0, "Gnd": false, "SpdTyp": 0, "CallSus": false, "Trt": 2, "Year": "1999"}, {"Id": 10668434, "Rcvr": 1, "HasSig": true, "Sig": 46, "Icao": "A2C992", "Bad": false, "Reg": "N279SY", "FSeen": "/Date(1544387537677)/", "TSecs": 16337, "CMsgs": 5471, "Alt": 11400, "GAlt": 11690, "InHg": 30.2096462, "AltT": 0, "TAlt": 10016, "Call": "SKW3776", "Lat": 40.775642, "Long": -73.877289, "PosTime": 1544403848053, "Mlat": false, "Tisb": false, "Spd": 18.0, "Trak": 30.9, "TrkH": false, "Type": "E75L", "Mdl": "Embraer EMB-175 LL", "Man": "Embraer", "CNum": "17000743", "Op": "Delta Connection", "OpIcao": "SKW", "Sqk": "3136", "Help": false, "Vsi": -576, "VsiT": 0, "Dst": 16.87, "Brng": 331.4, "WTC": 2, "Species": 1, "Engines": "2", "EngType": 3, "EngMount": 0, "Mil": false, "Cou": "United States", "HasPic": false, "Interested": false, "FlightsCount": 0, "Gnd": false, "SpdTyp": 0, "CallSus": false, "Trt": 5, "Year": "2018"}, {"Id": 4703685, "Rcvr": 1, "HasSig": false, "Icao": "47C5C5", "Bad": false, "Reg": "LN-LNB", "FSeen": "/Date(1544387470395)/", "TSecs": 16404, "CMsgs": 3709, "Alt": -175, "GAlt": 165, "InHg": 30.2598419, "AltT": 0, "TAlt": 3008, "Call": "NAX1G", "Lat": 40.633984, "Long": -73.78009, "PosTime": 1544403515884, "Mlat": false, "Tisb": false, "Spd": 5.0, "Trak": 315.0, "TrkH": false, "TTrk": 224.296875, "Type": "B788", "Mdl": "Boeing 787 8", "Man": "Boeing", "CNum": "35305", "Op": "Norwegian", "OpIcao": "NAX", "Sqk": "6345", "Help": false, "Vsi": -64, "VsiT": 0, "Dst": 0.95, "Brng": 173.9, "WTC": 3, "Species": 1, "Engines": "2", "EngType": 3, "EngMount": 0, "Mil": false, "Cou": "Norway", "HasPic": false, "Interested": false, "FlightsCount": 0, "Gnd": false, "SpdTyp": 0, "CallSus": false, "Trt": 5, "Year": "2013", "Sat": true}, {"Id": 4224211, "Rcvr": 1, "HasSig": false, "Icao": "4074D3", "Bad": false, "Reg": "G-CKWC", "FSeen": "/Date(1544387168379)/", "TSecs": 16706, "CMsgs": 4417, "Alt": -250, "GAlt": 92, "InHg": 30.26245, "AltT": 0, "TAlt": 4992, "Call": "NRS15Z", "Lat": 40.629024, "Long": -73.782026, "PosTime": 1544403819318, "Mlat": false, "Tisb": false, "Spd": 1.3, "Trak": 45.0, "TrkH": false, "TTrk": 310.078125, "Type": "B789", "Mdl": "Boeing 787 9", "Man": "Boeing", "CNum": "38893", "Op": "Norwegian Air UK", "OpIcao": "NRS", "Sqk": "0746", "Help": false, "Vsi": -128, "VsiT": 0, "Dst": 1.5, "Brng": 182.4, "WTC": 3, "Species": 1, "Engines": "2", "EngType": 3, "EngMount": 0, "Mil": false, "Cou": "United Kingdom", "HasPic": false, "Interested": false, "FlightsCount": 0, "Gnd": true, "SpdTyp": 0, "CallSus": false, "Trt": 5, "Year": "2018", "Sat": true}, {"Id": 11223288, "Rcvr": 1, "HasSig": true, "Sig": 117, "Icao": "AB40F8", "Bad": false, "Reg": "N824NW", "FSeen": "/Date(1544387139716)/", "TSecs": 16735, "CMsgs": 7851, "Alt": 425, "GAlt": 765, "InHg": 30.2598419, "AltT": 0, "TAlt": 3000, "Lat": 40.679352, "Long": -73.728088, "PosTime": 1544403857867, "Mlat": false, "Tisb": false, "Spd": 126.9, "Trak": 210.8, "TrkH": false, "TTrk": 260.0, "Type": "A333", "Mdl": "2015 AIRBUS A330-302", "Man": "Airbus", "CNum": "1637", "Op": "Delta Air Lines", "OpIcao": "DAL", "Sqk": "6400", "Help": false, "Vsi": -640, "VsiT": 1, "Dst": 6.08, "Brng": 47.6, "WTC": 3, "Species": 1, "Engines": "2", "EngType": 3, "EngMount": 0, "Mil": false, "Cou": "United States", "HasPic": false, "Interested": false, "FlightsCount": 0, "Gnd": false, "SpdTyp": 0, "CallSus": false, "Trt": 2, "Year": "2015"}, {"Id": 11262856, "Rcvr": 1, "HasSig": true, "Sig": 203, "Icao": "ABDB88", "Bad": false, "Reg": "N863RW", "FSeen": "/Date(1544387138297)/", "TSecs": 16736, "CMsgs": 5669, "Alt": 75, "GAlt": 365, "InHg": 30.2096462, "AltT": 0, "Call": "RPA3673", "Lat": 40.724037, "Long": -74.145043, "PosTime": 1544403872363, "Mlat": true, "Tisb": false, "Spd": 294.0, "Trak": 206.7, "TrkH": false, "Type": "E170", "Mdl": "2005 EMBRAER ERJ 170-100 SE", "Man": "Embraer", "CNum": "17000100", "From": "CYUL Montreal / Pierre Elliott Trudeau, Montr\u00e9al, Canada", "To": "KEWR Newark Liberty, United States", "Op": "SHUTTLE AMERICA CORP     - INDIANAPOLIS, IN", "OpIcao": "RPA", "Sqk": "2455", "Help": false, "Vsi": -953, "VsiT": 0, "Dst": 31.99, "Brng": 286.6, "WTC": 2, "Species": 1, "Engines": "2", "EngType": 3, "EngMount": 0, "Mil": false, "Cou": "United States", "HasPic": false, "Interested": false, "FlightsCount": 0, "Gnd": false, "SpdTyp": 0, "CallSus": true, "Trt": 2, "Year": "2005"}, {"Id": 7864852, "Rcvr": 1, "HasSig": true, "Sig": 157, "Icao": "780214", "Bad": false, "Reg": "B-KPH", "FSeen": "/Date(1544387138210)/", "TSecs": 16736, "CMsgs": 6213, "Alt": -250, "GAlt": 90, "InHg": 30.2598419, "AltT": 0, "Call": "CPA840", "Lat": 40.641453, "Long": -73.79509, "PosTime": 1544403286316, "Mlat": false, "PosStale": true, "Tisb": false, "Spd": 0.6, "Trak": 199.7, "TrkH": false, "Type": "B773", "Mdl": "Boeing 777 367ER", "Man": "Boeing", "CNum": "35301", "From": "VHHH Chek Lap Kok, Hong Kong, Hong Kong", "To": "KJFK John F Kennedy, New York, United States", "Op": "Cathay Pacific Airways", "OpIcao": "CPA", "Sqk": "1464", "Help": false, "Vsi": -128, "VsiT": 0, "Dst": 1.17, "Brng": 264.4, "WTC": 3, "Species": 1, "Engines": "2", "EngType": 3, "EngMount": 0, "Mil": false, "Cou": "Hong Kong", "HasPic": false, "Interested": false, "FlightsCount": 0, "Gnd": true, "SpdTyp": 0, "CallSus": false, "Trt": 2, "Year": "2008"}], "totalAc": 5702, "lastDv": "636799839343298994", "shtTrlSec": 65, "stm": 1544403874493}