{"src": 1, "feeds": [{"id": 1, "name": "From Cons", "polarPlot": false}], "srcFeed": 1, "showSil": true, "showFlg": true, "showPic": true, "flgH": 20, "flgW": 85, "acList": [{"Id": 10578165, "Rcvr": 1, "HasSig": true, "Sig": 197, "Icao": "A168F5", "Bad": false, "Reg": "N190JB", "FSeen": "/Date(1544414948702)/", "TSecs": 235, "CMsgs": 153, "Alt": 10025, "GAlt": 10285, "InHg": 30.1801186, "AltT": 0, "Call": "JBU486", "Lat": 40.6521, "Long": -73.6812, "PosTime": 1544415184473, "Mlat": true, "Tisb": false, "Trak": 34.6, "TrkH": false, "Type": "E190", "Mdl": "2005 EMBRAER ERJ 190-100 IGW", "Man": "Embraer", "CNum": "19000011", "From": "KJFK John F Kennedy, New York, United States", "To": "KROC Greater Rochester, United States", "Op": "JetBlue Airways", "OpIcao": "JBU", "Sqk": "3024", "Help": false, "VsiT": 0, "Dst": 8.51, "Brng": 82.8, "WTC": 2, "Species": 1, "Engines": "2", "EngType": 3, "EngMount": 0, "Mil": false, "Cou": "United States", "HasPic": false, "Interested": false, "FlightsCount": 0, "Gnd": false, "SpdTyp": 0, "CallSus": true, "Trt": 2, "Year": "2005"}, {"Id": 10729480, "Rcvr": 1, "HasSig": true, "Sig": 133, "Icao": "A3B808", "Bad": false, "Reg": "N339JB", "FSeen": "/Date(1544414463480)/", "TSecs": 721, "CMsgs": 394, "Alt": 2000, "GAlt": 2260, "InHg": 30.1801186, "AltT": 0, "Lat": 40.64035, "Long": -73.850281, "PosTime": 1544415184470, "Mlat": false, "Tisb": false, "Spd": 186.3, "Trak": 255.1, "TrkH": false, "Type": "E190", "Mdl": "2011 EMBRAER ERJ 190-100 IGW", "Man": "Embraer", "CNum": "19000490", "Op": "JetBlue Airways", "OpIcao": "JBU", "Sqk": "2776", "Help": false, "Vsi": 1472, "VsiT": 1, "Dst": 5.83, "Brng": 267.7, "WTC": 2, "Species": 1, "Engines": "2", "EngType": 3, "EngMount": 0, "Mil": false, "Cou": "United States", "HasPic": false, "Interested": false, "FlightsCount": 0, "Gnd": false, "SpdTyp": 0, "CallSus": false, "Trt": 2, "Year": "2011"}, {"Id": 11318700, "Rcvr": 1, "HasSig": false, "Icao": "ACB5AC", "Bad": false, "Reg": "N918PD", "FSeen": "/Date(1544414417364)/", "TSecs": 767, "CMsgs": 479, "Alt": 750, "GAlt": 1001, "InHg": 30.1712589, "AltT": 0, "Call": "N918PD", "Lat": 40.602814, "Long": -74.065453, "PosTime": 1544415184470, "Mlat": false, "Tisb": false, "Spd": 54.0, "Trak": 92.1, "TrkH": false, "Type": "B429", "Mdl": "BELL HELICOPTER TEXTRON CANADA 429", "Man": "BELL", "CNum": "57188", "Op": "NEW YORK CITY POLICE DEPARTMENT", "Sqk": "0362", "Help": false, "Vsi": -64, "VsiT": 0, "Dst": 24.39, "Brng": 259.7, "WTC": 1, "Species": 4, "Engines": "2", "EngType": 2, "EngMount": 0, "Mil": false, "Cou": "United States", "HasPic": true, "PicX": 700, "PicY": 406, "Interested": false, "FlightsCount": 0, "Gnd": false, "SpdTyp": 0, "CallSus": false, "Tag": "LE", "Trt": 5, "Year": "2014"}, {"Id": 11120456, "Rcvr": 1, "HasSig": true, "Sig": 150, "Icao": "A9AF48", "Bad": false, "Reg": "N723GA", "FSeen": "/Date(1544411456000)/", "TSecs": 3728, "CMsgs": 1453, "Alt": 1100, "GAlt": 1369, "InHg": 30.1889763, "AltT": 0, "Call": "N723GA", "Lat": 40.773102, "Long": -73.474915, "PosTime": 1544415184466, "Mlat": false, "Tisb": false, "Spd": 112.5, "Trak": 132.5, "TrkH": false, "Type": "GA7", "Mdl": "1978 GRUMMAN AMERICAN AVN. CORP. GA-7", "Man": "Grumman American", "CNum": "GA7-0021", "Op": "COUGAR AIR LLC     - WILMINGTON, DE", "Sqk": "1200", "Help": false, "Vsi": -832, "VsiT": 0, "Dst": 29.63, "Brng": 60.5, "WTC": 1, "Species": 1, "Engines": "2", "EngType": 1, "EngMount": 0, "Mil": false, "Cou": "United States", "HasPic": false, "Interested": false, "FlightsCount": 0, "Gnd": false, "SpdTyp": 0, "CallSus": false, "Trt": 5, "Year": "1978"}, {"Id": 10725795, "Rcvr": 1, "HasSig": true, "Sig": 66, "Icao": "A3A9A3", "Bad": false, "Reg": "N335NW", "FSeen": "/Date(1544411160332)/", "TSecs": 4024, "CMsgs": 2523, "Alt": 4525, "GAlt": 4537, "InHg": 29.93171, "AltT": 0, "TAlt": 18016, "Call": "DAL788", "Lat": 40.619621, "Long": -74.008838, "PosTime": 1544415184460, "Mlat": false, "Tisb": false, "Spd": 262.7, "Trak": 32.7, "TrkH": false, "TTrk": 0.0, "Type": "A320", "Mdl": "1992 AIRBUS INDUSTRIE A320-212", "Man": "Airbus", "CNum": "340", "From": "KDTW Detroit Metropolitan Wayne County, United States", "To": "KJFK John F Kennedy, New York, United States", "Op": "Delta Air Lines", "OpIcao": "DAL", "Sqk": "7403", "Help": false, "Vsi": -960, "VsiT": 1, "Dst": 19.37, "Brng": 262.5, "WTC": 2, "Species": 1, "Engines": "2", "EngType": 3, "EngMount": 0, "Mil": false, "Cou": "United States", "HasPic": false, "Interested": false, "FlightsCount": 0, "Gnd": false, "SpdTyp": 0, "CallSus": false, "Trt": 5, "Year": "1992"}, {"Id": 11273918, "Rcvr": 1, "HasSig": false, "Icao": "AC06BE", "Bad": false, "Reg": "N874RW", "FSeen": "/Date(1544411043228)/", "TSecs": 4141, "CMsgs": 2448, "Alt": -200, "GAlt": 39, "InHg": 30.1594486, "AltT": 0, "TAlt": 4000, "Call": "RPA5965", "Lat": 40.776886, "Long": -73.869545, "PosTime": 1544415148329, "Mlat": false, "Tisb": false, "Spd": 19.0, "Trak": 122.0, "TrkH": false, "Type": "E170", "Mdl": "2006 EMBRAER ERJ 170-100SU", "Man": "Embraer", "CNum": "17000148", "Op": "Republic Airlines", "OpIcao": "RPA", "Sqk": "2445", "Help": false, "Vsi": -128, "VsiT": 0, "Dst": 16.69, "Brng": 333.6, "WTC": 2, "Species": 1, "Engines": "2", "EngType": 3, "EngMount": 0, "Mil": false, "Cou": "United States", "HasPic": false, "Interested": false, "FlightsCount": 0, "Gnd": true, "SpdTyp": 0, "CallSus": false, "Trt": 5, "Year": "2006"}, {"Id": 11334807, "Rcvr": 1, "HasSig": true, "Sig": 152, "Icao": "ACF497", "Bad": false, "Reg": "N934AT", "FSeen": "/Date(1544409602017)/", "TSecs": 5582, "CMsgs": 3065, "Alt": 3775, "GAlt": 4026, "InHg": 30.1712589, "AltT": 0, "Lat": 40.707511, "Long": -73.933619, "PosTime": 1544415179785, "Mlat": true, "Tisb": false, "Spd": 379.0, "Trak": 17.0, "TrkH": false, "Type": "B712", "Mdl": "2000 BOEING 717-200", "Man": "Boeing", "CNum": "55070", "Op": "WELLS FARGO BANK NORTHWEST NA TRUSTEE     - SALT LAKE CITY, UT", "OpIcao": "DAL", "Sqk": "6215", "Help": false, "Vsi": -768, "VsiT": 1, "Dst": 14.74, "Brng": 299.4, "WTC": 2, "Species": 1, "Engines": "2", "EngType": 3, "EngMount": 1, "Mil": false, "Cou": "United States", "HasPic": false, "Interested": false, "FlightsCount": 0, "Gnd": false, "SpdTyp": 0, "CallSus": false, "Trt": 2, "Year": "2000"}, {"Id": 11170825, "Rcvr": 1, "HasSig": false, "Icao": "AA7409", "Bad": false, "Reg": "N7729A", "FSeen": "/Date(1544409420296)/", "TSecs": 5764, "CMsgs": 3567, "Alt": 425, "GAlt": 664, "InHg": 30.1594486, "AltT": 0, "Call": "SWA757", "Lat": 40.811096, "Long": -73.849487, "PosTime": 1544415184451, "Mlat": false, "Tisb": false, "Spd": 135.0, "Trak": 211.7, "TrkH": false, "Type": "B737", "Mdl": "2006 BOEING 737-76N", "Man": "Boeing", "CNum": "32675", "From": "KDEN Denver, United States", "To": "KMCO Orlando, United States", "Stops": ["KBWI Baltimore/Washington International Thurgood Marshal, Baltimore, United States"], "Op": "Southwest Airlines", "OpIcao": "SWA", "Sqk": "3126", "Help": false, "Vsi": -896, "VsiT": 0, "Dst": 19.61, "Brng": 343.0, "WTC": 2, "Species": 1, "Engines": "2", "EngType": 3, "EngMount": 0, "Mil": false, "Cou": "United States", "HasPic": false, "Interested": false, "FlightsCount": 0, "Gnd": false, "SpdTyp": 0, "CallSus": false, "Trt": 2, "Year": "2006"}, {"Id": 11400425, "Rcvr": 1, "HasSig": true, "Sig": 80, "Icao": "ADF4E9", "Bad": false, "Reg": "N999JQ", "FSeen": "/Date(1544408488897)/", "TSecs": 6695, "CMsgs": 2689, "Alt": -200, "GAlt": 95, "InHg": 30.2151985, "AltT": 0, "TAlt": 8992, "Call": "JBU839", "Lat": 40.646819, "Long": -73.772819, "PosTime": 1544410957165, "Mlat": false, "PosStale": true, "Tisb": false, "Spd": 0.0, "Trak": 177.2, "TrkH": false, "TTrk": 0.0, "Type": "A321", "Mdl": "Airbus A321 231SL", "Man": "Airbus", "CNum": "8538", "From": "KJFK John F Kennedy, New York, United States", "To": "TJBQ Rafael Hernandez, Aguadilla, Puerto Rico", "Op": "JetBlue Airways", "OpIcao": "JBU", "Sqk": "2000", "Help": false, "Vsi": -64, "VsiT": 0, "Dst": 0.86, "Brng": 56.0, "WTC": 2, "Species": 1, "Engines": "2", "EngType": 3, "EngMount": 0, "Mil": false, "Cou": "United States", "HasPic": false, "Interested": false, "FlightsCount": 0, "Gnd": true, "SpdTyp": 0, "CallSus": false, "Trt": 5}, {"Id": 10707621, "Rcvr": 1, "HasSig": true, "Sig": 180, "Icao": "A362A5", "Bad": false, "Reg": "N317US", "FSeen": "/Date(1544408165942)/", "TSecs": 7018, "CMsgs": 3373, "Alt": 2950, "GAlt": 3219, "InHg": 30.1889763, "AltT": 0, "TAlt": 2016, "Call": "DAL1282", "Lat": 40.449966, "Long": -73.664246, "PosTime": 1544415184461, "Mlat": false, "Tisb": false, "Spd": 254.9, "Trak": 19.0, "TrkH": false, "TTrk": 30.234375, "Type": "A320", "Mdl": "1991 AIRBUS INDUSTRIE A320-211", "Man": "Airbus", "CNum": "197", "From": "KMIA Miami, United States", "To": "KDTW Detroit Metropolitan Wayne County, United States", "Op": "Delta Air Lines", "OpIcao": "DAL", "Sqk": "1446", "Help": false, "Vsi": -1344, "VsiT": 1, "Dst": 23.58, "Brng": 155.2, "WTC": 2, "Species": 1, "Engines": "2", "EngType": 3, "EngMount": 0, "Mil": false, "Cou": "United States", "HasPic": false, "Interested": false, "FlightsCount": 0, "Gnd": false, "SpdTyp": 0, "CallSus": false, "Trt": 5, "Year": "1991"}, {"Id": 11067557, "Rcvr": 1, "HasSig": true, "Sig": 127, "Icao": "A8E0A5", "Bad": false, "Reg": "N671NK", "FSeen": "/Date(1544407596675)/", "TSecs": 7587, "CMsgs": 3961, "Alt": 3775, "GAlt": 4044, "InHg": 30.1889763, "AltT": 0, "Call": "NKS710", "Lat": 40.769623, "Long": -73.8125, "PosTime": 1544415184460, "Mlat": false, "Tisb": false, "Spd": 241.8, "Trak": 60.8, "TrkH": false, "Type": "A321", "Mdl": "Airbus A321 231SL", "Man": "Airbus", "CNum": "7246", "From": "TIST Cyril E. King, Charlotte Amalie, Harry S. Truman Airport, U.S. Virgin Islands", "To": "KLGA La Guardia, New York, United States", "Stops": ["KFLL Fort Lauderdale Hollywood, United States"], "Op": "Spirit Airlines", "OpIcao": "NKS", "Sqk": "3317", "Help": false, "Vsi": 64, "VsiT": 0, "Dst": 14.38, "Brng": 349.5, "WTC": 2, "Species": 1, "Engines": "2", "EngType": 3, "EngMount": 0, "Mil": false, "Cou": "United States", "HasPic": false, "Interested": false, "FlightsCount": 0, "Gnd": false, "SpdTyp": 0, "CallSus": false, "Trt": 2, "Year": "2016"}, {"Id": 11376402, "Rcvr": 1, "HasSig": true, "Sig": 83, "Icao": "AD9712", "Bad": false, "Reg": "N975JT", "FSeen": "/Date(1544407246204)/", "TSecs": 7938, "CMsgs": 3785, "Alt": 2245, "GAlt": 2540, "InHg": 30.2151985, "AltT": 0, "TAlt": 8992, "Call": "JBU2836", "Lat": 40.647692, "Long": -73.777391, "PosTime": 1544414454693, "Mlat": false, "PosStale": true, "Tisb": false, "Spd": 0.0, "Trak": 160.1, "TrkH": false, "TTrk": 0.0, "Type": "A321", "Mdl": "Airbus A321 231SL", "Man": "Airbus", "CNum": "7520", "Op": "JetBlue Airways", "OpIcao": "JBU", "Sqk": "2000", "Help": false, "Vsi": -128, "VsiT": 0, "Dst": 0.67, "Brng": 29.6, "WTC": 2, "Species": 1, "Engines": "2", "EngType": 3, "EngMount": 0, "Mil": false, "Cou": "United States", "HasPic": false, "Interested": false, "FlightsCount": 0, "Gnd": true, "SpdTyp": 0, "CallSus": false, "Trt": 5, "Year": "2016"}, {"Id": 11366291, "Rcvr": 1, "HasSig": true, "Sig": 105, "Icao": "AD6F93", "Bad": false, "Reg": "N965JT", "FSeen": "/Date(1544406473150)/", "TSecs": 8711, "CMsgs": 4114, "Alt": -200, "GAlt": 90, "InHg": 30.2096462, "AltT": 0, "TAlt": 4000, "Call": "JBU1802", "Lat": 40.650112, "Long": -73.778107, "PosTime": 1544414466924, "Mlat": false, "PosStale": true, "Tisb": false, "Spd": 0.0, "Trak": 210.9, "TrkH": false, "TTrk": 19.6875, "Type": "A321", "Mdl": "Airbus A321 231SL", "Man": "Airbus", "CNum": "6512", "From": "KFLL Fort Lauderdale Hollywood, United States", "To": "KJFK John F Kennedy, New York, United States", "Op": "JetBlue Airways", "OpIcao": "JBU", "Sqk": "2000", "Help": false, "Vsi": -192, "VsiT": 0, "Dst": 0.89, "Brng": 17.5, "WTC": 2, "Species": 1, "Engines": "2", "EngType": 3, "EngMount": 0, "Mil": false, "Cou": "United States", "HasPic": false, "Interested": false, "FlightsCount": 0, "Gnd": true, "SpdTyp": 0, "CallSus": false, "Trt": 5, "Year": "2016"}, {"Id": 11019747, "Rcvr": 1, "HasSig": true, "Sig": 88, "Icao": "A825E3", "Bad": false, "Reg": "N624JB", "FSeen": "/Date(1544404299835)/", "TSecs": 10884, "CMsgs": 5616, "Alt": 3140, "GAlt": 3435, "InHg": 30.2151985, "AltT": 0, "TAlt": 4000, "Call": "JBU164", "Lat": 40.64967, "Long": -73.777173, "PosTime": 1544411993285, "Mlat": false, "PosStale": true, "Tisb": false, "Spd": 0.0, "Trak": 165.9, "TrkH": false, "TTrk": 0.0, "Type": "A320", "Mdl": "2005 AIRBUS A320-232", "Man": "Airbus", "CNum": "2520", "From": "KTPA Tampa, United States", "To": "KJFK John F Kennedy, New York, United States", "Op": "JetBlue Airways", "OpIcao": "JBU", "Sqk": "6657", "Help": false, "Vsi": -128, "VsiT": 0, "Dst": 0.87, "Brng": 23.5, "WTC": 2, "Species": 1, "Engines": "2", "EngType": 3, "EngMount": 0, "Mil": false, "Cou": "United States", "HasPic": true, "PicX": 1024, "PicY": 697, "Interested": false, "FlightsCount": 0, "Gnd": true, "SpdTyp": 0, "CallSus": false, "Trt": 5, "Year": "2005"}, {"Id": 10956578, "Rcvr": 1, "HasSig": false, "Icao": "A72F22", "Bad": false, "Reg": "N562JB", "FSeen": "/Date(1544403419095)/", "TSecs": 11765, "CMsgs": 4212, "Alt": -200, "GAlt": 119, "InHg": 30.2388229, "AltT": 0, "TAlt": 3008, "Call": "JBU1818", "Lat": 40.633186, "Long": -73.768875, "PosTime": 1544406818368, "Mlat": false, "PosStale": true, "Tisb": false, "Spd": 0.0, "Trak": 210.9, "TrkH": false, "TTrk": 0.0, "Type": "A320", "Mdl": "2003 AIRBUS A320-232", "Man": "Airbus", "CNum": "1948", "From": "TTPP Piarco, Port of Spain, Trinidad and Tobago", "To": "KJFK John F Kennedy, New York, United States", "Op": "JetBlue Airways", "OpIcao": "JBU", "Sqk": "2666", "Help": false, "Vsi": -640, "VsiT": 0, "Dst": 1.47, "Brng": 134.6, "WTC": 2, "Species": 1, "Engines": "2", "EngType": 3, "EngMount": 0, "Mil": false, "Cou": "United States", "HasPic": false, "Interested": false, "FlightsCount": 0, "Gnd": true, "SpdTyp": 0, "CallSus": false, "Trt": 5, "Year": "2003"}, {"Id": 11309223, "Rcvr": 1, "HasSig": false, "Icao": "AC90A7", "Bad": false, "Reg": "N909AM", "FSeen": "/Date(1544402272219)/", "TSecs": 12912, "CMsgs": 5644, "Alt": -225, "GAlt": 56, "InHg": 30.1594486, "AltT": 0, "TAlt": 3008, "Call": "AAL1207", "Lat": 40.776752, "Long": -73.874802, "PosTime": 1544414892316, "Mlat": false, "PosStale": true, "Tisb": false, "Spd": 0.0, "Trak": 78.8, "TrkH": false, "TTrk": 70.3125, "Type": "A321", "Mdl": "Airbus A321 231SL", "Man": "Airbus", "CNum": "7756", "From": "KDFW Dallas Fort Worth, Dallas-Fort Worth, United States", "To": "KSAN San Diego, United States", "Op": "American Airlines", "OpIcao": "AAL", "Sqk": "6211", "Help": false, "Vsi": -896, "VsiT": 0, "Dst": 16.88, "Brng": 332.2, "WTC": 2, "Species": 1, "Engines": "2", "EngType": 3, "EngMount": 0, "Mil": false, "Cou": "United States", "HasPic": false, "Interested": false, "FlightsCount": 0, "Gnd": true, "SpdTyp": 0, "CallSus": false, "Trt": 5, "Year": "2017"}, {"Id": 11302867, "Rcvr": 1, "HasSig": true, "Sig": 62, "Icao": "AC77D3", "Bad": false, "Reg": "N902NN", "FSeen": "/Date(1544397292494)/", "TSecs": 17892, "CMsgs": 9080, "Alt": -175, "GAlt": 85, "InHg": 30.1801186, "AltT": 0, "TAlt": 3008, "Call": "AAL1388", "Lat": 40.641701, "Long": -73.796326, "PosTime": 1544415155686, "Mlat": false, "Tisb": false, "Spd": 11.0, "Trak": 8.4, "TrkH": false, "TTrk": 341.015625, "Type": "B738", "Mdl": "2012 BOEING 737-823", "Man": "Boeing", "CNum": "31154", "From": "KMSP Minneapolis-St Paul International/Wold-Chamberlain, Minneapolis, United States", "To": "KPHX Phoenix Sky Harbor, United States", "Op": "American Airlines", "OpIcao": "AAL", "Sqk": "4160", "Help": false, "Vsi": -192, "VsiT": 0, "Dst": 1.27, "Brng": 266.1, "WTC": 2, "Species": 1, "Engines": "2", "EngType": 3, "EngMount": 0, "Mil": false, "Cou": "United States", "HasPic": false, "Interested": false, "FlightsCount": 0, "Gnd": true, "SpdTyp": 0, "CallSus": false, "Trt": 5, "Year": "2012"}, {"Id": 10502143, "Rcvr": 1, "HasSig": true, "Sig": 115, "Icao": "A03FFF", "Bad": false, "Reg": "N115NN", "FSeen": "/Date(1544395090209)/", "TSecs": 20094, "CMsgs": 10482, "Alt": 5498, "GAlt": 5788, "InHg": 30.2096462, "AltT": 0, "TAlt": 4000, "Call": "AAL32", "Lat": 40.649551, "Long": -73.795166, "PosTime": 1544412873417, "Mlat": false, "PosStale": true, "Tisb": false, "Spd": 0.0, "Trak": 165.9, "TrkH": false, "TTrk": 0.0, "Type": "A321", "Mdl": "2014 AIRBUS INDUSTRIE A321-231", "Man": "Airbus", "CNum": "6063", "From": "KLAX Los Angeles, United States", "To": "KJFK John F Kennedy, New York, United States", "Op": "American Airlines", "OpIcao": "AAL", "Sqk": "2023", "Help": false, "Vsi": -128, "VsiT": 0, "Dst": 1.41, "Brng": 303.9, "WTC": 2, "Species": 1, "Engines": "2", "EngType": 3, "EngMount": 0, "Mil": false, "Cou": "United States", "HasPic": false, "Interested": false, "FlightsCount": 0, "Gnd": true, "SpdTyp": 0, "CallSus": false, "Trt": 5, "Year": "2014"}, {"Id": 11363438, "Rcvr": 1, "HasSig": true, "Sig": 119, "Icao": "AD646E", "Bad": false, "Reg": "N962JT", "FSeen": "/Date(1544389476038)/", "TSecs": 25708, "CMsgs": 10363, "Alt": 2545, "GAlt": 2855, "InHg": 30.2303143, "AltT": 0, "TAlt": 4000, "Lat": 40.642769, "Long": -73.771088, "PosTime": 1544407306749, "Mlat": false, "PosStale": true, "Tisb": false, "Spd": 0.0, "Trak": 199.7, "TrkH": false, "TTrk": 250.0, "Type": "A321", "Mdl": "Airbus A321 231SL", "Man": "Airbus", "CNum": "6988", "Op": "JetBlue Airways", "OpIcao": "JBU", "Sqk": "2000", "Help": false, "Vsi": -1280, "VsiT": 0, "Dst": 0.86, "Brng": 87.9, "WTC": 2, "Species": 1, "Engines": "2", "EngType": 3, "EngMount": 0, "Mil": false, "Cou": "United States", "HasPic": false, "Interested": false, "FlightsCount": 0, "Gnd": true, "SpdTyp": 0, "CallSus": false, "Trt": 4, "Year": "2016"}, {"Id": 4198005, "Rcvr": 1, "HasSig": true, "Sig": 123, "Icao": "400E75", "Bad": false, "Reg": "G-VYOU", "FSeen": "/Date(1544387334104)/", "TSecs": 27850, "CMsgs": 7014, "Alt": 925, "GAlt": 1149, "InHg": 30.1443272, "AltT": 0, "TAlt": 4000, "Call": "VIR25B", "Lat": 40.61792, "Long": -73.702332, "PosTime": 1544415184447, "Mlat": false, "Tisb": false, "Spd": 136.3, "Trak": 300.9, "TrkH": false, "TTrk": 279.84375, "Type": "A346", "Mdl": "Airbus A340 642", "Man": "Airbus", "CNum": "765", "From": "EGLL London Heathrow, United Kingdom", "To": "KJFK John F Kennedy, New York, United States", "Op": "Virgin Atlantic Airways", "OpIcao": "VIR", "Sqk": "2541", "Help": false, "Vsi": -832, "VsiT": 1, "Dst": 7.2, "Brng": 112.3, "WTC": 3, "Species": 1, "Engines": "4", "EngType": 3, "EngMount": 0, "Mil": false, "Cou": "United Kingdom", "HasPic": false, "Interested": false, "FlightsCount": 0, "Gnd": false, "SpdTyp": 0, "CallSus": false, "Trt": 5, "Year": "2006", "Sat": true}, {"Id": 11379239, "Rcvr": 1, "HasSig": false, "Icao": "ADA227", "Bad": false, "Reg": "N978JB", "FSeen": "/Date(1544370214122)/", "TSecs": 44970, "CMsgs": 16389, "Alt": 13725, "GAlt": 14015, "InHg": 30.2096462, "AltT": 0, "TAlt": 23008, "Call": "JBU1124", "Lat": 40.660492, "Long": -74.016701, "PosTime": 1544415184444, "Mlat": false, "Tisb": false, "Spd": 387.0, "Trak": 161.0, "TrkH": false, "TTrk": 0.0, "Type": "A321", "Mdl": "Airbus A321 231SL", "Man": "Airbus", "CNum": "7584", "From": "KLAX Los Angeles, United States", "To": "KJFK John F Kennedy, New York, United States", "Op": "JetBlue Airways", "OpIcao": "JBU", "Sqk": "6712", "Help": false, "Vsi": -2432, "VsiT": 1, "Dst": 19.96, "Brng": 275.8, "WTC": 2, "Species": 1, "Engines": "2", "EngType": 3, "EngMount": 0, "Mil": false, "Cou": "United States", "HasPic": false, "Interested": false, "FlightsCount": 0, "Gnd": false, "SpdTyp": 0, "CallSus": false, "Trt": 5, "Year": "2017"}], "totalAc": 4254, "lastDv": "636796354144090868", "shtTrlSec": 65, "stm": 1544415184588}