{"src": 1, "feeds": [{"id": 1, "name": "From Cons", "polarPlot": false}], "srcFeed": 1, "showSil": true, "showFlg": true, "showPic": true, "flgH": 20, "flgW": 85, "acList": [{"Id": 11382709, "Rcvr": 1, "HasSig": true, "Sig": 70, "Icao": "ADAFB5", "Bad": false, "Reg": "N981JT", "FSeen": "/Date(1544404325180)/", "TSecs": 4, "CMsgs": 2, "Alt": -200, "GAlt": 110, "InHg": 30.2303143, "AltT": 0, "Lat": 40.641174, "Long": -73.800842, "PosTime": 1544404325180, "Mlat": false, "Tisb": false, "TrkH": false, "Type": "A321", "Mdl": "Airbus A321 231SL", "Man": "Airbus", "CNum": "7692", "Op": "JetBlue Airways", "OpIcao": "JBU", "Sqk": "", "VsiT": 0, "Dst": 1.66, "Brng": 265.0, "WTC": 2, "Species": 1, "Engines": "2", "EngType": 3, "EngMount": 0, "Mil": false, "Cou": "United States", "HasPic": false, "Interested": false, "FlightsCount": 0, "Gnd": false, "SpdTyp": 0, "CallSus": false, "Trt": 2, "Year": "2017"}, {"Id": 11336274, "Rcvr": 1, "HasSig": true, "Sig": 199, "Icao": "ACFA52", "Bad": false, "Reg": "N935XJ", "FSeen": "/Date(1544404310863)/", "TSecs": 18, "CMsgs": 10, "Alt": 125, "GAlt": 420, "InHg": 30.2151985, "AltT": 0, "TAlt": 4992, "Call": "EDV5308", "Lat": 40.7826, "Long": -73.879124, "PosTime": 1544404329291, "Mlat": false, "Tisb": false, "Spd": 150.3, "Trak": 303.1, "TrkH": false, "Type": "CRJ9", "Mdl": "2008 BOMBARDIER INC CL-600-2D24", "Man": "Bombardier", "CNum": "15199", "From": "CYUL Montreal / Pierre Elliott Trudeau, Montr\u00e9al, Canada", "To": "KMSP Minneapolis-St Paul International/Wold-Chamberlain, Minneapolis, United States", "Op": "DELTA AIR LINES INC     - ATLANTA, GA", "OpIcao": "EDV", "Sqk": "1760", "Help": false, "Vsi": 2816, "VsiT": 0, "Dst": 17.63, "Brng": 332.1, "WTC": 2, "Species": 1, "Engines": "2", "EngType": 3, "EngMount": 1, "Mil": false, "Cou": "United States", "HasPic": false, "Interested": false, "FlightsCount": 0, "Gnd": false, "SpdTyp": 0, "CallSus": false, "Trt": 5, "Year": "2008"}, {"Id": 11245179, "Rcvr": 1, "HasSig": true, "Sig": 219, "Icao": "AB967B", "Bad": false, "Reg": "N846DN", "FSeen": "/Date(1544404154580)/", "TSecs": 174, "CMsgs": 93, "Alt": 7275, "GAlt": 7617, "InHg": 30.26245, "AltT": 0, "TAlt": 16992, "Call": "DAL816", "Lat": 40.572603, "Long": -73.711645, "PosTime": 1544404327707, "Mlat": false, "Tisb": false, "Spd": 271.2, "Trak": 30.3, "TrkH": false, "TTrk": 40.078125, "Type": "B739", "Mdl": " BOEING 737-932ER", "Man": "Boeing", "CNum": "31957", "From": "KDSM Des Moines, United States", "To": "KATL Hartsfield Jackson Atlanta, United States", "Op": "Delta Air Lines", "OpIcao": "DAL", "Sqk": "2674", "Help": false, "Vsi": 2944, "VsiT": 1, "Dst": 9.74, "Brng": 142.9, "WTC": 2, "Species": 1, "Engines": "2", "EngType": 3, "EngMount": 0, "Mil": false, "Cou": "United States", "HasPic": false, "Interested": false, "FlightsCount": 0, "Gnd": false, "SpdTyp": 0, "CallSus": false, "Trt": 5, "Year": "2015"}, {"Id": 10769092, "Rcvr": 1, "HasSig": true, "Sig": 58, "Icao": "A452C4", "Bad": false, "Reg": "N378NW", "FSeen": "/Date(1544404145592)/", "TSecs": 183, "CMsgs": 101, "Alt": 7300, "GAlt": 7610, "InHg": 30.2303143, "AltT": 0, "Call": "DAL2037", "Lat": 40.5301, "Long": -73.9622, "PosTime": 1544404323809, "Mlat": true, "Tisb": false, "Trak": 205.8, "TrkH": false, "Type": "A320", "Mdl": "2003 AIRBUS A320-211", "Man": "Airbus", "CNum": "2092", "From": "KMCO Orlando, United States", "To": "KLGA La Guardia, New York, United States", "Op": "Delta Air Lines", "OpIcao": "DAL", "Sqk": "1712", "Help": false, "VsiT": 0, "Dst": 19.74, "Brng": 230.8, "WTC": 2, "Species": 1, "Engines": "2", "EngType": 3, "EngMount": 0, "Mil": false, "Cou": "United States", "HasPic": false, "Interested": false, "FlightsCount": 0, "Gnd": false, "SpdTyp": 0, "CallSus": true, "Trt": 2, "Year": "2003"}, {"Id": 10712026, "Rcvr": 1, "HasSig": false, "Icao": "A373DA", "Bad": false, "Reg": "N321US", "FSeen": "/Date(1544403921487)/", "TSecs": 408, "CMsgs": 70, "Alt": -250, "GAlt": 90, "InHg": 30.2598419, "AltT": 0, "Call": "DAL2799", "Lat": 40.649937, "Long": -73.770119, "PosTime": 1544404292227, "Mlat": false, "Tisb": false, "Spd": 5.0, "Trak": 120.8, "TrkH": false, "Type": "A320", "Mdl": "1992 AIRBUS INDUSTRIE A320-211", "Man": "Airbus", "CNum": "262", "From": "KJFK John F Kennedy, New York, United States", "To": "KMCO Orlando, United States", "Op": "DELTA AIR LINES INC     - ATLANTA, GA", "OpIcao": "DAL", "Sqk": "3050", "Help": false, "VsiT": 0, "Dst": 1.25, "Brng": 48.7, "WTC": 2, "Species": 1, "Engines": "2", "EngType": 3, "EngMount": 0, "Mil": false, "Cou": "United States", "HasPic": false, "Interested": false, "FlightsCount": 0, "Gnd": true, "SpdTyp": 0, "CallSus": false, "Trt": 2, "Year": "1992"}, {"Id": 10920695, "Rcvr": 1, "HasSig": true, "Sig": 93, "Icao": "A6A2F7", "Bad": false, "Reg": "N527AH", "FSeen": "/Date(1544403795840)/", "TSecs": 533, "CMsgs": 79, "Alt": -250, "GAlt": 90, "InHg": 30.2598419, "AltT": 0, "Call": "N527AH", "Lat": 40.641666, "Long": -73.796661, "PosTime": 1544403964721, "Mlat": false, "PosStale": true, "Tisb": false, "Spd": 18.0, "Trak": 59.1, "TrkH": false, "Type": "E190", "Mdl": "Embraer Lineage 1000 E", "Man": "Embraer", "CNum": "19000691", "Op": "Embraer", "Sqk": "4032", "Help": false, "VsiT": 0, "Dst": 1.3, "Brng": 266.0, "WTC": 2, "Species": 1, "Engines": "2", "EngType": 3, "EngMount": 0, "Mil": false, "Cou": "United States", "HasPic": false, "Interested": false, "FlightsCount": 0, "Gnd": true, "SpdTyp": 0, "CallSus": false, "Trt": 5, "Year": "2016"}, {"Id": 10576499, "Rcvr": 1, "HasSig": false, "Icao": "A16273", "Bad": false, "Reg": "N189DN", "FSeen": "/Date(1544403534953)/", "TSecs": 794, "CMsgs": 6, "InHg": 30.2598419, "AltT": 0, "Lat": 40.649883, "Long": -73.770004, "PosTime": 1544404323811, "Mlat": false, "Tisb": false, "Spd": 6.0, "Trak": 120.3, "TrkH": false, "Type": "B763", "Mdl": "1997 BOEING 767-332", "Man": "Boeing", "CNum": "25990", "Op": "Delta Air Lines", "OpIcao": "DAL", "Sqk": "1622", "Help": false, "VsiT": 0, "Dst": 1.26, "Brng": 49.2, "WTC": 3, "Species": 1, "Engines": "2", "EngType": 3, "EngMount": 0, "Mil": false, "Cou": "United States", "HasPic": false, "Interested": false, "FlightsCount": 0, "Gnd": true, "SpdTyp": 0, "CallSus": false, "Trt": 2, "Year": "1997"}, {"Id": 10563535, "Rcvr": 1, "HasSig": false, "Icao": "A12FCF", "Bad": false, "Reg": "N176DN", "FSeen": "/Date(1544403490347)/", "TSecs": 839, "CMsgs": 12, "Alt": 31725, "GAlt": 32065, "InHg": 30.2598419, "AltT": 0, "Lat": 40.649193, "Long": -73.766685, "PosTime": 1544404309169, "Mlat": false, "Tisb": false, "Spd": 3.0, "Trak": 33.8, "TrkH": false, "Type": "B763", "Mdl": "1990 BOEING 767-332", "Man": "Boeing", "CNum": "25061", "Op": "Delta Air Lines", "OpIcao": "DAL", "Sqk": "", "VsiT": 0, "Dst": 1.44, "Brng": 58.8, "WTC": 3, "Species": 1, "Engines": "2", "EngType": 3, "EngMount": 0, "Mil": false, "Cou": "United States", "HasPic": false, "Interested": false, "FlightsCount": 0, "Gnd": false, "SpdTyp": 0, "CallSus": false, "Trt": 2, "Year": "1990"}, {"Id": 10521291, "Rcvr": 1, "HasSig": false, "Icao": "A08ACB", "Bad": false, "Reg": "N134HQ", "FSeen": "/Date(1544403386758)/", "TSecs": 942, "CMsgs": 111, "Alt": 3500, "GAlt": 3819, "InHg": 30.2388229, "AltT": 0, "TAlt": 8000, "Call": "RPA4332", "Lat": 40.858295, "Long": -73.944542, "PosTime": 1544404329290, "Mlat": false, "Tisb": false, "Spd": 233.0, "Trak": 328.2, "TrkH": false, "Type": "E170", "Mdl": "ERJ 170-200 LR", "Man": "Embraer-Empresa", "CNum": "17000220", "Op": "Republic Airline", "OpIcao": "RPA", "Sqk": "3005", "Help": false, "Vsi": 1664, "VsiT": 1, "Dst": 27.66, "Brng": 330.2, "WTC": 2, "Species": 1, "Engines": "2", "EngType": 3, "EngMount": 0, "Mil": false, "Cou": "United States", "HasPic": false, "Interested": false, "FlightsCount": 0, "Gnd": false, "SpdTyp": 0, "CallSus": false, "Trt": 5, "Year": "2008"}, {"Id": 10585659, "Rcvr": 1, "HasSig": false, "Icao": "A1863B", "Bad": false, "Reg": "N198DN", "FSeen": "/Date(1544403051994)/", "TSecs": 1277, "CMsgs": 182, "Alt": 10700, "GAlt": 10990, "InHg": 30.2096462, "AltT": 0, "Call": "DAL140", "Lat": 40.695454, "Long": -73.568512, "PosTime": 1544404329289, "Mlat": false, "Tisb": false, "Spd": 313.0, "Trak": 37.1, "TrkH": false, "Type": "B763", "Mdl": "1998 BOEING 767-332", "Man": "Boeing", "CNum": "28455", "From": "KJFK John F Kennedy, New York, United States", "To": "EBBR Brussels, Belgium", "Op": "Delta Air Lines", "OpIcao": "DAL", "Sqk": "3024", "Help": false, "Vsi": 1472, "VsiT": 0, "Dst": 18.89, "Brng": 71.8, "WTC": 3, "Species": 1, "Engines": "2", "EngType": 3, "EngMount": 0, "Mil": false, "Cou": "United States", "HasPic": false, "Interested": false, "FlightsCount": 0, "Gnd": false, "SpdTyp": 0, "CallSus": true, "Trt": 5, "Year": "1998"}, {"Id": 10564497, "Rcvr": 1, "HasSig": true, "Sig": 109, "Icao": "A13391", "Bad": false, "Reg": "N177DZ", "FSeen": "/Date(1544402766667)/", "TSecs": 1562, "CMsgs": 130, "Alt": -250, "GAlt": 90, "InHg": 30.2303143, "AltT": 0, "Call": "DAL714", "Lat": 40.650444, "Long": -73.771255, "PosTime": 1544404319832, "Mlat": false, "Tisb": false, "Spd": 4.5, "Trak": 120.7, "TrkH": false, "Type": "B763", "Mdl": "1999 BOEING 767-332", "Man": "Boeing", "CNum": "29698", "From": "KLAX Los Angeles, United States", "To": "KJFK John F Kennedy, New York, United States", "Op": "DELTA AIR LINES INC     - ATLANTA, GA", "OpIcao": "DAL", "Sqk": "3074", "Help": false, "VsiT": 0, "Dst": 1.22, "Brng": 43.7, "WTC": 3, "Species": 1, "Engines": "2", "EngType": 3, "EngMount": 0, "Mil": false, "Cou": "United States", "HasPic": false, "Interested": false, "FlightsCount": 0, "Gnd": true, "SpdTyp": 0, "CallSus": false, "Trt": 5, "Year": "1999"}, {"Id": 11222295, "Rcvr": 1, "HasSig": true, "Sig": 215, "Icao": "AB3D17", "Bad": false, "Reg": "N823MD", "FSeen": "/Date(1544402732447)/", "TSecs": 1597, "CMsgs": 151, "Alt": 4200, "GAlt": 4510, "InHg": 30.2303143, "AltT": 0, "Lat": 40.559103, "Long": -73.80197, "PosTime": 1544404310859, "Mlat": false, "Tisb": false, "Spd": 208.1, "Trak": 147.8, "TrkH": false, "Type": "E170", "Mdl": "2005 EMBRAER ERJ 170-100SU", "Man": "Embraer", "CNum": "17000044", "Op": "REPUBLIC AIRLINE INC     - INDIANAPOLIS, IN", "OpIcao": "RPA", "Sqk": "2713", "Help": false, "Vsi": 1728, "VsiT": 1, "Dst": 9.43, "Brng": 190.7, "WTC": 2, "Species": 1, "Engines": "2", "EngType": 3, "EngMount": 0, "Mil": false, "Cou": "United States", "HasPic": false, "Interested": false, "FlightsCount": 0, "Gnd": false, "SpdTyp": 0, "CallSus": false, "Trt": 2, "Year": "2005"}, {"Id": 11196288, "Rcvr": 1, "HasSig": true, "Sig": 145, "Icao": "AAD780", "Bad": false, "Reg": "N798UA", "FSeen": "/Date(1544402670742)/", "TSecs": 1658, "CMsgs": 519, "Alt": 11725, "GAlt": 12130, "InHg": 30.3248043, "AltT": 0, "Call": "UAL960", "Lat": 40.838425, "Long": -73.942322, "PosTime": 1544404329288, "Mlat": false, "Tisb": false, "Spd": 333.1, "Trak": 59.5, "TrkH": false, "Type": "B772", "Mdl": "1998 BOEING 777-222", "Man": "Boeing", "CNum": "26928", "From": "KEWR Newark Liberty, United States", "To": "EDDF Frankfurt am Main, Frankfurt-am-Main, Germany", "Op": "United Airlines", "OpIcao": "UAL", "Sqk": "3367", "Help": false, "Vsi": 1280, "VsiT": 0, "Dst": 25.67, "Brng": 328.1, "WTC": 3, "Species": 1, "Engines": "2", "EngType": 3, "EngMount": 0, "Mil": false, "Cou": "United States", "HasPic": false, "Interested": false, "FlightsCount": 0, "Gnd": false, "SpdTyp": 0, "CallSus": false, "Trt": 2, "Year": "1998"}, {"Id": 10561644, "Rcvr": 1, "HasSig": false, "Icao": "A1286C", "Bad": false, "Reg": "N174DZ", "FSeen": "/Date(1544402223960)/", "TSecs": 2105, "CMsgs": 83, "Alt": 2200, "GAlt": 2542, "InHg": 30.26245, "AltT": 0, "TAlt": 4992, "Call": "DAL48", "Lat": 40.590775, "Long": -73.804932, "PosTime": 1544404329291, "Mlat": false, "Tisb": false, "Spd": 209.0, "Trak": 189.6, "TrkH": false, "TTrk": 225.0, "Type": "B763", "Mdl": "1998 BOEING 767-332", "Man": "Boeing", "CNum": "29693", "From": "KMIA Miami, United States", "To": "EHAM Amsterdam Airport Schiphol, Netherlands", "Stops": ["KJFK John F Kennedy, New York, United States"], "Op": "Delta Air Lines", "OpIcao": "DAL", "Sqk": "1735", "Help": false, "Vsi": 1664, "VsiT": 1, "Dst": 6.09, "Brng": 199.2, "WTC": 3, "Species": 1, "Engines": "2", "EngType": 3, "EngMount": 0, "Mil": false, "Cou": "United States", "HasPic": false, "Interested": false, "FlightsCount": 0, "Gnd": false, "SpdTyp": 0, "CallSus": false, "Trt": 5, "Year": "1998"}, {"Id": 11267611, "Rcvr": 1, "HasSig": true, "Sig": 180, "Icao": "ABEE1B", "Bad": false, "Reg": "N868RW", "FSeen": "/Date(1544402019676)/", "TSecs": 2309, "CMsgs": 1193, "Alt": 2050, "GAlt": 2369, "InHg": 30.239172, "AltT": 0, "Call": "RPA5936", "Lat": 40.8758, "Long": -73.7349, "PosTime": 1544404329267, "Mlat": true, "Tisb": false, "Spd": 342.0, "Trak": 301.2, "TrkH": false, "Type": "E170", "Mdl": "2006 EMBRAER ERJ 170-100SU", "Man": "Embraer", "CNum": "17000131", "Op": "SHUTTLE AMERICA CORP     - INDIANAPOLIS, IN", "OpIcao": "RPA", "Sqk": "2154", "Help": false, "Vsi": 10, "VsiT": 0, "Dst": 26.24, "Brng": 8.5, "WTC": 2, "Species": 1, "Engines": "2", "EngType": 3, "EngMount": 0, "Mil": false, "Cou": "United States", "HasPic": false, "Interested": false, "FlightsCount": 0, "Gnd": false, "SpdTyp": 0, "CallSus": true, "Trt": 2, "Year": "2006"}, {"Id": 10688864, "Rcvr": 1, "HasSig": false, "Icao": "A31960", "Bad": false, "Reg": "N29906", "FSeen": "/Date(1544401258768)/", "TSecs": 3070, "CMsgs": 1396, "Alt": -250, "GAlt": 31, "InHg": 30.2007866, "AltT": 0, "Call": "ASQ4061", "Lat": 40.711096, "Long": -74.15372, "PosTime": 1544403984396, "Mlat": true, "PosStale": true, "Tisb": false, "Spd": 309.0, "Trak": 200.6, "TrkH": false, "Type": "E145", "Mdl": "2001 EMBRAER EMB-145LR", "Man": "Embraer", "CNum": "145472", "Op": "WELLS FARGO BANK NORTHWEST NA TRUSTEE     - SALT LAKE CITY, UT", "OpIcao": "ASQ", "Sqk": "3412", "Help": false, "Vsi": -436, "VsiT": 0, "Dst": 32.32, "Brng": 283.8, "WTC": 2, "Species": 1, "Engines": "2", "EngType": 3, "EngMount": 1, "Mil": false, "Cou": "United States", "HasPic": false, "Interested": false, "FlightsCount": 0, "Gnd": true, "SpdTyp": 0, "CallSus": false, "Trt": 2, "Year": "2001"}, {"Id": 11382611, "Rcvr": 1, "HasSig": true, "Sig": 60, "Icao": "ADAF53", "Bad": false, "Reg": "N981EV", "FSeen": "/Date(1544400966899)/", "TSecs": 3362, "CMsgs": 1422, "Alt": -250, "GAlt": 31, "InHg": 30.2007866, "AltT": 0, "Lat": 40.689356, "Long": -73.721008, "PosTime": 1544403788985, "Mlat": true, "PosStale": true, "Tisb": false, "Spd": 431.4, "Trak": 209.7, "TrkH": false, "Type": "CRJ2", "Mdl": "2003 BOMBARDIER INC CL-600-2B19", "Man": "Bombardier", "CNum": "7768", "Op": "US BANK NA TRUSTEE     - WILMINGTON, DE", "OpIcao": "EDV", "Sqk": "3442", "Help": false, "Vsi": 64, "VsiT": 0, "Dst": 7.28, "Brng": 44.3, "WTC": 2, "Species": 1, "Engines": "2", "EngType": 3, "EngMount": 1, "Mil": false, "Cou": "United States", "HasPic": false, "Interested": false, "FlightsCount": 0, "Gnd": true, "SpdTyp": 0, "CallSus": false, "Trt": 2, "Year": "2003"}, {"Id": 10925303, "Rcvr": 1, "HasSig": true, "Sig": 189, "Icao": "A6B4F7", "Bad": false, "Reg": "N531JL", "FSeen": "/Date(1544400039571)/", "TSecs": 4289, "CMsgs": 1922, "Alt": -250, "GAlt": 92, "InHg": 30.26245, "AltT": 0, "TAlt": 3008, "Call": "JBU740", "Lat": 40.632534, "Long": -73.767502, "PosTime": 1544403068424, "Mlat": false, "PosStale": true, "Tisb": false, "Spd": 4.5, "Trak": 199.7, "TrkH": false, "TTrk": 0.0, "Type": "A320", "Mdl": "2001 AIRBUS INDUSTRIE A320-232", "Man": "Airbus", "CNum": "1650", "From": "TJPS Mercedita, Ponce, Puerto Rico", "To": "KJFK John F Kennedy, New York, United States", "Op": "JetBlue Airways", "OpIcao": "JBU", "Sqk": "2000", "Help": false, "Vsi": -128, "VsiT": 0, "Dst": 1.61, "Brng": 133.6, "WTC": 2, "Species": 1, "Engines": "2", "EngType": 3, "EngMount": 0, "Mil": false, "Cou": "United States", "HasPic": false, "Interested": false, "FlightsCount": 0, "Gnd": true, "SpdTyp": 0, "CallSus": false, "Trt": 5, "Year": "2001"}, {"Id": 10957529, "Rcvr": 1, "HasSig": true, "Sig": 115, "Icao": "A732D9", "Bad": false, "Reg": "N563JB", "FSeen": "/Date(1544399788545)/", "TSecs": 4540, "CMsgs": 2119, "Alt": 3700, "GAlt": 4019, "InHg": 30.2388229, "AltT": 0, "TAlt": 4000, "Call": "JBU1042", "Lat": 40.424698, "Long": -73.565552, "PosTime": 1544404323775, "Mlat": false, "Tisb": false, "Spd": 267.7, "Trak": 29.1, "TrkH": false, "TTrk": 40.078125, "Type": "A320", "Mdl": "2003 AIRBUS A320-232", "Man": "Airbus", "CNum": "2006", "From": "KSAV Savannah Hilton Head, United States", "To": "KJFK John F Kennedy, New York, United States", "Op": "JetBlue Airways", "OpIcao": "JBU", "Sqk": "0726", "Help": false, "Vsi": 0, "VsiT": 0, "Dst": 30.31, "Brng": 143.0, "WTC": 2, "Species": 1, "Engines": "2", "EngType": 3, "EngMount": 0, "Mil": false, "Cou": "United States", "HasPic": false, "Interested": false, "FlightsCount": 0, "Gnd": false, "SpdTyp": 0, "CallSus": false, "Trt": 5, "Year": "2003"}, {"Id": 10964787, "Rcvr": 1, "HasSig": true, "Sig": 36, "Icao": "A74F33", "Bad": false, "Reg": "N570JB", "FSeen": "/Date(1544399663485)/", "TSecs": 4666, "CMsgs": 2475, "Alt": 33250, "GAlt": 33262, "InHg": 29.93171, "AltT": 0, "TAlt": 27008, "Call": "JBU696", "Lat": 40.593272, "Long": -73.855528, "PosTime": 1544404329260, "Mlat": false, "Tisb": false, "Spd": 561.1, "Trak": 49.6, "TrkH": false, "Type": "A320", "Mdl": "2003 AIRBUS A320-232", "Man": "Airbus", "CNum": "2099", "From": "KATL Hartsfield Jackson Atlanta, United States", "To": "KBOS General Edward Lawrence Logan, Boston, United States", "Op": "JetBlue Airways", "OpIcao": "JBU", "Sqk": "1616", "Help": false, "Vsi": -2112, "VsiT": 0, "Dst": 8.32, "Brng": 228.9, "WTC": 2, "Species": 1, "Engines": "2", "EngType": 3, "EngMount": 0, "Mil": false, "Cou": "United States", "HasPic": false, "Interested": false, "FlightsCount": 0, "Gnd": false, "SpdTyp": 0, "CallSus": false, "Trt": 2, "Year": "2003"}, {"Id": 11307843, "Rcvr": 1, "HasSig": false, "Icao": "AC8B43", "Bad": false, "Reg": "N907XJ", "FSeen": "/Date(1544399598394)/", "TSecs": 4731, "CMsgs": 2428, "Alt": 2100, "GAlt": 2381, "InHg": 30.2007866, "AltT": 0, "Lat": 40.7998, "Long": -73.6241, "PosTime": 1544404329261, "Mlat": true, "Tisb": false, "Spd": 459.0, "Trak": 243.0, "TrkH": false, "Type": "CRJ9", "Mdl": "2007 BOMBARDIER INC CL-600-2D24", "Man": "Bombardier", "CNum": "15139", "Op": "DELTA AIR LINES INC     - ATLANTA, GA", "OpIcao": "EDV", "Sqk": "2240", "Help": false, "Vsi": -2368, "VsiT": 0, "Dst": 21.94, "Brng": 37.1, "WTC": 2, "Species": 1, "Engines": "2", "EngType": 3, "EngMount": 1, "Mil": false, "Cou": "United States", "HasPic": false, "Interested": false, "FlightsCount": 0, "Gnd": false, "SpdTyp": 0, "CallSus": false, "Trt": 2, "Year": "2007"}, {"Id": 10721059, "Rcvr": 1, "HasSig": true, "Sig": 203, "Icao": "A39723", "Bad": false, "Reg": "N330PQ", "FSeen": "/Date(1544399244266)/", "TSecs": 5085, "CMsgs": 2583, "Alt": 3750, "GAlt": 4069, "InHg": 30.239172, "AltT": 0, "Call": "EDV5113", "Lat": 40.793447, "Long": -73.761957, "PosTime": 1544404325154, "Mlat": true, "Tisb": false, "Spd": 384.9, "Trak": 324.3, "TrkH": false, "Type": "CRJ9", "Mdl": "2014 BOMBARDIER INC CL-600-2D24", "Man": "Bombardier", "CNum": "15330", "Op": "Delta Air Lines", "OpIcao": "EDV", "Sqk": "6765", "Help": false, "Vsi": -576, "VsiT": 1, "Dst": 16.86, "Brng": 5.5, "WTC": 2, "Species": 1, "Engines": "2", "EngType": 3, "EngMount": 1, "Mil": false, "Cou": "United States", "HasPic": false, "Interested": false, "FlightsCount": 0, "Gnd": false, "SpdTyp": 0, "CallSus": true, "Trt": 2, "Year": "2014"}, {"Id": 11181572, "Rcvr": 1, "HasSig": false, "Icao": "AA9E04", "Bad": false, "Reg": "N7830A", "FSeen": "/Date(1544398114408)/", "TSecs": 6215, "CMsgs": 3082, "Alt": -250, "GAlt": 60, "InHg": 30.2096462, "AltT": 0, "Call": "SWA1277", "Lat": 40.77726, "Long": -73.870308, "PosTime": 1544404289856, "Mlat": false, "Tisb": false, "Spd": 0.0, "Trak": 122.4, "TrkH": false, "Type": "B737", "Mdl": " BOEING 737-7L9", "Man": "Boeing", "CNum": "28008", "From": "KFLL Fort Lauderdale Hollywood, United States", "To": "KPVD Theodore Francis Green State, Providence, United States", "Stops": ["KBWI Baltimore/Washington International Thurgood Marshal, Baltimore, United States"], "Op": "Southwest Airlines", "OpIcao": "SWA", "Sqk": "7217", "Help": false, "Vsi": -640, "VsiT": 0, "Dst": 16.76, "Brng": 333.4, "WTC": 2, "Species": 1, "Engines": "2", "EngType": 3, "EngMount": 0, "Mil": false, "Cou": "United States", "HasPic": false, "Interested": false, "FlightsCount": 0, "Gnd": true, "SpdTyp": 0, "CallSus": false, "Trt": 2}, {"Id": 10502603, "Rcvr": 1, "HasSig": true, "Sig": 6, "Icao": "A041CB", "Bad": false, "Reg": "N11548", "FSeen": "/Date(1544397859765)/", "TSecs": 6469, "CMsgs": 3388, "Alt": 2075, "GAlt": 2394, "InHg": 30.2388229, "AltT": 0, "TAlt": 3008, "Call": "ASQ4052", "Lat": 40.796798, "Long": -74.098351, "PosTime": 1544404329258, "Mlat": false, "Tisb": false, "Spd": 166.4, "Trak": 205.6, "TrkH": false, "Type": "E145", "Mdl": "2002 EMBRAER EMB-145LR", "Man": "Embraer", "CNum": "145565", "Op": "WELLS FARGO BANK NORTHWEST NA TRUSTEE     - SALT LAKE CITY, UT", "OpIcao": "ASQ", "Sqk": "3140", "Help": false, "Vsi": -1024, "VsiT": 1, "Dst": 31.76, "Brng": 302.8, "WTC": 2, "Species": 1, "Engines": "2", "EngType": 3, "EngMount": 1, "Mil": false, "Cou": "United States", "HasPic": false, "Interested": false, "FlightsCount": 0, "Gnd": false, "SpdTyp": 0, "CallSus": false, "Trt": 5, "Year": "2002"}, {"Id": 10806584, "Rcvr": 1, "HasSig": true, "Sig": 135, "Icao": "A4E538", "Bad": false, "Reg": "N414YX", "FSeen": "/Date(1544397532384)/", "TSecs": 6797, "CMsgs": 3583, "Alt": 3750, "GAlt": 4045, "InHg": 30.2151985, "AltT": 0, "TAlt": 3616, "Call": "RPA4716", "Lat": 40.750107, "Long": -73.840609, "PosTime": 1544404329258, "Mlat": false, "Tisb": false, "Spd": 269.3, "Trak": 58.7, "TrkH": false, "Type": "E75L", "Mdl": "2013 EMBRAER ERJ170-200LR", "Man": "Embraer", "CNum": "17000377", "Op": "REPUBLIC AIRLINE INC     - INDIANAPOLIS, IN", "OpIcao": "RPA", "Sqk": "1612", "Help": false, "Vsi": 0, "VsiT": 0, "Dst": 12.97, "Brng": 337.3, "WTC": 2, "Species": 1, "Engines": "2", "EngType": 3, "EngMount": 0, "Mil": false, "Cou": "United States", "HasPic": false, "Interested": false, "FlightsCount": 0, "Gnd": false, "SpdTyp": 0, "CallSus": false, "Trt": 2, "Year": "2013"}, {"Id": 10781098, "Rcvr": 1, "HasSig": false, "Icao": "A481AA", "Bad": false, "Reg": "N39NP", "FSeen": "/Date(1544397053553)/", "TSecs": 7275, "CMsgs": 3715, "Alt": -250, "GAlt": 92, "InHg": 30.26245, "AltT": 0, "TAlt": 12992, "Call": "N39NP", "Lat": 40.851078, "Long": -74.059464, "PosTime": 1544404309127, "Mlat": false, "Tisb": false, "Spd": 119.0, "Trak": 182.9, "TrkH": false, "Type": "F900", "Mdl": "1998 DASSAULT FALCON 900 EX", "Man": "Dassault", "CNum": "39", "Op": "WELLS FARGO BANK NORTHWEST NA TRUSTEE     - SALT LAKE CITY, UT", "Sqk": "1302", "Help": false, "Vsi": -640, "VsiT": 0, "Dst": 32.97, "Brng": 314.8, "WTC": 2, "Species": 1, "Engines": "3", "EngType": 3, "EngMount": 1, "Mil": false, "Cou": "United States", "HasPic": false, "Interested": false, "FlightsCount": 0, "Gnd": true, "SpdTyp": 0, "CallSus": false, "Trt": 5, "Year": "1998"}, {"Id": 11160602, "Rcvr": 1, "HasSig": true, "Sig": 12, "Icao": "AA4C1A", "Bad": false, "Reg": "N76254", "FSeen": "/Date(1544396985326)/", "TSecs": 7344, "CMsgs": 3814, "Alt": 875, "GAlt": 1035, "InHg": 30.0797253, "AltT": 0, "Lat": 40.758346, "Long": -74.122259, "PosTime": 1544404325152, "Mlat": true, "Tisb": false, "Spd": 500.7, "Trak": 206.7, "TrkH": false, "Type": "B738", "Mdl": "BOEING 737-824", "Man": "Boeing", "CNum": "30779", "Op": "United Airlines", "OpIcao": "UAL", "Sqk": "7343", "Help": false, "Vsi": 0, "VsiT": 1, "Dst": 31.5, "Brng": 294.3, "WTC": 2, "Species": 1, "Engines": "2", "EngType": 3, "EngMount": 0, "Mil": false, "Cou": "United States", "HasPic": false, "Interested": false, "FlightsCount": 0, "Gnd": false, "SpdTyp": 0, "CallSus": false, "Trt": 2, "Year": "2000"}, {"Id": 10695463, "Rcvr": 1, "HasSig": true, "Sig": 9, "Icao": "A33327", "Bad": false, "Reg": "N305NX", "FSeen": "/Date(1544396196546)/", "TSecs": 8132, "CMsgs": 4180, "Alt": 1650, "GAlt": 1945, "InHg": 30.2151985, "AltT": 0, "TAlt": 3008, "Call": "AAL332", "Lat": 40.863741, "Long": -73.805591, "PosTime": 1544404329251, "Mlat": false, "Tisb": false, "Spd": 135.3, "Trak": 210.2, "TrkH": false, "TTrk": 222.1875, "Type": "B738", "Mdl": "737-823", "Man": "Boeing", "CNum": "31253", "From": "KLGA La Guardia, New York, United States", "To": "KORD Chicago O'Hare, United States", "Op": "American Airlines", "OpIcao": "AAL", "Sqk": "2103", "Help": false, "Vsi": -512, "VsiT": 1, "Dst": 24.69, "Brng": 355.3, "WTC": 2, "Species": 1, "Engines": "2", "EngType": 3, "EngMount": 0, "Mil": false, "Cou": "United States", "HasPic": false, "Interested": false, "FlightsCount": 0, "Gnd": false, "SpdTyp": 0, "CallSus": false, "Tag": "GT", "Trt": 5, "Year": "2016"}, {"Id": 11034613, "Rcvr": 1, "HasSig": true, "Sig": 79, "Icao": "A85FF5", "Bad": false, "Reg": "N639JB", "FSeen": "/Date(1544395822868)/", "TSecs": 8506, "CMsgs": 4037, "Alt": -250, "GAlt": 92, "InHg": 30.26245, "AltT": 0, "TAlt": 4000, "Call": "JBU1730", "Lat": 40.632492, "Long": -73.767388, "PosTime": 1544403822299, "Mlat": false, "PosStale": true, "Tisb": false, "Spd": 0.0, "Trak": 213.8, "TrkH": false, "TTrk": 40.078125, "Type": "A320", "Mdl": "2006 AIRBUS A320-232", "Man": "Airbus", "CNum": "2814", "From": "TXKF L.F. Wade International, Hamilton, Bermuda", "To": "KJFK John F Kennedy, New York, United States", "Op": "JetBlue Airways", "OpIcao": "JBU", "Sqk": "2000", "Help": false, "Vsi": -512, "VsiT": 0, "Dst": 1.62, "Brng": 133.5, "WTC": 2, "Species": 1, "Engines": "2", "EngType": 3, "EngMount": 0, "Mil": false, "Cou": "United States", "HasPic": false, "Interested": false, "FlightsCount": 0, "Gnd": true, "SpdTyp": 0, "CallSus": false, "Trt": 5, "Year": "2006"}, {"Id": 4739594, "Rcvr": 1, "HasSig": true, "Sig": 117, "Icao": "48520A", "Bad": false, "Reg": "PH-HXB", "FSeen": "/Date(1544395538581)/", "TSecs": 8790, "CMsgs": 4485, "Alt": -250, "GAlt": 92, "InHg": 30.26245, "AltT": 0, "TAlt": 3008, "Call": "SCX247", "Lat": 40.632399, "Long": -73.766327, "PosTime": 1544404329251, "Mlat": false, "Tisb": false, "Spd": 11.0, "Trak": 244.7, "TrkH": false, "TTrk": 227.109375, "Type": "B738", "Mdl": "Boeing 737NG 8K2/W", "Man": "Boeing", "CNum": "41340", "From": "KMSP Minneapolis-St Paul International/Wold-Chamberlain, Minneapolis, United States", "To": "KJFK John F Kennedy, New York, United States", "Op": "Transavia", "OpIcao": "TRA", "Sqk": "6263", "Help": false, "Vsi": -128, "VsiT": 1, "Dst": 1.69, "Brng": 131.6, "WTC": 2, "Species": 1, "Engines": "2", "EngType": 3, "EngMount": 0, "Mil": false, "Cou": "Netherlands", "HasPic": false, "Interested": false, "FlightsCount": 0, "Gnd": true, "SpdTyp": 0, "CallSus": false, "Trt": 5, "Year": "2016"}, {"Id": 10580168, "Rcvr": 1, "HasSig": false, "Icao": "A170C8", "Bad": false, "Reg": "N192NC", "FSeen": "/Date(1544395491094)/", "TSecs": 8838, "CMsgs": 3902, "Alt": -250, "GAlt": 40, "InHg": 30.2096462, "AltT": 0, "TAlt": 7008, "Call": "N192NC", "Lat": 40.847935, "Long": -74.061134, "PosTime": 1544404289857, "Mlat": false, "Tisb": false, "Spd": 16.0, "Trak": 3.4, "TrkH": false, "Type": "GLF4", "Mdl": "2008 GULFSTREAM AEROSPACE GIV-X (G450)", "Man": "Gulfstream Aerospace", "CNum": "4126", "Op": "SCP AVIATION LLC     - BOCA RATON, FL", "OpIcao": "TWY", "Sqk": "3734", "Help": false, "Vsi": -64, "VsiT": 0, "Dst": 32.83, "Brng": 314.2, "WTC": 2, "Species": 1, "Engines": "2", "EngType": 3, "EngMount": 1, "Mil": false, "Cou": "United States", "HasPic": false, "Interested": false, "FlightsCount": 0, "Gnd": true, "SpdTyp": 0, "CallSus": false, "Trt": 5, "Year": "2008"}, {"Id": 10599952, "Rcvr": 1, "HasSig": true, "Sig": 159, "Icao": "A1BE10", "Bad": false, "Reg": "N211JQ", "FSeen": "/Date(1544394297048)/", "TSecs": 10032, "CMsgs": 4847, "Alt": -250, "GAlt": 45, "InHg": 30.2151985, "AltT": 0, "TAlt": 2016, "Call": "RPA5899", "Lat": 40.780609, "Long": -73.874695, "PosTime": 1544404283001, "Mlat": false, "Tisb": false, "Spd": 106.5, "Trak": 212.3, "TrkH": false, "Type": "E75S", "Mdl": "2008 EMBRAER-EMPRESA BRASILEIRA DE ERJ 170-200 LR", "Man": "Embraer", "CNum": "17000261", "Op": "SHUTTLE AMERICA CORP     - INDIANAPOLIS, IN", "OpIcao": "RPA", "Sqk": "2770", "Help": false, "Vsi": -64, "VsiT": 0, "Dst": 17.26, "Brng": 332.9, "WTC": 2, "Species": 1, "Engines": "2", "EngType": 3, "EngMount": 0, "Mil": false, "Cou": "United States", "HasPic": false, "Interested": false, "FlightsCount": 0, "Gnd": true, "SpdTyp": 0, "CallSus": false, "Trt": 5, "Year": "2008"}, {"Id": 11373549, "Rcvr": 1, "HasSig": true, "Sig": 119, "Icao": "AD8BED", "Bad": false, "Reg": "N972JT", "FSeen": "/Date(1544394186034)/", "TSecs": 10143, "CMsgs": 3140, "Alt": -250, "GAlt": 92, "InHg": 30.26245, "AltT": 0, "TAlt": 4000, "Call": "JBU2809", "Lat": 40.658432, "Long": -73.791809, "PosTime": 1544396608291, "Mlat": false, "PosStale": true, "Tisb": false, "Spd": 0.0, "Trak": 191.3, "TrkH": false, "TTrk": 0.0, "Type": "A321", "Mdl": "Airbus A321 231SL", "Man": "Airbus", "CNum": "7455", "Op": "JetBlue Airways", "OpIcao": "JBU", "Sqk": "2000", "Help": false, "Vsi": -576, "VsiT": 0, "Dst": 1.98, "Brng": 333.4, "WTC": 2, "Species": 1, "Engines": "2", "EngType": 3, "EngMount": 0, "Mil": false, "Cou": "United States", "HasPic": false, "Interested": false, "FlightsCount": 0, "Gnd": true, "SpdTyp": 0, "CallSus": false, "Trt": 5, "Year": "2016"}, {"Id": 11358066, "Rcvr": 1, "HasSig": true, "Sig": 79, "Icao": "AD4F72", "Bad": false, "Reg": "N957JB", "FSeen": "/Date(1544393963924)/", "TSecs": 10365, "CMsgs": 4040, "Alt": -250, "GAlt": 69, "InHg": 30.2388229, "AltT": 0, "TAlt": 3008, "Call": "JBU1452", "Lat": 40.630293, "Long": -73.770197, "PosTime": 1544404270225, "Mlat": false, "Tisb": false, "Spd": 21.0, "Trak": 16.9, "TrkH": false, "TTrk": 260.15625, "Type": "A321", "Mdl": "Airbus A321 231SL", "Man": "Airbus", "CNum": "6809", "From": "KMCO Orlando, United States", "To": "KBOS General Edward Lawrence Logan, Boston, United States", "Op": "JetBlue Airways", "OpIcao": "JBU", "Sqk": "6103", "Help": false, "Vsi": -64, "VsiT": 1, "Dst": 1.65, "Brng": 145.4, "WTC": 2, "Species": 1, "Engines": "2", "EngType": 3, "EngMount": 0, "Mil": false, "Cou": "United States", "HasPic": false, "Interested": false, "FlightsCount": 0, "Gnd": true, "SpdTyp": 0, "CallSus": false, "Trt": 5, "Year": "2015"}, {"Id": 854020, "Rcvr": 1, "HasSig": false, "Icao": "0D0804", "Bad": false, "Reg": "XA-AML", "FSeen": "/Date(1544393768149)/", "TSecs": 10561, "CMsgs": 3795, "Alt": 31575, "GAlt": 31885, "InHg": 30.2303143, "AltT": 0, "Call": "AMX698", "Lat": 40.744102, "Long": -73.618576, "PosTime": 1544404329258, "Mlat": false, "Tisb": false, "Spd": 563.0, "Trak": 49.2, "TrkH": false, "Type": "B738", "Mdl": "Boeing 737NG 852/W", "Man": "Boeing", "CNum": "36707", "From": "MMMX Licenciado Benito Juarez, Mexico City, Mexico", "To": "KBOS General Edward Lawrence Logan, Boston, United States", "Op": "Aerom\u00e9xico", "OpIcao": "AMX", "Sqk": "3251", "Help": false, "Vsi": -5312, "VsiT": 0, "Dst": 17.77, "Brng": 50.5, "WTC": 2, "Species": 1, "Engines": "2", "EngType": 3, "EngMount": 0, "Mil": false, "Cou": "Mexico", "HasPic": false, "Interested": false, "FlightsCount": 0, "Gnd": false, "SpdTyp": 0, "CallSus": false, "Trt": 2, "Year": "2014"}, {"Id": 11382804, "Rcvr": 1, "HasSig": false, "Icao": "ADB014", "Bad": false, "Reg": "N981NN", "FSeen": "/Date(1544393653338)/", "TSecs": 10676, "CMsgs": 5362, "Alt": 3725, "GAlt": 4035, "InHg": 30.2214565, "AltT": 0, "TAlt": 10016, "Call": "AAL2716", "Lat": 40.643005, "Long": -73.998718, "PosTime": 1544404329250, "Mlat": false, "Tisb": false, "Spd": 259.0, "Trak": 35.3, "TrkH": false, "TTrk": 47.8125, "Type": "B738", "Mdl": " BOEING 737-823", "Man": "Boeing", "CNum": "31230", "From": "KJFK John F Kennedy, New York, United States", "To": "KCLT Charlotte Douglas, United States", "Op": "American Airlines", "OpIcao": "AAL", "Sqk": "2206", "Help": false, "Vsi": 64, "VsiT": 0, "Dst": 18.35, "Brng": 270.3, "WTC": 2, "Species": 1, "Engines": "2", "EngType": 3, "EngMount": 0, "Mil": false, "Cou": "United States", "HasPic": false, "Interested": false, "FlightsCount": 0, "Gnd": false, "SpdTyp": 0, "CallSus": false, "Trt": 5, "Year": "2015"}, {"Id": 10918036, "Rcvr": 1, "HasSig": true, "Sig": 176, "Icao": "A69894", "Bad": false, "Reg": "N524JB", "FSeen": "/Date(1544393565350)/", "TSecs": 10764, "CMsgs": 4651, "Alt": -250, "GAlt": -237, "InHg": 29.93171, "AltT": 0, "TAlt": 35008, "Call": "JBU2960", "Lat": 40.63262, "Long": -73.767653, "PosTime": 1544402499326, "Mlat": false, "PosStale": true, "Tisb": false, "Spd": 0.0, "Trak": 199.7, "TrkH": false, "TTrk": 0.0, "Type": "A320", "Mdl": "2001 AIRBUS INDUSTRIE A320-232", "Man": "Airbus", "CNum": "1528", "Op": "JetBlue Airways", "OpIcao": "JBU", "Sqk": "2000", "Help": false, "Vsi": -704, "VsiT": 0, "Dst": 1.59, "Brng": 133.6, "WTC": 2, "Species": 1, "Engines": "2", "EngType": 3, "EngMount": 0, "Mil": false, "Cou": "United States", "HasPic": false, "Interested": false, "FlightsCount": 0, "Gnd": true, "SpdTyp": 0, "CallSus": false, "Trt": 5, "Year": "2001"}, {"Id": 11103138, "Rcvr": 1, "HasSig": true, "Sig": 124, "Icao": "A96BA2", "Bad": false, "Reg": "N706JB", "FSeen": "/Date(1544393442870)/", "TSecs": 10886, "CMsgs": 3441, "Alt": 100400, "GAlt": 100742, "InHg": 30.26245, "AltT": 0, "TAlt": 4000, "Call": "JBU950", "Lat": 40.651291, "Long": -73.775894, "PosTime": 1544395940330, "Mlat": false, "PosStale": true, "Tisb": false, "Spd": 0.0, "Trak": 202.5, "TrkH": false, "TTrk": 0.0, "Type": "A320", "Mdl": "2008 AIRBUS A320-232", "Man": "Airbus", "CNum": "3451", "From": "KMCO Orlando, United States", "To": "KBOS General Edward Lawrence Logan, Boston, United States", "Op": "JetBlue Airways", "OpIcao": "JBU", "Sqk": "2000", "Help": false, "Vsi": -960, "VsiT": 0, "Dst": 1.08, "Brng": 24.9, "WTC": 2, "Species": 1, "Engines": "2", "EngType": 3, "EngMount": 0, "Mil": false, "Cou": "United States", "HasPic": false, "Interested": false, "FlightsCount": 0, "Gnd": true, "SpdTyp": 0, "CallSus": false, "Trt": 5, "Year": "2008"}, {"Id": 11118416, "Rcvr": 1, "HasSig": true, "Sig": 114, "Icao": "A9A750", "Bad": false, "Reg": "N721AN", "FSeen": "/Date(1544392370486)/", "TSecs": 11959, "CMsgs": 4356, "Alt": 1700, "GAlt": 1990, "InHg": 30.2096462, "AltT": 0, "Call": "AAL107", "Lat": 40.841628, "Long": -73.532118, "PosTime": 1544404329251, "Mlat": false, "Tisb": false, "Spd": 156.1, "Trak": 239.2, "TrkH": false, "Type": "B77W", "Mdl": "2013 BOEING 777-323ER", "Man": "Boeing", "CNum": "31546", "From": "EGLL London Heathrow, United Kingdom", "To": "KJFK John F Kennedy, New York, United States", "Op": "American Airlines", "OpIcao": "AAL", "Sqk": "6333", "Help": false, "Vsi": -384, "VsiT": 0, "Dst": 30.51, "Brng": 43.4, "WTC": 3, "Species": 1, "Engines": "2", "EngType": 3, "EngMount": 0, "Mil": false, "Cou": "United States", "HasPic": false, "Interested": false, "FlightsCount": 0, "Gnd": false, "SpdTyp": 0, "CallSus": false, "Trt": 2, "Year": "2013", "Sat": true}, {"Id": 11234034, "Rcvr": 1, "HasSig": false, "Icao": "AB6AF2", "Bad": false, "Reg": "N835AE", "FSeen": "/Date(1544392045996)/", "TSecs": 12283, "CMsgs": 4527, "Alt": 475, "GAlt": 765, "InHg": 30.2096462, "AltT": 0, "Call": "ENY3346", "Lat": 40.815948, "Long": -73.845459, "PosTime": 1544404329261, "Mlat": false, "Tisb": false, "Spd": 124.0, "Trak": 212.2, "TrkH": false, "Type": "E135", "Mdl": "EMB-135KL", "Man": "Embraer", "CNum": "145634", "Op": "Envoy Air", "OpIcao": "ENY", "Sqk": "7404", "Help": false, "Vsi": -1088, "VsiT": 0, "Dst": 20.03, "Brng": 344.4, "WTC": 2, "Species": 1, "Engines": "2", "EngType": 3, "EngMount": 1, "Mil": false, "Cou": "United States", "HasPic": false, "Interested": false, "FlightsCount": 0, "Gnd": false, "SpdTyp": 0, "CallSus": false, "Trt": 5, "Year": "2002"}, {"Id": 11246998, "Rcvr": 1, "HasSig": false, "Icao": "AB9D96", "Bad": false, "Reg": "N848AE", "FSeen": "/Date(1544389723079)/", "TSecs": 14606, "CMsgs": 4851, "Alt": -250, "GAlt": 40, "InHg": 30.2096462, "AltT": 0, "Call": "ENY4093", "Lat": 40.777851, "Long": -73.875305, "PosTime": 1544404299855, "Mlat": false, "Tisb": false, "Spd": 18.0, "Trak": 47.8, "TrkH": false, "Type": "E135", "Mdl": "2003 EMBRAER EMB-135KL", "Man": "Embraer", "CNum": "145710", "Op": "AMERICAN AIRLINES INC     - FORT WORTH, TX", "OpIcao": "ENY", "Sqk": "6605", "Help": false, "Vsi": -768, "VsiT": 0, "Dst": 17.01, "Brng": 332.3, "WTC": 2, "Species": 1, "Engines": "2", "EngType": 3, "EngMount": 1, "Mil": false, "Cou": "United States", "HasPic": false, "Interested": false, "FlightsCount": 0, "Gnd": true, "SpdTyp": 0, "CallSus": false, "Trt": 5, "Year": "2003"}, {"Id": 10802659, "Rcvr": 1, "HasSig": false, "Icao": "A4D5E3", "Bad": false, "Reg": "N410UA", "FSeen": "/Date(1544388539601)/", "TSecs": 15789, "CMsgs": 5779, "Alt": -275, "GAlt": 74, "InHg": 30.2687035, "AltT": 0, "Call": "UAL856", "Lat": 40.708116, "Long": -74.15397, "PosTime": 1544398248839, "Mlat": true, "PosStale": true, "Tisb": false, "Spd": 533.0, "Trak": 43.0, "TrkH": false, "Type": "A320", "Mdl": "1994 AIRBUS INDUSTRIE A320-232", "Man": "Airbus", "CNum": "463", "From": "KLAX Los Angeles, United States", "To": "KIAD Washington Dulles, United States", "Op": "United Airlines", "OpIcao": "UAL", "Sqk": "1563", "Help": false, "Vsi": 42, "VsiT": 0, "Dst": 32.27, "Brng": 283.2, "WTC": 2, "Species": 1, "Engines": "2", "EngType": 3, "EngMount": 0, "Mil": false, "Cou": "United States", "HasPic": false, "Interested": false, "FlightsCount": 0, "Gnd": true, "SpdTyp": 0, "CallSus": false, "Trt": 2, "Year": "1994"}, {"Id": 11107787, "Rcvr": 1, "HasSig": false, "Icao": "A97DCB", "Bad": false, "Reg": "N710TW", "FSeen": "/Date(1544388529013)/", "TSecs": 15800, "CMsgs": 7641, "Alt": 16950, "GAlt": 16962, "InHg": 29.93171, "AltT": 0, "TAlt": 23008, "Call": "DAL1849", "Lat": 40.776535, "Long": -74.059875, "PosTime": 1544404329249, "Mlat": false, "Tisb": false, "Spd": 337.0, "Trak": 163.5, "TrkH": false, "TTrk": 129.375, "Type": "B752", "Mdl": "1997 BOEING 757-2Q8", "Man": "Boeing", "CNum": "28169", "From": "KCMH Port Columbus, United States", "To": "KSRQ Sarasota Bradenton, Sarasota/Bradenton, United States", "Stops": ["KATL Hartsfield Jackson Atlanta, United States"], "Op": "Delta Air Lines", "OpIcao": "DAL", "Sqk": "7765", "Help": false, "Vsi": -1664, "VsiT": 0, "Dst": 27.81, "Brng": 302.5, "WTC": 2, "Species": 1, "Engines": "2", "EngType": 3, "EngMount": 0, "Mil": false, "Cou": "United States", "HasPic": false, "Interested": false, "FlightsCount": 0, "Gnd": false, "SpdTyp": 0, "CallSus": false, "Trt": 2, "Year": "1997"}, {"Id": 9015523, "Rcvr": 1, "HasSig": true, "Sig": 55, "Icao": "8990E3", "Bad": false, "Reg": "B-16721", "FSeen": "/Date(1544387964147)/", "TSecs": 16365, "CMsgs": 5468, "Alt": 1350, "GAlt": 1690, "InHg": 30.2598419, "AltT": 0, "TAlt": 3008, "Call": "EVA032", "Lat": 40.713098, "Long": -73.701657, "PosTime": 1544404329260, "Mlat": false, "Tisb": false, "Spd": 134.1, "Trak": 211.0, "TrkH": false, "TTrk": 224.296875, "Type": "B773", "Mdl": "Boeing 777 35EER", "Man": "Boeing", "CNum": "43290", "From": "RCTP Taiwan Taoyuan, Taipei, Taiwan", "To": "KJFK John F Kennedy, New York, United States", "Op": "EVA Air", "OpIcao": "EVA", "Sqk": "4122", "Help": false, "Vsi": -704, "VsiT": 1, "Dst": 10.33, "Brng": 40.5, "WTC": 3, "Species": 1, "Engines": "2", "EngType": 3, "EngMount": 0, "Mil": false, "Cou": "Taiwan", "HasPic": false, "Interested": false, "FlightsCount": 0, "Gnd": false, "SpdTyp": 0, "CallSus": false, "Trt": 5, "Year": "2015"}, {"Id": 4703690, "Rcvr": 1, "HasSig": true, "Sig": 93, "Icao": "47C5CA", "Bad": false, "Reg": "LN-LNG", "FSeen": "/Date(1544387861483)/", "TSecs": 16468, "CMsgs": 3872, "Alt": -250, "GAlt": 92, "InHg": 30.26245, "AltT": 0, "TAlt": 4992, "Call": "NAX5W", "Lat": 40.634167, "Long": -73.78054, "PosTime": 1544404299787, "Mlat": false, "Tisb": false, "Spd": 7.5, "Trak": 315.0, "TrkH": false, "TTrk": 300.234375, "Type": "B788", "Mdl": "Boeing 787 8", "Man": "Boeing", "CNum": "35314", "Op": "Norwegian", "OpIcao": "NAX", "Sqk": "0740", "Help": false, "Vsi": -64, "VsiT": 0, "Dst": 0.93, "Brng": 176.1, "WTC": 3, "Species": 1, "Engines": "2", "EngType": 3, "EngMount": 0, "Mil": false, "Cou": "Norway", "HasPic": false, "Interested": false, "FlightsCount": 0, "Gnd": true, "SpdTyp": 0, "CallSus": false, "Trt": 5, "Year": "2014", "Sat": true}, {"Id": 10502794, "Rcvr": 1, "HasSig": true, "Sig": 206, "Icao": "A0428A", "Bad": false, "Reg": "N116AN", "FSeen": "/Date(1544387833340)/", "TSecs": 16496, "CMsgs": 7671, "Alt": 3700, "GAlt": 3990, "InHg": 30.2096462, "AltT": 0, "TAlt": 4000, "Call": "AAL16", "Lat": 40.603409, "Long": -73.434326, "PosTime": 1544404329249, "Mlat": false, "Tisb": false, "Spd": 223.5, "Trak": 29.8, "TrkH": false, "TTrk": 40.078125, "Type": "A321", "Mdl": "2014 AIRBUS INDUSTRIE A321-231", "Man": "Airbus", "CNum": "6070", "From": "KSFO San Francisco, United States", "To": "KJFK John F Kennedy, New York, United States", "Op": "American Airlines", "OpIcao": "AAL", "Sqk": "3213", "Help": false, "Vsi": 0, "VsiT": 1, "Dst": 29.6, "Brng": 98.3, "WTC": 2, "Species": 1, "Engines": "2", "EngType": 3, "EngMount": 0, "Mil": false, "Cou": "United States", "HasPic": false, "Interested": false, "FlightsCount": 0, "Gnd": false, "SpdTyp": 0, "CallSus": false, "Trt": 5, "Year": "2014"}, {"Id": 11118849, "Rcvr": 1, "HasSig": true, "Sig": 205, "Icao": "A9A901", "Bad": false, "Reg": "N721TW", "FSeen": "/Date(1544387832163)/", "TSecs": 16497, "CMsgs": 7790, "Alt": 3725, "GAlt": 4044, "InHg": 30.2388229, "AltT": 0, "TAlt": 4000, "Call": "DAL1512", "Lat": 40.521606, "Long": -73.488281, "PosTime": 1544404329249, "Mlat": false, "Tisb": false, "Spd": 263.3, "Trak": 29.6, "TrkH": false, "TTrk": 40.078125, "Type": "B752", "Mdl": "1999 BOEING 757-231", "Man": "Boeing", "CNum": "29954", "From": "KATL Hartsfield Jackson Atlanta, United States", "To": "KATL Hartsfield Jackson Atlanta, United States", "Stops": ["KORD Chicago O'Hare, United States"], "Op": "Delta Air Lines", "OpIcao": "DAL", "Sqk": "7251", "Help": false, "Vsi": 0, "VsiT": 0, "Dst": 28.16, "Brng": 118.4, "WTC": 2, "Species": 1, "Engines": "2", "EngType": 3, "EngMount": 0, "Mil": false, "Cou": "United States", "HasPic": false, "Interested": false, "FlightsCount": 0, "Gnd": false, "SpdTyp": 0, "CallSus": false, "Trt": 2, "Year": "1999"}, {"Id": 11319335, "Rcvr": 1, "HasSig": false, "Icao": "ACB827", "Bad": false, "Reg": "N919AN", "FSeen": "/Date(1544387830771)/", "TSecs": 16498, "CMsgs": 7039, "Alt": 75, "GAlt": 394, "InHg": 30.239172, "AltT": 0, "Call": "AAL1200", "Lat": 40.711561, "Long": -74.153033, "PosTime": 1544404314974, "Mlat": true, "Tisb": false, "Spd": 318.0, "Trak": 207.9, "TrkH": false, "Type": "B738", "Mdl": "1999 BOEING 737-823", "Man": "Boeing", "CNum": "29520", "From": "KBOS General Edward Lawrence Logan, Boston, United States", "To": "KDFW Dallas Fort Worth, Dallas-Fort Worth, United States", "Op": "American Airlines", "OpIcao": "AAL", "Sqk": "7470", "Help": false, "Vsi": -1344, "VsiT": 0, "Dst": 32.28, "Brng": 283.9, "WTC": 2, "Species": 1, "Engines": "2", "EngType": 3, "EngMount": 0, "Mil": false, "Cou": "United States", "HasPic": false, "Interested": false, "FlightsCount": 0, "Gnd": false, "SpdTyp": 0, "CallSus": false, "Trt": 2, "Year": "1999"}, {"Id": 11110640, "Rcvr": 1, "HasSig": false, "Icao": "A988F0", "Bad": false, "Reg": "N713TW", "FSeen": "/Date(1544387828112)/", "TSecs": 16501, "CMsgs": 7611, "Alt": 400, "GAlt": 719, "InHg": 30.2388229, "AltT": 0, "TAlt": 2016, "Call": "DAL1583", "Lat": 40.673447, "Long": -73.732727, "PosTime": 1544404325149, "Mlat": false, "Tisb": false, "Spd": 123.0, "Trak": 210.7, "TrkH": false, "TTrk": 250.3125, "Type": "B752", "Mdl": "1997 BOEING 757-2Q8", "Man": "Boeing", "CNum": "28173", "From": "KSFO San Francisco, United States", "To": "KJFK John F Kennedy, New York, United States", "Op": "Delta Air Lines", "OpIcao": "DAL", "Sqk": "1567", "Help": false, "Vsi": -832, "VsiT": 1, "Dst": 5.35, "Brng": 49.9, "WTC": 2, "Species": 1, "Engines": "2", "EngType": 3, "EngMount": 0, "Mil": false, "Cou": "United States", "HasPic": false, "Interested": false, "FlightsCount": 0, "Gnd": false, "SpdTyp": 0, "CallSus": false, "Trt": 5, "Year": "1997"}, {"Id": 11249785, "Rcvr": 1, "HasSig": false, "Icao": "ABA879", "Bad": false, "Reg": "N850MP", "FSeen": "/Date(1544387827008)/", "TSecs": 16502, "CMsgs": 5895, "Alt": -275, "GAlt": 35, "InHg": 30.2096462, "AltT": 0, "TAlt": 4000, "Call": "N850MP", "Lat": 40.854172, "Long": -74.055222, "PosTime": 1544404299854, "Mlat": false, "Tisb": false, "Spd": 0.0, "Trak": 208.1, "TrkH": false, "TTrk": 40.078125, "Type": "GLEX", "Mdl": "Bombardier Global 6000", "Man": "Bombardier", "CNum": "9733", "Op": "TVPX ARS Inc Trustee", "OpIcao": "TWY", "Sqk": "2621", "Help": false, "Vsi": -640, "VsiT": 0, "Dst": 32.96, "Brng": 315.7, "WTC": 2, "Species": 1, "Engines": "2", "EngType": 3, "EngMount": 1, "Mil": false, "Cou": "United States", "HasPic": false, "Interested": false, "FlightsCount": 0, "Gnd": true, "SpdTyp": 0, "CallSus": false, "Trt": 5, "Year": "2015"}], "totalAc": 5655, "lastDv": "636799846259546657", "shtTrlSec": 65, "stm": 1544404329465}