{"src": 1, "feeds": [{"id": 1, "name": "From Cons", "polarPlot": false}], "srcFeed": 1, "showSil": true, "showFlg": true, "showPic": true, "flgH": 20, "flgW": 85, "acList": [{"Id": 10578165, "Rcvr": 1, "HasSig": true, "Sig": 151, "Icao": "A168F5", "Bad": false, "Reg": "N190JB", "FSeen": "/Date(1544414948707)/", "TSecs": 170, "CMsgs": 109, "Alt": 6950, "GAlt": 7210, "InHg": 30.1801186, "AltT": 0, "Call": "JBU486", "Lat": 40.595786, "Long": -73.762519, "PosTime": 1544415118010, "Mlat": true, "Tisb": false, "Trak": 85.5, "TrkH": false, "Type": "E190", "Mdl": "2005 EMBRAER ERJ 190-100 IGW", "Man": "Embraer", "CNum": "19000011", "From": "KJFK John F Kennedy, New York, United States", "To": "KROC Greater Rochester, United States", "Op": "JetBlue Airways", "OpIcao": "JBU", "Sqk": "3024", "Help": false, "VsiT": 0, "Dst": 5.43, "Brng": 163.0, "WTC": 2, "Species": 1, "Engines": "2", "EngType": 3, "EngMount": 0, "Mil": false, "Cou": "United States", "HasPic": false, "Interested": false, "FlightsCount": 0, "Gnd": false, "SpdTyp": 0, "CallSus": true, "Trt": 2, "Year": "2005"}, {"Id": 11118416, "Rcvr": 1, "HasSig": true, "Sig": 156, "Icao": "A9A750", "Bad": false, "Reg": "N721AN", "FSeen": "/Date(1544414823742)/", "TSecs": 295, "CMsgs": 193, "Alt": 10475, "GAlt": 10735, "InHg": 30.1801186, "AltT": 0, "Call": "AAL951", "Lat": 40.466354, "Long": -73.610229, "PosTime": 1544415118004, "Mlat": false, "Tisb": false, "Spd": 325.6, "Trak": 116.3, "TrkH": false, "Type": "B77W", "Mdl": "2013 BOEING 777-323ER", "Man": "Boeing", "CNum": "31546", "From": "KJFK John F Kennedy, New York, United States", "To": "SBGR Guarulhos - Governador Andr\u00e9 Franco Montoro, S\u00e3o Paulo, Brazil", "Op": "American Airlines", "OpIcao": "AAL", "Sqk": "1616", "Help": false, "Vsi": 960, "VsiT": 0, "Dst": 24.34, "Brng": 143.5, "WTC": 3, "Species": 1, "Engines": "2", "EngType": 3, "EngMount": 0, "Mil": false, "Cou": "United States", "HasPic": false, "Interested": false, "FlightsCount": 0, "Gnd": false, "SpdTyp": 0, "CallSus": false, "Trt": 2, "Year": "2013"}, {"Id": 10687484, "Rcvr": 1, "HasSig": true, "Sig": 206, "Icao": "A313FC", "Bad": false, "Reg": "N298JB", "FSeen": "/Date(1544414720034)/", "TSecs": 399, "CMsgs": 257, "Alt": 14950, "GAlt": 15245, "InHg": 30.2151985, "AltT": 0, "TAlt": 17024, "Call": "JBU108", "Lat": 40.749664, "Long": -73.474121, "PosTime": 1544415118003, "Mlat": false, "Tisb": false, "Spd": 348.7, "Trak": 9.4, "TrkH": false, "Type": "E190", "Mdl": "2009 EMBRAER ERJ 190-100 IGW", "Man": "Embraer", "CNum": "19000249", "From": "KJFK John F Kennedy, New York, United States", "To": "KBUF Buffalo Niagara, United States", "Op": "JetBlue Airways", "OpIcao": "JBU", "Sqk": "7122", "Help": false, "Vsi": 2880, "VsiT": 1, "Dst": 28.51, "Brng": 65.2, "WTC": 2, "Species": 1, "Engines": "2", "EngType": 3, "EngMount": 0, "Mil": false, "Cou": "United States", "HasPic": false, "Interested": false, "FlightsCount": 0, "Gnd": false, "SpdTyp": 0, "CallSus": false, "Trt": 5, "Year": "2009"}, {"Id": 11309223, "Rcvr": 1, "HasSig": false, "Icao": "AC90A7", "Bad": false, "Reg": "N909AM", "FSeen": "/Date(1544414499294)/", "TSecs": 620, "CMsgs": 16, "InHg": 30.1594486, "AltT": 0, "Lat": 40.776752, "Long": -73.874802, "PosTime": 1544414892348, "Mlat": false, "PosStale": true, "Tisb": false, "Spd": 0.0, "TrkH": false, "Type": "A321", "Mdl": "Airbus A321 231SL", "Man": "Airbus", "CNum": "7756", "Op": "American Airlines", "OpIcao": "AAL", "Sqk": "6211", "Help": false, "VsiT": 0, "Dst": 16.88, "Brng": 332.2, "WTC": 2, "Species": 1, "Engines": "2", "EngType": 3, "EngMount": 0, "Mil": false, "Cou": "United States", "HasPic": false, "Interested": false, "FlightsCount": 0, "Gnd": true, "SpdTyp": 0, "CallSus": false, "Trt": 2, "Year": "2017"}, {"Id": 11302867, "Rcvr": 1, "HasSig": false, "Icao": "AC77D3", "Bad": false, "Reg": "N902NN", "FSeen": "/Date(1544414478234)/", "TSecs": 641, "CMsgs": 365, "Alt": -200, "GAlt": 90, "InHg": 30.2096462, "AltT": 0, "TAlt": 3008, "Lat": 40.642197, "Long": -73.799522, "PosTime": 1544415115243, "Mlat": false, "Tisb": false, "Spd": 13.0, "Trak": 135.0, "TrkH": false, "TTrk": 341.015625, "Type": "B738", "Mdl": "2012 BOEING 737-823", "Man": "Boeing", "CNum": "31154", "Op": "American Airlines", "OpIcao": "AAL", "Sqk": "", "Vsi": -192, "VsiT": 0, "Dst": 1.54, "Brng": 268.8, "WTC": 2, "Species": 1, "Engines": "2", "EngType": 3, "EngMount": 0, "Mil": false, "Cou": "United States", "HasPic": false, "Interested": false, "FlightsCount": 0, "Gnd": true, "SpdTyp": 0, "CallSus": false, "Trt": 2, "Year": "2012"}, {"Id": 10729480, "Rcvr": 1, "HasSig": true, "Sig": 89, "Icao": "A3B808", "Bad": false, "Reg": "N339JB", "FSeen": "/Date(1544414475687)/", "TSecs": 643, "CMsgs": 345, "Alt": -200, "GAlt": 90, "InHg": 30.2096462, "AltT": 0, "Lat": 40.64029, "Long": -73.77363, "PosTime": 1544415001374, "Mlat": false, "Tisb": false, "Spd": 135.5, "Trak": 301.1, "TrkH": false, "Type": "E190", "Mdl": "2011 EMBRAER ERJ 190-100 IGW", "Man": "Embraer", "CNum": "19000490", "Op": "JetBlue Airways", "OpIcao": "JBU", "Sqk": "2776", "Help": false, "Vsi": -576, "VsiT": 1, "Dst": 0.69, "Brng": 110.7, "WTC": 2, "Species": 1, "Engines": "2", "EngType": 3, "EngMount": 0, "Mil": false, "Cou": "United States", "HasPic": false, "Interested": false, "FlightsCount": 0, "Gnd": false, "SpdTyp": 0, "CallSus": false, "Trt": 2, "Year": "2011"}, {"Id": 11318700, "Rcvr": 1, "HasSig": false, "Icao": "ACB5AC", "Bad": false, "Reg": "N918PD", "FSeen": "/Date(1544414475661)/", "TSecs": 643, "CMsgs": 403, "Alt": 725, "GAlt": 976, "InHg": 30.1712589, "AltT": 0, "Lat": 40.60342, "Long": -74.061775, "PosTime": 1544415118002, "Mlat": false, "Tisb": false, "Spd": 54.0, "Trak": 47.2, "TrkH": false, "Type": "B429", "Mdl": "BELL HELICOPTER TEXTRON CANADA 429", "Man": "BELL", "CNum": "57188", "Op": "NEW YORK CITY POLICE DEPARTMENT", "Sqk": "", "Vsi": -128, "VsiT": 0, "Dst": 24.07, "Brng": 259.7, "WTC": 1, "Species": 4, "Engines": "2", "EngType": 2, "EngMount": 0, "Mil": false, "Cou": "United States", "HasPic": true, "PicX": 700, "PicY": 406, "Interested": false, "FlightsCount": 0, "SpdTyp": 0, "CallSus": false, "Tag": "LE", "Trt": 2, "Year": "2014"}, {"Id": 11120456, "Rcvr": 1, "HasSig": true, "Sig": 63, "Icao": "A9AF48", "Bad": false, "Reg": "N723GA", "FSeen": "/Date(1544414475303)/", "TSecs": 644, "CMsgs": 428, "Alt": 1800, "GAlt": 2039, "InHg": 30.1594486, "AltT": 0, "Lat": 40.795807, "Long": -73.51001, "PosTime": 1544415116580, "Mlat": false, "Tisb": false, "Spd": 110.8, "Trak": 140.1, "TrkH": false, "Type": "GA7", "Mdl": "1978 GRUMMAN AMERICAN AVN. CORP. GA-7", "Man": "Grumman American", "CNum": "GA7-0021", "Op": "COUGAR AIR LLC     - WILMINGTON, DE", "Sqk": "1200", "Help": false, "Vsi": 320, "VsiT": 0, "Dst": 28.52, "Brng": 53.2, "WTC": 1, "Species": 1, "Engines": "2", "EngType": 1, "EngMount": 0, "Mil": false, "Cou": "United States", "HasPic": false, "Interested": false, "FlightsCount": 0, "SpdTyp": 0, "CallSus": false, "Trt": 2, "Year": "1978"}, {"Id": 10707621, "Rcvr": 1, "HasSig": true, "Sig": 173, "Icao": "A362A5", "Bad": false, "Reg": "N317US", "FSeen": "/Date(1544414475017)/", "TSecs": 644, "CMsgs": 402, "Alt": 4825, "GAlt": 5094, "InHg": 30.1889763, "AltT": 0, "TAlt": 2016, "Lat": 40.374115, "Long": -73.697754, "PosTime": 1544415117992, "Mlat": false, "Tisb": false, "Spd": 259.0, "Trak": 18.2, "TrkH": false, "TTrk": 30.234375, "Type": "A320", "Mdl": "1991 AIRBUS INDUSTRIE A320-211", "Man": "Airbus", "CNum": "197", "Op": "Delta Air Lines", "OpIcao": "DAL", "Sqk": "", "Vsi": -1728, "VsiT": 0, "Dst": 30.67, "Brng": 166.7, "WTC": 2, "Species": 1, "Engines": "2", "EngType": 3, "EngMount": 0, "Mil": false, "Cou": "United States", "HasPic": false, "Interested": false, "FlightsCount": 0, "SpdTyp": 0, "CallSus": false, "Trt": 2, "Year": "1991"}, {"Id": 10725795, "Rcvr": 1, "HasSig": true, "Sig": 205, "Icao": "A3A9A3", "Bad": false, "Reg": "N335NW", "FSeen": "/Date(1544414474983)/", "TSecs": 644, "CMsgs": 432, "Alt": 5625, "GAlt": 5885, "InHg": 30.1801186, "AltT": 0, "Lat": 40.555115, "Long": -74.070496, "PosTime": 1544415117991, "Mlat": false, "Tisb": false, "Spd": 269.8, "Trak": 61.4, "TrkH": false, "Type": "A320", "Mdl": "1992 AIRBUS INDUSTRIE A320-212", "Man": "Airbus", "CNum": "340", "Op": "Delta Air Lines", "OpIcao": "DAL", "Sqk": "7403", "Help": false, "Vsi": -1088, "VsiT": 0, "Dst": 26.28, "Brng": 248.4, "WTC": 2, "Species": 1, "Engines": "2", "EngType": 3, "EngMount": 0, "Mil": false, "Cou": "United States", "HasPic": false, "Interested": false, "FlightsCount": 0, "SpdTyp": 0, "CallSus": false, "Trt": 2, "Year": "1992"}, {"Id": 11273918, "Rcvr": 1, "HasSig": true, "Sig": 104, "Icao": "AC06BE", "Bad": false, "Reg": "N874RW", "FSeen": "/Date(1544414474975)/", "TSecs": 644, "CMsgs": 323, "Alt": -200, "GAlt": 39, "InHg": 30.1594486, "AltT": 0, "TAlt": 4000, "Call": "RPA5965", "Lat": 40.777061, "Long": -73.876114, "PosTime": 1544415081134, "Mlat": false, "Tisb": false, "Spd": 19.0, "Trak": 30.9, "TrkH": false, "Type": "E170", "Mdl": "2006 EMBRAER ERJ 170-100SU", "Man": "Embraer", "CNum": "17000148", "Op": "Republic Airlines", "OpIcao": "RPA", "Sqk": "2445", "Help": false, "Vsi": -128, "VsiT": 0, "Dst": 16.97, "Brng": 331.9, "WTC": 2, "Species": 1, "Engines": "2", "EngType": 3, "EngMount": 0, "Mil": false, "Cou": "United States", "HasPic": false, "Interested": false, "FlightsCount": 0, "Gnd": true, "SpdTyp": 0, "CallSus": false, "Trt": 5, "Year": "2006"}, {"Id": 11067557, "Rcvr": 1, "HasSig": true, "Sig": 101, "Icao": "A8E0A5", "Bad": false, "Reg": "N671NK", "FSeen": "/Date(1544414474966)/", "TSecs": 644, "CMsgs": 430, "Alt": 3800, "GAlt": 4069, "InHg": 30.1889763, "AltT": 0, "Lat": 40.730555, "Long": -73.904031, "PosTime": 1544415117991, "Mlat": false, "Tisb": false, "Spd": 263.1, "Trak": 59.6, "TrkH": false, "Type": "A321", "Mdl": "Airbus A321 231SL", "Man": "Airbus", "CNum": "7246", "Op": "Spirit Airlines", "OpIcao": "NKS", "Sqk": "", "Vsi": 0, "VsiT": 0, "Dst": 14.25, "Brng": 313.5, "WTC": 2, "Species": 1, "Engines": "2", "EngType": 3, "EngMount": 0, "Mil": false, "Cou": "United States", "HasPic": false, "Interested": false, "FlightsCount": 0, "SpdTyp": 0, "CallSus": false, "Trt": 2, "Year": "2016"}, {"Id": 10746968, "Rcvr": 1, "HasSig": true, "Sig": 152, "Icao": "A3FC58", "Bad": false, "Reg": "N356NW", "FSeen": "/Date(1544414474946)/", "TSecs": 644, "CMsgs": 402, "Alt": -200, "GAlt": 39, "InHg": 30.1594486, "AltT": 0, "Lat": 40.776089, "Long": -73.878464, "PosTime": 1544415101981, "Mlat": false, "Tisb": false, "Spd": 76.0, "Trak": 213.3, "TrkH": false, "Type": "A320", "Mdl": "1998 AIRBUS INDUSTRIE A320-212", "Man": "Airbus", "CNum": "818", "Op": "Delta Air Lines", "OpIcao": "DAL", "Sqk": "", "Vsi": -192, "VsiT": 0, "Dst": 16.96, "Brng": 331.2, "WTC": 2, "Species": 1, "Engines": "2", "EngType": 3, "EngMount": 0, "Mil": false, "Cou": "United States", "HasPic": false, "Interested": false, "FlightsCount": 0, "Gnd": true, "SpdTyp": 0, "CallSus": false, "Trt": 2, "Year": "1998"}, {"Id": 11334807, "Rcvr": 1, "HasSig": true, "Sig": 84, "Icao": "ACF497", "Bad": false, "Reg": "N934AT", "FSeen": "/Date(1544414474912)/", "TSecs": 644, "CMsgs": 416, "Alt": 3775, "GAlt": 4035, "InHg": 30.1712589, "AltT": 0, "Lat": 40.6464, "Long": -73.9852, "PosTime": 1544415117989, "Mlat": true, "Tisb": false, "Trak": 13.5, "TrkH": false, "Type": "B712", "Mdl": "2000 BOEING 717-200", "Man": "Boeing", "CNum": "55070", "Op": "WELLS FARGO BANK NORTHWEST NA TRUSTEE     - SALT LAKE CITY, UT", "OpIcao": "DAL", "Sqk": "", "VsiT": 0, "Dst": 17.21, "Brng": 271.5, "WTC": 2, "Species": 1, "Engines": "2", "EngType": 3, "EngMount": 1, "Mil": false, "Cou": "United States", "HasPic": false, "Interested": false, "FlightsCount": 0, "SpdTyp": 0, "CallSus": false, "Trt": 2, "Year": "2000"}, {"Id": 11170825, "Rcvr": 1, "HasSig": false, "Icao": "AA7409", "Bad": false, "Reg": "N7729A", "FSeen": "/Date(1544414474906)/", "TSecs": 644, "CMsgs": 409, "Alt": 1275, "GAlt": 1514, "InHg": 30.1594486, "AltT": 0, "Lat": 40.846146, "Long": -73.819138, "PosTime": 1544415117989, "Mlat": false, "Tisb": false, "Spd": 148.0, "Trak": 217.3, "TrkH": false, "Type": "B737", "Mdl": "2006 BOEING 737-76N", "Man": "Boeing", "CNum": "32675", "Op": "Southwest Airlines", "OpIcao": "SWA", "Sqk": "", "Vsi": -576, "VsiT": 0, "Dst": 22.87, "Brng": 352.0, "WTC": 2, "Species": 1, "Engines": "2", "EngType": 3, "EngMount": 0, "Mil": false, "Cou": "United States", "HasPic": false, "Interested": false, "FlightsCount": 0, "SpdTyp": 0, "CallSus": false, "Trt": 2, "Year": "2006"}, {"Id": 4198005, "Rcvr": 1, "HasSig": true, "Sig": 187, "Icao": "400E75", "Bad": false, "Reg": "G-VYOU", "FSeen": "/Date(1544414474867)/", "TSecs": 644, "CMsgs": 430, "Alt": 1775, "GAlt": 1999, "InHg": 30.1443272, "AltT": 0, "TAlt": 2496, "Lat": 40.596359, "Long": -73.654724, "PosTime": 1544415117985, "Mlat": false, "Tisb": false, "Spd": 140.8, "Trak": 300.8, "TrkH": false, "TTrk": 279.84375, "Type": "A346", "Mdl": "Airbus A340 642", "Man": "Airbus", "CNum": "765", "Op": "Virgin Atlantic Airways", "OpIcao": "VIR", "Sqk": "", "Vsi": -128, "VsiT": 0, "Dst": 11.85, "Brng": 115.6, "WTC": 3, "Species": 1, "Engines": "4", "EngType": 3, "EngMount": 0, "Mil": false, "Cou": "United Kingdom", "HasPic": false, "Interested": false, "FlightsCount": 0, "SpdTyp": 0, "CallSus": false, "Trt": 2, "Year": "2006"}, {"Id": 11379239, "Rcvr": 1, "HasSig": false, "Icao": "ADA227", "Bad": false, "Reg": "N978JB", "FSeen": "/Date(1544414474846)/", "TSecs": 644, "CMsgs": 338, "Alt": 17500, "GAlt": 17739, "InHg": 30.1594486, "AltT": 0, "Lat": 40.776764, "Long": -74.05896, "PosTime": 1544415116571, "Mlat": false, "Tisb": false, "Spd": 397.0, "Trak": 164.0, "TrkH": false, "Type": "A321", "Mdl": "Airbus A321 231SL", "Man": "Airbus", "CNum": "7584", "Op": "JetBlue Airways", "OpIcao": "JBU", "Sqk": "", "Vsi": -3840, "VsiT": 0, "Dst": 27.76, "Brng": 302.6, "WTC": 2, "Species": 1, "Engines": "2", "EngType": 3, "EngMount": 0, "Mil": false, "Cou": "United States", "HasPic": false, "Interested": false, "FlightsCount": 0, "SpdTyp": 0, "CallSus": false, "Trt": 2, "Year": "2017"}], "totalAc": 4239, "lastDv": "636800112735835845", "shtTrlSec": 65, "stm": 1544415119592}