{"src": 1, "feeds": [{"id": 1, "name": "From Cons", "polarPlot": false}], "srcFeed": 1, "showSil": true, "showFlg": true, "showPic": true, "flgH": 20, "flgW": 85, "acList": [{"Id": 4704653, "Rcvr": 1, "HasSig": true, "Sig": 203, "Icao": "47C98D", "Bad": false, "Reg": "LN-LNR", "FSeen": "/Date(1544416711058)/", "TSecs": 813, "CMsgs": 307, "Alt": 1050, "GAlt": 1322, "InHg": 30.191576, "AltT": 0, "TAlt": 4992, "Call": "NAX72G", "Lat": 40.653743, "Long": -73.836802, "PosTime": 1544417523193, "Mlat": false, "Tisb": false, "Spd": 174.1, "Trak": 268.0, "TrkH": false, "TTrk": 315.0, "Type": "B789", "Mdl": "Boeing 787 9", "Man": "Boeing", "CNum": "38784", "Op": "Norwegian", "OpIcao": "NAX", "Sqk": "1751", "Help": false, "Vsi": 1600, "VsiT": 0, "Dst": 4.85, "Brng": 285.0, "WTC": 3, "Species": 1, "Engines": "2", "EngType": 3, "EngMount": 0, "Mil": false, "Cou": "Norway", "HasPic": false, "Interested": false, "FlightsCount": 0, "Gnd": false, "SpdTyp": 0, "CallSus": false, "Trt": 5, "Year": "2017"}, {"Id": 11309223, "Rcvr": 1, "HasSig": false, "Icao": "AC90A7", "Bad": false, "Reg": "N909AM", "FSeen": "/Date(1544414499294)/", "TSecs": 3025, "CMsgs": 286, "InHg": 30.1594486, "AltT": 0, "Lat": 40.776745, "Long": -73.874802, "PosTime": 1544417499732, "Mlat": false, "Tisb": false, "Spd": 0.0, "Trak": 149.8, "TrkH": false, "Type": "A321", "Mdl": "Airbus A321 231SL", "Man": "Airbus", "CNum": "7756", "Op": "American Airlines", "OpIcao": "AAL", "Sqk": "6211", "Help": false, "VsiT": 0, "Dst": 16.88, "Brng": 332.2, "WTC": 2, "Species": 1, "Engines": "2", "EngType": 3, "EngMount": 0, "Mil": false, "Cou": "United States", "HasPic": false, "Interested": false, "FlightsCount": 0, "Gnd": true, "SpdTyp": 0, "CallSus": false, "Trt": 2, "Year": "2017"}, {"Id": 11318700, "Rcvr": 1, "HasSig": false, "Icao": "ACB5AC", "Bad": false, "Reg": "N918PD", "FSeen": "/Date(1544414475661)/", "TSecs": 3048, "CMsgs": 1993, "Alt": 750, "GAlt": 1001, "InHg": 30.1712589, "AltT": 0, "Lat": 40.603374, "Long": -74.061462, "PosTime": 1544417523186, "Mlat": false, "Tisb": false, "Spd": 88.0, "Trak": 49.6, "TrkH": false, "Type": "B429", "Mdl": "BELL HELICOPTER TEXTRON CANADA 429", "Man": "BELL", "CNum": "57188", "Op": "NEW YORK CITY POLICE DEPARTMENT", "Sqk": "", "Vsi": -256, "VsiT": 0, "Dst": 24.04, "Brng": 259.7, "WTC": 1, "Species": 4, "Engines": "2", "EngType": 2, "EngMount": 0, "Mil": false, "Cou": "United States", "HasPic": true, "PicX": 700, "PicY": 406, "Interested": false, "FlightsCount": 0, "SpdTyp": 0, "CallSus": false, "Tag": "LE", "Trt": 2, "Year": "2014"}, {"Id": 10748870, "Rcvr": 1, "HasSig": true, "Sig": 84, "Icao": "A403C6", "Bad": false, "Reg": "N358NW", "FSeen": "/Date(1544414475476)/", "TSecs": 3049, "CMsgs": 1908, "Alt": -175, "GAlt": -315, "InHg": 29.7785435, "AltT": 0, "Call": "DAL2316", "Lat": 40.592062, "Long": -73.750846, "PosTime": 1544417413890, "Mlat": true, "Tisb": false, "Spd": 530.3, "Trak": 5.7, "TrkH": false, "Type": "A320", "Mdl": "1998 AIRBUS INDUSTRIE A320-212", "Man": "Airbus", "CNum": "832", "From": "KDTW Detroit Metropolitan Wayne County, United States", "To": "KDTW Detroit Metropolitan Wayne County, United States", "Stops": ["KLAS McCarran, Las Vegas, United States"], "Op": "Delta Air Lines", "OpIcao": "DAL", "Sqk": "1447", "Help": false, "Vsi": 0, "VsiT": 0, "Dst": 6.17, "Brng": 155.4, "WTC": 2, "Species": 1, "Engines": "2", "EngType": 3, "EngMount": 0, "Mil": false, "Cou": "United States", "HasPic": false, "Interested": false, "FlightsCount": 0, "Gnd": true, "SpdTyp": 0, "CallSus": false, "Trt": 2, "Year": "1998"}, {"Id": 4735848, "Rcvr": 1, "HasSig": false, "Icao": "484368", "Bad": false, "Reg": "PH-BQA", "FSeen": "/Date(1544414475214)/", "TSecs": 3049, "CMsgs": 2028, "Alt": 37000, "GAlt": 37260, "InHg": 30.1801186, "AltT": 0, "Lat": 40.525494, "Long": -73.827873, "PosTime": 1544417523185, "Mlat": false, "Tisb": false, "Spd": 566.0, "Trak": 56.8, "TrkH": false, "Type": "B772", "Mdl": "Boeing 777 206ER", "Man": "Boeing", "CNum": "33711", "Op": "KLM Royal Dutch Airlines", "OpIcao": "KLM", "Sqk": "3153", "Help": false, "Vsi": 0, "VsiT": 0, "Dst": 13.59, "Brng": 196.8, "WTC": 3, "Species": 1, "Engines": "2", "EngType": 3, "EngMount": 0, "Mil": false, "Cou": "Netherlands", "HasPic": false, "Interested": false, "FlightsCount": 0, "Gnd": false, "SpdTyp": 0, "CallSus": false, "Trt": 2, "Year": "2003"}, {"Id": 11107812, "Rcvr": 1, "HasSig": false, "Icao": "A97DE4", "Bad": false, "Reg": "N710UW", "FSeen": "/Date(1544414475208)/", "TSecs": 3049, "CMsgs": 2028, "Alt": 0, "GAlt": -11, "InHg": 29.9080849, "AltT": 0, "TAlt": 10016, "Lat": 40.790607, "Long": -73.866386, "PosTime": 1544417523185, "Mlat": false, "Tisb": false, "Spd": 130.0, "Trak": 212.5, "TrkH": false, "Type": "A319", "Mdl": "1999 AIRBUS INDUSTRIE A319-112", "Man": "Airbus", "CNum": "1019", "Op": "WELLS FARGO BANK NORTHWEST NA TRUSTEE     - SALT LAKE CITY, UT", "OpIcao": "AAL", "Sqk": "", "Vsi": -576, "VsiT": 0, "Dst": 17.96, "Brng": 336.5, "WTC": 2, "Species": 1, "Engines": "2", "EngType": 3, "EngMount": 0, "Mil": false, "Cou": "United States", "HasPic": false, "Interested": false, "FlightsCount": 0, "SpdTyp": 0, "CallSus": false, "Trt": 2, "Year": "1999"}, {"Id": 11039212, "Rcvr": 1, "HasSig": true, "Sig": 141, "Icao": "A871EC", "Bad": false, "Reg": "N643RW", "FSeen": "/Date(1544414475140)/", "TSecs": 3049, "CMsgs": 1982, "Alt": 725, "GAlt": 976, "InHg": 30.1712589, "AltT": 0, "Lat": 40.741516, "Long": -74.133545, "PosTime": 1544417513108, "Mlat": true, "Tisb": false, "Trak": 175.5, "TrkH": false, "Type": "E170", "Mdl": "2005 EMBRAER ERJ 170-100 SE", "Man": "Embraer", "CNum": "17000060", "Op": "SHUTTLE AMERICA CORP     - INDIANAPOLIS, IN", "OpIcao": "RPA", "Sqk": "", "VsiT": 0, "Dst": 31.68, "Brng": 290.5, "WTC": 2, "Species": 1, "Engines": "2", "EngType": 3, "EngMount": 0, "Mil": false, "Cou": "United States", "HasPic": false, "Interested": false, "FlightsCount": 0, "SpdTyp": 0, "CallSus": false, "Trt": 2, "Year": "2005"}, {"Id": 10555019, "Rcvr": 1, "HasSig": true, "Sig": 155, "Icao": "A10E8B", "Bad": false, "Reg": "N16732", "FSeen": "/Date(1544414475084)/", "TSecs": 3049, "CMsgs": 1988, "Alt": 4750, "GAlt": 4989, "InHg": 30.1594486, "AltT": 0, "Lat": 40.537084, "Long": -74.141672, "PosTime": 1544417520615, "Mlat": true, "Tisb": false, "Spd": 368.7, "Trak": 121.6, "TrkH": false, "Type": "B737", "Mdl": "1999 BOEING 737-724", "Man": "Boeing", "CNum": "28948", "Op": "United Airlines", "OpIcao": "UAL", "Sqk": "", "Vsi": 0, "VsiT": 0, "Dst": 32.61, "Brng": 249.1, "WTC": 2, "Species": 1, "Engines": "2", "EngType": 3, "EngMount": 0, "Mil": false, "Cou": "United States", "HasPic": false, "Interested": false, "FlightsCount": 0, "SpdTyp": 0, "CallSus": false, "Trt": 2, "Year": "1999"}, {"Id": 7866571, "Rcvr": 1, "HasSig": true, "Sig": 87, "Icao": "7808CB", "Bad": false, "Reg": "B-2033", "FSeen": "/Date(1544414475028)/", "TSecs": 3049, "CMsgs": 2006, "Alt": -175, "GAlt": 85, "InHg": 30.1801186, "AltT": 0, "Lat": 40.654267, "Long": -73.782525, "PosTime": 1544417521897, "Mlat": false, "Tisb": false, "Spd": 15.0, "Trak": 298.1, "TrkH": false, "Type": "B773", "Mdl": "Boeing 777 39LER", "Man": "Boeing", "CNum": "38673", "Op": "Air China", "OpIcao": "CCA", "Sqk": "7233", "Help": false, "Vsi": -512, "VsiT": 1, "Dst": 1.31, "Brng": 355.4, "WTC": 3, "Species": 1, "Engines": "2", "EngType": 3, "EngMount": 0, "Mil": false, "Cou": "China", "HasPic": false, "Interested": false, "FlightsCount": 0, "Gnd": true, "SpdTyp": 0, "CallSus": false, "Trt": 2, "Year": "2012"}, {"Id": 10779909, "Rcvr": 1, "HasSig": true, "Sig": 50, "Icao": "A47D05", "Bad": false, "Reg": "N389DA", "FSeen": "/Date(1544414474909)/", "TSecs": 3049, "CMsgs": 1737, "Alt": -175, "GAlt": 85, "InHg": 30.1801186, "AltT": 0, "TAlt": 1600, "Call": "DAL2214", "Lat": 40.63504, "Long": -73.783104, "PosTime": 1544417486583, "Mlat": false, "Tisb": false, "Spd": 6.0, "Trak": 113.0, "TrkH": false, "TTrk": 315.0, "Type": "B738", "Mdl": "BOEING 737-832", "Man": "Boeing", "CNum": "30376", "From": "KSJC Norman Y. Mineta San Jose, United States", "To": "KRDU Raleigh Durham, Raleigh/Durham, United States", "Stops": ["KMSP Minneapolis-St Paul International/Wold-Chamberlain, Minneapolis, United States"], "Op": "Delta Air Lines", "OpIcao": "DAL", "Sqk": "1736", "Help": false, "Vsi": -384, "VsiT": 0, "Dst": 0.84, "Brng": 190.5, "WTC": 2, "Species": 1, "Engines": "2", "EngType": 3, "EngMount": 0, "Mil": false, "Cou": "United States", "HasPic": false, "Interested": false, "FlightsCount": 0, "Gnd": true, "SpdTyp": 0, "CallSus": false, "Trt": 5, "Year": "2000"}, {"Id": 11239473, "Rcvr": 1, "HasSig": true, "Sig": 6, "Icao": "AB8031", "Bad": false, "Reg": "N840DN", "FSeen": "/Date(1544414474880)/", "TSecs": 3049, "CMsgs": 1854, "Alt": -175, "GAlt": 49, "InHg": 30.1443272, "AltT": 0, "TAlt": 3008, "Call": "DAL704", "Lat": 40.639618, "Long": -73.794586, "PosTime": 1544417401311, "Mlat": false, "PosStale": true, "Tisb": false, "Spd": 19.0, "Trak": 120.9, "TrkH": false, "TTrk": 315.0, "Type": "B739", "Mdl": "2015 BOEING 737-932ER", "Man": "Boeing", "CNum": "31951", "From": "KSLC Salt Lake City, United States", "To": "KGEG Spokane, United States", "Op": "Delta Air Lines", "OpIcao": "DAL", "Sqk": "5547", "Help": false, "Vsi": -128, "VsiT": 0, "Dst": 1.17, "Brng": 254.1, "WTC": 2, "Species": 1, "Engines": "2", "EngType": 3, "EngMount": 0, "Mil": false, "Cou": "United States", "HasPic": false, "Interested": false, "FlightsCount": 0, "Gnd": true, "SpdTyp": 0, "CallSus": false, "Trt": 5, "Year": "2015"}, {"Id": 10493934, "Rcvr": 1, "HasSig": true, "Sig": 69, "Icao": "A01FEE", "Bad": false, "Reg": "N107NN", "FSeen": "/Date(1544414474852)/", "TSecs": 3049, "CMsgs": 2041, "Alt": 14175, "GAlt": 14435, "InHg": 30.1801186, "AltT": 0, "Lat": 40.585451, "Long": -73.969699, "PosTime": 1544417523182, "Mlat": false, "Tisb": false, "Spd": 361.4, "Trak": 165.6, "TrkH": false, "Type": "A321", "Mdl": "2014 AIRBUS INDUSTRIE A321-231", "Man": "Airbus", "CNum": "5938", "Op": "American Airlines", "OpIcao": "AAL", "Sqk": "1346", "Help": false, "Vsi": -2368, "VsiT": 0, "Dst": 17.12, "Brng": 248.3, "WTC": 2, "Species": 1, "Engines": "2", "EngType": 3, "EngMount": 0, "Mil": false, "Cou": "United States", "HasPic": false, "Interested": false, "FlightsCount": 0, "SpdTyp": 0, "CallSus": false, "Trt": 2, "Year": "2014"}, {"Id": 10704740, "Rcvr": 1, "HasSig": false, "Icao": "A35764", "Bad": false, "Reg": "N314TP", "FSeen": "/Date(1544414474850)/", "TSecs": 3049, "CMsgs": 1943, "Alt": -175, "GAlt": 76, "InHg": 30.1712589, "AltT": 0, "TAlt": 9024, "Call": "N314TP", "Lat": 40.7024, "Long": -74.160919, "PosTime": 1544417520608, "Mlat": false, "Tisb": false, "Spd": 11.0, "Trak": 354.4, "TrkH": false, "Type": "GLF5", "Mdl": "2006 GULFSTREAM AEROSPACE GV-SP (G550)", "Man": "Gulfstream Aerospace", "CNum": "5104", "Op": "TUTOR PERINI CORPORATION     - SYLMAR, CA", "Sqk": "7332", "Help": false, "Vsi": -64, "VsiT": 0, "Dst": 32.7, "Brng": 281.9, "WTC": 2, "Species": 1, "Engines": "2", "EngType": 3, "EngMount": 1, "Mil": false, "Cou": "United States", "HasPic": false, "Interested": false, "FlightsCount": 0, "Gnd": true, "SpdTyp": 0, "CallSus": false, "Trt": 5, "Year": "2006"}, {"Id": 11233361, "Rcvr": 1, "HasSig": false, "Icao": "AB6851", "Bad": false, "Reg": "N834MH", "FSeen": "/Date(1544414474848)/", "TSecs": 3049, "CMsgs": 2001, "Alt": 1225, "GAlt": 1485, "InHg": 30.1801186, "AltT": 0, "TAlt": 23008, "Lat": 40.59874, "Long": -73.707214, "PosTime": 1544417523182, "Mlat": false, "Tisb": false, "Spd": 136.0, "Trak": 300.0, "TrkH": false, "TTrk": 127.265625, "Type": "B764", "Mdl": "2000 BOEING 767-432ER", "Man": "Boeing", "CNum": "29707", "Op": "DELTA AIR LINES INC     - ATLANTA, GA", "OpIcao": "DAL", "Sqk": "", "Vsi": -704, "VsiT": 0, "Dst": 7.92, "Brng": 127.9, "WTC": 3, "Species": 1, "Engines": "2", "EngType": 3, "EngMount": 0, "Mil": false, "Cou": "United States", "HasPic": false, "Interested": false, "FlightsCount": 0, "Gnd": false, "SpdTyp": 0, "CallSus": false, "Trt": 2, "Year": "2000"}, {"Id": 10752479, "Rcvr": 1, "HasSig": true, "Sig": 191, "Icao": "A411DF", "Bad": false, "Reg": "N361VA", "FSeen": "/Date(1544414474847)/", "TSecs": 3049, "CMsgs": 2026, "Alt": 11350, "GAlt": 11610, "InHg": 30.1801186, "AltT": 0, "Lat": 40.453171, "Long": -73.920227, "PosTime": 1544417521891, "Mlat": false, "Tisb": false, "Spd": 313.5, "Trak": 137.5, "TrkH": false, "Type": "A320", "Mdl": "2013 AIRBUS A320-214", "Man": "Airbus", "CNum": "5515", "Op": "Virgin America", "OpIcao": "ASA", "Sqk": "7242", "Help": false, "Vsi": -2368, "VsiT": 0, "Dst": 24.1, "Brng": 209.2, "WTC": 2, "Species": 1, "Engines": "2", "EngType": 3, "EngMount": 0, "Mil": false, "Cou": "United States", "HasPic": false, "Interested": false, "FlightsCount": 0, "Gnd": false, "SpdTyp": 0, "CallSus": false, "Trt": 2, "Year": "2013"}, {"Id": 10499941, "Rcvr": 1, "HasSig": false, "Icao": "A03765", "Bad": false, "Reg": "N113AN", "FSeen": "/Date(1544414474846)/", "TSecs": 3049, "CMsgs": 2040, "Alt": 6575, "GAlt": 6835, "InHg": 30.1801186, "AltT": 0, "Lat": 40.434677, "Long": -73.637024, "PosTime": 1544417523182, "Mlat": false, "Tisb": false, "Spd": 275.0, "Trak": 118.4, "TrkH": false, "Type": "A321", "Mdl": "2014 AIRBUS INDUSTRIE A321-231", "Man": "Airbus", "CNum": "6020", "Op": "American Airlines", "OpIcao": "AAL", "Sqk": "", "Vsi": -1728, "VsiT": 0, "Dst": 26.13, "Brng": 152.1, "WTC": 2, "Species": 1, "Engines": "2", "EngType": 3, "EngMount": 0, "Mil": false, "Cou": "United States", "HasPic": false, "Interested": false, "FlightsCount": 0, "SpdTyp": 0, "CallSus": false, "Trt": 2, "Year": "2014"}, {"Id": 11002378, "Rcvr": 1, "HasSig": true, "Sig": 201, "Icao": "A7E20A", "Bad": false, "Reg": "N607JB", "FSeen": "/Date(1544414474845)/", "TSecs": 3049, "CMsgs": 1820, "Alt": -175, "GAlt": 49, "InHg": 30.1443272, "AltT": 0, "TAlt": 2016, "Call": "JBU2358", "Lat": 40.651579, "Long": -73.781371, "PosTime": 1544416673404, "Mlat": false, "PosStale": true, "Tisb": false, "Spd": 0.0, "Trak": 191.3, "TrkH": false, "TTrk": 0.0, "Type": "A320", "Mdl": "2005 AIRBUS A320-232", "Man": "Airbus", "CNum": "2386", "Op": "JetBlue Airways", "OpIcao": "JBU", "Sqk": "2000", "Help": false, "Vsi": -448, "VsiT": 0, "Dst": 1.01, "Brng": 359.6, "WTC": 2, "Species": 1, "Engines": "2", "EngType": 3, "EngMount": 0, "Mil": false, "Cou": "United States", "HasPic": false, "Interested": false, "FlightsCount": 0, "Gnd": true, "SpdTyp": 0, "CallSus": false, "Trt": 5, "Year": "2005"}], "totalAc": 3854, "lastDv": "636800112741201887", "shtTrlSec": 65, "stm": 1544417524502}