{"src": 1, "feeds": [{"id": 1, "name": "From Cons", "polarPlot": false}], "srcFeed": 1, "showSil": true, "showFlg": true, "showPic": true, "flgH": 20, "flgW": 85, "acList": [{"Id": 10603756, "Rcvr": 1, "HasSig": true, "Sig": 165, "Icao": "A1CCEC", "Bad": false, "Reg": "N215JQ", "FSeen": "/Date(1544411255005)/", "TSecs": 94, "CMsgs": 58, "Alt": 3525, "GAlt": 3815, "InHg": 30.2096462, "AltT": 0, "Call": "RPA5933", "Lat": 40.62679, "Long": -73.854467, "PosTime": 1544411349558, "Mlat": true, "Tisb": false, "Trak": 65.6, "TrkH": false, "Type": "E170", "Mdl": "ERJ 170-200 LR", "Man": "EMBRAER-EMPRESA BRASILEIRA DE ", "CNum": "17000270", "Op": "Republic Airline", "OpIcao": "RPA", "Sqk": "3340", "Help": false, "VsiT": 0, "Dst": 6.42, "Brng": 254.2, "WTC": 2, "Species": 1, "Engines": "2", "EngType": 3, "EngMount": 0, "Mil": false, "Cou": "United States", "HasPic": false, "Interested": false, "FlightsCount": 0, "Gnd": false, "SpdTyp": 0, "CallSus": true, "Trt": 2, "Year": "2009"}, {"Id": 11329635, "Rcvr": 1, "HasSig": false, "Icao": "ACE063", "Bad": false, "Reg": "N929JB", "FSeen": "/Date(1544411171571)/", "TSecs": 178, "CMsgs": 102, "Alt": 5475, "GAlt": 5770, "InHg": 30.2151985, "AltT": 0, "TAlt": 4992, "Call": "JBU1715", "Lat": 40.543972, "Long": -73.949722, "PosTime": 1544411349557, "Mlat": false, "Tisb": false, "Spd": 261.0, "Trak": 211.4, "TrkH": false, "Type": "A321", "Mdl": "2014 AIRBUS INDUSTRIE A321-231", "Man": "Airbus", "CNum": "6031", "From": "KJFK John F Kennedy, New York, United States", "To": "KSFO San Francisco, United States", "Op": "JetBlue Airways", "OpIcao": "JBU", "Sqk": "1774", "Help": false, "Vsi": 2176, "VsiT": 1, "Dst": 17.95, "Brng": 232.5, "WTC": 2, "Species": 1, "Engines": "2", "EngType": 3, "EngMount": 0, "Mil": false, "Cou": "United States", "HasPic": false, "Interested": false, "FlightsCount": 0, "Gnd": false, "SpdTyp": 0, "CallSus": false, "Trt": 5, "Year": "2014"}, {"Id": 2575221, "Rcvr": 1, "HasSig": false, "Icao": "274B75", "Bad": false, "FSeen": "/Date(1544411128747)/", "TSecs": 220, "CMsgs": 12, "Alt": 1325, "GAlt": 1576, "InHg": 30.1712589, "AltT": 0, "Lat": 40.899582, "Long": -73.933899, "PosTime": 1544411320284, "Mlat": false, "Tisb": false, "Spd": 90.0, "Trak": 197.0, "TrkH": false, "Sqk": "", "Vsi": 0, "VsiT": 0, "Dst": 31.34, "Brng": 335.8, "WTC": 0, "Species": 0, "EngType": 0, "EngMount": 0, "Mil": false, "Cou": "Unknown or unassigned country", "HasPic": false, "Interested": false, "FlightsCount": 0, "Gnd": false, "SpdTyp": 0, "CallSus": false, "Trt": 2}, {"Id": 11308794, "Rcvr": 1, "HasSig": true, "Sig": 187, "Icao": "AC8EFA", "Bad": false, "Reg": "N908XJ", "FSeen": "/Date(1544411013584)/", "TSecs": 336, "CMsgs": 132, "Alt": 5650, "GAlt": 5945, "InHg": 30.2151985, "AltT": 0, "TAlt": 8992, "Call": "EDV5470", "Lat": 40.916382, "Long": -73.895691, "PosTime": 1544411349550, "Mlat": false, "Tisb": false, "Spd": 266.6, "Trak": 29.9, "TrkH": false, "TTrk": 40.078125, "Type": "CRJ9", "Mdl": "2007 BOMBARDIER INC CL-600-2D24", "Man": "Bombardier", "CNum": "15140", "Op": "DELTA AIR LINES INC     - ATLANTA, GA", "OpIcao": "EDV", "Sqk": "7157", "Help": false, "Vsi": 2880, "VsiT": 1, "Dst": 31.94, "Brng": 342.5, "WTC": 2, "Species": 1, "Engines": "2", "EngType": 3, "EngMount": 1, "Mil": false, "Cou": "United States", "HasPic": false, "Interested": false, "FlightsCount": 0, "Gnd": false, "SpdTyp": 0, "CallSus": false, "Trt": 5, "Year": "2007"}, {"Id": 2801863, "Rcvr": 1, "HasSig": false, "Icao": "2AC0C7", "Bad": false, "FSeen": "/Date(1544410722025)/", "TSecs": 627, "CMsgs": 17, "Alt": 1425, "GAlt": 1706, "InHg": 30.2007866, "AltT": 0, "Lat": 40.848751, "Long": -73.818634, "PosTime": 1544411336636, "Mlat": false, "Tisb": false, "Spd": 145.0, "Trak": 210.9, "TrkH": false, "Sqk": "", "Vsi": 0, "VsiT": 0, "Dst": 23.15, "Brng": 352.2, "WTC": 0, "Species": 0, "EngType": 0, "EngMount": 0, "Mil": false, "Cou": "Unknown or unassigned country", "HasPic": false, "Interested": false, "FlightsCount": 0, "Gnd": false, "SpdTyp": 0, "CallSus": false, "Trt": 2}, {"Id": 11399464, "Rcvr": 1, "HasSig": true, "Sig": 9, "Icao": "ADF128", "Bad": false, "Reg": "N998JE", "FSeen": "/Date(1544410465708)/", "TSecs": 883, "CMsgs": 211, "Alt": 8675, "GAlt": 8970, "InHg": 30.2151985, "AltT": 0, "TAlt": 16992, "Call": "JBU97", "Lat": 40.676468, "Long": -73.668335, "PosTime": 1544411349550, "Mlat": false, "Tisb": false, "Spd": 278.9, "Trak": 49.8, "TrkH": false, "TTrk": 66.796875, "Type": "A321", "Mdl": "Airbus A321 231SL", "Man": "Airbus", "CNum": "8525", "From": "KJFK John F Kennedy, New York, United States", "To": "KDEN Denver, United States", "Op": "JetBlue Airways", "OpIcao": "JBU", "Sqk": "2661", "Help": false, "Vsi": 2240, "VsiT": 1, "Dst": 10.25, "Brng": 68.3, "WTC": 2, "Species": 1, "Engines": "2", "EngType": 3, "EngMount": 0, "Mil": false, "Cou": "United States", "HasPic": false, "Interested": false, "FlightsCount": 0, "Gnd": false, "SpdTyp": 0, "CallSus": false, "Trt": 5, "Year": "2018"}, {"Id": 10685582, "Rcvr": 1, "HasSig": false, "Icao": "A30C8E", "Bad": false, "Reg": "N296JB", "FSeen": "/Date(1544409591866)/", "TSecs": 1757, "CMsgs": 1068, "Alt": 25000, "GAlt": 25290, "InHg": 30.2096462, "AltT": 0, "TAlt": 29024, "Call": "JBU1354", "Lat": 40.764629, "Long": -73.578751, "PosTime": 1544411349528, "Mlat": false, "Tisb": false, "Spd": 447.0, "Trak": 48.1, "TrkH": false, "Type": "E190", "Mdl": "2008 EMBRAER ERJ 190-100 IGW", "Man": "Embraer", "CNum": "19000219", "From": "MBPV Providenciales, Providenciales Island, Turks and Caicos Islands", "To": "KBOS General Edward Lawrence Logan, Boston, United States", "Op": "JETBLUE AIRWAYS CORP     - LONG ISLAND CITY, NY", "OpIcao": "JBU", "Sqk": "2156", "Help": false, "Vsi": 128, "VsiT": 1, "Dst": 21.82, "Brng": 51.4, "WTC": 2, "Species": 1, "Engines": "2", "EngType": 3, "EngMount": 0, "Mil": false, "Cou": "United States", "HasPic": false, "Interested": false, "FlightsCount": 0, "Gnd": false, "SpdTyp": 0, "CallSus": false, "Trt": 5, "Year": "2008"}, {"Id": 11286574, "Rcvr": 1, "HasSig": true, "Sig": 102, "Icao": "AC382E", "Bad": false, "Reg": "N887DN", "FSeen": "/Date(1544408550261)/", "TSecs": 2799, "CMsgs": 1471, "Alt": -225, "GAlt": 47, "InHg": 30.191576, "AltT": 0, "TAlt": 4000, "Call": "DAL556", "Lat": 40.648669, "Long": -73.770072, "PosTime": 1544411071106, "Mlat": false, "PosStale": true, "Tisb": false, "Spd": 16.0, "Trak": 120.9, "TrkH": false, "TTrk": 314.296875, "Type": "B739", "Mdl": "Boeing 737NG 900ER/W", "Man": "Boeing", "CNum": "31997", "From": "MDST Cibao, Santiago, Dominican Republic", "To": "KJFK John F Kennedy, New York, United States", "Op": "Delta Air Lines", "OpIcao": "DAL", "Sqk": "2362", "Help": false, "Vsi": -960, "VsiT": 0, "Dst": 1.17, "Brng": 54.0, "WTC": 2, "Species": 1, "Engines": "2", "EngType": 3, "EngMount": 0, "Mil": false, "Cou": "United States", "HasPic": false, "Interested": false, "FlightsCount": 0, "Gnd": true, "SpdTyp": 0, "CallSus": false, "Trt": 5, "Year": "2017"}, {"Id": 11400425, "Rcvr": 1, "HasSig": false, "Icao": "ADF4E9", "Bad": false, "Reg": "N999JQ", "FSeen": "/Date(1544408488765)/", "TSecs": 2860, "CMsgs": 1391, "Alt": -225, "GAlt": 70, "InHg": 30.2151985, "AltT": 0, "TAlt": 8992, "Call": "JBU1804", "Lat": 40.646819, "Long": -73.772819, "PosTime": 1544410957245, "Mlat": false, "PosStale": true, "Tisb": false, "Spd": 0.0, "Trak": 120.9, "TrkH": false, "TTrk": 0.0, "Type": "A321", "Mdl": "Airbus A321 231SL", "Man": "Airbus", "CNum": "8538", "Op": "JetBlue Airways", "OpIcao": "JBU", "Sqk": "1422", "Help": false, "Vsi": -64, "VsiT": 0, "Dst": 0.86, "Brng": 56.0, "WTC": 2, "Species": 1, "Engines": "2", "EngType": 3, "EngMount": 0, "Mil": false, "Cou": "United States", "HasPic": false, "Interested": false, "FlightsCount": 0, "Gnd": true, "SpdTyp": 0, "CallSus": false, "Trt": 5}, {"Id": 10698334, "Rcvr": 1, "HasSig": true, "Sig": 37, "Icao": "A33E5E", "Bad": false, "Reg": "N308PQ", "FSeen": "/Date(1544407321874)/", "TSecs": 4027, "CMsgs": 2325, "Alt": 1200, "GAlt": 1481, "InHg": 30.2007866, "AltT": 0, "Call": "00000000", "Lat": 40.841908, "Long": -73.823943, "PosTime": 1544411348101, "Mlat": true, "Tisb": false, "Spd": 370.8, "Trak": 220.2, "TrkH": false, "Type": "CRJ9", "Mdl": "2014 BOMBARDIER INC CL-600-2D24", "Man": "Bombardier", "CNum": "15308", "Op": "DELTA AIR LINES INC     - ATLANTA, GA", "OpIcao": "EDV", "Sqk": "7402", "Help": false, "Vsi": -960, "VsiT": 1, "Dst": 22.46, "Brng": 350.8, "WTC": 2, "Species": 1, "Engines": "2", "EngType": 3, "EngMount": 1, "Mil": false, "Cou": "United States", "HasPic": false, "Interested": false, "FlightsCount": 0, "Gnd": false, "SpdTyp": 0, "CallSus": true, "Trt": 2, "Year": "2014"}, {"Id": 11376402, "Rcvr": 1, "HasSig": true, "Sig": 136, "Icao": "AD9712", "Bad": false, "Reg": "N975JT", "FSeen": "/Date(1544407246180)/", "TSecs": 4103, "CMsgs": 1986, "Alt": -225, "GAlt": 70, "InHg": 30.2151985, "AltT": 0, "TAlt": 8992, "Call": "JBU2836", "Lat": 40.647692, "Long": -73.777391, "PosTime": 1544410465671, "Mlat": false, "PosStale": true, "Tisb": false, "Spd": 0.0, "Trak": 160.1, "TrkH": false, "TTrk": 0.0, "Type": "A321", "Mdl": "Airbus A321 231SL", "Man": "Airbus", "CNum": "7520", "Op": "JetBlue Airways", "OpIcao": "JBU", "Sqk": "2000", "Help": false, "Vsi": -128, "VsiT": 0, "Dst": 0.67, "Brng": 29.6, "WTC": 2, "Species": 1, "Engines": "2", "EngType": 3, "EngMount": 0, "Mil": false, "Cou": "United States", "HasPic": false, "Interested": false, "FlightsCount": 0, "Gnd": true, "SpdTyp": 0, "CallSus": false, "Trt": 5, "Year": "2016"}, {"Id": 10488105, "Rcvr": 1, "HasSig": false, "Icao": "A00929", "Bad": false, "Reg": "N101HQ", "FSeen": "/Date(1544406135247)/", "TSecs": 5214, "CMsgs": 2724, "Alt": 100, "GAlt": 390, "InHg": 30.2096462, "AltT": 0, "Call": "RPA4480", "Lat": 40.807114, "Long": -73.852966, "PosTime": 1544411333656, "Mlat": true, "Tisb": false, "Spd": 217.0, "Trak": 210.7, "TrkH": false, "Type": "E75S", "Mdl": "2007 EMBRAER-EMPRESA BRASILEIRA DE ERJ 170-200 LR", "Man": "Embraer", "CNum": "17000156", "Op": "REPUBLIC AIRLINE INC     - INDIANAPOLIS, IN", "OpIcao": "RPA", "Sqk": "4036", "Help": false, "Vsi": -34, "VsiT": 1, "Dst": 19.28, "Brng": 341.8, "WTC": 2, "Species": 1, "Engines": "2", "EngType": 3, "EngMount": 0, "Mil": false, "Cou": "United States", "HasPic": false, "Interested": false, "FlightsCount": 0, "Gnd": false, "SpdTyp": 0, "CallSus": true, "Trt": 2, "Year": "2007"}, {"Id": 10710696, "Rcvr": 1, "HasSig": false, "Icao": "A36EA8", "Bad": false, "Reg": "N320DN", "FSeen": "/Date(1544404629573)/", "TSecs": 6720, "CMsgs": 3687, "Alt": -150, "GAlt": 145, "InHg": 30.2151985, "AltT": 0, "TAlt": 4000, "Call": "DAL2601", "Lat": 40.64328, "Long": -73.758362, "PosTime": 1544411348100, "Mlat": false, "Tisb": false, "Spd": 139.0, "Trak": 301.0, "TrkH": false, "TTrk": 340.3125, "Type": "A321", "Mdl": "Airbus A321 211SL", "Man": "Airbus", "CNum": "7546", "From": "KMCO Orlando, United States", "To": "KJFK John F Kennedy, New York, United States", "Op": "Delta Air Lines", "OpIcao": "DAL", "Sqk": "2334", "Help": false, "Vsi": -832, "VsiT": 1, "Dst": 1.94, "Brng": 87.4, "WTC": 2, "Species": 1, "Engines": "2", "EngType": 3, "EngMount": 0, "Mil": false, "Cou": "United States", "HasPic": false, "Interested": false, "FlightsCount": 0, "Gnd": false, "SpdTyp": 0, "CallSus": false, "Trt": 5, "Year": "2017"}, {"Id": 11313818, "Rcvr": 1, "HasSig": true, "Sig": 199, "Icao": "ACA29A", "Bad": false, "Reg": "N913JB", "FSeen": "/Date(1544404538851)/", "TSecs": 6810, "CMsgs": 3920, "Alt": 2725, "GAlt": 2994, "InHg": 30.1889763, "AltT": 0, "TAlt": 3008, "Call": "JBU426", "Lat": 40.539047, "Long": -73.530273, "PosTime": 1544411349515, "Mlat": false, "Tisb": false, "Spd": 158.9, "Trak": 303.2, "TrkH": false, "TTrk": 340.3125, "Type": "A321", "Mdl": "2013 AIRBUS A321-231", "Man": "Airbus", "CNum": "5909", "From": "KTPA Tampa, United States", "To": "KJFK John F Kennedy, New York, United States", "Op": "JetBlue Airways", "OpIcao": "JBU", "Sqk": "3672", "Help": false, "Vsi": 0, "VsiT": 0, "Dst": 24.11, "Brng": 118.4, "WTC": 2, "Species": 1, "Engines": "2", "EngType": 3, "EngMount": 0, "Mil": false, "Cou": "United States", "HasPic": false, "Interested": false, "FlightsCount": 0, "Gnd": false, "SpdTyp": 0, "CallSus": false, "Trt": 5, "Year": "2013"}, {"Id": 10759932, "Rcvr": 1, "HasSig": true, "Sig": 7, "Icao": "A42EFC", "Bad": false, "Reg": "N369NW", "FSeen": "/Date(1544404074327)/", "TSecs": 7275, "CMsgs": 4145, "Alt": 19450, "GAlt": 19462, "InHg": 29.93171, "AltT": 0, "TAlt": 35008, "Call": "DAL842", "Lat": 40.778137, "Long": -73.876709, "PosTime": 1544411297504, "Mlat": false, "Tisb": false, "Spd": 134.0, "Trak": 212.3, "TrkH": false, "TTrk": 0.0, "Type": "A320", "Mdl": "1999 AIRBUS INDUSTRIE A320-212", "Man": "Airbus", "CNum": "1011", "From": "KSEA Seattle Tacoma, United States", "To": "KMSP Minneapolis-St Paul International/Wold-Chamberlain, Minneapolis, United States", "Op": "Delta Air Lines", "OpIcao": "DAL", "Sqk": "2426", "Help": false, "Vsi": -768, "VsiT": 1, "Dst": 17.09, "Brng": 332.0, "WTC": 2, "Species": 1, "Engines": "2", "EngType": 3, "EngMount": 0, "Mil": false, "Cou": "United States", "HasPic": false, "Interested": false, "FlightsCount": 0, "Gnd": true, "SpdTyp": 0, "CallSus": false, "Trt": 5, "Year": "1999"}, {"Id": 11182124, "Rcvr": 1, "HasSig": true, "Sig": 151, "Icao": "AAA02C", "Bad": false, "Reg": "N784JB", "FSeen": "/Date(1544403999306)/", "TSecs": 7350, "CMsgs": 4175, "Alt": 3750, "GAlt": 4040, "InHg": 30.2096462, "AltT": 0, "TAlt": 10016, "Call": "JBU1262", "Lat": 40.696804, "Long": -73.937801, "PosTime": 1544411349514, "Mlat": false, "Tisb": false, "Spd": 268.4, "Trak": 58.6, "TrkH": false, "TTrk": 70.3125, "Type": "A320", "Mdl": "2011 AIRBUS A320-232", "Man": "Airbus", "CNum": "4578", "From": "KPBI Palm Beach, West Palm Beach, United States", "To": "KLGA La Guardia, New York, United States", "Op": "JetBlue Airways", "OpIcao": "JBU", "Sqk": "2137", "Help": false, "Vsi": 0, "VsiT": 1, "Dst": 14.52, "Brng": 294.6, "WTC": 2, "Species": 1, "Engines": "2", "EngType": 3, "EngMount": 0, "Mil": false, "Cou": "United States", "HasPic": false, "Interested": false, "FlightsCount": 0, "Gnd": false, "SpdTyp": 0, "CallSus": false, "Trt": 5, "Year": "2011"}, {"Id": 11010587, "Rcvr": 1, "HasSig": false, "Icao": "A8021B", "Bad": false, "FSeen": "/Date(1544403553200)/", "TSecs": 7796, "CMsgs": 4429, "Alt": 2750, "GAlt": 3040, "InHg": 30.2096462, "AltT": 0, "TAlt": 35008, "Call": "JBU672", "Lat": 40.776455, "Long": -73.802719, "PosTime": 1544411349514, "Mlat": false, "Tisb": false, "Spd": 206.0, "Trak": 41.3, "TrkH": false, "TTrk": 0.0, "From": "KFLL Fort Lauderdale Hollywood, United States", "To": "KLGA La Guardia, New York, United States", "Sqk": "1434", "Help": false, "Vsi": 0, "VsiT": 0, "Dst": 15.01, "Brng": 353.1, "WTC": 0, "Species": 0, "EngType": 0, "EngMount": 0, "Mil": false, "Cou": "United States", "HasPic": false, "Interested": false, "FlightsCount": 0, "Gnd": false, "SpdTyp": 0, "CallSus": false, "Trt": 5}, {"Id": 10747919, "Rcvr": 1, "HasSig": false, "Icao": "A4000F", "Bad": false, "Reg": "N357NW", "FSeen": "/Date(1544403480476)/", "TSecs": 7869, "CMsgs": 3751, "Alt": -225, "GAlt": -55, "InHg": 30.2007866, "AltT": 0, "TAlt": 4000, "Call": "DAL2370", "Lat": 40.777924, "Long": -73.871696, "PosTime": 1544411343075, "Mlat": false, "Tisb": false, "Spd": 18.0, "Trak": 120.9, "TrkH": false, "TTrk": 0.0, "Type": "A320", "Mdl": "1998 AIRBUS INDUSTRIE A320-212", "Man": "Airbus", "CNum": "830", "From": "KLGA La Guardia, New York, United States", "To": "KPBI Palm Beach, West Palm Beach, United States", "Op": "Delta Air Lines", "OpIcao": "DAL", "Sqk": "0547", "Help": false, "Vsi": 0, "VsiT": 0, "Dst": 16.88, "Brng": 333.2, "WTC": 2, "Species": 1, "Engines": "2", "EngType": 3, "EngMount": 0, "Mil": false, "Cou": "United States", "HasPic": false, "Interested": false, "FlightsCount": 0, "Gnd": true, "SpdTyp": 0, "CallSus": false, "Trt": 5, "Year": "1998"}, {"Id": 10956578, "Rcvr": 1, "HasSig": false, "Icao": "A72F22", "Bad": false, "Reg": "N562JB", "FSeen": "/Date(1544403419123)/", "TSecs": 7930, "CMsgs": 3028, "Alt": 18300, "GAlt": 18619, "InHg": 30.2388229, "AltT": 0, "TAlt": 3008, "Call": "JBU1818", "Lat": 40.633186, "Long": -73.768875, "PosTime": 1544406818428, "Mlat": false, "PosStale": true, "Tisb": false, "Spd": 0.1, "Trak": 210.9, "TrkH": false, "TTrk": 0.0, "Type": "A320", "Mdl": "2003 AIRBUS A320-232", "Man": "Airbus", "CNum": "1948", "From": "TTPP Piarco, Port of Spain, Trinidad and Tobago", "To": "KJFK John F Kennedy, New York, United States", "Op": "JetBlue Airways", "OpIcao": "JBU", "Sqk": "2666", "Help": false, "Vsi": -640, "VsiT": 0, "Dst": 1.47, "Brng": 134.6, "WTC": 2, "Species": 1, "Engines": "2", "EngType": 3, "EngMount": 0, "Mil": false, "Cou": "United States", "HasPic": false, "Interested": false, "FlightsCount": 0, "Gnd": true, "SpdTyp": 0, "CallSus": false, "Trt": 5, "Year": "2003"}, {"Id": 13347241, "Rcvr": 1, "HasSig": false, "Icao": "CBA9A9", "Bad": false, "FSeen": "/Date(1544402347005)/", "TSecs": 9002, "CMsgs": 5042, "Alt": 825, "GAlt": 1094, "InHg": 30.1889763, "AltT": 0, "Call": "NAX7191", "Lat": 40.744568, "Long": -74.131874, "PosTime": 1544411349513, "Mlat": false, "Tisb": false, "Spd": 140.0, "Trak": 206.6, "TrkH": false, "From": "LFPO Paris-Orly, Paris, France", "To": "KEWR Newark Liberty, United States", "Sqk": "6043", "Help": false, "Vsi": -1024, "VsiT": 0, "Dst": 31.66, "Brng": 291.1, "WTC": 0, "Species": 0, "EngType": 0, "EngMount": 0, "Mil": false, "Cou": "Unknown or unassigned country", "HasPic": false, "Interested": false, "FlightsCount": 0, "Gnd": false, "SpdTyp": 0, "CallSus": false, "Trt": 2}, {"Id": 10626178, "Rcvr": 1, "HasSig": false, "Icao": "A22482", "Bad": false, "Reg": "N237WN", "FSeen": "/Date(1544402239100)/", "TSecs": 9110, "CMsgs": 3970, "Alt": 4925, "GAlt": 5156, "InHg": 30.15059, "AltT": 0, "Lat": 40.5726, "Long": -74.0668, "PosTime": 1544411344505, "Mlat": true, "Tisb": false, "Spd": 530.1, "Trak": 84.2, "TrkH": false, "Type": "B737", "Mdl": "2006 BOEING 737-7H4", "Man": "Boeing", "CNum": "34632", "Op": "Southwest Airlines", "OpIcao": "SWA", "Sqk": "7345", "Help": false, "Vsi": 0, "VsiT": 0, "Dst": 25.32, "Brng": 252.2, "WTC": 2, "Species": 1, "Engines": "2", "EngType": 3, "EngMount": 0, "Mil": false, "Cou": "United States", "HasPic": false, "Interested": false, "FlightsCount": 0, "Gnd": false, "SpdTyp": 0, "CallSus": false, "Trt": 2, "Year": "2006"}, {"Id": 10553676, "Rcvr": 1, "HasSig": true, "Sig": 211, "Icao": "A1094C", "Bad": false, "Reg": "N166PQ", "FSeen": "/Date(1544400705180)/", "TSecs": 10644, "CMsgs": 5980, "Alt": 1425, "GAlt": 1715, "InHg": 30.2096462, "AltT": 0, "Lat": 40.606586, "Long": -73.677874, "PosTime": 1544411349513, "Mlat": true, "Tisb": false, "Spd": 506.3, "Trak": 290.8, "TrkH": false, "Type": "CRJ9", "Mdl": "2008 BOMBARDIER INC CL-600-2D24", "Man": "Bombardier", "CNum": "15166", "Op": "DELTA AIR LINES INC DEPT 595 AIRCRAFT REGISTRATIONS    - ATLANTA, GA", "OpIcao": "EDV", "Sqk": "2315", "Help": false, "Vsi": 64, "VsiT": 1, "Dst": 9.6, "Brng": 114.5, "WTC": 2, "Species": 1, "Engines": "2", "EngType": 3, "EngMount": 1, "Mil": false, "Cou": "United States", "HasPic": false, "Interested": false, "FlightsCount": 0, "Gnd": false, "SpdTyp": 0, "CallSus": false, "Trt": 2, "Year": "2008"}, {"Id": 10768141, "Rcvr": 1, "HasSig": true, "Sig": 222, "Icao": "A44F0D", "Bad": false, "Reg": "N377NW", "FSeen": "/Date(1544400087054)/", "TSecs": 11262, "CMsgs": 6277, "Alt": 2650, "GAlt": 2945, "InHg": 30.2151985, "AltT": 0, "TAlt": 3008, "Call": "DAL1076", "Lat": 40.572372, "Long": -73.602661, "PosTime": 1544411348095, "Mlat": false, "Tisb": false, "Spd": 173.6, "Trak": 300.9, "TrkH": false, "TTrk": 0.0, "Type": "A320", "Mdl": "2003 AIRBUS A320-211", "Man": "Airbus", "CNum": "2082", "From": "KPDX Portland, United States", "To": "KATL Hartsfield Jackson Atlanta, United States", "Op": "Delta Air Lines", "OpIcao": "DAL", "Sqk": "7450", "Help": false, "Vsi": -768, "VsiT": 1, "Dst": 16.97, "Brng": 117.3, "WTC": 2, "Species": 1, "Engines": "2", "EngType": 3, "EngMount": 0, "Mil": false, "Cou": "United States", "HasPic": false, "Interested": false, "FlightsCount": 0, "Gnd": false, "SpdTyp": 0, "CallSus": false, "Trt": 5, "Year": "2003"}, {"Id": 10957529, "Rcvr": 1, "HasSig": true, "Sig": 123, "Icao": "A732D9", "Bad": false, "Reg": "N563JB", "FSeen": "/Date(1544399788545)/", "TSecs": 11561, "CMsgs": 4854, "Alt": -225, "GAlt": 94, "InHg": 30.2388229, "AltT": 0, "TAlt": 2016, "Call": "JBU135", "Lat": 40.629398, "Long": -73.769943, "PosTime": 1544405433412, "Mlat": false, "PosStale": true, "Tisb": false, "Spd": 0.0, "Trak": 239.1, "TrkH": false, "TTrk": 279.84375, "Type": "A320", "Mdl": "2003 AIRBUS A320-232", "Man": "Airbus", "CNum": "2006", "From": "KJFK John F Kennedy, New York, United States", "To": "KRSW Southwest Florida, Fort Myers, United States", "Op": "JetBlue Airways", "OpIcao": "JBU", "Sqk": "7165", "Help": false, "Vsi": -576, "VsiT": 0, "Dst": 1.74, "Brng": 146.7, "WTC": 2, "Species": 1, "Engines": "2", "EngType": 3, "EngMount": 0, "Mil": false, "Cou": "United States", "HasPic": false, "Interested": false, "FlightsCount": 0, "Gnd": true, "SpdTyp": 0, "CallSus": false, "Trt": 5, "Year": "2003"}, {"Id": 11298461, "Rcvr": 1, "HasSig": false, "Icao": "AC669D", "Bad": false, "Reg": "N89888", "FSeen": "/Date(1544397784350)/", "TSecs": 13565, "CMsgs": 5631, "Alt": -225, "GAlt": 44, "InHg": 30.1889763, "AltT": 0, "Call": "N89888", "Lat": 40.854023, "Long": -74.055557, "PosTime": 1544411343067, "Mlat": false, "Tisb": false, "Spd": 0.0, "Trak": 137.8, "TrkH": false, "Type": "GLF4", "Mdl": "1997 GULFSTREAM AEROSPACE G-IV", "Man": "Gulfstream Aerospace", "CNum": "1306", "Op": "BANK OF UTAH TRUSTEE     - SALT LAKE CITY, UT", "Sqk": "5655", "Help": false, "Vsi": -768, "VsiT": 0, "Dst": 32.97, "Brng": 315.6, "WTC": 2, "Species": 1, "Engines": "2", "EngType": 3, "EngMount": 1, "Mil": false, "Cou": "United States", "HasPic": false, "Interested": false, "FlightsCount": 0, "Gnd": true, "SpdTyp": 0, "CallSus": false, "Trt": 4, "Year": "1997"}, {"Id": 11337844, "Rcvr": 1, "HasSig": true, "Sig": 200, "Icao": "AD0074", "Bad": false, "Reg": "N937JB", "FSeen": "/Date(1544393576621)/", "TSecs": 17772, "CMsgs": 9641, "Alt": 2725, "GAlt": 2994, "InHg": 30.1889763, "AltT": 0, "TAlt": 16000, "Call": "JBU624", "Lat": 40.472609, "Long": -73.479559, "PosTime": 1544411349511, "Mlat": false, "Tisb": false, "Spd": 177.9, "Trak": 21.1, "TrkH": false, "TTrk": 30.0, "Type": "A321", "Mdl": "2014 AIRBUS A321-231", "Man": "Airbus", "CNum": "6245", "From": "KLAX Los Angeles, United States", "To": "KJFK John F Kennedy, New York, United States", "Op": "JetBlue Airways", "OpIcao": "JBU", "Sqk": "7202", "Help": false, "Vsi": 0, "VsiT": 1, "Dst": 31.73, "Brng": 126.4, "WTC": 2, "Species": 1, "Engines": "2", "EngType": 3, "EngMount": 0, "Mil": false, "Cou": "United States", "HasPic": false, "Interested": false, "FlightsCount": 0, "Gnd": false, "SpdTyp": 0, "CallSus": false, "Trt": 4, "Year": "2014"}, {"Id": 11038341, "Rcvr": 1, "HasSig": true, "Sig": 151, "Icao": "A86E85", "Bad": false, "Reg": "N642VA", "FSeen": "/Date(1544393438434)/", "TSecs": 17911, "CMsgs": 9552, "Alt": -225, "GAlt": 65, "InHg": 30.2096462, "AltT": 0, "Call": "ASA1412", "Lat": 40.653231, "Long": -73.780247, "PosTime": 1544411111009, "Mlat": false, "PosStale": true, "Tisb": false, "Spd": 8.6, "Trak": 234.5, "TrkH": false, "Type": "A320", "Mdl": "2008 AIRBUS A320-214", "Man": "Airbus", "CNum": "3670", "Op": "Virgin America", "OpIcao": "ASA", "Sqk": "2027", "Help": false, "Vsi": 0, "VsiT": 1, "Dst": 1.2, "Brng": 4.2, "WTC": 2, "Species": 1, "Engines": "2", "EngType": 3, "EngMount": 0, "Mil": false, "Cou": "United States", "HasPic": false, "Interested": false, "FlightsCount": 0, "Gnd": true, "SpdTyp": 0, "CallSus": false, "Trt": 2, "Year": "2008"}, {"Id": 7867019, "Rcvr": 1, "HasSig": true, "Sig": 64, "Icao": "780A8B", "Bad": false, "Reg": "B-KQW", "FSeen": "/Date(1544392852623)/", "TSecs": 18496, "CMsgs": 9720, "Alt": -225, "GAlt": 70, "InHg": 30.2151985, "AltT": 0, "TAlt": 4000, "Call": "CPA846", "Lat": 40.653511, "Long": -73.780809, "PosTime": 1544411245610, "Mlat": false, "Tisb": false, "Spd": 7.5, "Trak": 241.9, "TrkH": false, "TTrk": 314.296875, "Type": "B773", "Mdl": "Boeing 777 367ER", "Man": "Boeing", "CNum": "41763", "From": "VHHH Chek Lap Kok, Hong Kong, Hong Kong", "To": "KJFK John F Kennedy, New York, United States", "Op": "Cathay Pacific Airways", "OpIcao": "CPA", "Sqk": "1135", "Help": false, "Vsi": -576, "VsiT": 0, "Dst": 1.23, "Brng": 1.9, "WTC": 3, "Species": 1, "Engines": "2", "EngType": 3, "EngMount": 0, "Mil": false, "Cou": "China", "HasPic": false, "Interested": false, "FlightsCount": 0, "Gnd": true, "SpdTyp": 0, "CallSus": false, "Trt": 5, "Year": "2015"}, {"Id": 11370095, "Rcvr": 1, "HasSig": true, "Sig": 141, "Icao": "AD7E6F", "Bad": false, "Reg": "N969JT", "FSeen": "/Date(1544391133717)/", "TSecs": 20215, "CMsgs": 9557, "Alt": -225, "GAlt": 70, "InHg": 30.2151985, "AltT": 0, "TAlt": 4000, "Call": "JBU516", "Lat": 40.649002, "Long": -73.770874, "PosTime": 1544411327016, "Mlat": false, "Tisb": false, "Spd": 2.5, "Trak": 180.0, "TrkH": false, "TTrk": 0.0, "Type": "A321", "Mdl": "Airbus A321 231SL", "Man": "Airbus", "CNum": "7353", "From": "KSFO San Francisco, United States", "To": "KJFK John F Kennedy, New York, United States", "Op": "JetBlue Airways", "OpIcao": "JBU", "Sqk": "1341", "Help": false, "Vsi": -64, "VsiT": 0, "Dst": 1.14, "Brng": 50.5, "WTC": 2, "Species": 1, "Engines": "2", "EngType": 3, "EngMount": 0, "Mil": false, "Cou": "United States", "HasPic": false, "Interested": false, "FlightsCount": 0, "Gnd": true, "SpdTyp": 0, "CallSus": false, "Trt": 5, "Year": "2016"}, {"Id": 11363438, "Rcvr": 1, "HasSig": true, "Sig": 131, "Icao": "AD646E", "Bad": false, "Reg": "N962JT", "FSeen": "/Date(1544389403950)/", "TSecs": 21945, "CMsgs": 9714, "Alt": 3411, "GAlt": 3721, "InHg": 30.2303143, "AltT": 0, "TAlt": 4000, "Call": "JBU190", "Lat": 40.642769, "Long": -73.771088, "PosTime": 1544407306733, "Mlat": false, "PosStale": true, "Tisb": false, "Spd": 0.0, "Trak": 199.7, "TrkH": false, "TTrk": 250.0, "Type": "A321", "Mdl": "Airbus A321 231SL", "Man": "Airbus", "CNum": "6988", "From": "KSAN San Diego, United States", "To": "KJFK John F Kennedy, New York, United States", "Op": "JetBlue Airways", "OpIcao": "JBU", "Sqk": "2000", "Help": false, "Vsi": -1280, "VsiT": 0, "Dst": 0.86, "Brng": 87.9, "WTC": 2, "Species": 1, "Engines": "2", "EngType": 3, "EngMount": 0, "Mil": false, "Cou": "United States", "HasPic": false, "Interested": false, "FlightsCount": 0, "Gnd": true, "SpdTyp": 0, "CallSus": false, "Trt": 4, "Year": "2016"}, {"Id": 11039969, "Rcvr": 1, "HasSig": true, "Sig": 188, "Icao": "A874E1", "Bad": false, "Reg": "N644JB", "FSeen": "/Date(1544388008881)/", "TSecs": 23340, "CMsgs": 11108, "Alt": -225, "GAlt": 94, "InHg": 30.2388229, "AltT": 0, "TAlt": 3008, "Call": "JBU745", "Lat": 40.63262, "Long": -73.767653, "PosTime": 1544406725482, "Mlat": false, "PosStale": true, "Tisb": false, "Spd": 0.0, "Trak": 188.4, "TrkH": false, "TTrk": 0.0, "Type": "A320", "Mdl": "2006 AIRBUS A320-232", "Man": "Airbus", "CNum": "2880", "From": "KMCO Orlando, United States", "To": "TJSJ Luis Munoz Marin, San Juan, Puerto Rico", "Op": "JetBlue Airways", "OpIcao": "JBU", "Sqk": "1607", "Help": false, "Vsi": -128, "VsiT": 0, "Dst": 1.59, "Brng": 133.6, "WTC": 2, "Species": 1, "Engines": "2", "EngType": 3, "EngMount": 0, "Mil": false, "Cou": "United States", "HasPic": false, "Interested": false, "FlightsCount": 0, "Gnd": true, "SpdTyp": 0, "CallSus": false, "Trt": 5, "Year": "2006"}], "totalAc": 4858, "lastDv": "636799846277500677", "shtTrlSec": 65, "stm": 1544411349532}