{"src": 1, "feeds": [{"id": 1, "name": "From Cons", "polarPlot": false}], "srcFeed": 1, "showSil": true, "showFlg": true, "showPic": true, "flgH": 20, "flgW": 85, "acList": [{"Id": 811027, "Rcvr": 1, "HasSig": true, "Sig": 173, "Icao": "0C6013", "Bad": false, "Reg": "9Y-GEO", "FSeen": "/Date(1544421597043)/", "TSecs": 217, "CMsgs": 144, "Alt": 8225, "GAlt": 8444, "InHg": 30.1387787, "AltT": 0, "Lat": 40.491742, "Long": -73.757276, "PosTime": 1544421809619, "Mlat": true, "Tisb": false, "Trak": 127.2, "TrkH": false, "Type": "B738", "Mdl": "Boeing 737NG 8Q8/W", "Man": "Boeing", "CNum": "28225", "Op": "Caribbean Airlines", "OpIcao": "BWA", "Sqk": "2662", "Help": false, "VsiT": 0, "Dst": 16.88, "Brng": 173.1, "WTC": 2, "Species": 1, "Engines": "2", "EngType": 3, "EngMount": 0, "Mil": false, "Cou": "Trinidad and Tobago", "HasPic": false, "Interested": false, "FlightsCount": 0, "Gnd": false, "SpdTyp": 0, "CallSus": false, "Trt": 2, "Year": "1999"}, {"Id": 7453750, "Rcvr": 1, "HasSig": true, "Sig": 208, "Icao": "71BC36", "Bad": false, "Reg": "HL7436", "FSeen": "/Date(1544417105081)/", "TSecs": 4709, "CMsgs": 3179, "Alt": 5500, "GAlt": 5719, "InHg": 30.1387787, "AltT": 0, "Call": "AAR941", "Lat": 40.458069, "Long": -73.633118, "PosTime": 1544421813122, "Mlat": false, "Tisb": false, "Spd": 244.8, "Trak": 28.6, "TrkH": false, "Type": "B744", "Mdl": "Boeing 747 48EFSCD", "Man": "Boeing", "CNum": "29170", "Op": "Asiana Airlines", "OpIcao": "AAR", "Sqk": "7244", "Help": false, "Vsi": -1920, "VsiT": 0, "Dst": 24.03, "Brng": 148.5, "WTC": 3, "Species": 1, "Engines": "4", "EngType": 3, "EngMount": 0, "Mil": false, "Cou": "South Korea", "HasPic": false, "Interested": false, "FlightsCount": 0, "Gnd": false, "SpdTyp": 0, "CallSus": false, "Trt": 2, "Year": "2002"}, {"Id": 11334991, "Rcvr": 1, "HasSig": true, "Sig": 82, "Icao": "ACF54F", "Bad": false, "Reg": "N934JB", "FSeen": "/Date(1544403282128)/", "TSecs": 18532, "CMsgs": 11550, "Alt": -150, "GAlt": 69, "InHg": 30.1387787, "AltT": 0, "TAlt": 3000, "Call": "JBU1224", "Lat": 40.647214, "Long": -73.775331, "PosTime": 1544421803810, "Mlat": false, "Tisb": false, "Spd": 3.0, "Trak": 230.6, "TrkH": false, "TTrk": 130.0, "Type": "A321", "Mdl": "2014 AIRBUS INDUSTRIE A321-231", "Man": "Airbus", "CNum": "6130", "From": "KLAX Los Angeles, United States", "To": "KJFK John F Kennedy, New York, United States", "Op": "JetBlue Airways", "OpIcao": "JBU", "Sqk": "7370", "Help": false, "Vsi": -704, "VsiT": 0, "Dst": 0.73, "Brng": 43.7, "WTC": 2, "Species": 1, "Engines": "2", "EngType": 3, "EngMount": 0, "Mil": false, "Cou": "United States", "HasPic": false, "Interested": false, "FlightsCount": 0, "Gnd": true, "SpdTyp": 0, "CallSus": false, "Trt": 4, "Year": "2014"}, {"Id": 11309223, "Rcvr": 1, "HasSig": false, "Icao": "AC90A7", "Bad": false, "Reg": "N909AM", "FSeen": "/Date(1544402272209)/", "TSecs": 19542, "CMsgs": 6681, "Alt": -225, "GAlt": 56, "InHg": 30.129921, "AltT": 0, "TAlt": 3008, "Call": "AAL1207", "Lat": 40.776752, "Long": -73.874802, "PosTime": 1544421794560, "Mlat": false, "Tisb": false, "Spd": 0.0, "Trak": 141.4, "TrkH": false, "TTrk": 70.3125, "Type": "A321", "Mdl": "Airbus A321 231SL", "Man": "Airbus", "CNum": "7756", "From": "KDFW Dallas Fort Worth, Dallas-Fort Worth, United States", "To": "KSAN San Diego, United States", "Op": "American Airlines", "OpIcao": "AAL", "Sqk": "6211", "Help": false, "Vsi": -896, "VsiT": 0, "Dst": 16.88, "Brng": 332.2, "WTC": 2, "Species": 1, "Engines": "2", "EngType": 3, "EngMount": 0, "Mil": false, "Cou": "United States", "HasPic": false, "Interested": false, "FlightsCount": 0, "Gnd": true, "SpdTyp": 0, "CallSus": false, "Trt": 5, "Year": "2017"}], "totalAc": 4377, "lastDv": "636799839386067754", "shtTrlSec": 65, "stm": 1544421814557}