{"src": 1, "feeds": [{"id": 1, "name": "From Cons", "polarPlot": false}], "srcFeed": 1, "showSil": true, "showFlg": true, "showPic": true, "flgH": 20, "flgW": 85, "acList": [{"Id": 11259928, "Rcvr": 1, "HasSig": true, "Sig": 208, "Icao": "ABD018", "Bad": false, "Reg": "N860NW", "FSeen": "/Date(1544423681863)/", "TSecs": 667, "CMsgs": 140, "Alt": 7275, "GAlt": 7476, "InHg": 30.1207027, "AltT": 0, "TAlt": 11008, "Call": "DAL3", "Lat": 40.584549, "Long": -73.719238, "PosTime": 1544424349025, "Mlat": false, "Tisb": false, "Spd": 278.5, "Trak": 93.5, "TrkH": false, "TTrk": 0.0, "Type": "A332", "Mdl": "2006 AIRBUS A330-223", "Man": "Airbus", "CNum": "0778", "From": "EGLL London Heathrow, United Kingdom", "To": "KJFK John F Kennedy, New York, United States", "Op": "DELTA AIR LINES INC     - ATLANTA, GA", "OpIcao": "DAL", "Sqk": "1734", "Help": false, "Vsi": 2496, "VsiT": 1, "Dst": 8.3, "Brng": 140.9, "WTC": 3, "Species": 1, "Engines": "2", "EngType": 3, "EngMount": 0, "Mil": false, "Cou": "United States", "HasPic": false, "Interested": false, "FlightsCount": 0, "Gnd": false, "SpdTyp": 0, "CallSus": false, "Trt": 5, "Year": "2006"}, {"Id": 11367537, "Rcvr": 1, "HasSig": true, "Sig": 183, "Icao": "AD7471", "Bad": false, "Reg": "N966WN", "FSeen": "/Date(1544423109892)/", "TSecs": 1239, "CMsgs": 756, "Alt": 34000, "GAlt": 34189, "InHg": 30.0797253, "AltT": 0, "Lat": 40.819016, "Long": -73.916992, "PosTime": 1544424348996, "Mlat": true, "Tisb": false, "Spd": 372.8, "Trak": 237.1, "TrkH": false, "Type": "B737", "Mdl": "2011 BOEING 737-7H4", "Man": "Boeing", "CNum": "36966", "Op": "Southwest Airlines", "OpIcao": "SWA", "Sqk": "3554", "Help": false, "Vsi": 2496, "VsiT": 0, "Dst": 22.72, "Brng": 329.8, "WTC": 2, "Species": 1, "Engines": "2", "EngType": 3, "EngMount": 0, "Mil": false, "Cou": "United States", "HasPic": false, "Interested": false, "FlightsCount": 0, "Gnd": false, "SpdTyp": 0, "CallSus": false, "Trt": 2, "Year": "2011"}, {"Id": 11334991, "Rcvr": 1, "HasSig": true, "Sig": 100, "Icao": "ACF54F", "Bad": false, "Reg": "N934JB", "FSeen": "/Date(1544403282131)/", "TSecs": 21067, "CMsgs": 12562, "Alt": 3062, "GAlt": 3281, "InHg": 30.1210632, "AltT": 0, "TAlt": 3000, "Call": "JBU1224", "Lat": 40.646954, "Long": -73.775742, "PosTime": 1544424348968, "Mlat": false, "Tisb": false, "Spd": 0.0, "Trak": 3.8, "TrkH": false, "TTrk": 130.0, "Type": "A321", "Mdl": "2014 AIRBUS INDUSTRIE A321-231", "Man": "Airbus", "CNum": "6130", "From": "KLAX Los Angeles, United States", "To": "KJFK John F Kennedy, New York, United States", "Op": "JetBlue Airways", "OpIcao": "JBU", "Sqk": "7370", "Help": false, "Vsi": -704, "VsiT": 0, "Dst": 0.68, "Brng": 43.2, "WTC": 2, "Species": 1, "Engines": "2", "EngType": 3, "EngMount": 0, "Mil": false, "Cou": "United States", "HasPic": false, "Interested": false, "FlightsCount": 0, "Gnd": true, "SpdTyp": 0, "CallSus": false, "Trt": 4, "Year": "2014"}], "totalAc": 4597, "lastDv": "636797919041916309", "shtTrlSec": 65, "stm": 1544424349499}