{"src": 1, "feeds": [{"id": 1, "name": "From Cons", "polarPlot": false}], "srcFeed": 1, "showSil": true, "showFlg": true, "showPic": true, "flgH": 20, "flgW": 85, "acList": [{"Id": 10685720, "Rcvr": 1, "HasSig": true, "Sig": 61, "Icao": "A30D18", "Bad": false, "Reg": "N296PQ", "FSeen": "/Date(1544406503746)/", "TSecs": 101, "CMsgs": 57, "Alt": 3125, "GAlt": 3415, "InHg": 30.2096462, "AltT": 0, "Call": "00000000", "Lat": 40.8477, "Long": -73.9336, "PosTime": 1544406603767, "Mlat": true, "Tisb": false, "Trak": 328.8, "TrkH": false, "Type": "CRJ9", "Mdl": "2013 BOMBARDIER INC CL-600-2D24", "Man": "Bombardier", "CNum": "15296", "Op": "DELTA AIR LINES INC     - ATLANTA, GA", "OpIcao": "EDV", "Sqk": "2703", "Help": false, "VsiT": 0, "Dst": 26.18, "Brng": 330.7, "WTC": 2, "Species": 1, "Engines": "2", "EngType": 3, "EngMount": 1, "Mil": false, "Cou": "United States", "HasPic": false, "Interested": false, "FlightsCount": 0, "Gnd": false, "SpdTyp": 0, "CallSus": true, "Trt": 2, "Year": "2013"}, {"Id": 11224874, "Rcvr": 1, "HasSig": true, "Sig": 184, "Icao": "AB472A", "Bad": false, "Reg": "N826AE", "FSeen": "/Date(1544406418299)/", "TSecs": 186, "CMsgs": 104, "Alt": 7350, "GAlt": 7640, "InHg": 30.2096462, "AltT": 0, "Call": "ENY4127", "Lat": 40.924258, "Long": -73.844667, "PosTime": 1544406604650, "Mlat": false, "Tisb": false, "Spd": 265.0, "Trak": 59.4, "TrkH": false, "Type": "E135", "Mdl": "2002 EMBRAER EMB-135KL", "Man": "Embraer", "CNum": "145592", "From": "KLGA La Guardia, New York, United States", "To": "CYUL Montreal / Pierre Elliott Trudeau, Montr\u00e9al, Canada", "Op": "AMERICAN AIRLINES INC     - FORT WORTH, TX", "OpIcao": "ENY", "Sqk": "1673", "Help": false, "Vsi": 2432, "VsiT": 1, "Dst": 31.78, "Brng": 350.4, "WTC": 2, "Species": 1, "Engines": "2", "EngType": 3, "EngMount": 1, "Mil": false, "Cou": "United States", "HasPic": false, "Interested": false, "FlightsCount": 0, "Gnd": false, "SpdTyp": 0, "CallSus": false, "Trt": 5, "Year": "2002"}, {"Id": 10617658, "Rcvr": 1, "HasSig": true, "Sig": 70, "Icao": "A2033A", "Bad": false, "Reg": "N229JB", "FSeen": "/Date(1544406321674)/", "TSecs": 283, "CMsgs": 154, "Alt": 11550, "GAlt": 11801, "InHg": 30.1712589, "AltT": 0, "Call": "JBU2167", "Lat": 40.859737, "Long": -73.942732, "PosTime": 1544406604650, "Mlat": true, "Tisb": false, "Trak": 203.1, "TrkH": false, "Type": "E190", "Mdl": "2006 EMBRAER ERJ 190-100 IGW", "Man": "Embraer", "CNum": "19000032", "Op": "JetBlue Airways", "OpIcao": "JBU", "Sqk": "1655", "Help": false, "VsiT": 0, "Dst": 27.72, "Brng": 330.7, "WTC": 2, "Species": 1, "Engines": "2", "EngType": 3, "EngMount": 0, "Mil": false, "Cou": "United States", "HasPic": false, "Interested": false, "FlightsCount": 0, "Gnd": false, "SpdTyp": 0, "CallSus": true, "Trt": 2, "Year": "2006"}, {"Id": 10753275, "Rcvr": 1, "HasSig": false, "Icao": "A414FB", "Bad": false, "Reg": "N362NW", "FSeen": "/Date(1544405915381)/", "TSecs": 689, "CMsgs": 175, "Alt": 10050, "GAlt": 10392, "InHg": 30.26245, "AltT": 0, "TAlt": 4992, "Call": "DAL2747", "Lat": 40.458115, "Long": -73.548767, "PosTime": 1544406604650, "Mlat": false, "Tisb": false, "Spd": 308.0, "Trak": 154.4, "TrkH": false, "TTrk": 225.0, "Type": "A320", "Mdl": "1998 AIRBUS INDUSTRIE A320-212", "Man": "Airbus", "CNum": "0911", "From": "KLGA La Guardia, New York, United States", "To": "KATL Hartsfield Jackson Atlanta, United States", "Op": "Delta Air Lines", "OpIcao": "DAL", "Sqk": "1141", "Help": false, "Vsi": 704, "VsiT": 1, "Dst": 28.39, "Brng": 136.1, "WTC": 2, "Species": 1, "Engines": "2", "EngType": 3, "EngMount": 0, "Mil": false, "Cou": "United States", "HasPic": false, "Interested": false, "FlightsCount": 0, "Gnd": false, "SpdTyp": 0, "CallSus": false, "Trt": 5, "Year": "1998"}, {"Id": 4196158, "Rcvr": 1, "HasSig": false, "Icao": "40073E", "Bad": false, "Reg": "G-BYGF", "FSeen": "/Date(1544405138087)/", "TSecs": 1466, "CMsgs": 218, "Alt": 10725, "GAlt": 11015, "InHg": 30.2096462, "AltT": 0, "Call": "BAW116", "Lat": 40.790977, "Long": -73.514389, "PosTime": 1544406603706, "Mlat": false, "Tisb": false, "Spd": 349.0, "Trak": 29.1, "TrkH": false, "Type": "B744", "Mdl": "Boeing 747 436", "Man": "Boeing", "CNum": "25824", "From": "KJFK John F Kennedy, New York, United States", "To": "EGLL London Heathrow, United Kingdom", "Op": "British Airways", "OpIcao": "BAW", "Sqk": "2761", "Help": false, "Vsi": 0, "VsiT": 0, "Dst": 27.9, "Brng": 53.6, "WTC": 3, "Species": 1, "Engines": "4", "EngType": 3, "EngMount": 0, "Mil": false, "Cou": "United Kingdom", "HasPic": false, "Interested": false, "FlightsCount": 0, "Gnd": false, "SpdTyp": 0, "CallSus": false, "Trt": 2, "Year": "1999"}, {"Id": 10509082, "Rcvr": 1, "HasSig": true, "Sig": 172, "Icao": "A05B1A", "Bad": false, "Reg": "N12195", "FSeen": "/Date(1544404851140)/", "TSecs": 1753, "CMsgs": 875, "Alt": 3150, "GAlt": 3440, "InHg": 30.2096462, "AltT": 0, "Call": "UCA4897", "Lat": 40.782578, "Long": -74.008118, "PosTime": 1544406208716, "Mlat": false, "PosStale": true, "Tisb": false, "Spd": 331.0, "Trak": 348.3, "TrkH": false, "Type": "E45X", "Mdl": "2005 EMBRAER EMB-145XR", "Man": "Embraer", "CNum": "14500943", "Op": "WELLS FARGO BANK NORTHWEST NA TRUSTEE     - SALT LAKE CITY, UT", "OpIcao": "UCA", "Sqk": "", "Vsi": 18, "VsiT": 0, "Dst": 24.66, "Brng": 309.2, "WTC": 2, "Species": 1, "Engines": "2", "EngType": 3, "EngMount": 1, "Mil": false, "Cou": "United States", "HasPic": false, "Interested": false, "FlightsCount": 0, "Gnd": false, "SpdTyp": 0, "CallSus": false, "Trt": 2, "Year": "2005"}, {"Id": 10739486, "Rcvr": 1, "HasSig": false, "Icao": "A3DF1E", "Bad": false, "Reg": "N349DX", "FSeen": "/Date(1544404671133)/", "TSecs": 1933, "CMsgs": 135, "Alt": 6300, "GAlt": 6610, "InHg": 30.2303143, "AltT": 0, "Call": "DAL2958", "Lat": 40.62167, "Long": -73.613953, "PosTime": 1544406604650, "Mlat": false, "Tisb": false, "Spd": 269.0, "Trak": 42.4, "TrkH": false, "Type": "A321", "Mdl": "Airbus A321 211SL", "Man": "Airbus", "CNum": "8233", "Op": "Delta Air Lines", "OpIcao": "DAL", "Sqk": "2613", "Help": false, "Vsi": 2048, "VsiT": 1, "Dst": 14.31, "Brng": 99.3, "WTC": 2, "Species": 1, "Engines": "2", "EngType": 3, "EngMount": 0, "Mil": false, "Cou": "United States", "HasPic": false, "Interested": false, "FlightsCount": 0, "Gnd": false, "SpdTyp": 0, "CallSus": false, "Trt": 5, "Year": "2018"}, {"Id": 11287531, "Rcvr": 1, "HasSig": true, "Sig": 115, "Icao": "AC3BEB", "Bad": false, "Reg": "N888DU", "FSeen": "/Date(1544404591260)/", "TSecs": 2013, "CMsgs": 1079, "Alt": 3725, "GAlt": 4044, "InHg": 30.2388229, "AltT": 0, "TAlt": 4000, "Call": "DAL985", "Lat": 40.506964, "Long": -73.494353, "PosTime": 1544406604584, "Mlat": false, "Tisb": false, "Spd": 260.3, "Trak": 19.8, "TrkH": false, "TTrk": 30.234375, "Type": "B739", "Mdl": "Boeing 737NG 900ER/W", "Man": "Boeing", "CNum": "31999", "From": "MDSD Las Am\u00e9ricas, Santo Domingo, Dominican Republic", "To": "KJFK John F Kennedy, New York, United States", "Op": "Delta Air Lines", "OpIcao": "DAL", "Sqk": "1714", "Help": false, "Vsi": 0, "VsiT": 1, "Dst": 28.54, "Brng": 121.8, "WTC": 2, "Species": 1, "Engines": "2", "EngType": 3, "EngMount": 0, "Mil": false, "Cou": "United States", "HasPic": false, "Interested": false, "FlightsCount": 0, "Gnd": false, "SpdTyp": 0, "CallSus": false, "Trt": 5, "Year": "2017"}, {"Id": 11355213, "Rcvr": 1, "HasSig": true, "Sig": 125, "Icao": "AD444D", "Bad": false, "Reg": "N954JB", "FSeen": "/Date(1544404305601)/", "TSecs": 2299, "CMsgs": 1221, "Alt": 2700, "GAlt": 3019, "InHg": 30.2388229, "AltT": 0, "TAlt": 3008, "Call": "JBU410", "Lat": 40.696246, "Long": -73.441544, "PosTime": 1544406604583, "Mlat": false, "Tisb": false, "Spd": 216.4, "Trak": 10.1, "TrkH": false, "TTrk": 19.6875, "Type": "A321", "Mdl": "2015 AIRBUS A321-231", "Man": "Airbus", "CNum": "6725", "From": "MDSD Las Am\u00e9ricas, Santo Domingo, Dominican Republic", "To": "KJFK John F Kennedy, New York, United States", "Op": "JET BLUE AIRWAYS CORP     - LONG ISLAND CITY, NY", "OpIcao": "JBU", "Sqk": "1726", "Help": false, "Vsi": 0, "VsiT": 1, "Dst": 29.27, "Brng": 78.1, "WTC": 2, "Species": 1, "Engines": "2", "EngType": 3, "EngMount": 0, "Mil": false, "Cou": "United States", "HasPic": false, "Interested": false, "FlightsCount": 0, "Gnd": false, "SpdTyp": 0, "CallSus": false, "Trt": 5, "Year": "2015"}, {"Id": 10956578, "Rcvr": 1, "HasSig": true, "Sig": 133, "Icao": "A72F22", "Bad": false, "Reg": "N562JB", "FSeen": "/Date(1544403419123)/", "TSecs": 3185, "CMsgs": 1768, "Alt": 1475, "GAlt": 1794, "InHg": 30.2388229, "AltT": 0, "TAlt": 3008, "Call": "JBU1818", "Lat": 40.715751, "Long": -73.69941, "PosTime": 1544406604580, "Mlat": false, "Tisb": false, "Spd": 137.1, "Trak": 209.7, "TrkH": false, "TTrk": 0.0, "Type": "A320", "Mdl": "2003 AIRBUS A320-232", "Man": "Airbus", "CNum": "1948", "From": "TTPP Piarco, Port of Spain, Trinidad and Tobago", "To": "KJFK John F Kennedy, New York, United States", "Op": "JetBlue Airways", "OpIcao": "JBU", "Sqk": "", "Vsi": -640, "VsiT": 1, "Dst": 10.68, "Brng": 40.3, "WTC": 2, "Species": 1, "Engines": "2", "EngType": 3, "EngMount": 0, "Mil": false, "Cou": "United States", "HasPic": false, "Interested": false, "FlightsCount": 0, "Gnd": false, "SpdTyp": 0, "CallSus": false, "Trt": 5, "Year": "2003"}, {"Id": 11308794, "Rcvr": 1, "HasSig": false, "Icao": "AC8EFA", "Bad": false, "Reg": "N908XJ", "FSeen": "/Date(1544403355323)/", "TSecs": 3249, "CMsgs": 1821, "Alt": 2750, "GAlt": 3060, "InHg": 30.2303143, "AltT": 0, "TAlt": 4000, "Call": "EDV5380", "Lat": 40.858063, "Long": -73.72744, "PosTime": 1544406604567, "Mlat": false, "Tisb": false, "Spd": 185.0, "Trak": 33.1, "TrkH": false, "TTrk": 49.921875, "Type": "CRJ9", "Mdl": "2007 BOMBARDIER INC CL-600-2D24", "Man": "Bombardier", "CNum": "15140", "Op": "DELTA AIR LINES INC     - ATLANTA, GA", "OpIcao": "EDV", "Sqk": "4106", "Help": false, "Vsi": 0, "VsiT": 0, "Dst": 24.4, "Brng": 10.7, "WTC": 2, "Species": 1, "Engines": "2", "EngType": 3, "EngMount": 1, "Mil": false, "Cou": "United States", "HasPic": false, "Interested": false, "FlightsCount": 0, "Gnd": false, "SpdTyp": 0, "CallSus": false, "Trt": 5, "Year": "2007"}, {"Id": 11244145, "Rcvr": 1, "HasSig": false, "Icao": "AB9271", "Bad": false, "Reg": "N845AE", "FSeen": "/Date(1544403349695)/", "TSecs": 3255, "CMsgs": 1827, "Alt": 2100, "GAlt": 2390, "InHg": 30.2096462, "AltT": 0, "Call": "ENY3874", "Lat": 40.905869, "Long": -73.765953, "PosTime": 1544406604566, "Mlat": false, "Tisb": false, "Spd": 158.0, "Trak": 250.1, "TrkH": false, "Type": "E135", "Mdl": "2003 EMBRAER EMB-135KL", "Man": "Embraer", "CNum": "145685", "Op": "American Eagle - Envoy Air", "OpIcao": "ENY", "Sqk": "2432", "Help": false, "Vsi": -192, "VsiT": 1, "Dst": 29.32, "Brng": 2.5, "WTC": 2, "Species": 1, "Engines": "2", "EngType": 3, "EngMount": 1, "Mil": false, "Cou": "United States", "HasPic": false, "Interested": false, "FlightsCount": 0, "Gnd": false, "SpdTyp": 0, "CallSus": false, "Trt": 5, "Year": "2003"}, {"Id": 12608355, "Rcvr": 1, "HasSig": false, "Icao": "C06363", "Bad": false, "Reg": "C-GLQO", "FSeen": "/Date(1544402853536)/", "TSecs": 3751, "CMsgs": 2104, "Alt": 900, "GAlt": 1201, "InHg": 30.2214565, "AltT": 0, "Lat": 40.747467, "Long": -74.1297, "PosTime": 1544406604173, "Mlat": false, "Tisb": false, "Spd": 144.0, "Trak": 206.7, "TrkH": false, "Type": "DH8D", "Mdl": "Bombardier DHC-8 402", "Man": "Bombardier", "CNum": "4270", "Op": "Porter Airlines", "OpIcao": "POE", "Sqk": "0557", "Help": false, "Vsi": -1024, "VsiT": 1, "Dst": 31.61, "Brng": 291.8, "WTC": 2, "Species": 1, "Engines": "2", "EngType": 2, "EngMount": 0, "Mil": false, "Cou": "Canada", "HasPic": false, "Interested": false, "FlightsCount": 0, "Gnd": false, "SpdTyp": 0, "CallSus": false, "Trt": 5, "Year": "2009"}, {"Id": 11249501, "Rcvr": 1, "HasSig": true, "Sig": 36, "Icao": "ABA75D", "Bad": false, "Reg": "N850AE", "FSeen": "/Date(1544402727016)/", "TSecs": 3877, "CMsgs": 1875, "Alt": 1725, "GAlt": 2006, "InHg": 30.2007866, "AltT": 0, "Call": "ENY3531", "Lat": 40.868582, "Long": -73.801908, "PosTime": 1544406604172, "Mlat": true, "Tisb": false, "Spd": 161.4, "Trak": 215.3, "TrkH": false, "Type": "E135", "Mdl": "2003 EMBRAER EMB-135KL", "Man": "Embraer", "CNum": "145722", "From": "KLGA La Guardia, New York, United States", "To": "KLGA La Guardia, New York, United States", "Stops": ["KRDU Raleigh Durham, Raleigh/Durham, United States"], "Op": "AMERICAN AIRLINES INC     - FORT WORTH, TX", "OpIcao": "ENY", "Sqk": "0511", "Help": false, "Vsi": -896, "VsiT": 1, "Dst": 25.2, "Brng": 356.1, "WTC": 2, "Species": 1, "Engines": "2", "EngType": 3, "EngMount": 1, "Mil": false, "Cou": "United States", "HasPic": false, "Interested": false, "FlightsCount": 0, "Gnd": true, "SpdTyp": 0, "CallSus": true, "Trt": 2, "Year": "2003"}, {"Id": 5276239, "Rcvr": 1, "HasSig": true, "Sig": 200, "Icao": "50824F", "Bad": false, "Reg": "UR-GEB", "FSeen": "/Date(1544401771206)/", "TSecs": 4833, "CMsgs": 2223, "Alt": 3550, "GAlt": 3751, "InHg": 30.1210632, "AltT": 0, "Call": "AUI231", "Lat": 40.807, "Long": -73.5614, "PosTime": 1544406602836, "Mlat": true, "Tisb": false, "Spd": 357.0, "Trak": 307.6, "TrkH": false, "Type": "B763", "Mdl": "Boeing 767 33AER/W", "Man": "Boeing", "CNum": "25530", "From": "UKBB Boryspil, Kiev, Ukraine", "To": "KJFK John F Kennedy, New York, United States", "Op": "Ukraine International Airlines", "OpIcao": "AUI", "Sqk": "2553", "Help": false, "Vsi": -64, "VsiT": 0, "Dst": 26.04, "Brng": 45.3, "WTC": 3, "Species": 1, "Engines": "2", "EngType": 3, "EngMount": 0, "Mil": false, "Cou": "Ukraine", "HasPic": false, "Interested": false, "FlightsCount": 0, "Gnd": false, "SpdTyp": 0, "CallSus": true, "Trt": 2, "Year": "1992"}, {"Id": 10766767, "Rcvr": 1, "HasSig": true, "Sig": 196, "Icao": "A449AF", "Bad": false, "Reg": "N3757D", "FSeen": "/Date(1544400727612)/", "TSecs": 5877, "CMsgs": 3174, "Alt": -275, "GAlt": -262, "InHg": 29.93171, "AltT": 0, "TAlt": 18016, "Call": "DAL1704", "Lat": 40.784088, "Long": -73.871819, "PosTime": 1544406533773, "Mlat": false, "Tisb": false, "Spd": 135.0, "Trak": 212.6, "TrkH": false, "TTrk": 115.3125, "Type": "B738", "Mdl": "BOEING 737-832", "Man": "Boeing", "CNum": "30813", "From": "KDTW Detroit Metropolitan Wayne County, United States", "To": "KDTW Detroit Metropolitan Wayne County, United States", "Stops": ["KFLL Fort Lauderdale Hollywood, United States"], "Op": "Delta Air Lines", "OpIcao": "DAL", "Sqk": "4055", "Help": false, "Vsi": -768, "VsiT": 1, "Dst": 17.5, "Brng": 334.2, "WTC": 2, "Species": 1, "Engines": "2", "EngType": 3, "EngMount": 0, "Mil": false, "Cou": "United States", "HasPic": false, "Interested": false, "FlightsCount": 0, "Gnd": true, "SpdTyp": 0, "CallSus": false, "Trt": 5, "Year": "2001"}, {"Id": 10936920, "Rcvr": 1, "HasSig": true, "Sig": 172, "Icao": "A6E258", "Bad": false, "Reg": "N54241", "FSeen": "/Date(1544400720250)/", "TSecs": 5884, "CMsgs": 3025, "Alt": -250, "GAlt": 51, "InHg": 30.2214565, "AltT": 0, "Lat": 40.805457, "Long": -73.854467, "PosTime": 1544406577158, "Mlat": true, "Tisb": false, "Spd": 385.2, "Trak": 217.4, "TrkH": false, "Type": "B738", "Mdl": "1999 BOEING 737-824", "Man": "Boeing", "CNum": "28953", "Op": "WELLS FARGO BANK NORTHWEST NA TRUSTEE     - SALT LAKE CITY, UT", "OpIcao": "UAL", "Sqk": "5603", "Help": false, "Vsi": 64, "VsiT": 0, "Dst": 19.14, "Brng": 341.2, "WTC": 2, "Species": 1, "Engines": "2", "EngType": 3, "EngMount": 0, "Mil": false, "Cou": "United States", "HasPic": false, "Interested": false, "FlightsCount": 0, "Gnd": false, "SpdTyp": 0, "CallSus": false, "Trt": 2, "Year": "1999"}, {"Id": 11278673, "Rcvr": 1, "HasSig": true, "Sig": 196, "Icao": "AC1951", "Bad": false, "Reg": "N879RW", "FSeen": "/Date(1544400680810)/", "TSecs": 5924, "CMsgs": 3060, "Alt": 3750, "GAlt": 4040, "InHg": 30.2096462, "AltT": 0, "Call": "RPA6047", "Lat": 40.6907, "Long": -73.9731, "PosTime": 1544406604124, "Mlat": true, "Tisb": false, "Spd": 360.4, "Trak": 57.8, "TrkH": false, "Type": "E170", "Mdl": "Embraer EMB-170 LR", "Man": "Embraer", "CNum": "17000227", "Op": "Republic Airlines", "OpIcao": "RPA", "Sqk": "3327", "Help": false, "Vsi": 64, "VsiT": 0, "Dst": 17.04, "Brng": 288.4, "WTC": 2, "Species": 1, "Engines": "2", "EngType": 3, "EngMount": 0, "Mil": false, "Cou": "United States", "HasPic": false, "Interested": false, "FlightsCount": 0, "Gnd": false, "SpdTyp": 0, "CallSus": true, "Trt": 2, "Year": "2008"}, {"Id": 11305671, "Rcvr": 1, "HasSig": true, "Sig": 200, "Icao": "AC82C7", "Bad": false, "Reg": "N905LP", "FSeen": "/Date(1544400660449)/", "TSecs": 5944, "CMsgs": 1567, "Alt": 5500, "GAlt": 5810, "InHg": 30.2303143, "AltT": 0, "TAlt": 11008, "Call": "N905LP", "Lat": 40.575443, "Long": -73.708212, "PosTime": 1544406604651, "Mlat": false, "Tisb": false, "Spd": 249.3, "Trak": 41.7, "TrkH": false, "Type": "GLF4", "Mdl": "1997 GULFSTREAM AEROSPACE G-IV", "Man": "Gulfstream Aerospace", "CNum": "1321", "Op": "THOMAS H LEE MANAGEMENT CO LLC     - BOSTON, MA", "Sqk": "1665", "Help": false, "Vsi": 2880, "VsiT": 0, "Dst": 9.68, "Brng": 140.4, "WTC": 2, "Species": 1, "Engines": "2", "EngType": 3, "EngMount": 1, "Mil": false, "Cou": "United States", "HasPic": false, "Interested": false, "FlightsCount": 0, "Gnd": false, "SpdTyp": 0, "CallSus": false, "Trt": 5, "Year": "1997"}, {"Id": 10758030, "Rcvr": 1, "HasSig": true, "Sig": 135, "Icao": "A4278E", "Bad": false, "Reg": "N367NW", "FSeen": "/Date(1544400358131)/", "TSecs": 6246, "CMsgs": 3276, "Alt": -225, "GAlt": 65, "InHg": 30.2096462, "AltT": 0, "TAlt": 1504, "Call": "DAL2652", "Lat": 40.775894, "Long": -73.867447, "PosTime": 1544406589422, "Mlat": false, "Tisb": false, "Spd": 22.0, "Trak": 123.8, "TrkH": false, "TTrk": 0.0, "Type": "A320", "Mdl": "1999 AIRBUS INDUSTRIE A320-212", "Man": "Airbus", "CNum": "0988", "From": "KTPA Tampa, United States", "To": "KLGA La Guardia, New York, United States", "Op": "Delta Air Lines", "OpIcao": "DAL", "Sqk": "3355", "Help": false, "Vsi": -768, "VsiT": 0, "Dst": 16.52, "Brng": 333.9, "WTC": 2, "Species": 1, "Engines": "2", "EngType": 3, "EngMount": 0, "Mil": false, "Cou": "United States", "HasPic": false, "Interested": false, "FlightsCount": 0, "Gnd": true, "SpdTyp": 0, "CallSus": false, "Trt": 5, "Year": "1999"}, {"Id": 10925303, "Rcvr": 1, "HasSig": true, "Sig": 195, "Icao": "A6B4F7", "Bad": false, "Reg": "N531JL", "FSeen": "/Date(1544400039571)/", "TSecs": 6565, "CMsgs": 3002, "Alt": -225, "GAlt": 117, "InHg": 30.26245, "AltT": 0, "TAlt": 3008, "Call": "JBU429", "Lat": 40.632534, "Long": -73.767502, "PosTime": 1544403068424, "Mlat": false, "PosStale": true, "Tisb": false, "Spd": 0.0, "Trak": 199.7, "TrkH": false, "TTrk": 0.0, "Type": "A320", "Mdl": "2001 AIRBUS INDUSTRIE A320-232", "Man": "Airbus", "CNum": "1650", "From": "KBOS General Edward Lawrence Logan, Boston, United States", "To": "KSMF Sacramento, United States", "Op": "JetBlue Airways", "OpIcao": "JBU", "Sqk": "2000", "Help": false, "Vsi": -128, "VsiT": 0, "Dst": 1.61, "Brng": 133.6, "WTC": 2, "Species": 1, "Engines": "2", "EngType": 3, "EngMount": 0, "Mil": false, "Cou": "United States", "HasPic": false, "Interested": false, "FlightsCount": 0, "Gnd": true, "SpdTyp": 0, "CallSus": false, "Trt": 5, "Year": "2001"}, {"Id": 10957529, "Rcvr": 1, "HasSig": true, "Sig": 166, "Icao": "A732D9", "Bad": false, "Reg": "N563JB", "FSeen": "/Date(1544399788545)/", "TSecs": 6816, "CMsgs": 3075, "Alt": -225, "GAlt": 94, "InHg": 30.2388229, "AltT": 0, "TAlt": 2016, "Call": "JBU1042", "Lat": 40.629398, "Long": -73.769943, "PosTime": 1544405433412, "Mlat": false, "PosStale": true, "Tisb": false, "Spd": 4.5, "Trak": 239.1, "TrkH": false, "TTrk": 279.84375, "Type": "A320", "Mdl": "2003 AIRBUS A320-232", "Man": "Airbus", "CNum": "2006", "From": "KSAV Savannah Hilton Head, United States", "To": "KJFK John F Kennedy, New York, United States", "Op": "JetBlue Airways", "OpIcao": "JBU", "Sqk": "0726", "Help": false, "Vsi": -576, "VsiT": 0, "Dst": 1.74, "Brng": 146.7, "WTC": 2, "Species": 1, "Engines": "2", "EngType": 3, "EngMount": 0, "Mil": false, "Cou": "United States", "HasPic": false, "Interested": false, "FlightsCount": 0, "Gnd": true, "SpdTyp": 0, "CallSus": false, "Trt": 5, "Year": "2003"}, {"Id": 10711861, "Rcvr": 1, "HasSig": false, "Icao": "A37335", "Bad": false, "Reg": "N321NB", "FSeen": "/Date(1544399171286)/", "TSecs": 7433, "CMsgs": 3891, "Alt": 3750, "GAlt": 4045, "InHg": 30.2151985, "AltT": 0, "TAlt": 7008, "Call": "DAL1940", "Lat": 40.776779, "Long": -73.784676, "PosTime": 1544406604123, "Mlat": false, "Tisb": false, "Spd": 197.0, "Trak": 31.1, "TrkH": false, "TTrk": 0.0, "Type": "A319", "Mdl": "2001 AIRBUS INDUSTRIE A319-114", "Man": "Airbus", "CNum": "1414", "From": "KSFO San Francisco, United States", "To": "KJFK John F Kennedy, New York, United States", "Op": "Delta Air Lines", "OpIcao": "DAL", "Sqk": "5021", "Help": false, "Vsi": 64, "VsiT": 0, "Dst": 14.94, "Brng": 358.9, "WTC": 2, "Species": 1, "Engines": "2", "EngType": 3, "EngMount": 0, "Mil": false, "Cou": "United States", "HasPic": false, "Interested": false, "FlightsCount": 0, "Gnd": false, "SpdTyp": 0, "CallSus": false, "Trt": 5, "Year": "2001"}, {"Id": 11000404, "Rcvr": 1, "HasSig": false, "Icao": "A7DA54", "Bad": false, "Reg": "N605FE", "FSeen": "/Date(1544399055221)/", "TSecs": 7549, "CMsgs": 3898, "Alt": 2150, "GAlt": 2445, "InHg": 30.2151985, "AltT": 0, "TAlt": 3616, "Call": "FDX743", "Lat": 40.808121, "Long": -74.091125, "PosTime": 1544406591537, "Mlat": false, "Tisb": false, "Spd": 170.0, "Trak": 205.8, "TrkH": false, "TTrk": 189.84375, "Type": "MD11", "Mdl": "1992 MCDONNELL DOUGLAS MD-11F", "Man": "McDonnell Douglas", "CNum": "48514", "From": "KMEM Memphis, United States", "To": "KEWR Newark Liberty, United States", "Op": "FedEx", "OpIcao": "FDX", "Sqk": "5637", "Help": false, "Vsi": -1088, "VsiT": 0, "Dst": 31.95, "Brng": 305.3, "WTC": 3, "Species": 1, "Engines": "3", "EngType": 3, "EngMount": 0, "Mil": false, "Cou": "United States", "HasPic": false, "Interested": false, "FlightsCount": 0, "Gnd": false, "SpdTyp": 0, "CallSus": false, "Trt": 5, "Year": "1992"}, {"Id": 11210316, "Rcvr": 1, "HasSig": true, "Sig": 9, "Icao": "AB0E4C", "Bad": false, "Reg": "N811NN", "FSeen": "/Date(1544398527195)/", "TSecs": 8077, "CMsgs": 4288, "Alt": 575, "GAlt": 847, "InHg": 30.191576, "AltT": 0, "TAlt": 3008, "Call": "AAL1311", "Lat": 40.819237, "Long": -73.842794, "PosTime": 1544406604122, "Mlat": false, "Tisb": false, "Spd": 142.9, "Trak": 212.1, "TrkH": false, "TTrk": 229.921875, "Type": "B738", "Mdl": "2009 BOEING 737-823", "Man": "Boeing", "CNum": "31079", "From": "KMIA Miami, United States", "To": "TJSJ Luis Munoz Marin, San Juan, Puerto Rico", "Op": "American Airlines", "OpIcao": "AAL", "Sqk": "3777", "Help": false, "Vsi": -832, "VsiT": 0, "Dst": 20.33, "Brng": 345.2, "WTC": 2, "Species": 1, "Engines": "2", "EngType": 3, "EngMount": 0, "Mil": false, "Cou": "United States", "HasPic": false, "Interested": false, "FlightsCount": 0, "Gnd": false, "SpdTyp": 0, "CallSus": false, "Trt": 5, "Year": "2009"}, {"Id": 11121263, "Rcvr": 1, "HasSig": true, "Sig": 142, "Icao": "A9B26F", "Bad": false, "Reg": "N724AG", "FSeen": "/Date(1544397797496)/", "TSecs": 8807, "CMsgs": 4188, "Alt": -250, "GAlt": 40, "InHg": 30.2096462, "AltT": 0, "Call": "N724AG", "Lat": 40.775974, "Long": -73.87854, "PosTime": 1544406053496, "Mlat": false, "PosStale": true, "Tisb": false, "Spd": 0.0, "Trak": 14.1, "TrkH": false, "Type": "GLF6", "Mdl": "2001 GULFSTREAM AEROSPACE G-V", "Man": "Gulfstream Aerospace", "CNum": "656", "Op": "EDAN LIMITED LLC EDAN LIMITED II LLC    - MORRISTOWN, NJ", "Sqk": "1446", "Help": false, "Vsi": -128, "VsiT": 0, "Dst": 16.96, "Brng": 331.1, "WTC": 2, "Species": 1, "Engines": "2", "EngType": 3, "EngMount": 1, "Mil": false, "Cou": "United States", "HasPic": false, "Interested": false, "FlightsCount": 0, "Gnd": true, "SpdTyp": 0, "CallSus": false, "Trt": 4, "Year": "2001"}, {"Id": 11119926, "Rcvr": 1, "HasSig": true, "Sig": 155, "Icao": "A9AD36", "Bad": false, "Reg": "N722YX", "FSeen": "/Date(1544397372276)/", "TSecs": 9232, "CMsgs": 4911, "Alt": 150, "GAlt": 445, "InHg": 30.2151985, "AltT": 0, "TAlt": 3008, "Call": "RPA3679", "Lat": 40.712679, "Long": -74.152034, "PosTime": 1544406604120, "Mlat": false, "Tisb": false, "Spd": 118.5, "Trak": 205.5, "TrkH": false, "Type": "E75L", "Mdl": "2015 EMBRAER S A ERJ170-200LR", "Man": "Embraer", "CNum": "17000496", "Op": "REPUBLIC AIRLINE INC     - INDIANAPOLIS, IN", "OpIcao": "RPA", "Sqk": "6700", "Help": false, "Vsi": -768, "VsiT": 1, "Dst": 32.22, "Brng": 284.1, "WTC": 2, "Species": 1, "Engines": "2", "EngType": 3, "EngMount": 0, "Mil": false, "Cou": "United States", "HasPic": false, "Interested": false, "FlightsCount": 0, "Gnd": false, "SpdTyp": 0, "CallSus": false, "Trt": 5, "Year": "2015"}, {"Id": 3958020, "Rcvr": 1, "HasSig": true, "Sig": 160, "Icao": "3C6504", "Bad": false, "Reg": "D-AIHD", "FSeen": "/Date(1544396995765)/", "TSecs": 9609, "CMsgs": 5145, "Alt": -225, "GAlt": 85, "InHg": 30.2303143, "AltT": 0, "Call": "DLH404", "Lat": 40.63171, "Long": -73.775055, "PosTime": 1544406604118, "Mlat": false, "Tisb": false, "Spd": 4.5, "Trak": 306.9, "TrkH": true, "Type": "A346", "Mdl": "Airbus A340 642", "Man": "Airbus", "CNum": "537", "From": "EDDF Frankfurt am Main, Frankfurt-am-Main, Germany", "To": "KJFK John F Kennedy, New York, United States", "Op": "Lufthansa", "OpIcao": "DLH", "Sqk": "2440", "Help": false, "Vsi": 0, "VsiT": 1, "Dst": 1.31, "Brng": 156.3, "WTC": 3, "Species": 1, "Engines": "4", "EngType": 3, "EngMount": 0, "Mil": false, "Cou": "Germany", "HasPic": false, "Interested": false, "FlightsCount": 0, "Gnd": true, "SpdTyp": 3, "CallSus": false, "Trt": 2, "Year": "2003"}, {"Id": 4704474, "Rcvr": 1, "HasSig": true, "Sig": 194, "Icao": "47C8DA", "Bad": false, "Reg": "LN-LNN", "FSeen": "/Date(1544396729670)/", "TSecs": 9875, "CMsgs": 4457, "Alt": 11700, "GAlt": 12010, "InHg": 30.2303143, "AltT": 0, "TAlt": 3008, "Call": "NAX9V", "Lat": 40.640968, "Long": -73.794998, "PosTime": 1544406098775, "Mlat": false, "PosStale": true, "Tisb": false, "Spd": 10.5, "Trak": 73.1, "TrkH": false, "TTrk": 224.296875, "Type": "B789", "Mdl": "Boeing 787 9", "Man": "Boeing", "CNum": "38891", "Op": "Norwegian", "OpIcao": "NAX", "Sqk": "0736", "Help": false, "Vsi": -448, "VsiT": 0, "Dst": 1.17, "Brng": 261.7, "WTC": 3, "Species": 1, "Engines": "2", "EngType": 3, "EngMount": 0, "Mil": false, "Cou": "Norway", "HasPic": false, "Interested": false, "FlightsCount": 0, "Gnd": false, "SpdTyp": 0, "CallSus": false, "Trt": 5, "Year": "2017"}, {"Id": 10763870, "Rcvr": 1, "HasSig": false, "Icao": "A43E5E", "Bad": false, "Reg": "N37255", "FSeen": "/Date(1544396142974)/", "TSecs": 10461, "CMsgs": 4777, "Alt": -250, "GAlt": 81, "InHg": 30.2509861, "AltT": 0, "Lat": 40.711701, "Long": -74.153345, "PosTime": 1544406557817, "Mlat": true, "Tisb": false, "Spd": 538.0, "Trak": 203.1, "TrkH": false, "Type": "B738", "Mdl": "BOEING 737-824", "Man": "Boeing", "CNum": "30610", "Op": "United Airlines", "OpIcao": "UAL", "Sqk": "7452", "Help": false, "Vsi": 89, "VsiT": 0, "Dst": 32.31, "Brng": 283.9, "WTC": 2, "Species": 1, "Engines": "2", "EngType": 3, "EngMount": 0, "Mil": false, "Cou": "United States", "HasPic": false, "Interested": false, "FlightsCount": 0, "Gnd": true, "SpdTyp": 0, "CallSus": false, "Trt": 2, "Year": "2000"}, {"Id": 7868223, "Rcvr": 1, "HasSig": true, "Sig": 136, "Icao": "780F3F", "Bad": false, "Reg": "B-7367", "FSeen": "/Date(1544395889355)/", "TSecs": 10715, "CMsgs": 3801, "Alt": 3725, "GAlt": 4020, "InHg": 30.2151985, "AltT": 0, "TAlt": 4992, "Call": "CES297", "Lat": 40.41687, "Long": -73.570801, "PosTime": 1544406604155, "Mlat": false, "Tisb": false, "Spd": 248.6, "Trak": 29.7, "TrkH": false, "TTrk": 40.078125, "Type": "B77W", "Mdl": "777-39PER", "Man": "Boeing", "CNum": "43281", "From": "ZSPD Shanghai Pudong, China", "To": "KJFK John F Kennedy, New York, United States", "Op": "China Eastern Airlines", "OpIcao": "CES", "Sqk": "1757", "Help": false, "Vsi": -256, "VsiT": 1, "Dst": 30.75, "Brng": 144.6, "WTC": 3, "Species": 1, "Engines": "2", "EngType": 3, "EngMount": 0, "Mil": false, "Cou": "China", "HasPic": false, "Interested": false, "FlightsCount": 0, "Gnd": false, "SpdTyp": 0, "CallSus": false, "Tag": "GT", "Trt": 5, "Year": "2016"}, {"Id": 11373549, "Rcvr": 1, "HasSig": true, "Sig": 111, "Icao": "AD8BED", "Bad": false, "Reg": "N972JT", "FSeen": "/Date(1544394186034)/", "TSecs": 12418, "CMsgs": 3758, "Alt": -225, "GAlt": 117, "InHg": 30.26245, "AltT": 0, "TAlt": 4000, "Call": "JBU2809", "Lat": 40.658432, "Long": -73.791809, "PosTime": 1544396608291, "Mlat": false, "PosStale": true, "Tisb": false, "Spd": 0.0, "Trak": 191.3, "TrkH": false, "TTrk": 0.0, "Type": "A321", "Mdl": "Airbus A321 231SL", "Man": "Airbus", "CNum": "7455", "Op": "JetBlue Airways", "OpIcao": "JBU", "Sqk": "3022", "Help": false, "Vsi": -576, "VsiT": 0, "Dst": 1.98, "Brng": 333.4, "WTC": 2, "Species": 1, "Engines": "2", "EngType": 3, "EngMount": 0, "Mil": false, "Cou": "United States", "HasPic": false, "Interested": false, "FlightsCount": 0, "Gnd": true, "SpdTyp": 0, "CallSus": false, "Trt": 5, "Year": "2016"}, {"Id": 11358066, "Rcvr": 1, "HasSig": true, "Sig": 124, "Icao": "AD4F72", "Bad": false, "Reg": "N957JB", "FSeen": "/Date(1544393963924)/", "TSecs": 12641, "CMsgs": 4709, "Alt": -250, "GAlt": 69, "InHg": 30.2388229, "AltT": 0, "TAlt": 3008, "Call": "JBU1452", "Lat": 40.630293, "Long": -73.770197, "PosTime": 1544404270225, "Mlat": false, "PosStale": true, "Tisb": false, "Spd": 0.0, "Trak": 210.9, "TrkH": false, "TTrk": 260.15625, "Type": "A321", "Mdl": "Airbus A321 231SL", "Man": "Airbus", "CNum": "6809", "From": "KMCO Orlando, United States", "To": "KBOS General Edward Lawrence Logan, Boston, United States", "Op": "JetBlue Airways", "OpIcao": "JBU", "Sqk": "2000", "Help": false, "Vsi": -64, "VsiT": 0, "Dst": 1.65, "Brng": 145.4, "WTC": 2, "Species": 1, "Engines": "2", "EngType": 3, "EngMount": 0, "Mil": false, "Cou": "United States", "HasPic": false, "Interested": false, "FlightsCount": 0, "Gnd": true, "SpdTyp": 0, "CallSus": false, "Trt": 5, "Year": "2015"}, {"Id": 10918036, "Rcvr": 1, "HasSig": true, "Sig": 165, "Icao": "A69894", "Bad": false, "Reg": "N524JB", "FSeen": "/Date(1544393565350)/", "TSecs": 13039, "CMsgs": 5702, "Alt": -225, "GAlt": -212, "InHg": 29.93171, "AltT": 0, "TAlt": 35008, "Call": "JBU1677", "Lat": 40.63262, "Long": -73.767653, "PosTime": 1544402499326, "Mlat": false, "PosStale": true, "Tisb": false, "Spd": 0.1, "Trak": 199.7, "TrkH": false, "TTrk": 0.0, "Type": "A320", "Mdl": "2001 AIRBUS INDUSTRIE A320-232", "Man": "Airbus", "CNum": "1528", "From": "KJFK John F Kennedy, New York, United States", "To": "KJAX Jacksonville, United States", "Op": "JetBlue Airways", "OpIcao": "JBU", "Sqk": "1575", "Help": false, "Vsi": -704, "VsiT": 0, "Dst": 1.59, "Brng": 133.6, "WTC": 2, "Species": 1, "Engines": "2", "EngType": 3, "EngMount": 0, "Mil": false, "Cou": "United States", "HasPic": false, "Interested": false, "FlightsCount": 0, "Gnd": true, "SpdTyp": 0, "CallSus": false, "Trt": 5, "Year": "2001"}, {"Id": 11103138, "Rcvr": 1, "HasSig": true, "Sig": 114, "Icao": "A96BA2", "Bad": false, "Reg": "N706JB", "FSeen": "/Date(1544393442870)/", "TSecs": 13162, "CMsgs": 3927, "Alt": -225, "GAlt": 117, "InHg": 30.26245, "AltT": 0, "TAlt": 4000, "Call": "JBU2989", "Lat": 40.651291, "Long": -73.775894, "PosTime": 1544395940330, "Mlat": false, "PosStale": true, "Tisb": false, "Spd": 0.0, "Trak": 177.2, "TrkH": false, "TTrk": 0.0, "Type": "A320", "Mdl": "2008 AIRBUS A320-232", "Man": "Airbus", "CNum": "3451", "From": "KBOS General Edward Lawrence Logan, Boston, United States", "To": "KDCA Ronald Reagan Washington National, United States", "Op": "JetBlue Airways", "OpIcao": "JBU", "Sqk": "2000", "Help": false, "Vsi": -960, "VsiT": 0, "Dst": 1.08, "Brng": 24.9, "WTC": 2, "Species": 1, "Engines": "2", "EngType": 3, "EngMount": 0, "Mil": false, "Cou": "United States", "HasPic": false, "Interested": false, "FlightsCount": 0, "Gnd": true, "SpdTyp": 0, "CallSus": false, "Trt": 5, "Year": "2008"}, {"Id": 11351678, "Rcvr": 1, "HasSig": true, "Sig": 45, "Icao": "AD367E", "Bad": false, "Reg": "N950UW", "FSeen": "/Date(1544392209415)/", "TSecs": 14395, "CMsgs": 5012, "Alt": 5700, "GAlt": 6001, "InHg": 30.2214565, "AltT": 0, "Call": "1655D4", "Lat": 40.5944, "Long": -74.0457, "PosTime": 1544406603019, "Mlat": true, "Tisb": false, "Spd": 14.0, "Trak": 45.9, "TrkH": false, "Type": "E190", "Mdl": "2007 EMBRAER ERJ 190-100 IGW", "Man": "Embraer", "CNum": "19000106", "Op": "US AIRWAYS INC     - FORT WORTH, TX", "OpIcao": "AAL", "Sqk": "4203", "Help": false, "Vsi": -816, "VsiT": 0, "Dst": 22.95, "Brng": 256.6, "WTC": 2, "Species": 1, "Engines": "2", "EngType": 3, "EngMount": 0, "Mil": false, "Cou": "United States", "HasPic": false, "Interested": false, "FlightsCount": 0, "Gnd": false, "SpdTyp": 0, "CallSus": true, "Trt": 2, "Year": "2007"}, {"Id": 11363438, "Rcvr": 1, "HasSig": true, "Sig": 186, "Icao": "AD646E", "Bad": false, "Reg": "N962JT", "FSeen": "/Date(1544389403950)/", "TSecs": 17200, "CMsgs": 8722, "Alt": 3725, "GAlt": 4015, "InHg": 30.2096462, "AltT": 0, "TAlt": 4000, "Call": "JBU190", "Lat": 40.775338, "Long": -73.431369, "PosTime": 1544406604109, "Mlat": false, "Tisb": false, "Spd": 175.7, "Trak": 275.2, "TrkH": false, "TTrk": 290.0, "Type": "A321", "Mdl": "Airbus A321 231SL", "Man": "Airbus", "CNum": "6988", "From": "KSAN San Diego, United States", "To": "KJFK John F Kennedy, New York, United States", "Op": "JetBlue Airways", "OpIcao": "JBU", "Sqk": "1366", "Help": false, "Vsi": 0, "VsiT": 0, "Dst": 32.99, "Brng": 63.3, "WTC": 2, "Species": 1, "Engines": "2", "EngType": 3, "EngMount": 0, "Mil": false, "Cou": "United States", "HasPic": false, "Interested": false, "FlightsCount": 0, "Gnd": false, "SpdTyp": 0, "CallSus": false, "Trt": 4, "Year": "2016"}, {"Id": 3754477, "Rcvr": 1, "HasSig": true, "Sig": 166, "Icao": "3949ED", "Bad": false, "Reg": "F-GSPN", "FSeen": "/Date(1544388961267)/", "TSecs": 17643, "CMsgs": 5118, "Alt": -225, "GAlt": 85, "InHg": 30.2303143, "AltT": 0, "Call": "AFR008", "Lat": 40.637844, "Long": -73.769821, "PosTime": 1544406604123, "Mlat": false, "Tisb": false, "Spd": 0.0, "Trak": 53.4, "TrkH": false, "Type": "B772", "Mdl": "Boeing 777 228ER", "Man": "Boeing", "CNum": "29011", "From": "LFPG Charles de Gaulle, Paris, France", "To": "KJFK John F Kennedy, New York, United States", "Op": "Air France", "OpIcao": "AFR", "Sqk": "2576", "Help": false, "Vsi": 0, "VsiT": 1, "Dst": 1.1, "Brng": 118.1, "WTC": 3, "Species": 1, "Engines": "2", "EngType": 3, "EngMount": 0, "Mil": false, "Cou": "France", "HasPic": false, "Interested": false, "FlightsCount": 0, "Gnd": true, "SpdTyp": 0, "CallSus": false, "Trt": 2, "Year": "2000", "Sat": true}, {"Id": 11039969, "Rcvr": 1, "HasSig": false, "Icao": "A874E1", "Bad": false, "Reg": "N644JB", "FSeen": "/Date(1544388008881)/", "TSecs": 18596, "CMsgs": 9020, "Alt": 250, "GAlt": 569, "InHg": 30.2388229, "AltT": 0, "TAlt": 3008, "Call": "JBU514", "Lat": 40.662357, "Long": -73.741417, "PosTime": 1544406604108, "Mlat": false, "Tisb": false, "Spd": 127.0, "Trak": 210.2, "TrkH": false, "TTrk": 0.0, "Type": "A320", "Mdl": "2006 AIRBUS A320-232", "Man": "Airbus", "CNum": "2880", "From": "KLGB Long Beach /Daugherty Field/, United States", "To": "KJFK John F Kennedy, New York, United States", "Op": "JetBlue Airways", "OpIcao": "JBU", "Sqk": "1311", "Help": false, "Vsi": -512, "VsiT": 0, "Dst": 4.02, "Brng": 56.7, "WTC": 2, "Species": 1, "Engines": "2", "EngType": 3, "EngMount": 0, "Mil": false, "Cou": "United States", "HasPic": false, "Interested": false, "FlightsCount": 0, "Gnd": false, "SpdTyp": 0, "CallSus": false, "Trt": 5, "Year": "2006"}, {"Id": 10763141, "Rcvr": 1, "HasSig": true, "Sig": 166, "Icao": "A43B85", "Bad": false, "Reg": "N372DA", "FSeen": "/Date(1544387838604)/", "TSecs": 18766, "CMsgs": 8748, "Alt": 1725, "GAlt": 2015, "InHg": 30.2096462, "AltT": 0, "TAlt": 2016, "Call": "DAL1455", "Lat": 40.77269, "Long": -73.653564, "PosTime": 1544406604110, "Mlat": false, "Tisb": false, "Spd": 168.6, "Trak": 216.8, "TrkH": false, "TTrk": 224.296875, "Type": "B738", "Mdl": "BOEING 737-832", "Man": "Boeing", "CNum": "29620", "From": "KATL Hartsfield Jackson Atlanta, United States", "To": "KLAX Los Angeles, United States", "Op": "Delta Air Lines", "OpIcao": "DAL", "Sqk": "3725", "Help": false, "Vsi": 0, "VsiT": 0, "Dst": 18.04, "Brng": 36.6, "WTC": 2, "Species": 1, "Engines": "2", "EngType": 3, "EngMount": 0, "Mil": false, "Cou": "United States", "HasPic": false, "Interested": false, "FlightsCount": 0, "Gnd": false, "SpdTyp": 0, "CallSus": false, "Trt": 5, "Year": "1998"}, {"Id": 10502794, "Rcvr": 1, "HasSig": true, "Sig": 95, "Icao": "A0428A", "Bad": false, "Reg": "N116AN", "FSeen": "/Date(1544387833340)/", "TSecs": 18771, "CMsgs": 8411, "Alt": -225, "GAlt": 85, "InHg": 30.2303143, "AltT": 0, "TAlt": 3008, "Call": "AAL16", "Lat": 40.633713, "Long": -73.770081, "PosTime": 1544405313705, "Mlat": false, "PosStale": true, "Tisb": false, "Spd": 0.0, "Trak": 149.1, "TrkH": false, "TTrk": 0.0, "Type": "A321", "Mdl": "2014 AIRBUS INDUSTRIE A321-231", "Man": "Airbus", "CNum": "6070", "From": "KSFO San Francisco, United States", "To": "KJFK John F Kennedy, New York, United States", "Op": "American Airlines", "OpIcao": "AAL", "Sqk": "3213", "Help": false, "Vsi": -64, "VsiT": 0, "Dst": 1.36, "Brng": 135.9, "WTC": 2, "Species": 1, "Engines": "2", "EngType": 3, "EngMount": 0, "Mil": false, "Cou": "United States", "HasPic": false, "Interested": false, "FlightsCount": 0, "Gnd": true, "SpdTyp": 0, "CallSus": false, "Trt": 5, "Year": "2014"}, {"Id": 11335942, "Rcvr": 1, "HasSig": true, "Sig": 108, "Icao": "ACF906", "Bad": false, "Reg": "N935JB", "FSeen": "/Date(1544387826909)/", "TSecs": 18778, "CMsgs": 8833, "Alt": -225, "GAlt": 85, "InHg": 30.2303143, "AltT": 0, "TAlt": 3000, "Call": "JBU748", "Lat": 40.630642, "Long": -73.766483, "PosTime": 1544406604108, "Mlat": false, "Tisb": false, "Spd": 34.0, "Trak": 222.2, "TrkH": false, "TTrk": 270.0, "Type": "A321", "Mdl": "2014 AIRBUS INDUSTRIE A321-231", "Man": "Airbus", "CNum": "6185", "From": "KLAS McCarran, Las Vegas, United States", "To": "KJFK John F Kennedy, New York, United States", "Op": "JetBlue Airways", "OpIcao": "JBU", "Sqk": "7362", "Help": false, "Vsi": 0, "VsiT": 0, "Dst": 1.81, "Brng": 136.5, "WTC": 2, "Species": 1, "Engines": "2", "EngType": 3, "EngMount": 0, "Mil": false, "Cou": "United States", "HasPic": false, "Interested": false, "FlightsCount": 0, "Gnd": true, "SpdTyp": 0, "CallSus": false, "Trt": 4, "Year": "2014"}], "totalAc": 5364, "lastDv": "636799846265531382", "shtTrlSec": 65, "stm": 1544406604515}