{"src": 1, "feeds": [{"id": 1, "name": "From Cons", "polarPlot": false}], "srcFeed": 1, "showSil": true, "showFlg": true, "showPic": true, "flgH": 20, "flgW": 85, "acList": [{"Id": 7868223, "Rcvr": 1, "HasSig": true, "Sig": 197, "Icao": "780F3F", "Bad": false, "Reg": "B-7367", "FSeen": "/Date(1544420492300)/", "TSecs": 997, "CMsgs": 209, "Alt": 4375, "GAlt": 4599, "InHg": 30.1443272, "AltT": 0, "TAlt": 11008, "Call": "CES298", "Lat": 40.578918, "Long": -73.821289, "PosTime": 1544421489328, "Mlat": false, "Tisb": false, "Spd": 261.2, "Trak": 82.5, "TrkH": false, "TTrk": 90.0, "Type": "B77W", "Mdl": "777-39PER", "Man": "Boeing", "CNum": "43281", "From": "EDDH Hamburg, Germany", "To": "ZSPD Shanghai Pudong, China", "Stops": ["EDDF Frankfurt am Main, Frankfurt-am-Main, Germany"], "Op": "China Eastern Airlines", "OpIcao": "CES", "Sqk": "1104", "Help": false, "Vsi": 1344, "VsiT": 1, "Dst": 7.83, "Brng": 205.6, "WTC": 3, "Species": 1, "Engines": "2", "EngType": 3, "EngMount": 0, "Mil": false, "Cou": "China", "HasPic": false, "Interested": false, "FlightsCount": 0, "Gnd": false, "SpdTyp": 0, "CallSus": false, "Tag": "GT", "Trt": 5, "Year": "2016"}, {"Id": 9015523, "Rcvr": 1, "HasSig": true, "Sig": 196, "Icao": "8990E3", "Bad": false, "Reg": "B-16721", "FSeen": "/Date(1544420186639)/", "TSecs": 1302, "CMsgs": 340, "Alt": 12125, "GAlt": 12349, "InHg": 30.1443272, "AltT": 0, "TAlt": 16992, "Call": "EVA031", "Lat": 40.754343, "Long": -73.59298, "PosTime": 1544421489326, "Mlat": false, "Tisb": false, "Spd": 362.5, "Trak": 342.7, "TrkH": false, "TTrk": 331.171875, "Type": "B773", "Mdl": "Boeing 777 35EER", "Man": "Boeing", "CNum": "43290", "From": "KJFK John F Kennedy, New York, United States", "To": "RCTP Taiwan Taoyuan, Taipei, Taiwan", "Op": "EVA Air", "OpIcao": "EVA", "Sqk": "7126", "Help": false, "Vsi": 2176, "VsiT": 1, "Dst": 20.17, "Brng": 51.9, "WTC": 3, "Species": 1, "Engines": "2", "EngType": 3, "EngMount": 0, "Mil": false, "Cou": "Taiwan", "HasPic": false, "Interested": false, "FlightsCount": 0, "Gnd": false, "SpdTyp": 0, "CallSus": false, "Trt": 5, "Year": "2015"}, {"Id": 7453750, "Rcvr": 1, "HasSig": true, "Sig": 176, "Icao": "71BC36", "Bad": false, "Reg": "HL7436", "FSeen": "/Date(1544417105110)/", "TSecs": 4384, "CMsgs": 2966, "Alt": 14100, "GAlt": 14301, "InHg": 30.1210632, "AltT": 0, "Call": "AAR941", "Lat": 40.626045, "Long": -73.954281, "PosTime": 1544421489308, "Mlat": false, "Tisb": false, "Spd": 312.9, "Trak": 164.8, "TrkH": false, "Type": "B744", "Mdl": "Boeing 747 48EFSCD", "Man": "Boeing", "CNum": "29170", "Op": "Asiana Airlines", "OpIcao": "AAR", "Sqk": "7244", "Help": false, "Vsi": -1792, "VsiT": 0, "Dst": 14.71, "Brng": 262.9, "WTC": 3, "Species": 1, "Engines": "4", "EngType": 3, "EngMount": 0, "Mil": false, "Cou": "South Korea", "HasPic": false, "Interested": false, "FlightsCount": 0, "Gnd": false, "SpdTyp": 0, "CallSus": false, "Trt": 2, "Year": "2002"}, {"Id": 11244423, "Rcvr": 1, "HasSig": false, "Icao": "AB9387", "Bad": false, "Reg": "N845MH", "FSeen": "/Date(1544416946482)/", "TSecs": 4543, "CMsgs": 3093, "Alt": 32975, "GAlt": 33194, "InHg": 30.1387787, "AltT": 0, "Call": "DAL84", "Lat": 40.612244, "Long": -73.659302, "PosTime": 1544421489308, "Mlat": false, "Tisb": false, "Spd": 553.6, "Trak": 56.9, "TrkH": false, "Type": "B764", "Mdl": "2002 BOEING 767-432ER", "Man": "Boeing", "CNum": "29719", "From": "KTPA Tampa, United States", "To": "LFPG Charles de Gaulle, Paris, France", "Stops": ["KATL Hartsfield Jackson Atlanta, United States"], "Op": "Delta Air Lines", "OpIcao": "DAL", "Sqk": "7120", "Help": false, "Vsi": 0, "VsiT": 0, "Dst": 10.83, "Brng": 108.1, "WTC": 3, "Species": 1, "Engines": "2", "EngType": 3, "EngMount": 0, "Mil": false, "Cou": "United States", "HasPic": false, "Interested": false, "FlightsCount": 0, "Gnd": false, "SpdTyp": 0, "CallSus": false, "Trt": 2, "Year": "2002"}, {"Id": 11334991, "Rcvr": 1, "HasSig": true, "Sig": 62, "Icao": "ACF54F", "Bad": false, "Reg": "N934JB", "FSeen": "/Date(1544403282153)/", "TSecs": 18207, "CMsgs": 11419, "Alt": -150, "GAlt": 69, "InHg": 30.1387787, "AltT": 0, "TAlt": 3000, "Call": "JBU1224", "Lat": 40.652452, "Long": -73.783321, "PosTime": 1544421479214, "Mlat": false, "Tisb": false, "Spd": 0.0, "Trak": 118.1, "TrkH": false, "TTrk": 130.0, "Type": "A321", "Mdl": "2014 AIRBUS INDUSTRIE A321-231", "Man": "Airbus", "CNum": "6130", "From": "KLAX Los Angeles, United States", "To": "KJFK John F Kennedy, New York, United States", "Op": "JetBlue Airways", "OpIcao": "JBU", "Sqk": "7370", "Help": false, "Vsi": -704, "VsiT": 0, "Dst": 1.12, "Brng": 351.2, "WTC": 2, "Species": 1, "Engines": "2", "EngType": 3, "EngMount": 0, "Mil": false, "Cou": "United States", "HasPic": false, "Interested": false, "FlightsCount": 0, "Gnd": true, "SpdTyp": 0, "CallSus": false, "Trt": 4, "Year": "2014"}, {"Id": 11309223, "Rcvr": 1, "HasSig": false, "Icao": "AC90A7", "Bad": false, "Reg": "N909AM", "FSeen": "/Date(1544402272219)/", "TSecs": 19217, "CMsgs": 6636, "Alt": -225, "GAlt": 56, "InHg": 30.129921, "AltT": 0, "TAlt": 3008, "Call": "AAL1207", "Lat": 40.776756, "Long": -73.874802, "PosTime": 1544421448857, "Mlat": false, "Tisb": false, "Spd": 0.0, "Trak": 141.4, "TrkH": false, "TTrk": 70.3125, "Type": "A321", "Mdl": "Airbus A321 231SL", "Man": "Airbus", "CNum": "7756", "From": "KDFW Dallas Fort Worth, Dallas-Fort Worth, United States", "To": "KSAN San Diego, United States", "Op": "American Airlines", "OpIcao": "AAL", "Sqk": "6211", "Help": false, "Vsi": -896, "VsiT": 0, "Dst": 16.88, "Brng": 332.2, "WTC": 2, "Species": 1, "Engines": "2", "EngType": 3, "EngMount": 0, "Mil": false, "Cou": "United States", "HasPic": false, "Interested": false, "FlightsCount": 0, "Gnd": true, "SpdTyp": 0, "CallSus": false, "Trt": 5, "Year": "2017"}], "totalAc": 4371, "lastDv": "636796354157709182", "shtTrlSec": 65, "stm": 1544421489557}