{"src": 1, "feeds": [{"id": 1, "name": "From Cons", "polarPlot": false}], "srcFeed": 1, "showSil": true, "showFlg": true, "showPic": true, "flgH": 20, "flgW": 85, "acList": [{"Id": 11164562, "Rcvr": 1, "HasSig": false, "Icao": "AA5B92", "Bad": false, "Reg": "N767AJ", "FSeen": "/Date(1544411926720)/", "TSecs": 8, "CMsgs": 3, "InHg": 30.2096462, "AltT": 0, "Lat": 40.648396, "Long": -73.791824, "PosTime": 1544411926720, "Mlat": false, "Tisb": false, "Spd": 0.0, "Trak": 151.9, "TrkH": false, "Type": "B772", "Mdl": "2006 BOEING 777-223", "Man": "Boeing", "CNum": "33539", "Op": "AMERICAN AIRLINES INC     - FORT WORTH, TX", "OpIcao": "AAL", "Sqk": "1630", "Help": false, "VsiT": 0, "Dst": 1.11, "Brng": 306.5, "WTC": 3, "Species": 1, "Engines": "2", "EngType": 3, "EngMount": 0, "Mil": false, "Cou": "United States", "HasPic": false, "Interested": false, "FlightsCount": 0, "Gnd": true, "SpdTyp": 0, "CallSus": false, "Trt": 2, "Year": "2006"}, {"Id": 11268098, "Rcvr": 1, "HasSig": true, "Sig": 143, "Icao": "ABF002", "Bad": false, "Reg": "N8688C", "FSeen": "/Date(1544411824982)/", "TSecs": 109, "CMsgs": 69, "Alt": 4600, "GAlt": 4881, "InHg": 30.2007866, "AltT": 0, "Lat": 40.861692, "Long": -73.912333, "PosTime": 1544411931792, "Mlat": true, "Tisb": false, "Trak": 342.9, "TrkH": false, "Type": "CRJ2", "Mdl": "2002 BOMBARDIER INC CL-600-2B19", "Man": "Bombardier", "CNum": "7688", "Op": "WELLS FARGO BANK NORTHWEST NA TRUSTEE     - SALT LAKE CITY, UT", "OpIcao": "EDV", "Sqk": "3377", "Help": false, "VsiT": 0, "Dst": 26.76, "Brng": 335.7, "WTC": 2, "Species": 1, "Engines": "2", "EngType": 3, "EngMount": 1, "Mil": false, "Cou": "United States", "HasPic": false, "Interested": false, "FlightsCount": 0, "Gnd": false, "SpdTyp": 0, "CallSus": false, "Trt": 2, "Year": "2002"}, {"Id": 131361, "Rcvr": 1, "HasSig": true, "Sig": 176, "Icao": "020121", "Bad": false, "Reg": "CN-RGS", "FSeen": "/Date(1544411623281)/", "TSecs": 311, "CMsgs": 192, "Alt": 10425, "GAlt": 10413, "InHg": 29.9080849, "AltT": 0, "TAlt": 35008, "Call": "RAM201", "Lat": 40.58615, "Long": -73.515389, "PosTime": 1544411933479, "Mlat": false, "Tisb": false, "Spd": 311.8, "Trak": 94.0, "TrkH": false, "TTrk": 106.171875, "Type": "B788", "Mdl": "Boeing 787 8", "Man": "Boeing", "CNum": "35506", "From": "KJFK John F Kennedy, New York, United States", "To": "GMMN Mohammed V, Casablanca, Morocco", "Op": "Royal Air Maroc", "OpIcao": "RAM", "Sqk": "3026", "Help": false, "Vsi": 960, "VsiT": 0, "Dst": 23.3, "Brng": 105.5, "WTC": 3, "Species": 1, "Engines": "2", "EngType": 3, "EngMount": 0, "Mil": false, "Cou": "Morocco", "HasPic": false, "Interested": false, "FlightsCount": 0, "Gnd": false, "SpdTyp": 0, "CallSus": false, "Trt": 5, "Year": "2016"}, {"Id": 11172541, "Rcvr": 1, "HasSig": true, "Sig": 14, "Icao": "AA7ABD", "Bad": false, "Reg": "N77430", "FSeen": "/Date(1544410295173)/", "TSecs": 1639, "CMsgs": 564, "Alt": 16150, "GAlt": 16466, "InHg": 30.2362213, "AltT": 0, "TAlt": 16992, "Call": "UAL2062", "Lat": 40.903822, "Long": -73.841171, "PosTime": 1544411933474, "Mlat": false, "Tisb": false, "Spd": 356.1, "Trak": 47.8, "TrkH": false, "TTrk": 57.65625, "Type": "B739", "Mdl": "2009 BOEING 737-924ER", "Man": "Boeing", "CNum": "37098", "From": "EBBR Brussels, Belgium", "To": "KEWR Newark Liberty, United States", "Op": "United Airlines", "OpIcao": "UAL", "Sqk": "3336", "Help": false, "Vsi": 2816, "VsiT": 0, "Dst": 29.49, "Brng": 350.2, "WTC": 2, "Species": 1, "Engines": "2", "EngType": 3, "EngMount": 0, "Mil": false, "Cou": "United States", "HasPic": false, "Interested": false, "FlightsCount": 0, "Gnd": false, "SpdTyp": 0, "CallSus": false, "Trt": 5, "Year": "2009"}, {"Id": 11382611, "Rcvr": 1, "HasSig": true, "Sig": 126, "Icao": "ADAF53", "Bad": false, "Reg": "N981EV", "FSeen": "/Date(1544410049949)/", "TSecs": 1884, "CMsgs": 510, "Alt": 3075, "GAlt": 3365, "InHg": 30.2096462, "AltT": 0, "Lat": 40.643738, "Long": -73.855713, "PosTime": 1544411927951, "Mlat": false, "Tisb": false, "Spd": 223.2, "Trak": 217.5, "TrkH": false, "Type": "CRJ2", "Mdl": "2003 BOMBARDIER INC CL-600-2B19", "Man": "Bombardier", "CNum": "7768", "Op": "US BANK NA TRUSTEE     - WILMINGTON, DE", "OpIcao": "EDV", "Sqk": "1134", "Help": false, "Vsi": 704, "VsiT": 1, "Dst": 6.28, "Brng": 271.3, "WTC": 2, "Species": 1, "Engines": "2", "EngType": 3, "EngMount": 1, "Mil": false, "Cou": "United States", "HasPic": false, "Interested": false, "FlightsCount": 0, "Gnd": false, "SpdTyp": 0, "CallSus": false, "Trt": 2, "Year": "2003"}, {"Id": 11400425, "Rcvr": 1, "HasSig": true, "Sig": 89, "Icao": "ADF4E9", "Bad": false, "Reg": "N999JQ", "FSeen": "/Date(1544408488834)/", "TSecs": 3446, "CMsgs": 1453, "Alt": -225, "GAlt": 70, "InHg": 30.2151985, "AltT": 0, "TAlt": 8992, "Call": "JBU1804", "Lat": 40.646819, "Long": -73.772819, "PosTime": 1544410957150, "Mlat": false, "PosStale": true, "Tisb": false, "Spd": 0.0, "Trak": 177.2, "TrkH": false, "TTrk": 0.0, "Type": "A321", "Mdl": "Airbus A321 231SL", "Man": "Airbus", "CNum": "8538", "Op": "JetBlue Airways", "OpIcao": "JBU", "Sqk": "1422", "Help": false, "Vsi": -64, "VsiT": 0, "Dst": 0.86, "Brng": 56.0, "WTC": 2, "Species": 1, "Engines": "2", "EngType": 3, "EngMount": 0, "Mil": false, "Cou": "United States", "HasPic": false, "Interested": false, "FlightsCount": 0, "Gnd": true, "SpdTyp": 0, "CallSus": false, "Trt": 5}, {"Id": 811032, "Rcvr": 1, "HasSig": true, "Sig": 25, "Icao": "0C6018", "Bad": false, "Reg": "9Y-ANU", "FSeen": "/Date(1544408003290)/", "TSecs": 3931, "CMsgs": 2345, "Alt": 1050, "GAlt": 1340, "InHg": 30.2096462, "AltT": 0, "Lat": 40.6083, "Long": -73.6816, "PosTime": 1544411917785, "Mlat": true, "Tisb": false, "Spd": 513.3, "Trak": 13.6, "TrkH": false, "Type": "B738", "Mdl": "Boeing 737NG 8Q8/W", "Man": "Boeing", "CNum": "28235", "Op": "Caribbean Airlines", "OpIcao": "BWA", "Sqk": "1017", "Help": false, "Vsi": 0, "VsiT": 1, "Dst": 9.23, "Brng": 114.3, "WTC": 2, "Species": 1, "Engines": "2", "EngType": 3, "EngMount": 0, "Mil": false, "Cou": "Trinidad and Tobago", "HasPic": false, "Interested": false, "FlightsCount": 0, "Gnd": false, "SpdTyp": 0, "CallSus": false, "Trt": 2, "Year": "2000"}, {"Id": 11376402, "Rcvr": 1, "HasSig": true, "Sig": 146, "Icao": "AD9712", "Bad": false, "Reg": "N975JT", "FSeen": "/Date(1544407246200)/", "TSecs": 4688, "CMsgs": 2296, "Alt": 2386, "GAlt": 2681, "InHg": 30.2151985, "AltT": 0, "TAlt": 8992, "Call": "JBU2836", "Lat": 40.647692, "Long": -73.777391, "PosTime": 1544410465899, "Mlat": false, "PosStale": true, "Tisb": false, "Spd": 0.0, "Trak": 160.1, "TrkH": false, "TTrk": 0.0, "Type": "A321", "Mdl": "Airbus A321 231SL", "Man": "Airbus", "CNum": "7520", "Op": "JetBlue Airways", "OpIcao": "JBU", "Sqk": "2000", "Help": false, "Vsi": -128, "VsiT": 0, "Dst": 0.67, "Brng": 29.6, "WTC": 2, "Species": 1, "Engines": "2", "EngType": 3, "EngMount": 0, "Mil": false, "Cou": "United States", "HasPic": false, "Interested": false, "FlightsCount": 0, "Gnd": true, "SpdTyp": 0, "CallSus": false, "Trt": 5, "Year": "2016"}, {"Id": 11181852, "Rcvr": 1, "HasSig": false, "Icao": "AA9F1C", "Bad": false, "Reg": "N7838A", "FSeen": "/Date(1544406658982)/", "TSecs": 5275, "CMsgs": 3112, "Alt": 2750, "GAlt": 3031, "InHg": 30.2007866, "AltT": 0, "Call": "SWA3058", "Lat": 40.790268, "Long": -73.784363, "PosTime": 1544411931772, "Mlat": false, "Tisb": false, "Spd": 206.0, "Trak": 41.7, "TrkH": false, "Type": "B737", "Mdl": "Boeing 737NG 73V/W", "Man": "Boeing", "CNum": "30235", "From": "KMDW Chicago Midway, United States", "To": "KPVD Theodore Francis Green State, Providence, United States", "Op": "Southwest Airlines", "OpIcao": "SWA", "Sqk": "2547", "Help": false, "Vsi": -192, "VsiT": 0, "Dst": 16.43, "Brng": 359.1, "WTC": 2, "Species": 1, "Engines": "2", "EngType": 3, "EngMount": 0, "Mil": false, "Cou": "United States", "HasPic": false, "Interested": false, "FlightsCount": 0, "Gnd": false, "SpdTyp": 0, "CallSus": false, "Trt": 2, "Year": "2000"}, {"Id": 11353311, "Rcvr": 1, "HasSig": false, "Icao": "AD3CDF", "Bad": false, "Reg": "N952JB", "FSeen": "/Date(1544405199238)/", "TSecs": 6735, "CMsgs": 3840, "Alt": 2550, "GAlt": 2562, "InHg": 29.93171, "AltT": 0, "TAlt": 32992, "Call": "JBU1190", "Lat": 40.575256, "Long": -73.608963, "PosTime": 1544411931773, "Mlat": false, "Tisb": false, "Spd": 171.0, "Trak": 300.9, "TrkH": false, "TTrk": 54.84375, "Type": "A321", "Mdl": "2015 AIRBUS A321-231", "Man": "Airbus", "CNum": "6663", "From": "KMCO Orlando, United States", "To": "KJFK John F Kennedy, New York, United States", "Op": "JET BLUE AIRWAYS CORP     - LONG ISLAND CITY, NY", "OpIcao": "JBU", "Sqk": "1733", "Help": false, "Vsi": -896, "VsiT": 1, "Dst": 16.35, "Brng": 117.1, "WTC": 2, "Species": 1, "Engines": "2", "EngType": 3, "EngMount": 0, "Mil": false, "Cou": "United States", "HasPic": false, "Interested": false, "FlightsCount": 0, "Gnd": false, "SpdTyp": 0, "CallSus": false, "Trt": 5, "Year": "2015"}, {"Id": 11313818, "Rcvr": 1, "HasSig": true, "Sig": 92, "Icao": "ACA29A", "Bad": false, "Reg": "N913JB", "FSeen": "/Date(1544404538778)/", "TSecs": 7396, "CMsgs": 4186, "Alt": -225, "GAlt": 70, "InHg": 30.2151985, "AltT": 0, "TAlt": 3008, "Call": "JBU426", "Lat": 40.644585, "Long": -73.77095, "PosTime": 1544411899457, "Mlat": false, "Tisb": false, "Spd": 11.0, "Trak": 188.4, "TrkH": false, "TTrk": 16.875, "Type": "A321", "Mdl": "2013 AIRBUS A321-231", "Man": "Airbus", "CNum": "5909", "From": "KTPA Tampa, United States", "To": "KJFK John F Kennedy, New York, United States", "Op": "JetBlue Airways", "OpIcao": "JBU", "Sqk": "3672", "Help": false, "Vsi": -128, "VsiT": 1, "Dst": 0.9, "Brng": 75.0, "WTC": 2, "Species": 1, "Engines": "2", "EngType": 3, "EngMount": 0, "Mil": false, "Cou": "United States", "HasPic": false, "Interested": false, "FlightsCount": 0, "Gnd": true, "SpdTyp": 0, "CallSus": false, "Trt": 5, "Year": "2013"}, {"Id": 10735887, "Rcvr": 1, "HasSig": true, "Sig": 65, "Icao": "A3D10F", "Bad": false, "Reg": "N345NB", "FSeen": "/Date(1544404354016)/", "TSecs": 7580, "CMsgs": 4137, "Alt": -225, "GAlt": 65, "InHg": 30.2096462, "AltT": 0, "TAlt": 1600, "Call": "DAL2083", "Lat": 40.640934, "Long": -73.79747, "PosTime": 1544411830101, "Mlat": false, "Tisb": false, "Spd": 16.0, "Trak": 120.9, "TrkH": false, "TTrk": 0.0, "Type": "A319", "Mdl": " AIRBUS A319-114", "Man": "Airbus", "CNum": "1774", "From": "KBOS General Edward Lawrence Logan, Boston, United States", "To": "KSLC Salt Lake City, United States", "Op": "DELTA AIR LINES INC     - ATLANTA, GA", "OpIcao": "DAL", "Sqk": "2747", "Help": false, "Vsi": -128, "VsiT": 0, "Dst": 1.38, "Brng": 262.8, "WTC": 2, "Species": 1, "Engines": "2", "EngType": 3, "EngMount": 0, "Mil": false, "Cou": "United States", "HasPic": false, "Interested": false, "FlightsCount": 0, "Gnd": true, "SpdTyp": 0, "CallSus": false, "Trt": 5}, {"Id": 11019747, "Rcvr": 1, "HasSig": true, "Sig": 163, "Icao": "A825E3", "Bad": false, "Reg": "N624JB", "FSeen": "/Date(1544404300041)/", "TSecs": 7634, "CMsgs": 4336, "Alt": -225, "GAlt": 70, "InHg": 30.2151985, "AltT": 0, "TAlt": 4000, "Call": "JBU164", "Lat": 40.651148, "Long": -73.779935, "PosTime": 1544411933457, "Mlat": false, "Tisb": false, "Spd": 11.0, "Trak": 191.3, "TrkH": false, "TTrk": 0.0, "Type": "A320", "Mdl": "2005 AIRBUS A320-232", "Man": "Airbus", "CNum": "2520", "From": "KTPA Tampa, United States", "To": "KJFK John F Kennedy, New York, United States", "Op": "JetBlue Airways", "OpIcao": "JBU", "Sqk": "6657", "Help": false, "Vsi": -128, "VsiT": 1, "Dst": 0.97, "Brng": 6.7, "WTC": 2, "Species": 1, "Engines": "2", "EngType": 3, "EngMount": 0, "Mil": false, "Cou": "United States", "HasPic": true, "PicX": 1024, "PicY": 697, "Interested": false, "FlightsCount": 0, "Gnd": true, "SpdTyp": 0, "CallSus": false, "Trt": 5, "Year": "2005"}, {"Id": 11182124, "Rcvr": 1, "HasSig": true, "Sig": 186, "Icao": "AAA02C", "Bad": false, "Reg": "N784JB", "FSeen": "/Date(1544403998786)/", "TSecs": 7936, "CMsgs": 4449, "Alt": -225, "GAlt": 65, "InHg": 30.2096462, "AltT": 0, "TAlt": 3008, "Call": "JBU1262", "Lat": 40.775883, "Long": -73.878601, "PosTime": 1544411794866, "Mlat": false, "PosStale": true, "Tisb": false, "Spd": 3.0, "Trak": 289.7, "TrkH": false, "TTrk": 0.0, "Type": "A320", "Mdl": "2011 AIRBUS A320-232", "Man": "Airbus", "CNum": "4578", "From": "KPBI Palm Beach, West Palm Beach, United States", "To": "KLGA La Guardia, New York, United States", "Op": "JetBlue Airways", "OpIcao": "JBU", "Sqk": "2137", "Help": false, "Vsi": -832, "VsiT": 0, "Dst": 16.95, "Brng": 331.1, "WTC": 2, "Species": 1, "Engines": "2", "EngType": 3, "EngMount": 0, "Mil": false, "Cou": "United States", "HasPic": false, "Interested": false, "FlightsCount": 0, "Gnd": true, "SpdTyp": 0, "CallSus": false, "Trt": 5, "Year": "2011"}, {"Id": 10956578, "Rcvr": 1, "HasSig": true, "Sig": 80, "Icao": "A72F22", "Bad": false, "Reg": "N562JB", "FSeen": "/Date(1544403419083)/", "TSecs": 8515, "CMsgs": 3178, "Alt": 33325, "GAlt": 33644, "InHg": 30.2388229, "AltT": 0, "TAlt": 3008, "Call": "JBU1818", "Lat": 40.633186, "Long": -73.768875, "PosTime": 1544406818358, "Mlat": false, "PosStale": true, "Tisb": false, "Spd": 0.0, "Trak": 210.9, "TrkH": false, "TTrk": 0.0, "Type": "A320", "Mdl": "2003 AIRBUS A320-232", "Man": "Airbus", "CNum": "1948", "From": "TTPP Piarco, Port of Spain, Trinidad and Tobago", "To": "KJFK John F Kennedy, New York, United States", "Op": "JetBlue Airways", "OpIcao": "JBU", "Sqk": "2666", "Help": false, "Vsi": -640, "VsiT": 0, "Dst": 1.47, "Brng": 134.6, "WTC": 2, "Species": 1, "Engines": "2", "EngType": 3, "EngMount": 0, "Mil": false, "Cou": "United States", "HasPic": false, "Interested": false, "FlightsCount": 0, "Gnd": true, "SpdTyp": 0, "CallSus": false, "Trt": 5, "Year": "2003"}, {"Id": 11309223, "Rcvr": 1, "HasSig": false, "Icao": "AC90A7", "Bad": false, "Reg": "N909AM", "FSeen": "/Date(1544402272209)/", "TSecs": 9662, "CMsgs": 5474, "Alt": 575, "GAlt": 844, "InHg": 30.1889763, "AltT": 0, "TAlt": 3008, "Call": "AAL1207", "Lat": 40.818027, "Long": -73.843735, "PosTime": 1544411931769, "Mlat": false, "Tisb": false, "Spd": 137.0, "Trak": 212.5, "TrkH": false, "TTrk": 70.3125, "Type": "A321", "Mdl": "Airbus A321 231SL", "Man": "Airbus", "CNum": "7756", "From": "KDFW Dallas Fort Worth, Dallas-Fort Worth, United States", "To": "KSAN San Diego, United States", "Op": "American Airlines", "OpIcao": "AAL", "Sqk": "6211", "Help": false, "Vsi": -768, "VsiT": 0, "Dst": 20.22, "Brng": 344.9, "WTC": 2, "Species": 1, "Engines": "2", "EngType": 3, "EngMount": 0, "Mil": false, "Cou": "United States", "HasPic": false, "Interested": false, "FlightsCount": 0, "Gnd": false, "SpdTyp": 0, "CallSus": false, "Trt": 5, "Year": "2017"}, {"Id": 10626178, "Rcvr": 1, "HasSig": true, "Sig": 145, "Icao": "A22482", "Bad": false, "Reg": "N237WN", "FSeen": "/Date(1544402239083)/", "TSecs": 9695, "CMsgs": 4301, "Alt": -250, "GAlt": -18, "InHg": 30.15059, "AltT": 0, "Lat": 40.825475, "Long": -73.857027, "PosTime": 1544411838088, "Mlat": true, "Tisb": false, "Spd": 530.1, "Trak": 320.8, "TrkH": false, "Type": "B737", "Mdl": "2006 BOEING 737-7H4", "Man": "Boeing", "CNum": "34632", "Op": "Southwest Airlines", "OpIcao": "SWA", "Sqk": "7345", "Help": false, "Vsi": 0, "VsiT": 0, "Dst": 21.32, "Brng": 342.6, "WTC": 2, "Species": 1, "Engines": "2", "EngType": 3, "EngMount": 0, "Mil": false, "Cou": "United States", "HasPic": false, "Interested": false, "FlightsCount": 0, "Gnd": true, "SpdTyp": 0, "CallSus": false, "Trt": 2, "Year": "2006"}, {"Id": 10502602, "Rcvr": 1, "HasSig": true, "Sig": 161, "Icao": "A041CA", "Bad": false, "Reg": "N11547", "FSeen": "/Date(1544400570625)/", "TSecs": 11364, "CMsgs": 3962, "Alt": 225, "GAlt": 506, "InHg": 30.2007866, "AltT": 0, "Call": "ASQ4216", "Lat": 40.722222, "Long": -74.146167, "PosTime": 1544411924255, "Mlat": true, "Tisb": false, "Spd": 270.0, "Trak": 198.0, "TrkH": false, "Type": "E145", "Mdl": "2002 EMBRAER EMB-145LR", "Man": "Embraer", "CNum": "145563", "Op": "WELLS FARGO BANK NORTHWEST NA TRUSTEE     - SALT LAKE CITY, UT", "OpIcao": "ASQ", "Sqk": "2256", "Help": false, "Vsi": -480, "VsiT": 0, "Dst": 32.02, "Brng": 286.2, "WTC": 2, "Species": 1, "Engines": "2", "EngType": 3, "EngMount": 1, "Mil": false, "Cou": "United States", "HasPic": false, "Interested": false, "FlightsCount": 0, "Gnd": false, "SpdTyp": 0, "CallSus": true, "Trt": 2, "Year": "2002"}, {"Id": 853555, "Rcvr": 1, "HasSig": true, "Sig": 62, "Icao": "0D0633", "Bad": false, "Reg": "XA-ECO", "FSeen": "/Date(1544400414209)/", "TSecs": 11520, "CMsgs": 4549, "Alt": 2775, "GAlt": 3044, "InHg": 30.1889763, "AltT": 0, "Call": "AIJ2992", "Lat": 40.535594, "Long": -73.530121, "PosTime": 1544411933457, "Mlat": false, "Tisb": false, "Spd": 172.5, "Trak": 325.4, "TrkH": false, "Type": "A320", "Mdl": "Airbus A320 214", "Man": "Airbus", "CNum": "4733", "From": "MMMX Licenciado Benito Juarez, Mexico City, Mexico", "To": "KJFK John F Kennedy, New York, United States", "Op": "Interjet", "OpIcao": "AIJ", "Sqk": "0572", "Help": false, "Vsi": 0, "VsiT": 0, "Dst": 24.31, "Brng": 119.2, "WTC": 2, "Species": 1, "Engines": "2", "EngType": 3, "EngMount": 0, "Mil": false, "Cou": "Mexico", "HasPic": false, "Interested": false, "FlightsCount": 0, "Gnd": false, "SpdTyp": 0, "CallSus": false, "Trt": 2, "Year": "2011"}, {"Id": 10766833, "Rcvr": 1, "HasSig": false, "Icao": "A449F1", "Bad": false, "Reg": "N3759", "FSeen": "/Date(1544400285465)/", "TSecs": 11649, "CMsgs": 6608, "Alt": 2275, "GAlt": 2547, "InHg": 30.191576, "AltT": 0, "TAlt": 10016, "Call": "DAL2333", "Lat": 40.842186, "Long": -73.763771, "PosTime": 1544411933456, "Mlat": false, "Tisb": false, "Spd": 163.0, "Trak": 330.3, "TrkH": false, "TTrk": 116.015625, "Type": "B738", "Mdl": "2001 BOEING 737-832", "Man": "Boeing", "CNum": "30815", "From": "KFLL Fort Lauderdale Hollywood, United States", "To": "KSLC Salt Lake City, United States", "Stops": ["KMSP Minneapolis-St Paul International/Wold-Chamberlain, Minneapolis, United States"], "Op": "Delta Air Lines", "OpIcao": "DAL", "Sqk": "0653", "Help": false, "Vsi": -1472, "VsiT": 0, "Dst": 22.25, "Brng": 3.8, "WTC": 2, "Species": 1, "Engines": "2", "EngType": 3, "EngMount": 0, "Mil": false, "Cou": "United States", "HasPic": false, "Interested": false, "FlightsCount": 0, "Gnd": true, "SpdTyp": 0, "CallSus": false, "Trt": 2, "Year": "2001"}, {"Id": 10768141, "Rcvr": 1, "HasSig": true, "Sig": 92, "Icao": "A44F0D", "Bad": false, "Reg": "N377NW", "FSeen": "/Date(1544400086747)/", "TSecs": 11848, "CMsgs": 6469, "Alt": -225, "GAlt": 65, "InHg": 30.2096462, "AltT": 0, "TAlt": 4000, "Call": "DAL1076", "Lat": 40.634785, "Long": -73.78334, "PosTime": 1544411902138, "Mlat": false, "Tisb": false, "Spd": 15.0, "Trak": 351.6, "TrkH": false, "TTrk": 0.0, "Type": "A320", "Mdl": "2003 AIRBUS A320-211", "Man": "Airbus", "CNum": "2082", "From": "KPDX Portland, United States", "To": "KATL Hartsfield Jackson Atlanta, United States", "Op": "Delta Air Lines", "OpIcao": "DAL", "Sqk": "7450", "Help": false, "Vsi": -576, "VsiT": 0, "Dst": 0.87, "Brng": 191.5, "WTC": 2, "Species": 1, "Engines": "2", "EngType": 3, "EngMount": 0, "Mil": false, "Cou": "United States", "HasPic": false, "Interested": false, "FlightsCount": 0, "Gnd": true, "SpdTyp": 0, "CallSus": false, "Trt": 5, "Year": "2003"}, {"Id": 10957529, "Rcvr": 1, "HasSig": true, "Sig": 169, "Icao": "A732D9", "Bad": false, "Reg": "N563JB", "FSeen": "/Date(1544399788486)/", "TSecs": 12146, "CMsgs": 5089, "Alt": -225, "GAlt": 94, "InHg": 30.2388229, "AltT": 0, "TAlt": 2016, "Call": "JBU135", "Lat": 40.629398, "Long": -73.769943, "PosTime": 1544405433407, "Mlat": false, "PosStale": true, "Tisb": false, "Spd": 0.0, "Trak": 239.1, "TrkH": false, "TTrk": 279.84375, "Type": "A320", "Mdl": "2003 AIRBUS A320-232", "Man": "Airbus", "CNum": "2006", "From": "KJFK John F Kennedy, New York, United States", "To": "KRSW Southwest Florida, Fort Myers, United States", "Op": "JetBlue Airways", "OpIcao": "JBU", "Sqk": "7165", "Help": false, "Vsi": -576, "VsiT": 0, "Dst": 1.74, "Brng": 146.7, "WTC": 2, "Species": 1, "Engines": "2", "EngType": 3, "EngMount": 0, "Mil": false, "Cou": "United States", "HasPic": false, "Interested": false, "FlightsCount": 0, "Gnd": true, "SpdTyp": 0, "CallSus": false, "Trt": 5, "Year": "2003"}, {"Id": 10502143, "Rcvr": 1, "HasSig": true, "Sig": 126, "Icao": "A03FFF", "Bad": false, "Reg": "N115NN", "FSeen": "/Date(1544395089822)/", "TSecs": 16845, "CMsgs": 9260, "Alt": 13150, "GAlt": 13440, "InHg": 30.2096462, "AltT": 0, "TAlt": 3008, "Call": "AAL32", "Lat": 40.572649, "Long": -73.972008, "PosTime": 1544411933455, "Mlat": false, "Tisb": false, "Spd": 304.7, "Trak": 154.9, "TrkH": false, "TTrk": 170.15625, "Type": "A321", "Mdl": "2014 AIRBUS INDUSTRIE A321-231", "Man": "Airbus", "CNum": "6063", "From": "KLAX Los Angeles, United States", "To": "KJFK John F Kennedy, New York, United States", "Op": "American Airlines", "OpIcao": "AAL", "Sqk": "2023", "Help": false, "Vsi": -2240, "VsiT": 1, "Dst": 17.88, "Brng": 244.3, "WTC": 2, "Species": 1, "Engines": "2", "EngType": 3, "EngMount": 0, "Mil": false, "Cou": "United States", "HasPic": false, "Interested": false, "FlightsCount": 0, "Gnd": false, "SpdTyp": 0, "CallSus": false, "Trt": 5, "Year": "2014"}, {"Id": 11337844, "Rcvr": 1, "HasSig": true, "Sig": 81, "Icao": "AD0074", "Bad": false, "Reg": "N937JB", "FSeen": "/Date(1544393575984)/", "TSecs": 18358, "CMsgs": 9957, "Alt": -225, "GAlt": 65, "InHg": 30.2096462, "AltT": 0, "TAlt": 4000, "Call": "JBU624", "Lat": 40.651508, "Long": -73.781235, "PosTime": 1544411889261, "Mlat": false, "Tisb": false, "Spd": 13.0, "Trak": 120.9, "TrkH": false, "TTrk": 330.0, "Type": "A321", "Mdl": "2014 AIRBUS A321-231", "Man": "Airbus", "CNum": "6245", "From": "KLAX Los Angeles, United States", "To": "KJFK John F Kennedy, New York, United States", "Op": "JetBlue Airways", "OpIcao": "JBU", "Sqk": "7202", "Help": false, "Vsi": 0, "VsiT": 0, "Dst": 1.0, "Brng": 0.2, "WTC": 2, "Species": 1, "Engines": "2", "EngType": 3, "EngMount": 0, "Mil": false, "Cou": "United States", "HasPic": false, "Interested": false, "FlightsCount": 0, "Gnd": true, "SpdTyp": 0, "CallSus": false, "Trt": 4, "Year": "2014"}, {"Id": 11036439, "Rcvr": 1, "HasSig": true, "Sig": 204, "Icao": "A86717", "Bad": false, "Reg": "N640VA", "FSeen": "/Date(1544392743141)/", "TSecs": 19191, "CMsgs": 9854, "Alt": -100, "GAlt": 190, "InHg": 30.2096462, "AltT": 0, "Call": "ASA1024", "Lat": 40.642664, "Long": -73.757088, "PosTime": 1544411933455, "Mlat": false, "Tisb": false, "Spd": 127.4, "Trak": 301.2, "TrkH": false, "Type": "A320", "Mdl": "2007 AIRBUS A320-214", "Man": "Airbus", "CNum": "3349", "From": "KSFO San Francisco, United States", "To": "KJFK John F Kennedy, New York, United States", "Op": "Virgin America", "OpIcao": "ASA", "Sqk": "1574", "Help": false, "Vsi": -576, "VsiT": 1, "Dst": 2.04, "Brng": 89.4, "WTC": 2, "Species": 1, "Engines": "2", "EngType": 3, "EngMount": 0, "Mil": false, "Cou": "United States", "HasPic": false, "Interested": false, "FlightsCount": 0, "Gnd": false, "SpdTyp": 0, "CallSus": false, "Trt": 2, "Year": "2007"}, {"Id": 11370095, "Rcvr": 1, "HasSig": true, "Sig": 185, "Icao": "AD7E6F", "Bad": false, "Reg": "N969JT", "FSeen": "/Date(1544391133093)/", "TSecs": 20801, "CMsgs": 9857, "Alt": 35300, "GAlt": 35595, "InHg": 30.2151985, "AltT": 0, "TAlt": 4000, "Call": "JBU516", "Lat": 40.649002, "Long": -73.770874, "PosTime": 1544411327219, "Mlat": false, "PosStale": true, "Tisb": false, "Spd": 0.0, "Trak": 188.4, "TrkH": false, "TTrk": 0.0, "Type": "A321", "Mdl": "Airbus A321 231SL", "Man": "Airbus", "CNum": "7353", "From": "KSFO San Francisco, United States", "To": "KJFK John F Kennedy, New York, United States", "Op": "JetBlue Airways", "OpIcao": "JBU", "Sqk": "1200", "Help": false, "Vsi": -64, "VsiT": 0, "Dst": 1.14, "Brng": 50.5, "WTC": 2, "Species": 1, "Engines": "2", "EngType": 3, "EngMount": 0, "Mil": false, "Cou": "United States", "HasPic": false, "Interested": false, "FlightsCount": 0, "Gnd": true, "SpdTyp": 0, "CallSus": false, "Trt": 5, "Year": "2016"}, {"Id": 11363438, "Rcvr": 1, "HasSig": true, "Sig": 130, "Icao": "AD646E", "Bad": false, "Reg": "N962JT", "FSeen": "/Date(1544389403965)/", "TSecs": 22530, "CMsgs": 9806, "Alt": 35700, "GAlt": 36010, "InHg": 30.2303143, "AltT": 0, "TAlt": 4000, "Call": "JBU190", "Lat": 40.642769, "Long": -73.771088, "PosTime": 1544407306737, "Mlat": false, "PosStale": true, "Tisb": false, "Spd": 0.0, "Trak": 199.7, "TrkH": false, "TTrk": 250.0, "Type": "A321", "Mdl": "Airbus A321 231SL", "Man": "Airbus", "CNum": "6988", "From": "KSAN San Diego, United States", "To": "KJFK John F Kennedy, New York, United States", "Op": "JetBlue Airways", "OpIcao": "JBU", "Sqk": "2000", "Help": false, "Vsi": -1280, "VsiT": 0, "Dst": 0.86, "Brng": 87.9, "WTC": 2, "Species": 1, "Engines": "2", "EngType": 3, "EngMount": 0, "Mil": false, "Cou": "United States", "HasPic": false, "Interested": false, "FlightsCount": 0, "Gnd": true, "SpdTyp": 0, "CallSus": false, "Trt": 4, "Year": "2016"}, {"Id": 11039969, "Rcvr": 1, "HasSig": true, "Sig": 191, "Icao": "A874E1", "Bad": false, "Reg": "N644JB", "FSeen": "/Date(1544388008825)/", "TSecs": 23926, "CMsgs": 11442, "Alt": -225, "GAlt": 94, "InHg": 30.2388229, "AltT": 0, "TAlt": 3008, "Call": "JBU745", "Lat": 40.63262, "Long": -73.767653, "PosTime": 1544406725488, "Mlat": false, "PosStale": true, "Tisb": false, "Spd": 0.0, "Trak": 188.4, "TrkH": false, "TTrk": 0.0, "Type": "A320", "Mdl": "2006 AIRBUS A320-232", "Man": "Airbus", "CNum": "2880", "From": "KMCO Orlando, United States", "To": "TJSJ Luis Munoz Marin, San Juan, Puerto Rico", "Op": "JetBlue Airways", "OpIcao": "JBU", "Sqk": "1607", "Help": false, "Vsi": -128, "VsiT": 0, "Dst": 1.59, "Brng": 133.6, "WTC": 2, "Species": 1, "Engines": "2", "EngType": 3, "EngMount": 0, "Mil": false, "Cou": "United States", "HasPic": false, "Interested": false, "FlightsCount": 0, "Gnd": true, "SpdTyp": 0, "CallSus": false, "Trt": 5, "Year": "2006"}], "totalAc": 4849, "lastDv": "636799839363904013", "shtTrlSec": 65, "stm": 1544411934740}