{"src": 1, "feeds": [{"id": 1, "name": "From Cons", "polarPlot": false}], "srcFeed": 1, "showSil": true, "showFlg": true, "showPic": true, "flgH": 20, "flgW": 85, "acList": [{"Id": 9004007, "Rcvr": 1, "HasSig": true, "Sig": 220, "Icao": "8963E7", "Bad": false, "Reg": "A6-EOJ", "FSeen": "/Date(1544414174932)/", "TSecs": 164, "CMsgs": 105, "Alt": 2700, "GAlt": 2995, "InHg": 30.2151985, "AltT": 0, "TAlt": 12000, "Call": "UAE5RQ", "Lat": 40.587686, "Long": -73.801783, "PosTime": 1544414337698, "Mlat": false, "Tisb": false, "Spd": 262.7, "Trak": 122.7, "TrkH": false, "TTrk": 134.296875, "Type": "A388", "Mdl": "Airbus A380 861", "Man": "Airbus", "CNum": "182", "Op": "Emirates Airline", "OpIcao": "UAE", "Sqk": "1504", "Help": false, "Vsi": 2432, "VsiT": 1, "Dst": 6.33, "Brng": 195.9, "WTC": 3, "Species": 1, "Engines": "4", "EngType": 3, "EngMount": 0, "Mil": false, "Cou": "United Arab Emirates", "HasPic": false, "Interested": false, "FlightsCount": 0, "Gnd": false, "SpdTyp": 0, "CallSus": false, "Trt": 5, "Year": "2014"}, {"Id": 10589767, "Rcvr": 1, "HasSig": true, "Sig": 188, "Icao": "A19647", "Bad": false, "Reg": "N201FR", "FSeen": "/Date(1544414062171)/", "TSecs": 277, "CMsgs": 170, "Alt": 9175, "GAlt": 9444, "InHg": 30.1889763, "AltT": 0, "Call": "1597", "Lat": 40.807645, "Long": -74.101722, "PosTime": 1544414335768, "Mlat": false, "Tisb": false, "Spd": 289.0, "Trak": 189.6, "TrkH": false, "Type": "A320", "Mdl": "2008 AIRBUS A320-214", "Man": "Airbus", "CNum": "3389", "Op": "Frontier Airlines", "OpIcao": "FFT", "Sqk": "1571", "Help": false, "Vsi": 2304, "VsiT": 0, "Dst": 32.66, "Brng": 304.3, "WTC": 2, "Species": 1, "Engines": "2", "EngType": 3, "EngMount": 0, "Mil": false, "Cou": "United States", "HasPic": false, "Interested": false, "FlightsCount": 0, "Gnd": false, "SpdTyp": 0, "CallSus": false, "Trt": 2, "Year": "2008"}, {"Id": 4704763, "Rcvr": 1, "HasSig": true, "Sig": 55, "Icao": "47C9FB", "Bad": false, "Reg": "LN-LNS", "FSeen": "/Date(1544413098607)/", "TSecs": 1241, "CMsgs": 474, "Alt": 14350, "GAlt": 14666, "InHg": 30.2362213, "AltT": 0, "TAlt": 16992, "Call": "NAX76C", "Lat": 40.934686, "Long": -73.842919, "PosTime": 1544414339815, "Mlat": false, "Tisb": false, "Spd": 408.1, "Trak": 49.9, "TrkH": false, "Type": "B789", "Mdl": "Boeing 787 9", "Man": "Boeing", "CNum": "63311", "Op": "Norwegian", "OpIcao": "NAX", "Sqk": "1663", "Help": false, "Vsi": 2368, "VsiT": 0, "Dst": 32.9, "Brng": 350.9, "WTC": 3, "Species": 1, "Engines": "2", "EngType": 3, "EngMount": 0, "Mil": false, "Cou": "Norway", "HasPic": false, "Interested": false, "FlightsCount": 0, "Gnd": false, "SpdTyp": 0, "CallSus": false, "Trt": 2, "Year": "2017"}, {"Id": 11311276, "Rcvr": 1, "HasSig": true, "Sig": 177, "Icao": "AC98AC", "Bad": false, "Reg": "N910WN", "FSeen": "/Date(1544412903448)/", "TSecs": 1436, "CMsgs": 803, "Alt": 25000, "GAlt": 25260, "InHg": 30.1801186, "AltT": 0, "Lat": 40.572277, "Long": -73.951659, "PosTime": 1544414339812, "Mlat": true, "Tisb": false, "Spd": 492.0, "Trak": 63.7, "TrkH": false, "Type": "B737", "Mdl": "2008 BOEING 737-7H4", "Man": "Boeing", "CNum": "36618", "Op": "Southwest Airlines", "OpIcao": "SWA", "Sqk": "5665", "Help": false, "Vsi": 5, "VsiT": 0, "Dst": 16.37, "Brng": 241.6, "WTC": 2, "Species": 1, "Engines": "2", "EngType": 3, "EngMount": 0, "Mil": false, "Cou": "United States", "HasPic": false, "Interested": false, "FlightsCount": 0, "Gnd": false, "SpdTyp": 0, "CallSus": false, "Trt": 2, "Year": "2008"}, {"Id": 11367537, "Rcvr": 1, "HasSig": true, "Sig": 190, "Icao": "AD7471", "Bad": false, "Reg": "N966WN", "FSeen": "/Date(1544412660807)/", "TSecs": 1679, "CMsgs": 1054, "Alt": 22050, "GAlt": 22310, "InHg": 30.1801186, "AltT": 0, "Lat": 40.514552, "Long": -73.455401, "PosTime": 1544414339105, "Mlat": true, "Tisb": false, "Spd": 524.0, "Trak": 64.8, "TrkH": false, "Type": "B737", "Mdl": "2011 BOEING 737-7H4", "Man": "Boeing", "CNum": "36966", "Op": "Southwest Airlines", "OpIcao": "SWA", "Sqk": "5671", "Help": false, "Vsi": 212, "VsiT": 0, "Dst": 30.98, "Brng": 117.2, "WTC": 2, "Species": 1, "Engines": "2", "EngType": 3, "EngMount": 0, "Mil": false, "Cou": "United States", "HasPic": false, "Interested": false, "FlightsCount": 0, "Gnd": false, "SpdTyp": 0, "CallSus": false, "Trt": 2, "Year": "2011"}, {"Id": 10828708, "Rcvr": 1, "HasSig": false, "Icao": "A53BA4", "Bad": false, "Reg": "N436YX", "FSeen": "/Date(1544411742776)/", "TSecs": 2597, "CMsgs": 1598, "Alt": 775, "GAlt": 787, "InHg": 29.93171, "AltT": 0, "TAlt": 17024, "Call": "RPA4317", "Lat": 40.824692, "Long": -73.83844, "PosTime": 1544414339102, "Mlat": false, "Tisb": false, "Spd": 130.0, "Trak": 212.8, "TrkH": false, "Type": "E75L", "Mdl": "2014 EMBRAER S A ERJ170-200LR", "Man": "Embraer", "CNum": "17000424", "Op": "Republic Airlines", "OpIcao": "RPA", "Sqk": "3653", "Help": false, "Vsi": -768, "VsiT": 1, "Dst": 20.82, "Brng": 346.6, "WTC": 2, "Species": 1, "Engines": "2", "EngType": 3, "EngMount": 0, "Mil": false, "Cou": "United States", "HasPic": false, "Interested": false, "FlightsCount": 0, "Gnd": false, "SpdTyp": 0, "CallSus": false, "Trt": 5, "Year": "2014"}, {"Id": 11232831, "Rcvr": 1, "HasSig": true, "Sig": 155, "Icao": "AB663F", "Bad": false, "Reg": "N83329", "FSeen": "/Date(1544411272479)/", "TSecs": 3067, "CMsgs": 1750, "Alt": -200, "GAlt": 81, "InHg": 30.2007866, "AltT": 0, "TAlt": 19008, "Call": "ASH6337", "Lat": 40.775582, "Long": -73.877329, "PosTime": 1544414337685, "Mlat": false, "Tisb": false, "Spd": 13.0, "Trak": 30.9, "TrkH": false, "Type": "E75L", "Mdl": " EMBRAER S A ERJ170-200LR", "Man": "Embraer", "CNum": "17000487", "Op": "UNITED AIRLINES INC     - CHICAGO, IL", "OpIcao": "ASH", "Sqk": "4461", "Help": false, "Vsi": 0, "VsiT": 1, "Dst": 16.87, "Brng": 331.4, "WTC": 2, "Species": 1, "Engines": "2", "EngType": 3, "EngMount": 0, "Mil": false, "Cou": "United States", "HasPic": false, "Interested": false, "FlightsCount": 0, "Gnd": true, "SpdTyp": 0, "CallSus": false, "Trt": 5, "Year": "2015"}, {"Id": 11273918, "Rcvr": 1, "HasSig": false, "Icao": "AC06BE", "Bad": false, "Reg": "N874RW", "FSeen": "/Date(1544411043176)/", "TSecs": 3296, "CMsgs": 2029, "Alt": 3750, "GAlt": 4031, "InHg": 30.2007866, "AltT": 0, "TAlt": 4000, "Call": "RPA5965", "Lat": 40.691635, "Long": -73.946854, "PosTime": 1544414337685, "Mlat": false, "Tisb": false, "Spd": 184.0, "Trak": 33.5, "TrkH": false, "Type": "E170", "Mdl": "2006 EMBRAER ERJ 170-100SU", "Man": "Embraer", "CNum": "17000148", "Op": "Republic Airlines", "OpIcao": "RPA", "Sqk": "2445", "Help": false, "Vsi": 64, "VsiT": 1, "Dst": 15.0, "Brng": 291.4, "WTC": 2, "Species": 1, "Engines": "2", "EngType": 3, "EngMount": 0, "Mil": false, "Cou": "United States", "HasPic": false, "Interested": false, "FlightsCount": 0, "Gnd": false, "SpdTyp": 0, "CallSus": false, "Trt": 5, "Year": "2006"}, {"Id": 11400425, "Rcvr": 1, "HasSig": false, "Icao": "ADF4E9", "Bad": false, "Reg": "N999JQ", "FSeen": "/Date(1544410874341)/", "TSecs": 3465, "CMsgs": 1065, "Alt": -200, "GAlt": 90, "InHg": 30.2096462, "AltT": 0, "Call": "JBU1804", "Lat": 40.646819, "Long": -73.772819, "PosTime": 1544410957154, "Mlat": false, "PosStale": true, "Tisb": false, "Spd": 0.0, "Trak": 177.2, "TrkH": false, "Type": "A321", "Mdl": "Airbus A321 231SL", "Man": "Airbus", "CNum": "8538", "Op": "JetBlue Airways", "OpIcao": "JBU", "Sqk": "1422", "Help": false, "VsiT": 0, "Dst": 0.86, "Brng": 56.0, "WTC": 2, "Species": 1, "Engines": "2", "EngType": 3, "EngMount": 0, "Mil": false, "Cou": "United States", "HasPic": false, "Interested": false, "FlightsCount": 0, "Gnd": true, "SpdTyp": 0, "CallSus": false, "Trt": 5}, {"Id": 10748637, "Rcvr": 1, "HasSig": true, "Sig": 194, "Icao": "A402DD", "Bad": false, "Reg": "N358DN", "FSeen": "/Date(1544410873027)/", "TSecs": 3466, "CMsgs": 2122, "Alt": 2325, "GAlt": 2594, "InHg": 30.1889763, "AltT": 0, "TAlt": 2016, "Lat": 40.867092, "Long": -73.699098, "PosTime": 1544414339098, "Mlat": false, "Tisb": false, "Spd": 164.0, "Trak": 305.8, "TrkH": false, "TTrk": 319.921875, "Type": "A321", "Mdl": "Airbus A321 211SL", "Man": "Airbus", "CNum": "8316", "Op": "Delta Air Lines", "OpIcao": "DAL", "Sqk": "1040", "Help": false, "Vsi": -1408, "VsiT": 0, "Dst": 25.92, "Brng": 15.5, "WTC": 2, "Species": 1, "Engines": "2", "EngType": 3, "EngMount": 0, "Mil": false, "Cou": "United States", "HasPic": false, "Interested": false, "FlightsCount": 0, "SpdTyp": 0, "CallSus": false, "Trt": 2, "Year": "2018"}, {"Id": 4196157, "Rcvr": 1, "HasSig": true, "Sig": 154, "Icao": "40073D", "Bad": false, "Reg": "G-BYGE", "FSeen": "/Date(1544410872920)/", "TSecs": 3466, "CMsgs": 2181, "Alt": -100, "GAlt": 190, "InHg": 30.2096462, "AltT": 0, "Lat": 40.643642, "Long": -73.759211, "PosTime": 1544414339096, "Mlat": false, "Tisb": false, "Spd": 132.7, "Trak": 300.8, "TrkH": false, "Type": "B744", "Mdl": "Boeing 747 436", "Man": "Boeing", "CNum": "28858", "Op": "British Airways", "OpIcao": "BAW", "Sqk": "", "Vsi": -832, "VsiT": 1, "Dst": 1.87, "Brng": 86.0, "WTC": 3, "Species": 1, "Engines": "4", "EngType": 3, "EngMount": 0, "Mil": false, "Cou": "United Kingdom", "HasPic": false, "Interested": false, "FlightsCount": 0, "SpdTyp": 0, "CallSus": false, "Trt": 2, "Year": "1999"}, {"Id": 11366291, "Rcvr": 1, "HasSig": true, "Sig": 120, "Icao": "AD6F93", "Bad": false, "Reg": "N965JT", "FSeen": "/Date(1544410871316)/", "TSecs": 3468, "CMsgs": 2020, "Alt": -200, "GAlt": 90, "InHg": 30.2096462, "AltT": 0, "TAlt": 4000, "Call": "JBU1802", "Lat": 40.650112, "Long": -73.778107, "PosTime": 1544414197577, "Mlat": false, "PosStale": true, "Tisb": false, "Spd": 0.0, "Trak": 210.9, "TrkH": false, "Type": "A321", "Mdl": "Airbus A321 231SL", "Man": "Airbus", "CNum": "6512", "From": "KFLL Fort Lauderdale Hollywood, United States", "To": "KJFK John F Kennedy, New York, United States", "Op": "JetBlue Airways", "OpIcao": "JBU", "Sqk": "3327", "Help": false, "Vsi": -192, "VsiT": 0, "Dst": 0.89, "Brng": 17.5, "WTC": 2, "Species": 1, "Engines": "2", "EngType": 3, "EngMount": 0, "Mil": false, "Cou": "United States", "HasPic": false, "Interested": false, "FlightsCount": 0, "Gnd": true, "SpdTyp": 0, "CallSus": false, "Trt": 5, "Year": "2016"}, {"Id": 10529127, "Rcvr": 1, "HasSig": false, "Icao": "A0A967", "Bad": false, "Reg": "N14143", "FSeen": "/Date(1544410870932)/", "TSecs": 3468, "CMsgs": 2129, "Alt": 50, "GAlt": 322, "InHg": 30.191576, "AltT": 0, "TAlt": 3008, "Lat": 40.70723, "Long": -74.155396, "PosTime": 1544414339097, "Mlat": false, "Tisb": false, "Spd": 134.0, "Trak": 206.0, "TrkH": false, "Type": "E45X", "Mdl": "2003 EMBRAER EMB-145XR", "Man": "Embraer", "CNum": "145739", "Op": "WELLS FARGO BANK NORTHWEST NA TRUSTEE     - SALT LAKE CITY, UT", "OpIcao": "UCA", "Sqk": "5660", "Help": false, "Vsi": -896, "VsiT": 0, "Dst": 32.36, "Brng": 283.0, "WTC": 2, "Species": 1, "Engines": "2", "EngType": 3, "EngMount": 1, "Mil": false, "Cou": "United States", "HasPic": false, "Interested": false, "FlightsCount": 0, "SpdTyp": 0, "CallSus": false, "Trt": 2, "Year": "2003"}, {"Id": 10666532, "Rcvr": 1, "HasSig": true, "Sig": 128, "Icao": "A2C224", "Bad": false, "Reg": "N277SY", "FSeen": "/Date(1544410870925)/", "TSecs": 3468, "CMsgs": 2142, "Alt": -225, "GAlt": 56, "InHg": 30.2007866, "AltT": 0, "TAlt": 18016, "Lat": 40.776502, "Long": -73.878063, "PosTime": 1544414332905, "Mlat": false, "Tisb": false, "Spd": 97.1, "Trak": 212.4, "TrkH": false, "Type": "E75L", "Mdl": "Embraer EMB-175 LL", "Man": "Embraer", "CNum": "17000741", "Op": "Delta Connection", "OpIcao": "SKW", "Sqk": "3130", "Help": false, "Vsi": -64, "VsiT": 0, "Dst": 16.99, "Brng": 331.3, "WTC": 2, "Species": 1, "Engines": "2", "EngType": 3, "EngMount": 0, "Mil": false, "Cou": "United States", "HasPic": false, "Interested": false, "FlightsCount": 0, "SpdTyp": 0, "CallSus": false, "Trt": 2, "Year": "2018"}, {"Id": 10747943, "Rcvr": 1, "HasSig": false, "Icao": "A40027", "Bad": false, "Reg": "N357PV", "FSeen": "/Date(1544410870914)/", "TSecs": 3468, "CMsgs": 1840, "Alt": -200, "GAlt": 81, "InHg": 30.2007866, "AltT": 0, "TAlt": 3008, "Call": "AAL1053", "Lat": 40.778091, "Long": -73.874802, "PosTime": 1544414078333, "Mlat": false, "PosStale": true, "Tisb": false, "Spd": 0.0, "Trak": 59.1, "TrkH": false, "TTrk": 272.8125, "Type": "B738", "Mdl": "Boeing 737NG 800/W", "Man": "Boeing", "CNum": "31277", "From": "KDFW Dallas Fort Worth, Dallas-Fort Worth, United States", "To": "MROC Juan Santamaria, San Jose, Costa Rica", "Op": "American Airlines", "OpIcao": "AAL", "Sqk": "7247", "Help": false, "Vsi": -128, "VsiT": 0, "Dst": 17.01, "Brng": 332.4, "WTC": 2, "Species": 1, "Engines": "2", "EngType": 3, "EngMount": 0, "Mil": false, "Cou": "United States", "HasPic": false, "Interested": false, "FlightsCount": 0, "Gnd": true, "SpdTyp": 0, "CallSus": false, "Trt": 5, "Year": "2017"}, {"Id": 10668524, "Rcvr": 1, "HasSig": true, "Sig": 187, "Icao": "A2C9EC", "Bad": false, "Reg": "N279WN", "FSeen": "/Date(1544410870891)/", "TSecs": 3468, "CMsgs": 2114, "Alt": 2825, "GAlt": 3094, "InHg": 30.1889763, "AltT": 0, "Lat": 40.828966, "Long": -73.714267, "PosTime": 1544414332905, "Mlat": true, "Tisb": false, "Spd": 490.4, "Trak": 30.3, "TrkH": false, "Type": "B737", "Mdl": "2007 BOEING 737-7H4", "Man": "Boeing", "CNum": "32532", "Op": "Southwest Airlines", "OpIcao": "SWA", "Sqk": "5073", "Help": false, "Vsi": -3200, "VsiT": 1, "Dst": 21.49, "Brng": 15.2, "WTC": 2, "Species": 1, "Engines": "2", "EngType": 3, "EngMount": 0, "Mil": false, "Cou": "United States", "HasPic": false, "Interested": false, "FlightsCount": 0, "SpdTyp": 0, "CallSus": false, "Trt": 2, "Year": "2007"}, {"Id": 10674741, "Rcvr": 1, "HasSig": false, "Icao": "A2E235", "Bad": false, "Reg": "N285SY", "FSeen": "/Date(1544410870868)/", "TSecs": 3468, "CMsgs": 2169, "Alt": 1625, "GAlt": 1897, "InHg": 30.191576, "AltT": 0, "TAlt": 3008, "Lat": 40.876694, "Long": -73.785706, "PosTime": 1544414339096, "Mlat": false, "Tisb": false, "Spd": 174.0, "Trak": 235.8, "TrkH": false, "Type": "E75L", "Mdl": "Embraer EMB-175 LR", "Man": "Embraer", "CNum": "17000751", "Op": "Delta Connection", "OpIcao": "SKW", "Sqk": "", "Vsi": -128, "VsiT": 0, "Dst": 26.05, "Brng": 359.2, "WTC": 2, "Species": 1, "Engines": "2", "EngType": 3, "EngMount": 0, "Mil": false, "Cou": "United States", "HasPic": false, "Interested": false, "FlightsCount": 0, "Gnd": false, "SpdTyp": 0, "CallSus": false, "Trt": 2, "Year": "2018"}, {"Id": 10579878, "Rcvr": 1, "HasSig": true, "Sig": 158, "Icao": "A16FA6", "Bad": false, "Reg": "N192AN", "FSeen": "/Date(1544410870793)/", "TSecs": 3469, "CMsgs": 2155, "Alt": 6575, "GAlt": 6865, "InHg": 30.2096462, "AltT": 0, "TAlt": 23008, "Lat": 40.414744, "Long": -73.823443, "PosTime": 1544414321812, "Mlat": false, "Tisb": false, "Spd": 285.7, "Trak": 119.3, "TrkH": false, "TTrk": 130.078125, "Type": "B752", "Mdl": "757-223", "Man": "Boeing", "CNum": "32386", "Op": "American Airlines", "OpIcao": "AAL", "Sqk": "", "Vsi": -2624, "VsiT": 0, "Dst": 25.57, "Brng": 188.0, "WTC": 2, "Species": 1, "Engines": "2", "EngType": 3, "EngMount": 0, "Mil": false, "Cou": "United States", "HasPic": false, "Interested": false, "FlightsCount": 0, "SpdTyp": 0, "CallSus": false, "Trt": 2, "Year": "2001"}, {"Id": 11019747, "Rcvr": 1, "HasSig": true, "Sig": 95, "Icao": "A825E3", "Bad": false, "Reg": "N624JB", "FSeen": "/Date(1544410870780)/", "TSecs": 3469, "CMsgs": 1478, "Alt": 2658, "GAlt": 2953, "InHg": 30.2151985, "AltT": 0, "TAlt": 4000, "Call": "JBU164", "Lat": 40.64967, "Long": -73.777173, "PosTime": 1544411993273, "Mlat": false, "PosStale": true, "Tisb": false, "Spd": 0.1, "Trak": 165.9, "TrkH": false, "TTrk": 0.0, "Type": "A320", "Mdl": "2005 AIRBUS A320-232", "Man": "Airbus", "CNum": "2520", "From": "KTPA Tampa, United States", "To": "KJFK John F Kennedy, New York, United States", "Op": "JetBlue Airways", "OpIcao": "JBU", "Sqk": "6657", "Help": false, "Vsi": -128, "VsiT": 0, "Dst": 0.87, "Brng": 23.5, "WTC": 2, "Species": 1, "Engines": "2", "EngType": 3, "EngMount": 0, "Mil": false, "Cou": "United States", "HasPic": true, "PicX": 1024, "PicY": 697, "Interested": false, "FlightsCount": 0, "Gnd": true, "SpdTyp": 0, "CallSus": false, "Trt": 5, "Year": "2005"}, {"Id": 11094827, "Rcvr": 1, "HasSig": false, "Icao": "A94B2B", "Bad": false, "Reg": "N69826", "FSeen": "/Date(1544410870765)/", "TSecs": 3469, "CMsgs": 2144, "Alt": 3300, "GAlt": 3548, "InHg": 30.16795, "AltT": 0, "TAlt": 4000, "Lat": 40.746964, "Long": -73.844788, "PosTime": 1544414339095, "Mlat": false, "Tisb": false, "Spd": 193.0, "Trak": 60.5, "TrkH": false, "TTrk": 45.703125, "Type": "B739", "Mdl": "2014 BOEING 737-924ER", "Man": "Boeing", "CNum": "42180", "Op": "United Airlines", "OpIcao": "UAL", "Sqk": "", "Vsi": -1024, "VsiT": 0, "Dst": 12.79, "Brng": 335.3, "WTC": 2, "Species": 1, "Engines": "2", "EngType": 3, "EngMount": 0, "Mil": false, "Cou": "United States", "HasPic": false, "Interested": false, "FlightsCount": 0, "SpdTyp": 0, "CallSus": false, "Trt": 2, "Year": "2014"}, {"Id": 11309223, "Rcvr": 1, "HasSig": false, "Icao": "AC90A7", "Bad": false, "Reg": "N909AM", "FSeen": "/Date(1544410870762)/", "TSecs": 3469, "CMsgs": 782, "Alt": -225, "GAlt": 56, "InHg": 30.2007866, "AltT": 0, "TAlt": 3008, "Call": "AAL1207", "Lat": 40.776745, "Long": -73.874817, "PosTime": 1544414321831, "Mlat": false, "Tisb": false, "Spd": 0.0, "Trak": 247.5, "TrkH": false, "TTrk": 70.3125, "Type": "A321", "Mdl": "Airbus A321 231SL", "Man": "Airbus", "CNum": "7756", "From": "KDFW Dallas Fort Worth, Dallas-Fort Worth, United States", "To": "KSAN San Diego, United States", "Op": "American Airlines", "OpIcao": "AAL", "Sqk": "6211", "Help": false, "Vsi": -896, "VsiT": 0, "Dst": 16.88, "Brng": 332.2, "WTC": 2, "Species": 1, "Engines": "2", "EngType": 3, "EngMount": 0, "Mil": false, "Cou": "United States", "HasPic": false, "Interested": false, "FlightsCount": 0, "Gnd": true, "SpdTyp": 0, "CallSus": false, "Trt": 2, "Year": "2017"}, {"Id": 11302867, "Rcvr": 1, "HasSig": false, "Icao": "AC77D3", "Bad": false, "Reg": "N902NN", "FSeen": "/Date(1544410870754)/", "TSecs": 3469, "CMsgs": 2154, "Alt": 13150, "GAlt": 13319, "InHg": 30.088583, "AltT": 0, "TAlt": 19008, "Lat": 40.530579, "Long": -73.942383, "PosTime": 1544414339095, "Mlat": false, "Tisb": false, "Spd": 337.0, "Trak": 151.1, "TrkH": false, "TTrk": 123.046875, "Type": "B738", "Mdl": "2012 BOEING 737-823", "Man": "Boeing", "CNum": "31154", "Op": "American Airlines", "OpIcao": "AAL", "Sqk": "4160", "Help": false, "Vsi": -1088, "VsiT": 0, "Dst": 18.44, "Brng": 227.6, "WTC": 2, "Species": 1, "Engines": "2", "EngType": 3, "EngMount": 0, "Mil": false, "Cou": "United States", "HasPic": false, "Interested": false, "FlightsCount": 0, "SpdTyp": 0, "CallSus": false, "Trt": 2, "Year": "2012"}, {"Id": 11235263, "Rcvr": 1, "HasSig": false, "Icao": "AB6FBF", "Bad": false, "Reg": "N836MH", "FSeen": "/Date(1544410870753)/", "TSecs": 3469, "CMsgs": 2125, "Alt": 1775, "GAlt": 1999, "InHg": 30.1443272, "AltT": 0, "TAlt": 2016, "Lat": 40.546814, "Long": -73.652908, "PosTime": 1544414339095, "Mlat": false, "Tisb": false, "Spd": 178.0, "Trak": 349.3, "TrkH": false, "TTrk": 40.078125, "Type": "B764", "Mdl": "2000 BOEING 767-432ER", "Man": "Boeing", "CNum": "29709", "Op": "Delta Air Lines", "OpIcao": "DAL", "Sqk": "6371", "Help": false, "Vsi": -128, "VsiT": 0, "Dst": 15.19, "Brng": 134.4, "WTC": 3, "Species": 1, "Engines": "2", "EngType": 3, "EngMount": 0, "Mil": false, "Cou": "United States", "HasPic": false, "Interested": false, "FlightsCount": 0, "SpdTyp": 0, "CallSus": false, "Trt": 2, "Year": "2000"}, {"Id": 10966197, "Rcvr": 1, "HasSig": true, "Sig": 16, "Icao": "A754B5", "Bad": false, "Reg": "N57111", "FSeen": "/Date(1544410870748)/", "TSecs": 3469, "CMsgs": 2089, "Alt": 2175, "GAlt": 2423, "InHg": 30.16795, "AltT": 0, "TAlt": 2496, "Lat": 40.788186, "Long": -74.105405, "PosTime": 1544414334268, "Mlat": false, "Tisb": false, "Spd": 202.9, "Trak": 196.0, "TrkH": false, "TTrk": 218.671875, "Type": "B752", "Mdl": "1994 BOEING 757-224", "Man": "Boeing", "CNum": "27301", "Op": "UNITED AIRLINES INC     - CHICAGO, IL", "OpIcao": "UAL", "Sqk": "0401", "Help": false, "Vsi": -832, "VsiT": 0, "Dst": 31.76, "Brng": 300.8, "WTC": 2, "Species": 1, "Engines": "2", "EngType": 3, "EngMount": 0, "Mil": false, "Cou": "United States", "HasPic": false, "Interested": false, "FlightsCount": 0, "SpdTyp": 0, "CallSus": false, "Trt": 2, "Year": "1994"}, {"Id": 11174864, "Rcvr": 1, "HasSig": false, "Icao": "AA83D0", "Bad": false, "Reg": "N777J", "FSeen": "/Date(1544410870747)/", "TSecs": 3469, "CMsgs": 2034, "Alt": -225, "GAlt": 44, "InHg": 30.1889763, "AltT": 0, "TAlt": 18016, "Call": "N777J", "Lat": 40.848484, "Long": -74.061104, "PosTime": 1544414337699, "Mlat": false, "Tisb": false, "Spd": 11.0, "Trak": 1.7, "TrkH": false, "TTrk": 123.046875, "Type": "CL60", "Mdl": "1999 BOMBARDIER INC CL-600-2B16", "Man": "Bombardier", "CNum": "5433", "Op": "WELLS FARGO BANK NORTHWEST NA TRUSTEE     - SALT LAKE CITY, UT", "Sqk": "7217", "Help": false, "Vsi": 0, "VsiT": 0, "Dst": 32.87, "Brng": 314.3, "WTC": 2, "Species": 1, "Engines": "2", "EngType": 3, "EngMount": 1, "Mil": false, "Cou": "United States", "HasPic": false, "Interested": false, "FlightsCount": 0, "Gnd": true, "SpdTyp": 0, "CallSus": false, "Trt": 5, "Year": "1999"}, {"Id": 10502143, "Rcvr": 1, "HasSig": true, "Sig": 104, "Icao": "A03FFF", "Bad": false, "Reg": "N115NN", "FSeen": "/Date(1544410870747)/", "TSecs": 3469, "CMsgs": 1591, "Alt": -200, "GAlt": 90, "InHg": 30.2096462, "AltT": 0, "TAlt": 4000, "Call": "AAL32", "Lat": 40.649551, "Long": -73.795166, "PosTime": 1544412873401, "Mlat": false, "PosStale": true, "Tisb": false, "Spd": 0.0, "Trak": 165.9, "TrkH": false, "TTrk": 0.0, "Type": "A321", "Mdl": "2014 AIRBUS INDUSTRIE A321-231", "Man": "Airbus", "CNum": "6063", "From": "KLAX Los Angeles, United States", "To": "KJFK John F Kennedy, New York, United States", "Op": "American Airlines", "OpIcao": "AAL", "Sqk": "2023", "Help": false, "Vsi": -128, "VsiT": 0, "Dst": 1.41, "Brng": 303.9, "WTC": 2, "Species": 1, "Engines": "2", "EngType": 3, "EngMount": 0, "Mil": false, "Cou": "United States", "HasPic": false, "Interested": false, "FlightsCount": 0, "Gnd": true, "SpdTyp": 0, "CallSus": false, "Trt": 5, "Year": "2014"}], "totalAc": 4503, "lastDv": "636800076698824631", "shtTrlSec": 65, "stm": 1544414339813}