{"src": 1, "feeds": [{"id": 1, "name": "From Cons", "polarPlot": false}], "srcFeed": 1, "showSil": true, "showFlg": true, "showPic": true, "flgH": 20, "flgW": 85, "acList": [{"Id": 10917176, "Rcvr": 1, "HasSig": false, "Icao": "A69538", "Bad": false, "Reg": "N523MT", "FSeen": "/Date(1544418377083)/", "TSecs": 252, "CMsgs": 26, "Alt": 850, "GAlt": 1081, "InHg": 30.15059, "AltT": 0, "Call": "N523MT", "Lat": 40.6234, "Long": -74.1536, "PosTime": 1544418607510, "Mlat": false, "Tisb": false, "Trak": 65.7, "TrkH": false, "Type": "EC35", "Mdl": "EC 135 P2+", "Man": "Eurocopter Deutschland GMBH", "CNum": "0821", "Op": "AtlantiCare  MidAtlantic Medevac", "Sqk": "0316", "Help": false, "VsiT": 0, "Dst": 31.49, "Brng": 266.3, "WTC": 1, "Species": 4, "Engines": "2", "EngType": 2, "EngMount": 0, "Mil": false, "Cou": "United States", "HasPic": false, "Interested": true, "FlightsCount": 0, "SpdTyp": 0, "CallSus": false, "Tag": "EMS", "Trt": 2, "Year": "2009"}, {"Id": 4704458, "Rcvr": 1, "HasSig": false, "Icao": "47C8CA", "Bad": false, "Reg": "LN-LNT", "FSeen": "/Date(1544418241507)/", "TSecs": 388, "CMsgs": 112, "Alt": -225, "GAlt": 180, "InHg": 30.3248043, "AltT": 0, "Call": "NAX7JA", "Lat": 40.632469, "Long": -73.776718, "PosTime": 1544418538006, "Mlat": false, "Tisb": false, "Spd": 8.0, "Trak": 143.4, "TrkH": false, "Type": "B789", "Mdl": "Boeing 787 9", "Man": "Boeing", "CNum": "38774", "Op": "Norwegian", "OpIcao": "NAX", "Sqk": "1672", "Help": false, "VsiT": 0, "Dst": 1.18, "Brng": 160.9, "WTC": 3, "Species": 1, "Engines": "2", "EngType": 3, "EngMount": 0, "Mil": false, "Cou": "Norway", "HasPic": false, "Interested": false, "FlightsCount": 0, "Gnd": true, "SpdTyp": 0, "CallSus": false, "Trt": 5, "Year": "2017"}, {"Id": 10573414, "Rcvr": 1, "HasSig": true, "Sig": 179, "Icao": "A15666", "Bad": false, "Reg": "N18557", "FSeen": "/Date(1544414763049)/", "TSecs": 3866, "CMsgs": 2446, "Alt": 2000, "GAlt": 2269, "InHg": 30.1889763, "AltT": 0, "Call": "ASQ4313", "Lat": 40.711003, "Long": -73.887988, "PosTime": 1544418625736, "Mlat": true, "Tisb": false, "Spd": 391.9, "Trak": 119.2, "TrkH": false, "Type": "E145", "Mdl": " EMBRAER EMB-145LR", "Man": "Embraer", "CNum": "145596", "Op": "WELLS FARGO BANK NORTHWEST NA TRUSTEE     - SALT LAKE CITY, UT", "OpIcao": "ASQ", "Sqk": "1707", "Help": false, "Vsi": -896, "VsiT": 1, "Dst": 11.79, "Brng": 310.3, "WTC": 2, "Species": 1, "Engines": "2", "EngType": 3, "EngMount": 1, "Mil": false, "Cou": "United States", "HasPic": false, "Interested": false, "FlightsCount": 0, "Gnd": false, "SpdTyp": 0, "CallSus": true, "Trt": 2}, {"Id": 11357131, "Rcvr": 1, "HasSig": true, "Sig": 78, "Icao": "AD4BCB", "Bad": false, "Reg": "N956JT", "FSeen": "/Date(1544414628791)/", "TSecs": 4000, "CMsgs": 2433, "Alt": -175, "GAlt": 44, "InHg": 30.1387787, "AltT": 0, "TAlt": 36992, "Call": "JBU36", "Lat": 40.654011, "Long": -73.781979, "PosTime": 1544418453467, "Mlat": false, "PosStale": true, "Tisb": false, "Spd": 1.0, "Trak": 120.9, "TrkH": false, "Type": "A321", "Mdl": "Airbus A321 231SL", "Man": "Airbus", "CNum": "6791", "From": "MDST Cibao, Santiago, Dominican Republic", "To": "KJFK John F Kennedy, New York, United States", "Op": "JetBlue Airways", "OpIcao": "JBU", "Sqk": "7447", "Help": false, "Vsi": -64, "VsiT": 0, "Dst": 1.28, "Brng": 357.4, "WTC": 2, "Species": 1, "Engines": "2", "EngType": 3, "EngMount": 0, "Mil": false, "Cou": "United States", "HasPic": false, "Interested": false, "FlightsCount": 0, "Gnd": true, "SpdTyp": 0, "CallSus": false, "Trt": 5, "Year": "2015"}, {"Id": 11318700, "Rcvr": 1, "HasSig": false, "Icao": "ACB5AC", "Bad": false, "Reg": "N918PD", "FSeen": "/Date(1544414417386)/", "TSecs": 4212, "CMsgs": 2795, "Alt": 775, "GAlt": 994, "InHg": 30.1387787, "AltT": 0, "Call": "N918PD", "Lat": 40.601746, "Long": -74.062019, "PosTime": 1544418628181, "Mlat": false, "Tisb": false, "Spd": 95.0, "Trak": 114.1, "TrkH": false, "Type": "B429", "Mdl": "BELL HELICOPTER TEXTRON CANADA 429", "Man": "BELL", "CNum": "57188", "Op": "NEW YORK CITY POLICE DEPARTMENT", "Sqk": "0362", "Help": false, "Vsi": -448, "VsiT": 0, "Dst": 24.12, "Brng": 259.3, "WTC": 1, "Species": 4, "Engines": "2", "EngType": 2, "EngMount": 0, "Mil": false, "Cou": "United States", "HasPic": true, "PicX": 700, "PicY": 406, "Interested": false, "FlightsCount": 0, "Gnd": false, "SpdTyp": 0, "CallSus": false, "Tag": "LE", "Trt": 5, "Year": "2014"}, {"Id": 11324691, "Rcvr": 1, "HasSig": false, "Icao": "ACCD13", "Bad": false, "Reg": "N924AN", "FSeen": "/Date(1544410823619)/", "TSecs": 7805, "CMsgs": 3197, "Alt": 25, "GAlt": 176, "InHg": 30.0708656, "AltT": 0, "Lat": 40.754901, "Long": -73.840048, "PosTime": 1544418592383, "Mlat": true, "Tisb": false, "Spd": 501.1, "Trak": 24.4, "TrkH": false, "Type": "B738", "Mdl": "BOEING 737-823", "Man": "Boeing", "CNum": "29525", "Op": "American Airlines", "OpIcao": "AAL", "Sqk": "1407", "Help": false, "Vsi": 64, "VsiT": 1, "Dst": 13.45, "Brng": 338.4, "WTC": 2, "Species": 1, "Engines": "2", "EngType": 3, "EngMount": 0, "Mil": false, "Cou": "United States", "HasPic": false, "Interested": false, "FlightsCount": 0, "Gnd": false, "SpdTyp": 0, "CallSus": false, "Trt": 2, "Year": "1999"}, {"Id": 852842, "Rcvr": 1, "HasSig": true, "Sig": 24, "Icao": "0D036A", "Bad": false, "Reg": "XA-VTA", "FSeen": "/Date(1544410658601)/", "TSecs": 7970, "CMsgs": 4679, "Alt": -175, "GAlt": -174, "InHg": 29.9202747, "AltT": 0, "Call": "AIJ960", "Lat": 40.6145, "Long": -73.694167, "PosTime": 1544418484404, "Mlat": true, "PosStale": true, "Tisb": false, "Spd": 540.0, "Trak": 301.4, "TrkH": false, "Type": "A320", "Mdl": "Airbus A320 214", "Man": "Airbus", "CNum": "1259", "Op": "Interjet", "OpIcao": "AIJ", "Sqk": "6145", "Help": false, "Vsi": 33, "VsiT": 0, "Dst": 7.98, "Brng": 112.9, "WTC": 2, "Species": 1, "Engines": "2", "EngType": 3, "EngMount": 0, "Mil": false, "Cou": "Mexico", "HasPic": false, "Interested": false, "FlightsCount": 0, "Gnd": true, "SpdTyp": 0, "CallSus": false, "Trt": 2, "Year": "2000"}, {"Id": 11333851, "Rcvr": 1, "HasSig": true, "Sig": 89, "Icao": "ACF0DB", "Bad": false, "Reg": "N933AN", "FSeen": "/Date(1544408802032)/", "TSecs": 9827, "CMsgs": 5632, "Alt": 22925, "GAlt": 23176, "InHg": 30.1712589, "AltT": 0, "TAlt": 36992, "Call": "AAL1425", "Lat": 40.679214, "Long": -73.554993, "PosTime": 1544418629313, "Mlat": false, "Tisb": false, "Spd": 465.5, "Trak": 59.2, "TrkH": false, "TTrk": 70.3125, "Type": "B738", "Mdl": "2000 BOEING 737-823", "Man": "Boeing", "CNum": "30080", "From": "KDFW Dallas Fort Worth, Dallas-Fort Worth, United States", "To": "KMIA Miami, United States", "Op": "AMERICAN AIRLINES INC     - FT WORTH, TX", "OpIcao": "AAL", "Sqk": "6212", "Help": false, "Vsi": -2304, "VsiT": 0, "Dst": 19.52, "Brng": 77.8, "WTC": 2, "Species": 1, "Engines": "2", "EngType": 3, "EngMount": 0, "Mil": false, "Cou": "United States", "HasPic": false, "Interested": false, "FlightsCount": 0, "Gnd": false, "SpdTyp": 0, "CallSus": false, "Trt": 5, "Year": "2000"}, {"Id": 11376402, "Rcvr": 1, "HasSig": true, "Sig": 90, "Icao": "AD9712", "Bad": false, "Reg": "N975JT", "FSeen": "/Date(1544407246438)/", "TSecs": 11383, "CMsgs": 5104, "Alt": 9650, "GAlt": 9945, "InHg": 30.2151985, "AltT": 0, "TAlt": 8992, "Call": "JBU2836", "Lat": 40.647692, "Long": -73.777391, "PosTime": 1544414454751, "Mlat": false, "PosStale": true, "Tisb": false, "Spd": 0.0, "Trak": 160.1, "TrkH": false, "TTrk": 0.0, "Type": "A321", "Mdl": "Airbus A321 231SL", "Man": "Airbus", "CNum": "7520", "Op": "JetBlue Airways", "OpIcao": "JBU", "Sqk": "2000", "Help": false, "Vsi": -128, "VsiT": 0, "Dst": 0.67, "Brng": 29.6, "WTC": 2, "Species": 1, "Engines": "2", "EngType": 3, "EngMount": 0, "Mil": false, "Cou": "United States", "HasPic": false, "Interested": false, "FlightsCount": 0, "Gnd": true, "SpdTyp": 0, "CallSus": false, "Trt": 5, "Year": "2016"}, {"Id": 11366291, "Rcvr": 1, "HasSig": true, "Sig": 96, "Icao": "AD6F93", "Bad": false, "Reg": "N965JT", "FSeen": "/Date(1544406473625)/", "TSecs": 12155, "CMsgs": 5599, "Alt": -175, "GAlt": 115, "InHg": 30.2096462, "AltT": 0, "TAlt": 4000, "Call": "JBU1503", "Lat": 40.650112, "Long": -73.778107, "PosTime": 1544414466924, "Mlat": false, "PosStale": true, "Tisb": false, "Spd": 0.0, "Trak": 210.9, "TrkH": false, "TTrk": 19.6875, "Type": "A321", "Mdl": "Airbus A321 231SL", "Man": "Airbus", "CNum": "6512", "From": "KJFK John F Kennedy, New York, United States", "To": "TJSJ Luis Munoz Marin, San Juan, Puerto Rico", "Op": "JetBlue Airways", "OpIcao": "JBU", "Sqk": "1732", "Help": false, "Vsi": -192, "VsiT": 0, "Dst": 0.89, "Brng": 17.5, "WTC": 2, "Species": 1, "Engines": "2", "EngType": 3, "EngMount": 0, "Mil": false, "Cou": "United States", "HasPic": false, "Interested": false, "FlightsCount": 0, "Gnd": true, "SpdTyp": 0, "CallSus": false, "Trt": 5, "Year": "2016"}, {"Id": 10956578, "Rcvr": 1, "HasSig": true, "Sig": 57, "Icao": "A72F22", "Bad": false, "Reg": "N562JB", "FSeen": "/Date(1544403419126)/", "TSecs": 15210, "CMsgs": 5296, "Alt": -175, "GAlt": 144, "InHg": 30.2388229, "AltT": 0, "TAlt": 3008, "Call": "JBU1818", "Lat": 40.633186, "Long": -73.768875, "PosTime": 1544406818357, "Mlat": false, "PosStale": true, "Tisb": false, "Spd": 0.0, "Trak": 210.9, "TrkH": false, "TTrk": 0.0, "Type": "A320", "Mdl": "2003 AIRBUS A320-232", "Man": "Airbus", "CNum": "1948", "From": "TTPP Piarco, Port of Spain, Trinidad and Tobago", "To": "KJFK John F Kennedy, New York, United States", "Op": "JetBlue Airways", "OpIcao": "JBU", "Sqk": "2666", "Help": false, "Vsi": -640, "VsiT": 0, "Dst": 1.47, "Brng": 134.6, "WTC": 2, "Species": 1, "Engines": "2", "EngType": 3, "EngMount": 0, "Mil": false, "Cou": "United States", "HasPic": false, "Interested": false, "FlightsCount": 0, "Gnd": true, "SpdTyp": 0, "CallSus": false, "Trt": 5, "Year": "2003"}, {"Id": 11309223, "Rcvr": 1, "HasSig": false, "Icao": "AC90A7", "Bad": false, "Reg": "N909AM", "FSeen": "/Date(1544402272518)/", "TSecs": 16357, "CMsgs": 6041, "Alt": -225, "GAlt": 56, "InHg": 30.129921, "AltT": 0, "TAlt": 3008, "Call": "AAL1207", "Lat": 40.776833, "Long": -73.874908, "PosTime": 1544418624545, "Mlat": false, "Tisb": false, "Spd": 0.0, "Trak": 318.9, "TrkH": false, "TTrk": 70.3125, "Type": "A321", "Mdl": "Airbus A321 231SL", "Man": "Airbus", "CNum": "7756", "From": "KDFW Dallas Fort Worth, Dallas-Fort Worth, United States", "To": "KSAN San Diego, United States", "Op": "American Airlines", "OpIcao": "AAL", "Sqk": "6211", "Help": false, "Vsi": -896, "VsiT": 0, "Dst": 16.9, "Brng": 332.2, "WTC": 2, "Species": 1, "Engines": "2", "EngType": 3, "EngMount": 0, "Mil": false, "Cou": "United States", "HasPic": false, "Interested": false, "FlightsCount": 0, "Gnd": true, "SpdTyp": 0, "CallSus": false, "Trt": 5, "Year": "2017"}, {"Id": 10719255, "Rcvr": 1, "HasSig": true, "Sig": 178, "Icao": "A39017", "Bad": false, "Reg": "N329DN", "FSeen": "/Date(1544401944054)/", "TSecs": 16685, "CMsgs": 9127, "Alt": 2250, "GAlt": 2451, "InHg": 30.1207027, "AltT": 0, "TAlt": 2016, "Call": "DAL1830", "Lat": 40.524628, "Long": -73.597717, "PosTime": 1544418628155, "Mlat": false, "Tisb": false, "Spd": 225.2, "Trak": 18.9, "TrkH": false, "TTrk": 30.234375, "Type": "A321", "Mdl": "Airbus A321 211SL", "Man": "Airbus", "CNum": "7885", "From": "KSLC Salt Lake City, United States", "To": "KJFK John F Kennedy, New York, United States", "Op": "Delta Air Lines", "OpIcao": "DAL", "Sqk": "6270", "Help": false, "Vsi": -1024, "VsiT": 1, "Dst": 20.3, "Brng": 130.2, "WTC": 2, "Species": 1, "Engines": "2", "EngType": 3, "EngMount": 0, "Mil": false, "Cou": "United States", "HasPic": false, "Interested": false, "FlightsCount": 0, "Gnd": false, "SpdTyp": 0, "CallSus": false, "Trt": 5, "Year": "2017"}, {"Id": 11384611, "Rcvr": 1, "HasSig": true, "Sig": 34, "Icao": "ADB723", "Bad": false, "Reg": "N983JT", "FSeen": "/Date(1544400607039)/", "TSecs": 18022, "CMsgs": 10159, "Alt": 12825, "GAlt": 13044, "InHg": 30.1387787, "AltT": 0, "TAlt": 3008, "Call": "JBU616", "Lat": 40.567154, "Long": -73.952942, "PosTime": 1544418628155, "Mlat": false, "Tisb": false, "Spd": 359.2, "Trak": 165.0, "TrkH": false, "TTrk": 0.0, "Type": "A321", "Mdl": "Airbus A321 231SL", "Man": "Airbus", "CNum": "7739", "From": "KSFO San Francisco, United States", "To": "KJFK John F Kennedy, New York, United States", "Op": "JetBlue Airways", "OpIcao": "JBU", "Sqk": "6303", "Help": false, "Vsi": -192, "VsiT": 1, "Dst": 16.74, "Brng": 240.0, "WTC": 2, "Species": 1, "Engines": "2", "EngType": 3, "EngMount": 0, "Mil": false, "Cou": "United States", "HasPic": false, "Interested": false, "FlightsCount": 0, "Gnd": false, "SpdTyp": 0, "CallSus": false, "Trt": 5, "Year": "2017"}, {"Id": 10502143, "Rcvr": 1, "HasSig": true, "Sig": 107, "Icao": "A03FFF", "Bad": false, "Reg": "N115NN", "FSeen": "/Date(1544395090168)/", "TSecs": 23539, "CMsgs": 12372, "Alt": 1893, "GAlt": 2183, "InHg": 30.2096462, "AltT": 0, "TAlt": 4000, "Call": "AAL32", "Lat": 40.649551, "Long": -73.795166, "PosTime": 1544412873497, "Mlat": false, "PosStale": true, "Tisb": false, "Spd": 0.0, "Trak": 165.9, "TrkH": false, "TTrk": 0.0, "Type": "A321", "Mdl": "2014 AIRBUS INDUSTRIE A321-231", "Man": "Airbus", "CNum": "6063", "From": "KLAX Los Angeles, United States", "To": "KJFK John F Kennedy, New York, United States", "Op": "American Airlines", "OpIcao": "AAL", "Sqk": "1200", "Help": false, "Vsi": -128, "VsiT": 0, "Dst": 1.41, "Brng": 303.9, "WTC": 2, "Species": 1, "Engines": "2", "EngType": 3, "EngMount": 0, "Mil": false, "Cou": "United States", "HasPic": false, "Interested": false, "FlightsCount": 0, "Gnd": true, "SpdTyp": 0, "CallSus": false, "Trt": 5, "Year": "2014"}, {"Id": 11002378, "Rcvr": 1, "HasSig": true, "Sig": 196, "Icao": "A7E20A", "Bad": false, "Reg": "N607JB", "FSeen": "/Date(1544393700796)/", "TSecs": 24928, "CMsgs": 11773, "Alt": -175, "GAlt": 49, "InHg": 30.1443272, "AltT": 0, "TAlt": 2016, "Call": "JBU2358", "Lat": 40.651579, "Long": -73.781371, "PosTime": 1544416673423, "Mlat": false, "PosStale": true, "Tisb": false, "Spd": 0.0, "Trak": 191.3, "TrkH": false, "TTrk": 0.0, "Type": "A320", "Mdl": "2005 AIRBUS A320-232", "Man": "Airbus", "CNum": "2386", "Op": "JetBlue Airways", "OpIcao": "JBU", "Sqk": "2000", "Help": false, "Vsi": -448, "VsiT": 0, "Dst": 1.01, "Brng": 359.6, "WTC": 2, "Species": 1, "Engines": "2", "EngType": 3, "EngMount": 0, "Mil": false, "Cou": "United States", "HasPic": false, "Interested": false, "FlightsCount": 0, "Gnd": true, "SpdTyp": 0, "CallSus": false, "Trt": 5, "Year": "2005"}, {"Id": 11363438, "Rcvr": 1, "HasSig": true, "Sig": 121, "Icao": "AD646E", "Bad": false, "Reg": "N962JT", "FSeen": "/Date(1544391985012)/", "TSecs": 26644, "CMsgs": 10576, "Alt": -175, "GAlt": 135, "InHg": 30.2303143, "AltT": 0, "TAlt": 4000, "Call": "JBU6123", "Lat": 40.642769, "Long": -73.771088, "PosTime": 1544407307124, "Mlat": false, "PosStale": true, "Tisb": false, "Spd": 0.0, "Trak": 199.7, "TrkH": false, "TTrk": 250.0, "Type": "A321", "Mdl": "Airbus A321 231SL", "Man": "Airbus", "CNum": "6988", "Op": "JetBlue Airways", "OpIcao": "JBU", "Sqk": "2000", "Help": false, "Vsi": -1280, "VsiT": 0, "Dst": 0.86, "Brng": 87.9, "WTC": 2, "Species": 1, "Engines": "2", "EngType": 3, "EngMount": 0, "Mil": false, "Cou": "United States", "HasPic": false, "Interested": false, "FlightsCount": 0, "Gnd": true, "SpdTyp": 0, "CallSus": false, "Trt": 4, "Year": "2016"}], "totalAc": 3701, "lastDv": "636799887840569120", "shtTrlSec": 65, "stm": 1544418629494}