{"src": 1, "feeds": [{"id": 1, "name": "From Cons", "polarPlot": false}], "srcFeed": 1, "showSil": true, "showFlg": true, "showPic": true, "flgH": 20, "flgW": 85, "acList": [{"Id": 3260760, "Rcvr": 1, "HasSig": false, "Icao": "31C158", "Bad": false, "FSeen": "/Date(1544401747629)/", "TSecs": 46, "CMsgs": 1, "Alt": 450, "GAlt": 760, "InHg": 30.2303143, "AltT": 0, "Lat": 40.769333, "Long": -73.851158, "PosTime": 1544401747629, "Mlat": false, "Tisb": false, "TrkH": false, "Sqk": "", "VsiT": 0, "Dst": 15.29, "Brng": 337.4, "WTC": 0, "Species": 0, "EngType": 0, "EngMount": 0, "Mil": false, "Cou": "Italy", "HasPic": false, "Interested": false, "FlightsCount": 0, "Gnd": false, "SpdTyp": 0, "CallSus": false, "Trt": 2}, {"Id": 10731151, "Rcvr": 1, "HasSig": true, "Sig": 184, "Icao": "A3BE8F", "Bad": false, "Reg": "N340NW", "FSeen": "/Date(1544401616831)/", "TSecs": 177, "CMsgs": 96, "Alt": 7050, "GAlt": 7360, "InHg": 30.2303143, "AltT": 0, "Call": "DAL2798", "Lat": 40.530624, "Long": -73.96344, "PosTime": 1544401790380, "Mlat": true, "Tisb": false, "Trak": 216.1, "TrkH": false, "Type": "A320", "Mdl": "1992 AIRBUS INDUSTRIE A320-212", "Man": "Airbus", "CNum": "372", "From": "KATL Hartsfield Jackson Atlanta, United States", "To": "KPWM Portland International Jetport, United States", "Op": "Delta Air Lines", "OpIcao": "DAL", "Sqk": "7137", "Help": false, "VsiT": 0, "Dst": 19.78, "Brng": 231.1, "WTC": 2, "Species": 1, "Engines": "2", "EngType": 3, "EngMount": 0, "Mil": false, "Cou": "United States", "HasPic": false, "Interested": false, "FlightsCount": 0, "Gnd": false, "SpdTyp": 0, "CallSus": true, "Trt": 2, "Year": "1992"}, {"Id": 15205448, "Rcvr": 1, "HasSig": false, "Icao": "E80448", "Bad": false, "Reg": "CC-BGF", "FSeen": "/Date(1544401601701)/", "TSecs": 192, "CMsgs": 19, "Alt": -275, "GAlt": 65, "InHg": 30.2598419, "AltT": 0, "Call": "LAN533", "Lat": 40.64875, "Long": -73.793152, "PosTime": 1544401794175, "Mlat": false, "Tisb": false, "Spd": 1.0, "Trak": 239.1, "TrkH": false, "Type": "B789", "Mdl": "Boeing 787 9", "Man": "Boeing", "CNum": "38479", "From": "KJFK John F Kennedy, New York, United States", "To": "SCEL Comodoro Arturo Merino Ben\u00edtez, Santiago, Chile", "Op": "LATAM Airlines", "OpIcao": "LAN", "Sqk": "", "VsiT": 0, "Dst": 1.22, "Brng": 304.8, "WTC": 3, "Species": 1, "Engines": "2", "EngType": 3, "EngMount": 0, "Mil": false, "Cou": "Chile", "HasPic": false, "Interested": false, "FlightsCount": 0, "Gnd": true, "SpdTyp": 0, "CallSus": false, "Trt": 2, "Year": "2015"}, {"Id": 11260003, "Rcvr": 1, "HasSig": true, "Sig": 155, "Icao": "ABD063", "Bad": false, "Reg": "N860RW", "FSeen": "/Date(1544401572968)/", "TSecs": 221, "CMsgs": 107, "Alt": 5350, "GAlt": 5660, "InHg": 30.2303143, "AltT": 0, "Call": "RPA5907", "Lat": 40.8102, "Long": -73.7569, "PosTime": 1544401792783, "Mlat": true, "Tisb": false, "Trak": 6.3, "TrkH": false, "Type": "E170", "Mdl": "2005 EMBRAER ERJ 170-100 SE", "Man": "Embraer", "CNum": "17000084", "Op": "SHUTTLE AMERICA CORP     - INDIANAPOLIS, IN", "OpIcao": "RPA", "Sqk": "1162", "Help": false, "VsiT": 0, "Dst": 18.76, "Brng": 6.3, "WTC": 2, "Species": 1, "Engines": "2", "EngType": 3, "EngMount": 0, "Mil": false, "Cou": "United States", "HasPic": false, "Interested": false, "FlightsCount": 0, "Gnd": false, "SpdTyp": 0, "CallSus": true, "Trt": 2, "Year": "2005"}, {"Id": 4222669, "Rcvr": 1, "HasSig": true, "Sig": 216, "Icao": "406ECD", "Bad": false, "Reg": "G-VMAP", "FSeen": "/Date(1544401459934)/", "TSecs": 334, "CMsgs": 34, "Alt": 1675, "GAlt": 2017, "InHg": 30.26245, "AltT": 0, "TAlt": 11008, "Call": "VIR4C", "Lat": 40.579213, "Long": -73.808524, "PosTime": 1544401794191, "Mlat": false, "Tisb": false, "Spd": 218.1, "Trak": 174.2, "TrkH": false, "TTrk": 90.0, "Type": "B789", "Mdl": "Boeing 787 9", "Man": "Boeing", "CNum": "38047", "From": "KJFK John F Kennedy, New York, United States", "To": "EGLL London Heathrow, United Kingdom", "Op": "Virgin Atlantic Airways", "OpIcao": "VIR", "Sqk": "2305", "Help": false, "Vsi": 960, "VsiT": 0, "Dst": 7.4, "Brng": 198.1, "WTC": 3, "Species": 1, "Engines": "2", "EngType": 3, "EngMount": 0, "Mil": false, "Cou": "United Kingdom", "HasPic": false, "Interested": false, "FlightsCount": 0, "Gnd": false, "SpdTyp": 0, "CallSus": false, "Trt": 5, "Year": "2016"}, {"Id": 10543146, "Rcvr": 1, "HasSig": true, "Sig": 189, "Icao": "A0E02A", "Bad": false, "Reg": "N15572", "FSeen": "/Date(1544401453981)/", "TSecs": 340, "CMsgs": 178, "Alt": 11025, "GAlt": 11335, "InHg": 30.2303143, "AltT": 0, "Lat": 40.821564, "Long": -73.888363, "PosTime": 1544401794174, "Mlat": true, "Tisb": false, "Trak": 227.0, "TrkH": false, "Type": "E145", "Mdl": "2002 EMBRAER EMB-145LR", "Man": "Embraer", "CNum": "145636", "Op": "WELLS FARGO BANK NORTHWEST NA TRUSTEE     - SALT LAKE CITY, UT", "OpIcao": "ASQ", "Sqk": "1750", "Help": false, "VsiT": 0, "Dst": 21.86, "Brng": 335.7, "WTC": 2, "Species": 1, "Engines": "2", "EngType": 3, "EngMount": 1, "Mil": false, "Cou": "United States", "HasPic": false, "Interested": false, "FlightsCount": 0, "Gnd": false, "SpdTyp": 0, "CallSus": false, "Trt": 2, "Year": "2002"}, {"Id": 12593629, "Rcvr": 1, "HasSig": true, "Sig": 102, "Icao": "C029DD", "Bad": false, "Reg": "C-FPWE", "FSeen": "/Date(1544401207202)/", "TSecs": 587, "CMsgs": 120, "Alt": 7400, "GAlt": 7710, "InHg": 30.2303143, "AltT": 0, "Call": "ACA723", "Lat": 40.897842, "Long": -73.865417, "PosTime": 1544401794175, "Mlat": true, "Tisb": false, "Trak": 342.3, "TrkH": false, "Type": "A320", "Mdl": "Airbus A320 211", "Man": "Airbus", "CNum": "175", "From": "KLGA La Guardia, New York, United States", "To": "CYYZ Lester B. Pearson, Toronto, Canada", "Op": "Air Canada", "OpIcao": "ACA", "Sqk": "7171", "Help": false, "VsiT": 0, "Dst": 29.26, "Brng": 346.0, "WTC": 2, "Species": 1, "Engines": "2", "EngType": 3, "EngMount": 0, "Mil": false, "Cou": "Canada", "HasPic": false, "Interested": false, "FlightsCount": 0, "Gnd": false, "SpdTyp": 0, "CallSus": true, "Trt": 2, "Year": "1991"}, {"Id": 4686726, "Rcvr": 1, "HasSig": true, "Sig": 56, "Icao": "478386", "Bad": false, "Reg": "LN-RKH", "FSeen": "/Date(1544401097054)/", "TSecs": 697, "CMsgs": 318, "Alt": 7225, "GAlt": 7600, "InHg": 30.2952728, "AltT": 0, "Call": "SAS908", "Lat": 40.726593, "Long": -74.059875, "PosTime": 1544401794143, "Mlat": false, "Tisb": false, "Spd": 279.4, "Trak": 59.2, "TrkH": false, "Type": "A333", "Mdl": "Airbus A330 343X", "Man": "Airbus", "CNum": "497", "From": "KEWR Newark Liberty, United States", "To": "ENGM Oslo Gardermoen, Norway", "Op": "Scandinavian Airlines System", "OpIcao": "SAS", "Sqk": "1651", "Help": false, "Vsi": 2432, "VsiT": 0, "Dst": 25.28, "Brng": 291.8, "WTC": 3, "Species": 1, "Engines": "2", "EngType": 3, "EngMount": 0, "Mil": false, "Cou": "Norway", "HasPic": false, "Interested": false, "FlightsCount": 0, "Gnd": false, "SpdTyp": 0, "CallSus": false, "Trt": 2, "Year": "2002"}, {"Id": 4219933, "Rcvr": 1, "HasSig": true, "Sig": 173, "Icao": "40641D", "Bad": false, "Reg": "G-VLUV", "FSeen": "/Date(1544400051616)/", "TSecs": 1742, "CMsgs": 923, "Alt": 37000, "GAlt": 37340, "InHg": 30.2598419, "AltT": 0, "Call": "VIR22Q", "Lat": 40.361582, "Long": -73.705278, "PosTime": 1544401793916, "Mlat": false, "Tisb": false, "Spd": 572.4, "Trak": 75.4, "TrkH": false, "Type": "A333", "Mdl": "Airbus A330 343E", "Man": "Airbus", "CNum": "1206", "From": "KIAD Washington Dulles, United States", "To": "EGLL London Heathrow, United Kingdom", "Op": "Virgin Atlantic Airways", "OpIcao": "VIR", "Sqk": "7045", "Help": false, "Vsi": 0, "VsiT": 0, "Dst": 31.89, "Brng": 168.3, "WTC": 3, "Species": 1, "Engines": "2", "EngType": 3, "EngMount": 0, "Mil": false, "Cou": "United Kingdom", "HasPic": false, "Interested": false, "FlightsCount": 0, "Gnd": false, "SpdTyp": 0, "CallSus": false, "Trt": 2, "Year": "2011"}, {"Id": 11217708, "Rcvr": 1, "HasSig": false, "Icao": "AB2B2C", "Bad": false, "Reg": "N819DX", "FSeen": "/Date(1544399811062)/", "TSecs": 1983, "CMsgs": 343, "Alt": 10775, "GAlt": 11117, "InHg": 30.26245, "AltT": 0, "TAlt": 4992, "Call": "DAL2739", "Lat": 40.694523, "Long": -73.576126, "PosTime": 1544401794174, "Mlat": false, "Tisb": false, "Spd": 318.0, "Trak": 26.3, "TrkH": false, "TTrk": 225.0, "Type": "B752", "Mdl": " BOEING 757-26D", "Man": "Boeing", "CNum": "33959", "From": "KDCA Ronald Reagan Washington National, United States", "To": "KTUS Tucson, United States", "Stops": ["KATL Hartsfield Jackson Atlanta, United States"], "Op": "DELTA AIR LINES INC     - ATLANTA, GA", "OpIcao": "DAL", "Sqk": "2652", "Help": false, "Vsi": 1088, "VsiT": 1, "Dst": 18.24, "Brng": 71.4, "WTC": 2, "Species": 1, "Engines": "2", "EngType": 3, "EngMount": 0, "Mil": false, "Cou": "United States", "HasPic": false, "Interested": false, "FlightsCount": 0, "Gnd": false, "SpdTyp": 0, "CallSus": false, "Trt": 5, "Year": "2004"}, {"Id": 10584960, "Rcvr": 1, "HasSig": true, "Sig": 87, "Icao": "A18380", "Bad": false, "Reg": "N197PQ", "FSeen": "/Date(1544399673432)/", "TSecs": 2121, "CMsgs": 1092, "Alt": 14000, "GAlt": 14342, "InHg": 30.26245, "AltT": 0, "TAlt": 12992, "Call": "EDV3281", "Lat": 40.643921, "Long": -73.998351, "PosTime": 1544401793913, "Mlat": false, "Tisb": false, "Spd": 323.3, "Trak": 166.2, "TrkH": false, "TTrk": 180.0, "Type": "CRJ9", "Mdl": "2008 BOMBARDIER INC CL-600-2D24", "Man": "Bombardier", "CNum": "15197", "Op": "DELTA AIR LINES INC     - ATLANTA, GA", "OpIcao": "EDV", "Sqk": "4134", "Help": false, "Vsi": -1984, "VsiT": 0, "Dst": 18.32, "Brng": 270.6, "WTC": 2, "Species": 1, "Engines": "2", "EngType": 3, "EngMount": 1, "Mil": false, "Cou": "United States", "HasPic": false, "Interested": false, "FlightsCount": 0, "Gnd": false, "SpdTyp": 0, "CallSus": false, "Trt": 2, "Year": "2008"}, {"Id": 10498660, "Rcvr": 1, "HasSig": false, "Icao": "A03264", "Bad": false, "Reg": "N11109", "FSeen": "/Date(1544398234566)/", "TSecs": 3559, "CMsgs": 1829, "Alt": 1800, "GAlt": 2101, "InHg": 30.2214565, "AltT": 0, "TAlt": 3008, "Call": "ASQ4057", "Lat": 40.78651, "Long": -74.104965, "PosTime": 1544401793905, "Mlat": false, "Tisb": false, "Spd": 159.0, "Trak": 205.6, "TrkH": false, "Type": "E45X", "Mdl": "2002 EMBRAER EMB-145XR", "Man": "Embraer", "CNum": "145657", "Op": "WELLS FARGO BANK NORTHWEST NA TRUSTEE     - SALT LAKE CITY, UT", "OpIcao": "ASQ", "Sqk": "7320", "Help": false, "Vsi": -960, "VsiT": 1, "Dst": 31.63, "Brng": 300.5, "WTC": 2, "Species": 1, "Engines": "2", "EngType": 3, "EngMount": 1, "Mil": false, "Cou": "United States", "HasPic": false, "Interested": false, "FlightsCount": 0, "Gnd": false, "SpdTyp": 0, "CallSus": false, "Trt": 5, "Year": "2002"}, {"Id": 10999589, "Rcvr": 1, "HasSig": true, "Sig": 163, "Icao": "A7D725", "Bad": false, "Reg": "N604LR", "FSeen": "/Date(1544398003858)/", "TSecs": 3790, "CMsgs": 1684, "Alt": -275, "GAlt": 35, "InHg": 30.2303143, "AltT": 0, "TAlt": 4000, "Call": "EDV5469", "Lat": 40.776094, "Long": -73.878406, "PosTime": 1544401790283, "Mlat": false, "Tisb": false, "Spd": 47.0, "Trak": 210.9, "TrkH": false, "TTrk": 159.609375, "Type": "CRJ9", "Mdl": "2007 BOMBARDIER INC CL-600-2D24", "Man": "Bombardier", "CNum": "15152", "Op": "DELTA AIR LINES INC     - ATLANTA, GA", "OpIcao": "EDV", "Sqk": "1064", "Help": false, "Vsi": 0, "VsiT": 0, "Dst": 16.96, "Brng": 331.2, "WTC": 2, "Species": 1, "Engines": "2", "EngType": 3, "EngMount": 1, "Mil": false, "Cou": "United States", "HasPic": false, "Interested": false, "FlightsCount": 0, "Gnd": true, "SpdTyp": 0, "CallSus": false, "Trt": 2, "Year": "2007"}, {"Id": 11355029, "Rcvr": 1, "HasSig": true, "Sig": 178, "Icao": "AD4395", "Bad": false, "Reg": "N954AT", "FSeen": "/Date(1544397626434)/", "TSecs": 4168, "CMsgs": 2067, "Alt": 3375, "GAlt": 3715, "InHg": 30.2598419, "AltT": 0, "Call": "DAL959", "Lat": 40.800339, "Long": -73.978088, "PosTime": 1544401792653, "Mlat": true, "Tisb": false, "Spd": 342.1, "Trak": 38.1, "TrkH": false, "Type": "B712", "Mdl": "2000 BOEING 717-200", "Man": "Boeing", "CNum": "55016", "From": "KJFK John F Kennedy, New York, United States", "To": "KFLL Fort Lauderdale Hollywood, United States", "Op": "WELLS FARGO BANK NORTHWEST NA TRUSTEE     - SALT LAKE CITY, UT", "OpIcao": "DAL", "Sqk": "2477", "Help": false, "Vsi": -448, "VsiT": 1, "Dst": 24.15, "Brng": 316.7, "WTC": 2, "Species": 1, "Engines": "2", "EngType": 3, "EngMount": 1, "Mil": false, "Cou": "United States", "HasPic": false, "Interested": false, "FlightsCount": 0, "Gnd": false, "SpdTyp": 0, "CallSus": true, "Trt": 2, "Year": "2000"}, {"Id": 10863387, "Rcvr": 1, "HasSig": false, "Icao": "A5C31B", "Bad": false, "Reg": "N470WN", "FSeen": "/Date(1544396320625)/", "TSecs": 5473, "CMsgs": 2746, "Alt": 3700, "GAlt": 4019, "InHg": 30.239172, "AltT": 0, "Lat": 40.6938, "Long": -74.0368, "PosTime": 1544401792625, "Mlat": true, "Tisb": false, "Spd": 285.0, "Trak": 47.0, "TrkH": false, "Type": "B737", "Mdl": "2004 BOEING 737-7H4", "Man": "Boeing", "CNum": "33860", "Op": "Southwest Airlines", "OpIcao": "SWA", "Sqk": "2401", "Help": false, "Vsi": 7, "VsiT": 0, "Dst": 22.29, "Brng": 284.9, "WTC": 2, "Species": 1, "Engines": "2", "EngType": 3, "EngMount": 0, "Mil": false, "Cou": "United States", "HasPic": false, "Interested": false, "FlightsCount": 0, "Gnd": false, "SpdTyp": 0, "CallSus": false, "Trt": 2, "Year": "2004"}, {"Id": 10519084, "Rcvr": 1, "HasSig": true, "Sig": 185, "Icao": "A0822C", "Bad": false, "Reg": "N13161", "FSeen": "/Date(1544396159830)/", "TSecs": 5634, "CMsgs": 2822, "Alt": 825, "GAlt": 1144, "InHg": 30.239172, "AltT": 0, "TAlt": 3008, "Call": "UCA4935", "Lat": 40.740097, "Long": -74.13446, "PosTime": 1544401793894, "Mlat": false, "Tisb": false, "Spd": 129.2, "Trak": 206.2, "TrkH": false, "Type": "E45X", "Mdl": "2004 EMBRAER EMB-145XR", "Man": "Embraer", "CNum": "14500805", "Op": "WELLS FARGO BANK NORTHWEST NA TRUSTEE     - SALT LAKE CITY, UT", "OpIcao": "UCA", "Sqk": "1357", "Help": false, "Vsi": -896, "VsiT": 1, "Dst": 31.69, "Brng": 290.1, "WTC": 2, "Species": 1, "Engines": "2", "EngType": 3, "EngMount": 1, "Mil": false, "Cou": "United States", "HasPic": false, "Interested": false, "FlightsCount": 0, "Gnd": false, "SpdTyp": 0, "CallSus": false, "Trt": 5, "Year": "2004"}, {"Id": 11359017, "Rcvr": 1, "HasSig": true, "Sig": 100, "Icao": "AD5329", "Bad": false, "Reg": "N958JB", "FSeen": "/Date(1544395738142)/", "TSecs": 6056, "CMsgs": 2176, "Alt": -275, "GAlt": 67, "InHg": 30.26245, "AltT": 0, "TAlt": 3008, "Call": "JBU1304", "Lat": 40.650879, "Long": -73.77504, "PosTime": 1544398476453, "Mlat": false, "PosStale": true, "Tisb": false, "Spd": 0.0, "Trak": 191.3, "TrkH": false, "TTrk": 19.6875, "Type": "A321", "Mdl": "Airbus A321 231SL", "Man": "Airbus", "CNum": "6859", "From": "TJSJ Luis Munoz Marin, San Juan, Puerto Rico", "To": "KJFK John F Kennedy, New York, United States", "Op": "JetBlue Airways", "OpIcao": "JBU", "Sqk": "2000", "Help": false, "Vsi": -896, "VsiT": 0, "Dst": 1.07, "Brng": 29.4, "WTC": 2, "Species": 1, "Engines": "2", "EngType": 3, "EngMount": 0, "Mil": false, "Cou": "United States", "HasPic": false, "Interested": false, "FlightsCount": 0, "Gnd": true, "SpdTyp": 0, "CallSus": false, "Trt": 5, "Year": "2015"}, {"Id": 11049129, "Rcvr": 1, "HasSig": true, "Sig": 33, "Icao": "A898A9", "Bad": false, "Reg": "N653JB", "FSeen": "/Date(1544395705800)/", "TSecs": 6088, "CMsgs": 2946, "Alt": 28975, "GAlt": 29324, "InHg": 30.2687035, "AltT": 0, "TAlt": 27008, "Call": "JBU2052", "Lat": 40.586103, "Long": -73.720384, "PosTime": 1544401782539, "Mlat": false, "Tisb": false, "Spd": 540.9, "Trak": 37.9, "TrkH": false, "Type": "A320", "Mdl": "2007 AIRBUS A320-232", "Man": "Airbus", "CNum": "3039", "From": "KMCO Orlando, United States", "To": "KBOS General Edward Lawrence Logan, Boston, United States", "Op": "JetBlue Airways", "OpIcao": "JBU", "Sqk": "3056", "Help": false, "Vsi": -1280, "VsiT": 1, "Dst": 8.11, "Brng": 140.6, "WTC": 2, "Species": 1, "Engines": "2", "EngType": 3, "EngMount": 0, "Mil": false, "Cou": "United States", "HasPic": false, "Interested": false, "FlightsCount": 0, "Gnd": false, "SpdTyp": 0, "CallSus": false, "Trt": 5, "Year": "2007"}, {"Id": 10658323, "Rcvr": 1, "HasSig": false, "Icao": "A2A213", "Bad": false, "Reg": "N269SY", "FSeen": "/Date(1544395658564)/", "TSecs": 6135, "CMsgs": 3040, "Alt": 700, "GAlt": 860, "InHg": 30.0797253, "AltT": 0, "TAlt": 4000, "Call": "SKW3842", "Lat": 40.825474, "Long": -73.837677, "PosTime": 1544401790271, "Mlat": false, "Tisb": false, "Spd": 122.0, "Trak": 213.0, "TrkH": false, "Type": "E75L", "Mdl": "ERJ 170-200 LR", "Man": "Embraer", "CNum": "17000727", "Op": "Skywest Airlines", "OpIcao": "SKW", "Sqk": "1550", "Help": false, "Vsi": -704, "VsiT": 1, "Dst": 20.89, "Brng": 346.9, "WTC": 2, "Species": 1, "Engines": "2", "EngType": 3, "EngMount": 0, "Mil": false, "Cou": "United States", "HasPic": false, "Interested": false, "FlightsCount": 0, "Gnd": false, "SpdTyp": 0, "CallSus": false, "Trt": 2, "Year": "2018"}, {"Id": 10669986, "Rcvr": 1, "HasSig": false, "Icao": "A2CFA2", "Bad": false, "Reg": "N280SY", "FSeen": "/Date(1544395595633)/", "TSecs": 6198, "CMsgs": 3115, "Alt": 2000, "GAlt": 2340, "InHg": 30.2598419, "AltT": 0, "TAlt": 9024, "Call": "SKW3782", "Lat": 40.87859, "Long": -73.81514, "PosTime": 1544401793891, "Mlat": false, "Tisb": false, "Spd": 167.0, "Trak": 120.1, "TrkH": false, "Type": "E75L", "Mdl": "Embraer EMB-175 LR", "Man": "Embraer", "CNum": "17000745", "Op": "Delta Connection", "OpIcao": "SKW", "Sqk": "3176", "Help": false, "Vsi": -384, "VsiT": 1, "Dst": 26.41, "Brng": 353.8, "WTC": 2, "Species": 1, "Engines": "2", "EngType": 3, "EngMount": 0, "Mil": false, "Cou": "United States", "HasPic": false, "Interested": false, "FlightsCount": 0, "Gnd": false, "SpdTyp": 0, "CallSus": false, "Trt": 5, "Year": "2018"}, {"Id": 10522295, "Rcvr": 1, "HasSig": true, "Sig": 180, "Icao": "A08EB7", "Bad": false, "Reg": "N135KT", "FSeen": "/Date(1544395542344)/", "TSecs": 6252, "CMsgs": 1289, "Alt": 300, "GAlt": 619, "InHg": 30.239172, "AltT": 0, "Call": "N135KT", "Lat": 40.68228, "Long": -74.056091, "PosTime": 1544401793913, "Mlat": false, "Tisb": false, "Spd": 79.8, "Trak": 210.1, "TrkH": false, "Type": "R44", "Mdl": "2013 ROBINSON HELICOPTER COMPANY R44 II", "Man": "Robinson", "CNum": "13469", "Op": "D R HORTON - CROWN LLC     - FT WORTH, TX", "Sqk": "5262", "Help": false, "Vsi": 448, "VsiT": 0, "Dst": 23.6, "Brng": 280.9, "WTC": 1, "Species": 4, "Engines": "1", "EngType": 1, "EngMount": 0, "Mil": false, "Cou": "United States", "HasPic": false, "Interested": false, "FlightsCount": 0, "Gnd": false, "SpdTyp": 0, "CallSus": false, "Trt": 5, "Year": "2013"}, {"Id": 10773839, "Rcvr": 1, "HasSig": true, "Sig": 52, "Icao": "A4654F", "Bad": false, "Reg": "N38213", "FSeen": "/Date(1544395523648)/", "TSecs": 6270, "CMsgs": 1371, "Alt": 900, "GAlt": 1231, "InHg": 30.2509861, "AltT": 0, "Call": "N38213", "Lat": 40.7694, "Long": -73.4732, "PosTime": 1544401786410, "Mlat": true, "Tisb": false, "Spd": 140.0, "Trak": 132.7, "TrkH": false, "Type": "P28A", "Mdl": "1977 PIPER PA-28-181", "Man": "Piper", "CNum": "28-7790529", "Op": "LERNER MARTIN     - MANHASSET, NY", "Sqk": "1200", "Help": false, "Vsi": 64, "VsiT": 0, "Dst": 29.56, "Brng": 61.4, "WTC": 1, "Species": 1, "Engines": "1", "EngType": 1, "EngMount": 0, "Mil": false, "Cou": "United States", "HasPic": false, "Interested": false, "FlightsCount": 0, "Gnd": false, "SpdTyp": 0, "CallSus": true, "Trt": 2, "Year": "1977"}, {"Id": 11373549, "Rcvr": 1, "HasSig": true, "Sig": 130, "Icao": "AD8BED", "Bad": false, "Reg": "N972JT", "FSeen": "/Date(1544394186012)/", "TSecs": 7608, "CMsgs": 2246, "Alt": 4940, "GAlt": 5282, "InHg": 30.26245, "AltT": 0, "TAlt": 4000, "Call": "JBU1536", "Lat": 40.658432, "Long": -73.791809, "PosTime": 1544396608253, "Mlat": false, "PosStale": true, "Tisb": false, "Spd": 0.0, "Trak": 199.7, "TrkH": false, "TTrk": 0.0, "Type": "A321", "Mdl": "Airbus A321 231SL", "Man": "Airbus", "CNum": "7455", "From": "MDST Cibao, Santiago, Dominican Republic", "To": "KJFK John F Kennedy, New York, United States", "Op": "JetBlue Airways", "OpIcao": "JBU", "Sqk": "2224", "Help": false, "Vsi": -576, "VsiT": 0, "Dst": 1.98, "Brng": 333.4, "WTC": 2, "Species": 1, "Engines": "2", "EngType": 3, "EngMount": 0, "Mil": false, "Cou": "United States", "HasPic": false, "Interested": false, "FlightsCount": 0, "Gnd": true, "SpdTyp": 0, "CallSus": false, "Trt": 5, "Year": "2016"}, {"Id": 4195709, "Rcvr": 1, "HasSig": false, "Icao": "40057D", "Bad": false, "Reg": "G-CIVD", "FSeen": "/Date(1544394024910)/", "TSecs": 7769, "CMsgs": 3796, "Alt": 1700, "GAlt": 2031, "InHg": 30.2509861, "AltT": 0, "Call": "BAW33K", "Lat": 40.787907, "Long": -73.643227, "PosTime": 1544401793887, "Mlat": false, "Tisb": false, "Spd": 163.0, "Trak": 213.3, "TrkH": false, "Type": "B744", "Mdl": "Boeing 747 436", "Man": "Boeing", "CNum": "27349", "From": "EGLL London Heathrow, United Kingdom", "To": "KJFK John F Kennedy, New York, United States", "Op": "British Airways", "OpIcao": "BAW", "Sqk": "7465", "Help": false, "Vsi": 64, "VsiT": 0, "Dst": 19.92, "Brng": 35.7, "WTC": 3, "Species": 1, "Engines": "4", "EngType": 3, "EngMount": 0, "Mil": false, "Cou": "United Kingdom", "HasPic": false, "Interested": false, "FlightsCount": 0, "Gnd": false, "SpdTyp": 0, "CallSus": false, "Trt": 2, "Year": "1994"}, {"Id": 4342140, "Rcvr": 1, "HasSig": false, "Icao": "42417C", "Bad": false, "Reg": "VP-CKW", "FSeen": "/Date(1544393667991)/", "TSecs": 8126, "CMsgs": 2861, "Alt": -275, "GAlt": 65, "InHg": 30.2598419, "AltT": 0, "Call": "CAY792", "Lat": 40.645119, "Long": -73.798431, "PosTime": 1544401735401, "Mlat": false, "Tisb": false, "Spd": 24.0, "Trak": 293.4, "TrkH": false, "Type": "B733", "Mdl": "Boeing 737 36E", "Man": "Boeing", "CNum": "26322", "From": "MWCR Owen Roberts, Georgetown, Cayman Islands", "To": "KJFK John F Kennedy, New York, United States", "Op": "Cayman Airways", "OpIcao": "CAY", "Sqk": "2337", "Help": false, "Vsi": -64, "VsiT": 0, "Dst": 1.48, "Brng": 281.4, "WTC": 2, "Species": 1, "Engines": "2", "EngType": 3, "EngMount": 0, "Mil": false, "Cou": "Cayman Islands", "HasPic": false, "Interested": false, "FlightsCount": 0, "Gnd": true, "SpdTyp": 0, "CallSus": false, "Trt": 2, "Year": "1996"}, {"Id": 10918036, "Rcvr": 1, "HasSig": false, "Icao": "A69894", "Bad": false, "Reg": "N524JB", "FSeen": "/Date(1544393565946)/", "TSecs": 8228, "CMsgs": 3686, "Alt": 3700, "GAlt": 3712, "InHg": 29.93171, "AltT": 0, "TAlt": 35008, "Call": "JBU2960", "Lat": 40.46381, "Long": -73.53299, "PosTime": 1544401792603, "Mlat": false, "Tisb": false, "Spd": 266.0, "Trak": 29.0, "TrkH": false, "TTrk": 0.0, "Type": "A320", "Mdl": "2001 AIRBUS INDUSTRIE A320-232", "Man": "Airbus", "CNum": "1528", "Op": "JetBlue Airways", "OpIcao": "JBU", "Sqk": "6702", "Help": false, "Vsi": 0, "VsiT": 1, "Dst": 28.89, "Brng": 133.4, "WTC": 2, "Species": 1, "Engines": "2", "EngType": 3, "EngMount": 0, "Mil": false, "Cou": "United States", "HasPic": false, "Interested": false, "FlightsCount": 0, "Gnd": false, "SpdTyp": 0, "CallSus": false, "Trt": 5, "Year": "2001"}, {"Id": 15204864, "Rcvr": 1, "HasSig": true, "Sig": 206, "Icao": "E80200", "Bad": false, "Reg": "CC-BBH", "FSeen": "/Date(1544393565574)/", "TSecs": 8228, "CMsgs": 3022, "Alt": -275, "GAlt": -286, "InHg": 29.9080849, "AltT": 0, "TAlt": 11008, "Call": "LAN536", "Lat": 40.652265, "Long": -73.787785, "PosTime": 1544401793900, "Mlat": false, "Tisb": false, "Spd": 0.0, "Trak": 77.6, "TrkH": false, "TTrk": 49.21875, "Type": "B788", "Mdl": "Boeing 787 8", "Man": "Boeing", "CNum": "42224", "Op": "LATAM Airlines", "OpIcao": "LAN", "Sqk": "3663", "Help": false, "Vsi": -384, "VsiT": 1, "Dst": 1.22, "Brng": 333.2, "WTC": 3, "Species": 1, "Engines": "2", "EngType": 3, "EngMount": 0, "Mil": false, "Cou": "Chile", "HasPic": false, "Interested": false, "FlightsCount": 0, "Gnd": true, "SpdTyp": 0, "CallSus": false, "Trt": 5, "Year": "2014"}, {"Id": 10714470, "Rcvr": 1, "HasSig": false, "Icao": "A37D66", "Bad": false, "Reg": "N324CH", "FSeen": "/Date(1544393537220)/", "TSecs": 8257, "CMsgs": 3394, "Alt": -275, "GAlt": -262, "InHg": 29.93171, "AltT": 0, "TAlt": 8000, "Lat": 40.699482, "Long": -74.162537, "PosTime": 1544401793896, "Mlat": false, "Tisb": false, "Spd": 22.0, "Trak": 25.3, "TrkH": false, "TTrk": 49.921875, "Type": "B737", "Mdl": "Boeing 737NG 7ET/W BBJ", "Man": "Boeing", "CNum": "33010", "Op": "CH Management Services", "Sqk": "2331", "Help": false, "Vsi": -192, "VsiT": 1, "Dst": 32.77, "Brng": 281.3, "WTC": 2, "Species": 1, "Engines": "2", "EngType": 3, "EngMount": 0, "Mil": false, "Cou": "United States", "HasPic": false, "Interested": false, "FlightsCount": 0, "Gnd": true, "SpdTyp": 0, "CallSus": false, "Trt": 5, "Year": "2001"}, {"Id": 11103138, "Rcvr": 1, "HasSig": true, "Sig": 95, "Icao": "A96BA2", "Bad": false, "Reg": "N706JB", "FSeen": "/Date(1544393442573)/", "TSecs": 8351, "CMsgs": 2747, "Alt": 23800, "GAlt": 24142, "InHg": 30.26245, "AltT": 0, "TAlt": 4000, "Call": "JBU950", "Lat": 40.651291, "Long": -73.775894, "PosTime": 1544395940505, "Mlat": false, "PosStale": true, "Tisb": false, "Spd": 0.0, "Trak": 202.5, "TrkH": false, "TTrk": 0.0, "Type": "A320", "Mdl": "2008 AIRBUS A320-232", "Man": "Airbus", "CNum": "3451", "From": "KMCO Orlando, United States", "To": "KBOS General Edward Lawrence Logan, Boston, United States", "Op": "JetBlue Airways", "OpIcao": "JBU", "Sqk": "2000", "Help": false, "Vsi": -960, "VsiT": 0, "Dst": 1.08, "Brng": 24.9, "WTC": 2, "Species": 1, "Engines": "2", "EngType": 3, "EngMount": 0, "Mil": false, "Cou": "United States", "HasPic": false, "Interested": false, "FlightsCount": 0, "Gnd": true, "SpdTyp": 0, "CallSus": false, "Trt": 5, "Year": "2008"}, {"Id": 5023854, "Rcvr": 1, "HasSig": true, "Sig": 79, "Icao": "4CA86E", "Bad": false, "Reg": "EI-GCF", "FSeen": "/Date(1544393033301)/", "TSecs": 8761, "CMsgs": 4083, "Alt": -250, "GAlt": 92, "InHg": 30.26245, "AltT": 0, "TAlt": 3008, "Call": "EIN10E", "Lat": 40.629292, "Long": -73.769027, "PosTime": 1544401793893, "Mlat": false, "Tisb": false, "Spd": 12.0, "Trak": 244.7, "TrkH": false, "TTrk": 260.15625, "Type": "A333", "Mdl": "Airbus A330 302", "Man": "Airbus", "CNum": "1817", "From": "EIDW Dublin, Ireland", "To": "KJFK John F Kennedy, New York, United States", "Op": "Aer Lingus", "OpIcao": "EIN", "Sqk": "6036", "Help": false, "Vsi": -128, "VsiT": 1, "Dst": 1.79, "Brng": 144.8, "WTC": 3, "Species": 1, "Engines": "2", "EngType": 3, "EngMount": 0, "Mil": false, "Cou": "Ireland", "HasPic": false, "Interested": false, "FlightsCount": 0, "Gnd": true, "SpdTyp": 0, "CallSus": false, "Trt": 5, "Year": "2017"}, {"Id": 10898765, "Rcvr": 1, "HasSig": true, "Sig": 134, "Icao": "A64D4D", "Bad": false, "Reg": "N505JB", "FSeen": "/Date(1544392308759)/", "TSecs": 9485, "CMsgs": 3142, "Alt": -250, "GAlt": 140, "InHg": 30.3096962, "AltT": 0, "TAlt": 4000, "Call": "JBU225", "Lat": 40.651794, "Long": -73.777039, "PosTime": 1544394930918, "Mlat": false, "PosStale": true, "Tisb": false, "Spd": 0.6, "Trak": 230.6, "TrkH": false, "TTrk": 0.0, "Type": "A320", "Mdl": "2000 AIRBUS INDUSTRIE A320-232", "Man": "Airbus", "CNum": "1173", "From": "KJFK John F Kennedy, New York, United States", "To": "KTPA Tampa, United States", "Op": "JetBlue Airways", "OpIcao": "JBU", "Sqk": "7170", "Help": false, "Vsi": -640, "VsiT": 0, "Dst": 1.1, "Brng": 19.1, "WTC": 2, "Species": 1, "Engines": "2", "EngType": 3, "EngMount": 0, "Mil": false, "Cou": "United States", "HasPic": false, "Interested": false, "FlightsCount": 0, "Gnd": true, "SpdTyp": 0, "CallSus": false, "Trt": 5, "Year": "2000"}, {"Id": 10987862, "Rcvr": 1, "HasSig": true, "Sig": 61, "Icao": "A7A956", "Bad": false, "Reg": "N593JB", "FSeen": "/Date(1544389897993)/", "TSecs": 11896, "CMsgs": 4785, "Alt": -250, "GAlt": -210, "InHg": 29.958662, "AltT": 0, "Call": "JBU1532", "Lat": 40.669106, "Long": -73.8687, "PosTime": 1544398026123, "Mlat": true, "PosStale": true, "Tisb": false, "Spd": 567.0, "Trak": 338.9, "TrkH": false, "Type": "A320", "Mdl": "2004 AIRBUS A320-232", "Man": "Airbus", "CNum": "2280", "From": "SKCG Rafael Nu\u00f1ez, Cartagena, Colombia", "To": "KJFK John F Kennedy, New York, United States", "Op": "JETBLUE AIRWAYS CORP     - LONG ISLAND CITY, NY", "OpIcao": "JBU", "Sqk": "4661", "Help": false, "Vsi": 64, "VsiT": 0, "Dst": 7.95, "Brng": 291.9, "WTC": 2, "Species": 1, "Engines": "2", "EngType": 3, "EngMount": 0, "Mil": false, "Cou": "United States", "HasPic": false, "Interested": false, "FlightsCount": 0, "Gnd": true, "SpdTyp": 0, "CallSus": false, "Trt": 2, "Year": "2004"}, {"Id": 10802659, "Rcvr": 1, "HasSig": false, "Icao": "A4D5E3", "Bad": false, "Reg": "N410UA", "FSeen": "/Date(1544388541797)/", "TSecs": 13252, "CMsgs": 4922, "Alt": -275, "GAlt": 74, "InHg": 30.2687035, "AltT": 0, "Call": "UAL537", "Lat": 40.708116, "Long": -74.15397, "PosTime": 1544398248897, "Mlat": true, "PosStale": true, "Tisb": false, "Spd": 533.0, "Trak": 43.0, "TrkH": false, "Type": "A320", "Mdl": "1994 AIRBUS INDUSTRIE A320-232", "Man": "Airbus", "CNum": "463", "From": "KSFO San Francisco, United States", "To": "KAUS Austin Bergstrom, United States", "Op": "United Airlines", "OpIcao": "UAL", "Sqk": "2231", "Help": false, "Vsi": 42, "VsiT": 0, "Dst": 32.27, "Brng": 283.2, "WTC": 2, "Species": 1, "Engines": "2", "EngType": 3, "EngMount": 0, "Mil": false, "Cou": "United States", "HasPic": false, "Interested": false, "FlightsCount": 0, "Gnd": true, "SpdTyp": 0, "CallSus": false, "Trt": 2, "Year": "1994"}, {"Id": 10603756, "Rcvr": 1, "HasSig": true, "Sig": 168, "Icao": "A1CCEC", "Bad": false, "Reg": "N215JQ", "FSeen": "/Date(1544386133367)/", "TSecs": 15661, "CMsgs": 5244, "Alt": 2700, "GAlt": 3019, "InHg": 30.239172, "AltT": 0, "Call": "RPA5906", "Lat": 40.759464, "Long": -73.47675, "PosTime": 1544401793898, "Mlat": true, "Tisb": false, "Spd": 435.2, "Trak": 172.2, "TrkH": false, "Type": "E170", "Mdl": "ERJ 170-200 LR", "Man": "EMBRAER-EMPRESA BRASILEIRA DE ", "CNum": "17000270", "Op": "Republic Airline", "OpIcao": "RPA", "Sqk": "6635", "Help": false, "Vsi": 0, "VsiT": 0, "Dst": 28.78, "Brng": 63.0, "WTC": 2, "Species": 1, "Engines": "2", "EngType": 3, "EngMount": 0, "Mil": false, "Cou": "United States", "HasPic": false, "Interested": false, "FlightsCount": 0, "Gnd": false, "SpdTyp": 0, "CallSus": true, "Trt": 2, "Year": "2009"}, {"Id": 10492032, "Rcvr": 1, "HasSig": false, "Icao": "A01880", "Bad": false, "Reg": "N105NN", "FSeen": "/Date(1544385095373)/", "TSecs": 16699, "CMsgs": 7167, "Alt": 12675, "GAlt": 13015, "InHg": 30.2598419, "AltT": 0, "Call": "AAL4", "Lat": 40.492676, "Long": -73.948547, "PosTime": 1544401790255, "Mlat": false, "Tisb": false, "Spd": 314.0, "Trak": 118.0, "TrkH": true, "Type": "A321", "Mdl": "2013 AIRBUS A321-231", "Man": "Airbus", "CNum": "5904", "From": "KLAX Los Angeles, United States", "To": "KJFK John F Kennedy, New York, United States", "Op": "American Airlines", "OpIcao": "AAL", "Sqk": "2637", "Help": false, "Vsi": 0, "VsiT": 0, "Dst": 21.84, "Brng": 220.4, "WTC": 2, "Species": 1, "Engines": "2", "EngType": 3, "EngMount": 0, "Mil": false, "Cou": "United States", "HasPic": false, "Interested": false, "FlightsCount": 0, "Gnd": false, "SpdTyp": 3, "CallSus": false, "Trt": 2, "Year": "2013"}, {"Id": 11109689, "Rcvr": 1, "HasSig": false, "Icao": "A98539", "Bad": false, "Reg": "N712TW", "FSeen": "/Date(1544384238964)/", "TSecs": 17555, "CMsgs": 6808, "Alt": 825, "GAlt": 837, "InHg": 29.93171, "AltT": 0, "TAlt": 3008, "Call": "DAL1542", "Lat": 40.689495, "Long": -73.720261, "PosTime": 1544401793884, "Mlat": false, "Tisb": false, "Spd": 137.2, "Trak": 210.7, "TrkH": false, "TTrk": 224.296875, "Type": "B752", "Mdl": "1997 BOEING 757-2Q8", "Man": "Boeing", "CNum": "27624", "From": "KSEA Seattle Tacoma, United States", "To": "KJFK John F Kennedy, New York, United States", "Op": "Delta Air Lines", "OpIcao": "DAL", "Sqk": "6646", "Help": false, "Vsi": -768, "VsiT": 1, "Dst": 7.34, "Brng": 44.5, "WTC": 2, "Species": 1, "Engines": "2", "EngType": 3, "EngMount": 0, "Mil": false, "Cou": "United States", "HasPic": false, "Interested": false, "FlightsCount": 0, "Gnd": false, "SpdTyp": 0, "CallSus": false, "Trt": 5, "Year": "1997"}, {"Id": 7864852, "Rcvr": 1, "HasSig": true, "Sig": 197, "Icao": "780214", "Bad": false, "Reg": "B-KPH", "FSeen": "/Date(1544383994590)/", "TSecs": 17799, "CMsgs": 6553, "Alt": 9975, "GAlt": 10315, "InHg": 30.2598419, "AltT": 0, "Call": "CPA840", "Lat": 40.393021, "Long": -73.792603, "PosTime": 1544401793886, "Mlat": false, "Tisb": false, "Spd": 298.6, "Trak": 107.3, "TrkH": false, "Type": "B773", "Mdl": "Boeing 777 367ER", "Man": "Boeing", "CNum": "35301", "From": "VHHH Chek Lap Kok, Hong Kong, Hong Kong", "To": "KJFK John F Kennedy, New York, United States", "Op": "Cathay Pacific Airways", "OpIcao": "CPA", "Sqk": "6272", "Help": false, "Vsi": -2112, "VsiT": 0, "Dst": 27.76, "Brng": 182.0, "WTC": 3, "Species": 1, "Engines": "2", "EngType": 3, "EngMount": 0, "Mil": false, "Cou": "Hong Kong", "HasPic": false, "Interested": false, "FlightsCount": 0, "Gnd": false, "SpdTyp": 0, "CallSus": false, "Trt": 2, "Year": "2008"}], "totalAc": 5795, "lastDv": "636797918987963633", "shtTrlSec": 65, "stm": 1544401794464}