{"src": 1, "feeds": [{"id": 1, "name": "From Cons", "polarPlot": false}], "srcFeed": 1, "showSil": true, "showFlg": true, "showPic": true, "flgH": 20, "flgW": 85, "acList": [{"Id": 11362487, "Rcvr": 1, "HasSig": false, "Icao": "AD60B7", "Bad": false, "Reg": "N961JT", "FSeen": "/Date(1544402806713)/", "TSecs": 27, "CMsgs": 6, "InHg": 30.2598419, "AltT": 0, "Call": "JBU1623", "Lat": 40.650345, "Long": -73.771011, "PosTime": 1544402823456, "Mlat": false, "Tisb": false, "Spd": 6.0, "Trak": 120.7, "TrkH": false, "Type": "A321", "Mdl": "Airbus A321 231SL", "Man": "Airbus", "CNum": "6930", "From": "KJFK John F Kennedy, New York, United States", "To": "KLAX Los Angeles, United States", "Op": "JetBlue Airways", "OpIcao": "JBU", "Sqk": "", "VsiT": 0, "Dst": 1.23, "Brng": 44.8, "WTC": 2, "Species": 1, "Engines": "2", "EngType": 3, "EngMount": 0, "Mil": false, "Cou": "United States", "HasPic": false, "Interested": false, "FlightsCount": 0, "Gnd": true, "SpdTyp": 0, "CallSus": false, "Trt": 2, "Year": "2016"}, {"Id": 10564497, "Rcvr": 1, "HasSig": false, "Icao": "A13391", "Bad": false, "Reg": "N177DZ", "FSeen": "/Date(1544402766664)/", "TSecs": 67, "CMsgs": 5, "InHg": 30.2598419, "AltT": 0, "Lat": 40.639103, "Long": -73.789314, "PosTime": 1544402818962, "Mlat": false, "Tisb": false, "Spd": 4.0, "Trak": 303.8, "TrkH": false, "Type": "B763", "Mdl": "1999 BOEING 767-332", "Man": "Boeing", "CNum": "29698", "Op": "DELTA AIR LINES INC     - ATLANTA, GA", "OpIcao": "DAL", "Sqk": "", "VsiT": 0, "Dst": 0.78, "Brng": 241.0, "WTC": 3, "Species": 1, "Engines": "2", "EngType": 3, "EngMount": 0, "Mil": false, "Cou": "United States", "HasPic": false, "Interested": false, "FlightsCount": 0, "Gnd": true, "SpdTyp": 0, "CallSus": false, "Trt": 2, "Year": "1999"}, {"Id": 10762435, "Rcvr": 1, "HasSig": false, "Icao": "A438C3", "Bad": false, "Reg": "N371NW", "FSeen": "/Date(1544402713789)/", "TSecs": 120, "CMsgs": 65, "Alt": 4175, "GAlt": 4494, "InHg": 30.2388229, "AltT": 0, "TAlt": 10016, "Call": "DAL1962", "Lat": 40.874493, "Long": -73.959213, "PosTime": 1544402833326, "Mlat": false, "Tisb": false, "Spd": 252.0, "Trak": 329.0, "TrkH": false, "TTrk": 340.3125, "Type": "A320", "Mdl": "2001 AIRBUS INDUSTRIE A320-212", "Man": "Airbus", "CNum": "1535", "From": "KDCA Ronald Reagan Washington National, United States", "To": "KLGA La Guardia, New York, United States", "Op": "Delta Air Lines", "OpIcao": "DAL", "Sqk": "1543", "Help": false, "Vsi": 3200, "VsiT": 1, "Dst": 29.84, "Brng": 329.9, "WTC": 2, "Species": 1, "Engines": "2", "EngType": 3, "EngMount": 0, "Mil": false, "Cou": "United States", "HasPic": false, "Interested": false, "FlightsCount": 0, "Gnd": false, "SpdTyp": 0, "CallSus": false, "Trt": 5, "Year": "2001"}, {"Id": 10783300, "Rcvr": 1, "HasSig": false, "Icao": "A48A44", "Bad": false, "Reg": "N392AN", "FSeen": "/Date(1544402300244)/", "TSecs": 534, "CMsgs": 83, "Alt": 3875, "GAlt": 4217, "InHg": 30.26245, "AltT": 0, "TAlt": 4992, "Call": "AAL44", "Lat": 40.550262, "Long": -73.820679, "PosTime": 1544402830265, "Mlat": false, "Tisb": false, "Spd": 252.0, "Trak": 164.1, "TrkH": false, "TTrk": 224.296875, "Type": "B763", "Mdl": "1998 BOEING 767-323", "Man": "Boeing", "CNum": "29429", "From": "KJFK John F Kennedy, New York, United States", "To": "LFPG Charles de Gaulle, Paris, France", "Op": "American Airlines", "OpIcao": "AAL", "Sqk": "3331", "Help": false, "Vsi": 2048, "VsiT": 1, "Dst": 10.78, "Brng": 198.0, "WTC": 3, "Species": 1, "Engines": "2", "EngType": 3, "EngMount": 0, "Mil": false, "Cou": "United States", "HasPic": false, "Interested": false, "FlightsCount": 0, "Gnd": false, "SpdTyp": 0, "CallSus": false, "Trt": 5, "Year": "1998"}, {"Id": 10498613, "Rcvr": 1, "HasSig": true, "Sig": 220, "Icao": "A03235", "Bad": false, "Reg": "N111ZM", "FSeen": "/Date(1544402059230)/", "TSecs": 775, "CMsgs": 64, "Alt": 550, "GAlt": 955, "InHg": 30.3248043, "AltT": 0, "Call": "AAL2802", "Lat": 40.649345, "Long": -73.766563, "PosTime": 1544402544009, "Mlat": false, "PosStale": true, "Tisb": false, "Spd": 164.6, "Trak": 211.1, "TrkH": false, "Type": "A321", "Mdl": "2014 AIRBUS INDUSTRIE A321-231", "Man": "Airbus", "CNum": "5983", "From": "KDFW Dallas Fort Worth, Dallas-Fort Worth, United States", "To": "KDFW Dallas Fort Worth, Dallas-Fort Worth, United States", "Stops": ["KSGF Springfield Branson National, United States"], "Op": "American Airlines", "OpIcao": "AAL", "Sqk": "2222", "Help": false, "Vsi": 1024, "VsiT": 0, "Dst": 1.46, "Brng": 58.4, "WTC": 2, "Species": 1, "Engines": "2", "EngType": 3, "EngMount": 0, "Mil": false, "Cou": "United States", "HasPic": false, "Interested": false, "FlightsCount": 0, "Gnd": false, "SpdTyp": 0, "CallSus": false, "Trt": 2, "Year": "2014"}, {"Id": 11004167, "Rcvr": 1, "HasSig": true, "Sig": 189, "Icao": "A7E907", "Bad": false, "Reg": "N609DP", "FSeen": "/Date(1544401183977)/", "TSecs": 1650, "CMsgs": 806, "Alt": 24000, "GAlt": 24369, "InHg": 30.28937, "AltT": 0, "Call": "PDT4823", "Lat": 40.8921, "Long": -73.7398, "PosTime": 1544402833308, "Mlat": true, "Tisb": false, "Spd": 218.0, "Trak": 42.0, "TrkH": false, "Type": "E145", "Mdl": "1998 EMBRAER EMB-145LR", "Man": "Embraer", "CNum": "145069", "Op": "American Eagle - Envoy Air", "OpIcao": "PDT", "Sqk": "1540", "Help": false, "Vsi": 3200, "VsiT": 0, "Dst": 27.97, "Brng": 7.2, "WTC": 2, "Species": 1, "Engines": "2", "EngType": 3, "EngMount": 1, "Mil": false, "Cou": "United States", "HasPic": false, "Interested": false, "FlightsCount": 0, "Gnd": false, "SpdTyp": 0, "CallSus": true, "Trt": 2, "Year": "1998"}, {"Id": 3783976, "Rcvr": 1, "HasSig": false, "Icao": "39BD28", "Bad": false, "Reg": "F-HPJI", "FSeen": "/Date(1544400830581)/", "TSecs": 2003, "CMsgs": 361, "Alt": 9400, "GAlt": 9742, "InHg": 30.26245, "AltT": 0, "TAlt": 11008, "Call": "AFR007", "Lat": 40.579025, "Long": -73.527809, "PosTime": 1544402830263, "Mlat": false, "Tisb": false, "Spd": 293.0, "Trak": 109.7, "TrkH": false, "TTrk": 80.15625, "Type": "A388", "Mdl": "Airbus A380 861", "Man": "Airbus", "CNum": "115", "From": "KJFK John F Kennedy, New York, United States", "To": "LFPG Charles de Gaulle, Paris, France", "Op": "Air France", "OpIcao": "AFR", "Sqk": "1774", "Help": false, "Vsi": 2368, "VsiT": 1, "Dst": 22.53, "Brng": 108.2, "WTC": 3, "Species": 1, "Engines": "4", "EngType": 3, "EngMount": 0, "Mil": false, "Cou": "France", "HasPic": false, "Interested": false, "FlightsCount": 0, "Gnd": false, "SpdTyp": 0, "CallSus": false, "Trt": 5, "Year": "2013"}, {"Id": 11247949, "Rcvr": 1, "HasSig": false, "Icao": "ABA14D", "Bad": false, "Reg": "N849AE", "FSeen": "/Date(1544400550515)/", "TSecs": 2284, "CMsgs": 1172, "Alt": -200, "GAlt": 140, "InHg": 30.2598419, "AltT": 0, "Call": "ENY4103", "Lat": 40.647598, "Long": -73.753029, "PosTime": 1544402830247, "Mlat": false, "Tisb": false, "Spd": 130.0, "Trak": 210.9, "TrkH": false, "Type": "E135", "Mdl": "2003 EMBRAER EMB-135KL", "Man": "Embraer", "CNum": "145716", "Op": "AMERICAN AIRLINES INC     - FORT WORTH, TX", "OpIcao": "ENY", "Sqk": "4235", "Help": false, "Vsi": -960, "VsiT": 0, "Dst": 2.45, "Brng": 76.6, "WTC": 2, "Species": 1, "Engines": "2", "EngType": 3, "EngMount": 1, "Mil": false, "Cou": "United States", "HasPic": false, "Interested": false, "FlightsCount": 0, "Gnd": false, "SpdTyp": 0, "CallSus": false, "Trt": 2, "Year": "2003"}, {"Id": 10662507, "Rcvr": 1, "HasSig": false, "Icao": "A2B26B", "Bad": false, "Reg": "N273JB", "FSeen": "/Date(1544400503298)/", "TSecs": 2331, "CMsgs": 1125, "Alt": 3700, "GAlt": 4040, "InHg": 30.2598419, "AltT": 0, "Call": "JBU1815", "Lat": 40.6655, "Long": -73.4111, "PosTime": 1544402827052, "Mlat": true, "Tisb": false, "Spd": 348.1, "Trak": 32.6, "TrkH": false, "Type": "E190", "Mdl": "2007 EMBRAER ERJ 190-100 IGW", "Man": "Embraer", "CNum": "19000073", "From": "KSYR Syracuse Hancock, United States", "To": "KJFK John F Kennedy, New York, United States", "Op": "WELLS FARGO BANK NORTHWEST NA TRUSTEE     - SALT LAKE CITY, UT", "OpIcao": "JBU", "Sqk": "1423", "Help": false, "Vsi": -384, "VsiT": 1, "Dst": 31.33, "Brng": 85.2, "WTC": 2, "Species": 1, "Engines": "2", "EngType": 3, "EngMount": 0, "Mil": false, "Cou": "United States", "HasPic": false, "Interested": false, "FlightsCount": 0, "Gnd": false, "SpdTyp": 0, "CallSus": true, "Trt": 2, "Year": "2007"}, {"Id": 11348224, "Rcvr": 1, "HasSig": true, "Sig": 169, "Icao": "AD2900", "Bad": false, "Reg": "N947UW", "FSeen": "/Date(1544400346745)/", "TSecs": 2487, "CMsgs": 1282, "Alt": 3125, "GAlt": 3406, "InHg": 30.2007866, "AltT": 0, "Call": "2145", "Lat": 40.925515, "Long": -73.75353, "PosTime": 1544402833302, "Mlat": true, "Tisb": false, "Trak": 211.9, "TrkH": false, "Type": "E190", "Mdl": "2007 EMBRAER ERJ 190-100 IGW", "Man": "Embraer", "CNum": "19000078", "From": "KDCA Ronald Reagan Washington National, United States", "To": "KDCA Ronald Reagan Washington National, United States", "Stops": ["KLGA La Guardia, New York, United States"], "Op": "US AIRWAYS INC     - FORT WORTH, TX", "OpIcao": "AAL", "Sqk": "1310", "Help": false, "VsiT": 0, "Dst": 31.56, "Brng": 4.2, "WTC": 2, "Species": 1, "Engines": "2", "EngType": 3, "EngMount": 0, "Mil": false, "Cou": "United States", "HasPic": false, "Interested": false, "FlightsCount": 0, "Gnd": false, "SpdTyp": 0, "CallSus": true, "Trt": 2, "Year": "2007"}, {"Id": 10493811, "Rcvr": 1, "HasSig": false, "Icao": "A01F73", "Bad": false, "Reg": "N107HQ", "FSeen": "/Date(1544400260812)/", "TSecs": 2573, "CMsgs": 1376, "Alt": 125, "GAlt": 137, "InHg": 29.93171, "AltT": 0, "TAlt": 3008, "Call": "RPA4326", "Lat": 40.799652, "Long": -73.858948, "PosTime": 1544402833301, "Mlat": false, "Tisb": false, "Spd": 126.0, "Trak": 212.1, "TrkH": false, "Type": "E75S", "Mdl": "2007 EMBRAER-EMPRESA BRASILEIRA DE ERJ 170-200 LR", "Man": "Embraer", "CNum": "17000165", "Op": "REPUBLIC AIRLINE INC     - INDIANAPOLIS, IN", "OpIcao": "RPA", "Sqk": "0503", "Help": false, "Vsi": -704, "VsiT": 1, "Dst": 18.66, "Brng": 339.5, "WTC": 2, "Species": 1, "Engines": "2", "EngType": 3, "EngMount": 0, "Mil": false, "Cou": "United States", "HasPic": false, "Interested": false, "FlightsCount": 0, "Gnd": false, "SpdTyp": 0, "CallSus": false, "Trt": 5, "Year": "2007"}, {"Id": 11232150, "Rcvr": 1, "HasSig": false, "Icao": "AB6396", "Bad": false, "Reg": "N833AY", "FSeen": "/Date(1544400154879)/", "TSecs": 2679, "CMsgs": 1159, "Alt": -275, "GAlt": 6, "InHg": 30.2007866, "AltT": 0, "Lat": 40.8034, "Long": -73.8696, "PosTime": 1544402704321, "Mlat": true, "PosStale": true, "Tisb": false, "Spd": 361.0, "Trak": 211.6, "TrkH": false, "Type": "CRJ2", "Mdl": "2005 BOMBARDIER INC CL-600-2B19", "Man": "Bombardier", "CNum": "8033", "Op": "WELLS FARGO BANK NORTHWEST NA TRUSTEE     - SALT LAKE CITY, UT", "OpIcao": "EDV", "Sqk": "4111", "Help": false, "Vsi": 0, "VsiT": 0, "Dst": 19.38, "Brng": 337.4, "WTC": 2, "Species": 1, "Engines": "2", "EngType": 3, "EngMount": 1, "Mil": false, "Cou": "United States", "HasPic": false, "Interested": false, "FlightsCount": 0, "Gnd": true, "SpdTyp": 0, "CallSus": false, "Trt": 2, "Year": "2005"}, {"Id": 10925303, "Rcvr": 1, "HasSig": true, "Sig": 97, "Icao": "A6B4F7", "Bad": false, "Reg": "N531JL", "FSeen": "/Date(1544400039342)/", "TSecs": 2795, "CMsgs": 1456, "Alt": 1675, "GAlt": 2017, "InHg": 30.26245, "AltT": 0, "TAlt": 2016, "Call": "JBU740", "Lat": 40.740097, "Long": -73.68042, "PosTime": 1544402833300, "Mlat": false, "Tisb": false, "Spd": 167.7, "Trak": 210.8, "TrkH": false, "TTrk": 289.6875, "Type": "A320", "Mdl": "2001 AIRBUS INDUSTRIE A320-232", "Man": "Airbus", "CNum": "1650", "From": "TJPS Mercedita, Ponce, Puerto Rico", "To": "KJFK John F Kennedy, New York, United States", "Op": "JetBlue Airways", "OpIcao": "JBU", "Sqk": "3311", "Help": false, "Vsi": 0, "VsiT": 1, "Dst": 13.79, "Brng": 38.0, "WTC": 2, "Species": 1, "Engines": "2", "EngType": 3, "EngMount": 0, "Mil": false, "Cou": "United States", "HasPic": false, "Interested": false, "FlightsCount": 0, "Gnd": false, "SpdTyp": 0, "CallSus": false, "Trt": 5, "Year": "2001"}, {"Id": 10648767, "Rcvr": 1, "HasSig": true, "Sig": 199, "Icao": "A27CBF", "Bad": false, "Reg": "N26BB", "FSeen": "/Date(1544399949180)/", "TSecs": 2885, "CMsgs": 949, "Alt": 550, "GAlt": 860, "InHg": 30.2303143, "AltT": 0, "Call": "N26BB", "Lat": 40.769577, "Long": -74.02478, "PosTime": 1544402833326, "Mlat": false, "Tisb": false, "Spd": 88.0, "Trak": 310.4, "TrkH": false, "Type": "B06", "Mdl": "Bell 206L Long Ranger IV", "Man": "Bell", "CNum": "52493", "Op": "Bell Helicopter Textron Inc", "Sqk": "1200", "Help": false, "Vsi": -256, "VsiT": 0, "Dst": 24.92, "Brng": 304.6, "WTC": 1, "Species": 4, "Engines": "1", "EngType": 2, "EngMount": 0, "Mil": false, "Cou": "United States", "HasPic": false, "Interested": false, "FlightsCount": 0, "Gnd": false, "SpdTyp": 0, "CallSus": false, "Trt": 5, "Year": "2016"}, {"Id": 10584960, "Rcvr": 1, "HasSig": true, "Sig": 215, "Icao": "A18380", "Bad": false, "Reg": "N197PQ", "FSeen": "/Date(1544399673432)/", "TSecs": 3161, "CMsgs": 1636, "Alt": 1700, "GAlt": 2042, "InHg": 30.26245, "AltT": 0, "TAlt": 2016, "Call": "EDV3281", "Lat": 40.796612, "Long": -73.547537, "PosTime": 1544402833299, "Mlat": false, "Tisb": false, "Spd": 168.0, "Trak": 289.8, "TrkH": false, "TTrk": 289.6875, "Type": "CRJ9", "Mdl": "2008 BOMBARDIER INC CL-600-2D24", "Man": "Bombardier", "CNum": "15197", "Op": "DELTA AIR LINES INC     - ATLANTA, GA", "OpIcao": "EDV", "Sqk": "4134", "Help": false, "Vsi": -128, "VsiT": 0, "Dst": 26.11, "Brng": 48.9, "WTC": 2, "Species": 1, "Engines": "2", "EngType": 3, "EngMount": 1, "Mil": false, "Cou": "United States", "HasPic": false, "Interested": false, "FlightsCount": 0, "Gnd": false, "SpdTyp": 0, "CallSus": false, "Trt": 2, "Year": "2008"}, {"Id": 11156194, "Rcvr": 1, "HasSig": false, "Icao": "AA3AE2", "Bad": false, "Reg": "N75851", "FSeen": "/Date(1544399409624)/", "TSecs": 3424, "CMsgs": 1718, "Alt": -225, "GAlt": 94, "InHg": 30.239172, "AltT": 0, "TAlt": 27008, "Call": "UAL2534", "Lat": 40.702492, "Long": -74.160919, "PosTime": 1544402800997, "Mlat": false, "Tisb": false, "Spd": 10.0, "Trak": 343.1, "TrkH": false, "TTrk": 108.984375, "Type": "B753", "Mdl": "2001 BOEING 757-324", "Man": "Boeing", "CNum": "32810", "Op": "United Airlines", "OpIcao": "UAL", "Sqk": "4165", "Help": false, "Vsi": -64, "VsiT": 0, "Dst": 32.7, "Brng": 281.9, "WTC": 2, "Species": 1, "Engines": "2", "EngType": 3, "EngMount": 0, "Mil": false, "Cou": "United States", "HasPic": false, "Interested": false, "FlightsCount": 0, "Gnd": true, "SpdTyp": 0, "CallSus": false, "Trt": 5, "Year": "2001"}, {"Id": 10763868, "Rcvr": 1, "HasSig": true, "Sig": 32, "Icao": "A43E5C", "Bad": false, "Reg": "N37253", "FSeen": "/Date(1544399130815)/", "TSecs": 3703, "CMsgs": 1891, "Alt": 2275, "GAlt": 2615, "InHg": 30.2598419, "AltT": 0, "Lat": 40.824078, "Long": -74.083183, "PosTime": 1544402833296, "Mlat": true, "Tisb": false, "Spd": 393.0, "Trak": 173.7, "TrkH": false, "Type": "B738", "Mdl": "2000 BOEING 737-824", "Man": "Boeing", "CNum": "30584", "Op": "United Airlines", "OpIcao": "UAL", "Sqk": "5710", "Help": false, "Vsi": -2432, "VsiT": 0, "Dst": 32.48, "Brng": 308.5, "WTC": 2, "Species": 1, "Engines": "2", "EngType": 3, "EngMount": 0, "Mil": false, "Cou": "United States", "HasPic": false, "Interested": false, "FlightsCount": 0, "Gnd": false, "SpdTyp": 0, "CallSus": false, "Trt": 2, "Year": "2000"}, {"Id": 10524622, "Rcvr": 1, "HasSig": false, "Icao": "A097CE", "Bad": false, "Reg": "N13718", "FSeen": "/Date(1544399045062)/", "TSecs": 3789, "CMsgs": 1964, "Alt": 875, "GAlt": 1215, "InHg": 30.2598419, "AltT": 0, "Lat": 40.762443, "Long": -74.119575, "PosTime": 1544402827048, "Mlat": true, "Tisb": false, "Spd": 535.0, "Trak": 204.5, "TrkH": false, "Type": "B737", "Mdl": "1999 BOEING 737-724", "Man": "Boeing", "CNum": "28937", "Op": "United Airlines", "OpIcao": "UAL", "Sqk": "2435", "Help": false, "Vsi": 64, "VsiT": 1, "Dst": 31.48, "Brng": 295.2, "WTC": 2, "Species": 1, "Engines": "2", "EngType": 3, "EngMount": 0, "Mil": false, "Cou": "United States", "HasPic": false, "Interested": false, "FlightsCount": 0, "Gnd": false, "SpdTyp": 0, "CallSus": false, "Trt": 2, "Year": "1999"}, {"Id": 11207779, "Rcvr": 1, "HasSig": false, "Icao": "AB0463", "Bad": false, "Reg": "N809MD", "FSeen": "/Date(1544398838083)/", "TSecs": 3996, "CMsgs": 2053, "Alt": 3750, "GAlt": 4081, "InHg": 30.2509861, "AltT": 0, "TAlt": 10016, "Call": "RPA5876", "Lat": 40.715881, "Long": -73.907349, "PosTime": 1544402831644, "Mlat": false, "Tisb": false, "Spd": 268.0, "Trak": 58.9, "TrkH": false, "Type": "E170", "Mdl": "2004 EMBRAER ERJ 170-100SU", "Man": "Embraer", "CNum": "17000022", "Op": "REPUBLIC AIRLINE INC     - INDIANAPOLIS, IN", "OpIcao": "RPA", "Sqk": "7175", "Help": false, "Vsi": -64, "VsiT": 1, "Dst": 13.4, "Brng": 307.6, "WTC": 2, "Species": 1, "Engines": "2", "EngType": 3, "EngMount": 0, "Mil": false, "Cou": "United States", "HasPic": false, "Interested": false, "FlightsCount": 0, "Gnd": false, "SpdTyp": 0, "CallSus": false, "Trt": 5, "Year": "2004"}, {"Id": 11390187, "Rcvr": 1, "HasSig": true, "Sig": 199, "Icao": "ADCCEB", "Bad": false, "Reg": "N989DN", "FSeen": "/Date(1544398423744)/", "TSecs": 4410, "CMsgs": 2220, "Alt": 1700, "GAlt": 1671, "InHg": 29.8907471, "AltT": 0, "Lat": 40.7888, "Long": -73.6113, "PosTime": 1544402827046, "Mlat": true, "Tisb": false, "Spd": 522.0, "Trak": 254.2, "TrkH": false, "Type": "B712", "Mdl": "Boeing 717 23S", "Man": "Boeing", "CNum": "55067", "Op": "Delta Air Lines", "OpIcao": "DAL", "Sqk": "0763", "Help": false, "Vsi": 64, "VsiT": 0, "Dst": 21.68, "Brng": 41.3, "WTC": 2, "Species": 1, "Engines": "2", "EngType": 3, "EngMount": 1, "Mil": false, "Cou": "United States", "HasPic": false, "Interested": false, "FlightsCount": 0, "Gnd": false, "SpdTyp": 0, "CallSus": false, "Trt": 2, "Year": "2001"}, {"Id": 10676643, "Rcvr": 1, "HasSig": false, "Icao": "A2E9A3", "Bad": false, "Reg": "N287SY", "FSeen": "/Date(1544397785317)/", "TSecs": 5049, "CMsgs": 2594, "Alt": 4500, "GAlt": 4819, "InHg": 30.2391739, "AltT": 0, "TAlt": 18016, "Call": "SKW3649", "Lat": 40.63987, "Long": -74.022636, "PosTime": 1544402833288, "Mlat": false, "Tisb": false, "Spd": 264.0, "Trak": 39.6, "TrkH": false, "Type": "E75L", "Mdl": "Embraer EMB-175 LL", "Man": "Embraer", "CNum": "17000753", "Op": "Delta Connection", "OpIcao": "SKW", "Sqk": "3151", "Help": false, "Vsi": -1856, "VsiT": 1, "Dst": 20.37, "Brng": 269.3, "WTC": 2, "Species": 1, "Engines": "2", "EngType": 3, "EngMount": 0, "Mil": false, "Cou": "United States", "HasPic": false, "Interested": false, "FlightsCount": 0, "Gnd": false, "SpdTyp": 0, "CallSus": false, "Trt": 5, "Year": "2018"}, {"Id": 10845848, "Rcvr": 1, "HasSig": true, "Sig": 216, "Icao": "A57E98", "Bad": false, "Reg": "N453PT", "FSeen": "/Date(1544396773378)/", "TSecs": 6061, "CMsgs": 2242, "Alt": 1300, "GAlt": 1619, "InHg": 30.239172, "AltT": 0, "Call": "N453PT", "Lat": 40.691125, "Long": -74.154906, "PosTime": 1544402827051, "Mlat": true, "Tisb": false, "Spd": 89.0, "Trak": 200.0, "TrkH": false, "Type": "C172", "Mdl": "1984 CESSNA 172P", "Man": "Cessna", "CNum": "17276262", "Op": "HENRIE AVIATION LLC     - FAIRFIELD, NJ", "Sqk": "4370", "Help": false, "Vsi": 125, "VsiT": 0, "Dst": 31.97, "Brng": 279.9, "WTC": 1, "Species": 1, "Engines": "1", "EngType": 1, "EngMount": 0, "Mil": false, "Cou": "United States", "HasPic": false, "Interested": false, "FlightsCount": 0, "Gnd": false, "SpdTyp": 0, "CallSus": false, "Trt": 2, "Year": "1984"}, {"Id": 10979581, "Rcvr": 1, "HasSig": true, "Sig": 203, "Icao": "A788FD", "Bad": false, "Reg": "N585FE", "FSeen": "/Date(1544396398174)/", "TSecs": 6436, "CMsgs": 3087, "Alt": 3725, "GAlt": 4065, "InHg": 30.2598419, "AltT": 0, "TAlt": 19008, "Call": "FDX764", "Lat": 40.467316, "Long": -73.52655, "PosTime": 1544402833280, "Mlat": false, "Tisb": false, "Spd": 257.5, "Trak": 29.6, "TrkH": false, "TTrk": 40.078125, "Type": "MD11", "Mdl": "1992 MCDONNELL DOUGLAS MD-11F", "Man": "McDonnell Douglas", "CNum": "48481", "From": "KMEM Memphis, United States", "To": "KJFK John F Kennedy, New York, United States", "Op": "FedEx", "OpIcao": "FDX", "Sqk": "6612", "Help": false, "Vsi": 64, "VsiT": 0, "Dst": 29.03, "Brng": 132.1, "WTC": 3, "Species": 1, "Engines": "3", "EngType": 3, "EngMount": 0, "Mil": false, "Cou": "United States", "HasPic": false, "Interested": false, "FlightsCount": 0, "Gnd": false, "SpdTyp": 0, "CallSus": false, "Trt": 5, "Year": "1992"}, {"Id": 11175025, "Rcvr": 1, "HasSig": true, "Sig": 200, "Icao": "AA8471", "Bad": false, "Reg": "N777QL", "FSeen": "/Date(1544395918658)/", "TSecs": 6915, "CMsgs": 1453, "Alt": 27525, "GAlt": 27856, "InHg": 30.2509861, "AltT": 0, "Lat": 40.449845, "Long": -73.668012, "PosTime": 1544402833304, "Mlat": true, "Tisb": false, "Trak": 43.4, "TrkH": false, "Type": "LJ45", "Mdl": "2002 LEARJET INC 45", "Man": "Bombardier", "CNum": "216", "Op": "SOUTHPORT LEASING LLC     - HOUSTON, TX", "OpIcao": "HPJ", "Sqk": "3576", "Help": false, "VsiT": 0, "Dst": 23.46, "Brng": 155.9, "WTC": 2, "Species": 1, "Engines": "2", "EngType": 3, "EngMount": 1, "Mil": false, "Cou": "United States", "HasPic": false, "Interested": false, "FlightsCount": 0, "Gnd": false, "SpdTyp": 0, "CallSus": false, "Trt": 2, "Year": "2002"}, {"Id": 10909827, "Rcvr": 1, "HasSig": true, "Sig": 186, "Icao": "A67883", "Bad": false, "Reg": "N516JB", "FSeen": "/Date(1544395562525)/", "TSecs": 7272, "CMsgs": 3585, "Alt": 3675, "GAlt": 4017, "InHg": 30.26245, "AltT": 0, "TAlt": 4000, "Call": "JBU1054", "Lat": 40.573068, "Long": -73.448972, "PosTime": 1544402833276, "Mlat": false, "Tisb": false, "Spd": 264.7, "Trak": 18.5, "TrkH": false, "TTrk": 30.234375, "Type": "A320", "Mdl": "2000 AIRBUS INDUSTRIE A320-232", "Man": "Airbus", "CNum": "1302", "Op": "JetBlue Airways", "OpIcao": "JBU", "Sqk": "3531", "Help": false, "Vsi": 0, "VsiT": 1, "Dst": 29.1, "Brng": 105.3, "WTC": 2, "Species": 1, "Engines": "2", "EngType": 3, "EngMount": 0, "Mil": false, "Cou": "United States", "HasPic": false, "Interested": false, "FlightsCount": 0, "Gnd": false, "SpdTyp": 0, "CallSus": false, "Trt": 5, "Year": "2000"}, {"Id": 4739594, "Rcvr": 1, "HasSig": true, "Sig": 145, "Icao": "48520A", "Bad": false, "Reg": "PH-HXB", "FSeen": "/Date(1544395539573)/", "TSecs": 7294, "CMsgs": 3625, "Alt": 13975, "GAlt": 14317, "InHg": 30.26245, "AltT": 0, "TAlt": 12992, "Call": "SCX247", "Lat": 40.573746, "Long": -73.9776, "PosTime": 1544402828732, "Mlat": false, "Tisb": false, "Spd": 319.7, "Trak": 165.9, "TrkH": false, "TTrk": 180.0, "Type": "B738", "Mdl": "Boeing 737NG 8K2/W", "Man": "Boeing", "CNum": "41340", "From": "KMSP Minneapolis-St Paul International/Wold-Chamberlain, Minneapolis, United States", "To": "KJFK John F Kennedy, New York, United States", "Op": "Transavia", "OpIcao": "TRA", "Sqk": "6263", "Help": false, "Vsi": -1344, "VsiT": 1, "Dst": 18.25, "Brng": 245.3, "WTC": 2, "Species": 1, "Engines": "2", "EngType": 3, "EngMount": 0, "Mil": false, "Cou": "Netherlands", "HasPic": false, "Interested": false, "FlightsCount": 0, "Gnd": false, "SpdTyp": 0, "CallSus": false, "Trt": 5, "Year": "2016"}, {"Id": 11317003, "Rcvr": 1, "HasSig": true, "Sig": 130, "Icao": "ACAF0B", "Bad": false, "Reg": "N916XJ", "FSeen": "/Date(1544395183360)/", "TSecs": 7651, "CMsgs": 3805, "Alt": 3725, "GAlt": 4035, "InHg": 30.2303143, "AltT": 0, "Lat": 40.795961, "Long": -73.779248, "PosTime": 1544402833275, "Mlat": true, "Tisb": false, "Spd": 507.9, "Trak": 35.3, "TrkH": false, "Type": "CRJ9", "Mdl": "2008 BOMBARDIER INC CL-600-2D24", "Man": "Bombardier", "CNum": "15154", "Op": "DELTA AIR LINES INC     - ATLANTA, GA", "OpIcao": "EDV", "Sqk": "1460", "Help": false, "Vsi": 64, "VsiT": 0, "Dst": 17.07, "Brng": 0.6, "WTC": 2, "Species": 1, "Engines": "2", "EngType": 3, "EngMount": 1, "Mil": false, "Cou": "United States", "HasPic": false, "Interested": false, "FlightsCount": 0, "Gnd": false, "SpdTyp": 0, "CallSus": false, "Trt": 2, "Year": "2008"}, {"Id": 11373549, "Rcvr": 1, "HasSig": true, "Sig": 143, "Icao": "AD8BED", "Bad": false, "Reg": "N972JT", "FSeen": "/Date(1544394186012)/", "TSecs": 8648, "CMsgs": 2654, "Alt": 28050, "GAlt": 28392, "InHg": 30.26245, "AltT": 0, "TAlt": 4000, "Call": "JBU1536", "Lat": 40.658432, "Long": -73.791809, "PosTime": 1544396608253, "Mlat": false, "PosStale": true, "Tisb": false, "Spd": 0.0, "Trak": 199.7, "TrkH": false, "TTrk": 0.0, "Type": "A321", "Mdl": "Airbus A321 231SL", "Man": "Airbus", "CNum": "7455", "From": "MDST Cibao, Santiago, Dominican Republic", "To": "KJFK John F Kennedy, New York, United States", "Op": "JetBlue Airways", "OpIcao": "JBU", "Sqk": "2224", "Help": false, "Vsi": -576, "VsiT": 0, "Dst": 1.98, "Brng": 333.4, "WTC": 2, "Species": 1, "Engines": "2", "EngType": 3, "EngMount": 0, "Mil": false, "Cou": "United States", "HasPic": false, "Interested": false, "FlightsCount": 0, "Gnd": true, "SpdTyp": 0, "CallSus": false, "Trt": 5, "Year": "2016"}, {"Id": 4195709, "Rcvr": 1, "HasSig": false, "Icao": "40057D", "Bad": false, "Reg": "G-CIVD", "FSeen": "/Date(1544394024910)/", "TSecs": 8809, "CMsgs": 4006, "Alt": -250, "GAlt": 90, "InHg": 30.2598419, "AltT": 0, "Call": "BAW33K", "Lat": 40.630222, "Long": -73.767014, "PosTime": 1544402155734, "Mlat": false, "PosStale": true, "Tisb": false, "Spd": 5.0, "Trak": 191.3, "TrkH": false, "Type": "B744", "Mdl": "Boeing 747 436", "Man": "Boeing", "CNum": "27349", "From": "EGLL London Heathrow, United Kingdom", "To": "KJFK John F Kennedy, New York, United States", "Op": "British Airways", "OpIcao": "BAW", "Sqk": "2763", "Help": false, "Vsi": -704, "VsiT": 0, "Dst": 1.82, "Brng": 138.6, "WTC": 3, "Species": 1, "Engines": "4", "EngType": 3, "EngMount": 0, "Mil": false, "Cou": "United Kingdom", "HasPic": false, "Interested": false, "FlightsCount": 0, "Gnd": true, "SpdTyp": 0, "CallSus": false, "Trt": 2, "Year": "1994"}, {"Id": 11356164, "Rcvr": 1, "HasSig": true, "Sig": 72, "Icao": "AD4804", "Bad": false, "Reg": "N955JB", "FSeen": "/Date(1544393936521)/", "TSecs": 8898, "CMsgs": 4206, "Alt": 900, "GAlt": 1219, "InHg": 30.2388229, "AltT": 0, "TAlt": 3008, "Call": "JBU480", "Lat": 40.695128, "Long": -73.715765, "PosTime": 1544402828731, "Mlat": false, "Tisb": false, "Spd": 136.3, "Trak": 210.9, "TrkH": false, "TTrk": 260.15625, "Type": "A321", "Mdl": " AIRBUS A321-231", "Man": "Airbus", "CNum": "6757", "From": "MKJS Sangster, Montego Bay, Jamaica", "To": "KJFK John F Kennedy, New York, United States", "Op": "JetBlue Airways", "OpIcao": "JBU", "Sqk": "3436", "Help": false, "Vsi": -704, "VsiT": 1, "Dst": 8.05, "Brng": 43.3, "WTC": 2, "Species": 1, "Engines": "2", "EngType": 3, "EngMount": 0, "Mil": false, "Cou": "United States", "HasPic": false, "Interested": false, "FlightsCount": 0, "Gnd": false, "SpdTyp": 0, "CallSus": false, "Trt": 5, "Year": "2015"}, {"Id": 4196210, "Rcvr": 1, "HasSig": true, "Sig": 92, "Icao": "400772", "Bad": false, "Reg": "G-VIIU", "FSeen": "/Date(1544393791143)/", "TSecs": 9043, "CMsgs": 4280, "Alt": -250, "GAlt": 90, "InHg": 30.2598419, "AltT": 0, "Call": "BAW2273", "Lat": 40.629272, "Long": -73.769226, "PosTime": 1544402586489, "Mlat": false, "PosStale": true, "Tisb": false, "Spd": 2.5, "Trak": 258.8, "TrkH": false, "Type": "B772", "Mdl": "Boeing 777 236ER", "Man": "Boeing", "CNum": "29963", "From": "EGKK London Gatwick, United Kingdom", "To": "KJFK John F Kennedy, New York, United States", "Op": "British Airways", "OpIcao": "BAW", "Sqk": "1475", "Help": false, "Vsi": -576, "VsiT": 0, "Dst": 1.79, "Brng": 145.3, "WTC": 3, "Species": 1, "Engines": "2", "EngType": 3, "EngMount": 0, "Mil": false, "Cou": "United Kingdom", "HasPic": false, "Interested": false, "FlightsCount": 0, "Gnd": true, "SpdTyp": 0, "CallSus": false, "Trt": 2, "Year": "1999"}, {"Id": 10918036, "Rcvr": 1, "HasSig": true, "Sig": 113, "Icao": "A69894", "Bad": false, "Reg": "N524JB", "FSeen": "/Date(1544393565946)/", "TSecs": 9268, "CMsgs": 4067, "Alt": -250, "GAlt": -237, "InHg": 29.93171, "AltT": 0, "TAlt": 35008, "Call": "JBU2960", "Lat": 40.63262, "Long": -73.767653, "PosTime": 1544402499544, "Mlat": false, "PosStale": true, "Tisb": false, "Spd": 15.0, "Trak": 300.9, "TrkH": false, "TTrk": 0.0, "Type": "A320", "Mdl": "2001 AIRBUS INDUSTRIE A320-232", "Man": "Airbus", "CNum": "1528", "Op": "JetBlue Airways", "OpIcao": "JBU", "Sqk": "6702", "Help": false, "Vsi": -704, "VsiT": 0, "Dst": 1.59, "Brng": 133.6, "WTC": 2, "Species": 1, "Engines": "2", "EngType": 3, "EngMount": 0, "Mil": false, "Cou": "United States", "HasPic": false, "Interested": false, "FlightsCount": 0, "Gnd": true, "SpdTyp": 0, "CallSus": false, "Trt": 5, "Year": "2001"}, {"Id": 11103138, "Rcvr": 1, "HasSig": true, "Sig": 118, "Icao": "A96BA2", "Bad": false, "Reg": "N706JB", "FSeen": "/Date(1544393442573)/", "TSecs": 9391, "CMsgs": 3079, "Alt": 111300, "GAlt": 111642, "InHg": 30.26245, "AltT": 0, "TAlt": 4000, "Call": "JBU950", "Lat": 40.651291, "Long": -73.775894, "PosTime": 1544395940505, "Mlat": false, "PosStale": true, "Tisb": false, "Spd": 0.1, "Trak": 202.5, "TrkH": false, "TTrk": 0.0, "Type": "A320", "Mdl": "2008 AIRBUS A320-232", "Man": "Airbus", "CNum": "3451", "From": "KMCO Orlando, United States", "To": "KBOS General Edward Lawrence Logan, Boston, United States", "Op": "JetBlue Airways", "OpIcao": "JBU", "Sqk": "2000", "Help": false, "Vsi": -960, "VsiT": 0, "Dst": 1.08, "Brng": 24.9, "WTC": 2, "Species": 1, "Engines": "2", "EngType": 3, "EngMount": 0, "Mil": false, "Cou": "United States", "HasPic": false, "Interested": false, "FlightsCount": 0, "Gnd": true, "SpdTyp": 0, "CallSus": false, "Trt": 5, "Year": "2008"}, {"Id": 10566593, "Rcvr": 1, "HasSig": true, "Sig": 172, "Icao": "A13BC1", "Bad": false, "Reg": "N179MT", "FSeen": "/Date(1544393435725)/", "TSecs": 9398, "CMsgs": 2574, "Alt": 1200, "GAlt": 1481, "InHg": 30.2303143, "AltT": 0, "Call": "N179MT", "Lat": 40.867418, "Long": -73.677625, "PosTime": 1544402830251, "Mlat": true, "Tisb": false, "Spd": 134.1, "Trak": 223.8, "TrkH": false, "Type": "AS55", "Mdl": " AEROSPATIALE AS 355F1", "Man": "Aerospatiale", "CNum": "5183", "Op": "MANHATTAN EXIT STRATEGY LLC MWG HELI HOLDINGS LLC BRIDGEFIELD HELI HOLDINGS LLC   - PRINCETON, NJ", "Sqk": "0240", "Help": false, "Vsi": -128, "VsiT": 0, "Dst": 26.49, "Brng": 19.2, "WTC": 1, "Species": 4, "Engines": "2", "EngType": 2, "EngMount": 0, "Mil": false, "Cou": "United States", "HasPic": false, "Interested": false, "FlightsCount": 0, "Gnd": false, "SpdTyp": 0, "CallSus": true, "Trt": 2}, {"Id": 11130414, "Rcvr": 1, "HasSig": false, "Icao": "A9D62E", "Bad": false, "Reg": "N73299", "FSeen": "/Date(1544393057559)/", "TSecs": 9776, "CMsgs": 4391, "Alt": 10650, "GAlt": 10960, "InHg": 30.2303143, "AltT": 0, "TAlt": 4000, "Call": "UAL488", "Lat": 40.771507, "Long": -73.880699, "PosTime": 1544402622689, "Mlat": false, "PosStale": true, "Tisb": false, "Spd": 11.4, "Trak": 52.1, "TrkH": false, "TTrk": 45.0, "Type": "B738", "Mdl": "2005 BOEING 737-824", "Man": "Boeing", "CNum": "34005", "From": "KLAX Los Angeles, United States", "To": "KEWR Newark Liberty, United States", "Op": "WELLS FARGO BANK NORTHWEST NA TRUSTEE     - SALT LAKE CITY, UT", "OpIcao": "UAL", "Sqk": "7201", "Help": false, "Vsi": -128, "VsiT": 0, "Dst": 16.61, "Brng": 329.7, "WTC": 2, "Species": 1, "Engines": "2", "EngType": 3, "EngMount": 0, "Mil": false, "Cou": "United States", "HasPic": false, "Interested": false, "FlightsCount": 0, "Gnd": true, "SpdTyp": 0, "CallSus": false, "Trt": 5, "Year": "2005"}, {"Id": 10898765, "Rcvr": 1, "HasSig": true, "Sig": 77, "Icao": "A64D4D", "Bad": false, "Reg": "N505JB", "FSeen": "/Date(1544392308759)/", "TSecs": 10525, "CMsgs": 3355, "Alt": 7746, "GAlt": 8136, "InHg": 30.3096962, "AltT": 0, "TAlt": 4000, "Call": "JBU225", "Lat": 40.651794, "Long": -73.777039, "PosTime": 1544394930918, "Mlat": false, "PosStale": true, "Tisb": false, "Spd": 10.5, "Trak": 267.2, "TrkH": false, "TTrk": 0.0, "Type": "A320", "Mdl": "2000 AIRBUS INDUSTRIE A320-232", "Man": "Airbus", "CNum": "1173", "From": "KJFK John F Kennedy, New York, United States", "To": "KTPA Tampa, United States", "Op": "JetBlue Airways", "OpIcao": "JBU", "Sqk": "7170", "Help": false, "Vsi": -640, "VsiT": 0, "Dst": 1.1, "Brng": 19.1, "WTC": 2, "Species": 1, "Engines": "2", "EngType": 3, "EngMount": 0, "Mil": false, "Cou": "United States", "HasPic": false, "Interested": false, "FlightsCount": 0, "Gnd": true, "SpdTyp": 0, "CallSus": false, "Trt": 5, "Year": "2000"}, {"Id": 10802659, "Rcvr": 1, "HasSig": false, "Icao": "A4D5E3", "Bad": false, "Reg": "N410UA", "FSeen": "/Date(1544388541797)/", "TSecs": 14292, "CMsgs": 5181, "Alt": -275, "GAlt": 74, "InHg": 30.2687035, "AltT": 0, "Call": "UAL537", "Lat": 40.708116, "Long": -74.15397, "PosTime": 1544398248897, "Mlat": true, "PosStale": true, "Tisb": false, "Spd": 533.0, "Trak": 43.0, "TrkH": false, "Type": "A320", "Mdl": "1994 AIRBUS INDUSTRIE A320-232", "Man": "Airbus", "CNum": "463", "From": "KSFO San Francisco, United States", "To": "KAUS Austin Bergstrom, United States", "Op": "United Airlines", "OpIcao": "UAL", "Sqk": "2231", "Help": false, "Vsi": 42, "VsiT": 0, "Dst": 32.27, "Brng": 283.2, "WTC": 2, "Species": 1, "Engines": "2", "EngType": 3, "EngMount": 0, "Mil": false, "Cou": "United States", "HasPic": false, "Interested": false, "FlightsCount": 0, "Gnd": true, "SpdTyp": 0, "CallSus": false, "Trt": 2, "Year": "1994"}, {"Id": 10765810, "Rcvr": 1, "HasSig": true, "Sig": 206, "Icao": "A445F2", "Bad": false, "Reg": "N37468", "FSeen": "/Date(1544388260899)/", "TSecs": 14573, "CMsgs": 4596, "Alt": 12625, "GAlt": 13030, "InHg": 30.3248043, "AltT": 0, "TAlt": 16992, "Call": "UAL994", "Lat": 40.908646, "Long": -73.845581, "PosTime": 1544402833320, "Mlat": false, "Tisb": false, "Spd": 324.3, "Trak": 48.0, "TrkH": false, "TTrk": 56.953125, "Type": "B739", "Mdl": "2013 BOEING 737-924ER", "Man": "Boeing", "CNum": "32836", "From": "KEWR Newark Liberty, United States", "To": "KBOS General Edward Lawrence Logan, Boston, United States", "Op": "United Airlines", "OpIcao": "UAL", "Sqk": "1724", "Help": false, "Vsi": 1536, "VsiT": 0, "Dst": 30.09, "Brng": 349.7, "WTC": 2, "Species": 1, "Engines": "2", "EngType": 3, "EngMount": 0, "Mil": false, "Cou": "United States", "HasPic": false, "Interested": false, "FlightsCount": 0, "Gnd": false, "SpdTyp": 0, "CallSus": false, "Trt": 5, "Year": "2013"}, {"Id": 11395666, "Rcvr": 1, "HasSig": false, "Icao": "ADE252", "Bad": false, "Reg": "N994JL", "FSeen": "/Date(1544388113480)/", "TSecs": 14721, "CMsgs": 4614, "Alt": -250, "GAlt": 90, "InHg": 30.2598419, "AltT": 0, "TAlt": 4000, "Call": "JBU553", "Lat": 40.648891, "Long": -73.766922, "PosTime": 1544402831686, "Mlat": false, "Tisb": false, "Spd": 3.0, "Trak": 42.2, "TrkH": false, "TTrk": 135.0, "Type": "A321", "Mdl": "Airbus A321 231SL", "Man": "Airbus", "CNum": "8185", "From": "KJFK John F Kennedy, New York, United States", "To": "KPBI Palm Beach, West Palm Beach, United States", "Op": "JetBlue Airways", "OpIcao": "JBU", "Sqk": "3015", "Help": false, "Vsi": -512, "VsiT": 0, "Dst": 1.41, "Brng": 59.5, "WTC": 2, "Species": 1, "Engines": "2", "EngType": 3, "EngMount": 0, "Mil": false, "Cou": "United States", "HasPic": false, "Interested": false, "FlightsCount": 0, "Gnd": true, "SpdTyp": 0, "CallSus": false, "Trt": 5, "Year": "2018"}, {"Id": 10732512, "Rcvr": 1, "HasSig": false, "Icao": "A3C3E0", "Bad": false, "Reg": "N34131", "FSeen": "/Date(1544385659352)/", "TSecs": 17175, "CMsgs": 6766, "Alt": -275, "GAlt": 65, "InHg": 30.2598419, "AltT": 0, "TAlt": 6016, "Call": "UAL1155", "Lat": 40.688507, "Long": -74.167358, "PosTime": 1544402833275, "Mlat": false, "Tisb": false, "Spd": 83.0, "Trak": 206.3, "TrkH": false, "TTrk": 154.6875, "Type": "B752", "Mdl": "1998 BOEING 757-224", "Man": "Boeing", "CNum": "28971", "From": "KLAX Los Angeles, United States", "To": "KIAH George Bush Intercontinental Houston, United States", "Op": "United Airlines", "OpIcao": "UAL", "Sqk": "1757", "Help": false, "Vsi": -128, "VsiT": 0, "Dst": 32.96, "Brng": 279.1, "WTC": 2, "Species": 1, "Engines": "2", "EngType": 3, "EngMount": 0, "Mil": false, "Cou": "United States", "HasPic": false, "Interested": false, "FlightsCount": 0, "Gnd": false, "SpdTyp": 0, "CallSus": false, "Trt": 5, "Year": "1998"}, {"Id": 4703685, "Rcvr": 1, "HasSig": true, "Sig": 202, "Icao": "47C5C5", "Bad": false, "Reg": "LN-LNB", "FSeen": "/Date(1544385500114)/", "TSecs": 17334, "CMsgs": 3330, "Alt": 2675, "GAlt": 3017, "InHg": 30.26245, "AltT": 0, "TAlt": 3008, "Call": "NAX1G", "Lat": 40.829478, "Long": -73.496662, "PosTime": 1544402833290, "Mlat": false, "Tisb": false, "Spd": 174.9, "Trak": 296.9, "TrkH": false, "TTrk": 289.6875, "Type": "B788", "Mdl": "Boeing 787 8", "Man": "Boeing", "CNum": "35305", "Op": "Norwegian", "OpIcao": "NAX", "Sqk": "6345", "Help": false, "Vsi": -64, "VsiT": 0, "Dst": 31.74, "Brng": 49.0, "WTC": 3, "Species": 1, "Engines": "2", "EngType": 3, "EngMount": 0, "Mil": false, "Cou": "Norway", "HasPic": false, "Interested": false, "FlightsCount": 0, "Gnd": false, "SpdTyp": 0, "CallSus": false, "Trt": 5, "Year": "2013", "Sat": true}, {"Id": 10492032, "Rcvr": 1, "HasSig": true, "Sig": 95, "Icao": "A01880", "Bad": false, "Reg": "N105NN", "FSeen": "/Date(1544385095373)/", "TSecs": 17739, "CMsgs": 7676, "Alt": -275, "GAlt": 65, "InHg": 30.2598419, "AltT": 0, "Call": "AAL4", "Lat": 40.632431, "Long": -73.767227, "PosTime": 1544402831624, "Mlat": false, "Tisb": false, "Spd": 12.0, "Trak": 289.7, "TrkH": true, "Type": "A321", "Mdl": "2013 AIRBUS A321-231", "Man": "Airbus", "CNum": "5904", "From": "KLAX Los Angeles, United States", "To": "KJFK John F Kennedy, New York, United States", "Op": "American Airlines", "OpIcao": "AAL", "Sqk": "2637", "Help": false, "Vsi": 0, "VsiT": 1, "Dst": 1.63, "Brng": 133.3, "WTC": 2, "Species": 1, "Engines": "2", "EngType": 3, "EngMount": 0, "Mil": false, "Cou": "United States", "HasPic": false, "Interested": false, "FlightsCount": 0, "Gnd": true, "SpdTyp": 3, "CallSus": false, "Trt": 2, "Year": "2013"}, {"Id": 11109689, "Rcvr": 1, "HasSig": false, "Icao": "A98539", "Bad": false, "Reg": "N712TW", "FSeen": "/Date(1544384238964)/", "TSecs": 18595, "CMsgs": 6961, "Alt": -250, "GAlt": 92, "InHg": 30.2598419, "AltT": 0, "TAlt": 3008, "Call": "DAL1542", "Lat": 40.64122, "Long": -73.79599, "PosTime": 1544402795397, "Mlat": false, "Tisb": false, "Spd": 13.5, "Trak": 300.9, "TrkH": false, "TTrk": 224.296875, "Type": "B752", "Mdl": "1997 BOEING 757-2Q8", "Man": "Boeing", "CNum": "27624", "From": "KSEA Seattle Tacoma, United States", "To": "KJFK John F Kennedy, New York, United States", "Op": "Delta Air Lines", "OpIcao": "DAL", "Sqk": "6646", "Help": false, "Vsi": -64, "VsiT": 0, "Dst": 1.25, "Brng": 263.5, "WTC": 2, "Species": 1, "Engines": "2", "EngType": 3, "EngMount": 0, "Mil": false, "Cou": "United States", "HasPic": false, "Interested": false, "FlightsCount": 0, "Gnd": true, "SpdTyp": 0, "CallSus": false, "Trt": 5, "Year": "1997"}, {"Id": 7864852, "Rcvr": 1, "HasSig": true, "Sig": 91, "Icao": "780214", "Bad": false, "Reg": "B-KPH", "FSeen": "/Date(1544383994590)/", "TSecs": 18839, "CMsgs": 6991, "Alt": -250, "GAlt": 90, "InHg": 30.2598419, "AltT": 0, "Call": "CPA840", "Lat": 40.632557, "Long": -73.764801, "PosTime": 1544402636211, "Mlat": false, "PosStale": true, "Tisb": false, "Spd": 3.0, "Trak": 209.0, "TrkH": false, "Type": "B773", "Mdl": "Boeing 777 367ER", "Man": "Boeing", "CNum": "35301", "From": "VHHH Chek Lap Kok, Hong Kong, Hong Kong", "To": "KJFK John F Kennedy, New York, United States", "Op": "Cathay Pacific Airways", "OpIcao": "CPA", "Sqk": "1464", "Help": false, "Vsi": -128, "VsiT": 0, "Dst": 1.78, "Brng": 128.4, "WTC": 3, "Species": 1, "Engines": "2", "EngType": 3, "EngMount": 0, "Mil": false, "Cou": "Hong Kong", "HasPic": false, "Interested": false, "FlightsCount": 0, "Gnd": true, "SpdTyp": 0, "CallSus": false, "Trt": 2, "Year": "2008"}, {"Id": 131361, "Rcvr": 1, "HasSig": true, "Sig": 131, "Icao": "020121", "Bad": false, "Reg": "CN-RGS", "FSeen": "/Date(1544376111663)/", "TSecs": 26722, "CMsgs": 4718, "Alt": -250, "GAlt": 69, "InHg": 30.2388229, "AltT": 0, "TAlt": 2016, "Call": "RAM200", "Lat": 40.637249, "Long": -73.787384, "PosTime": 1544402833274, "Mlat": false, "Tisb": false, "Spd": 12.2, "Trak": 305.0, "TrkH": false, "TTrk": 310.078125, "Type": "B788", "Mdl": "Boeing 787 8", "Man": "Boeing", "CNum": "35506", "From": "GMMN Mohammed V, Casablanca, Morocco", "To": "KJFK John F Kennedy, New York, United States", "Op": "Royal Air Maroc", "OpIcao": "RAM", "Sqk": "2552", "Help": false, "Vsi": 0, "VsiT": 1, "Dst": 0.78, "Brng": 221.5, "WTC": 3, "Species": 1, "Engines": "2", "EngType": 3, "EngMount": 0, "Mil": false, "Cou": "Morocco", "HasPic": false, "Interested": false, "FlightsCount": 0, "Gnd": true, "SpdTyp": 0, "CallSus": false, "Trt": 5, "Year": "2016", "Sat": true}], "totalAc": 5648, "lastDv": "636797918990657045", "shtTrlSec": 65, "stm": 1544402834474}