{"src": 1, "feeds": [{"id": 1, "name": "From Cons", "polarPlot": false}], "srcFeed": 1, "showSil": true, "showFlg": true, "showPic": true, "flgH": 20, "flgW": 85, "acList": [{"Id": 11227054, "Rcvr": 1, "HasSig": true, "Sig": 211, "Icao": "AB4FAE", "Bad": false, "Reg": "N828MH", "FSeen": "/Date(1544410629084)/", "TSecs": 70, "CMsgs": 42, "Alt": 2250, "GAlt": 2540, "InHg": 30.2096462, "AltT": 0, "Call": "DAL44", "Lat": 40.63353, "Long": -73.864258, "PosTime": 1544410698212, "Mlat": false, "Tisb": false, "Spd": 225.2, "Trak": 228.2, "TrkH": false, "Type": "B764", "Mdl": "2000 BOEING 767-432ER", "Man": "Boeing", "CNum": "29699", "From": "KMCO Orlando, United States", "To": "EIDW Dublin, Ireland", "Stops": ["KJFK John F Kennedy, New York, United States"], "Op": "Delta Air Lines", "OpIcao": "DAL", "Sqk": "7110", "Help": false, "Vsi": 1472, "VsiT": 0, "Dst": 7.07, "Brng": 261.9, "WTC": 3, "Species": 1, "Engines": "2", "EngType": 3, "EngMount": 0, "Mil": false, "Cou": "United States", "HasPic": false, "Interested": false, "FlightsCount": 0, "Gnd": false, "SpdTyp": 0, "CallSus": false, "Trt": 2, "Year": "2000"}, {"Id": 10668434, "Rcvr": 1, "HasSig": false, "Icao": "A2C992", "Bad": false, "Reg": "N279SY", "FSeen": "/Date(1544410540414)/", "TSecs": 159, "CMsgs": 92, "Alt": 4425, "GAlt": 4697, "InHg": 30.191576, "AltT": 0, "TAlt": 15008, "Call": "SKW3898", "Lat": 40.889465, "Long": -73.965393, "PosTime": 1544410698212, "Mlat": false, "Tisb": false, "Spd": 248.0, "Trak": 328.0, "TrkH": false, "Type": "E75L", "Mdl": "Embraer EMB-175 LL", "Man": "Embraer", "CNum": "17000743", "Op": "Delta Connection", "OpIcao": "SKW", "Sqk": "7166", "Help": false, "Vsi": 2368, "VsiT": 1, "Dst": 31.54, "Brng": 330.6, "WTC": 2, "Species": 1, "Engines": "2", "EngType": 3, "EngMount": 0, "Mil": false, "Cou": "United States", "HasPic": false, "Interested": false, "FlightsCount": 0, "Gnd": false, "SpdTyp": 0, "CallSus": false, "Trt": 5, "Year": "2018"}, {"Id": 10765169, "Rcvr": 1, "HasSig": true, "Sig": 190, "Icao": "A44371", "Bad": false, "Reg": "N374JB", "FSeen": "/Date(1544410499865)/", "TSecs": 199, "CMsgs": 122, "Alt": 8725, "GAlt": 9015, "InHg": 30.2096462, "AltT": 0, "Call": "JBU1473", "Lat": 40.526283, "Long": -73.971571, "PosTime": 1544410671162, "Mlat": false, "Tisb": false, "Spd": 268.0, "Trak": 224.8, "TrkH": false, "Type": "E190", "Mdl": "2013 EMBRAER ERJ 190-100 IGW", "Man": "Embraer", "CNum": "19000629", "Op": "JETBLUE AIRWAYS CORP     - LONG ISLAND CITY, NY", "OpIcao": "JBU", "Sqk": "1670", "Help": false, "Vsi": 3072, "VsiT": 1, "Dst": 20.62, "Brng": 231.3, "WTC": 2, "Species": 1, "Engines": "2", "EngType": 3, "EngMount": 0, "Mil": false, "Cou": "United States", "HasPic": false, "Interested": false, "FlightsCount": 0, "Gnd": false, "SpdTyp": 0, "CallSus": true, "Trt": 2, "Year": "2013"}, {"Id": 11027199, "Rcvr": 1, "HasSig": true, "Sig": 192, "Icao": "A842FF", "Bad": false, "Reg": "N631RW", "FSeen": "/Date(1544410316483)/", "TSecs": 383, "CMsgs": 225, "Alt": 11275, "GAlt": 11556, "InHg": 30.2007866, "AltT": 0, "Call": "RPA3465", "Lat": 40.878479, "Long": -73.873108, "PosTime": 1544410694735, "Mlat": true, "Tisb": false, "Trak": 112.9, "TrkH": false, "Type": "E170", "Mdl": "2004 EMBRAER ERJ 170-100 SE", "Man": "Embraer", "CNum": "17000007", "Op": "SHUTTLE AMERICA CORP     - INDIANAPOLIS, IN", "OpIcao": "RPA", "Sqk": "1515", "Help": false, "VsiT": 0, "Dst": 27.36, "Brng": 343.6, "WTC": 2, "Species": 1, "Engines": "2", "EngType": 3, "EngMount": 0, "Mil": false, "Cou": "United States", "HasPic": false, "Interested": false, "FlightsCount": 0, "Gnd": false, "SpdTyp": 0, "CallSus": true, "Trt": 2, "Year": "2004"}, {"Id": 7864852, "Rcvr": 1, "HasSig": true, "Sig": 192, "Icao": "780214", "Bad": false, "Reg": "B-KPH", "FSeen": "/Date(1544410302642)/", "TSecs": 396, "CMsgs": 238, "Alt": 16675, "GAlt": 16944, "InHg": 30.1889763, "AltT": 0, "Call": "CPA865", "Lat": 40.867676, "Long": -73.62616, "PosTime": 1544410698210, "Mlat": false, "Tisb": false, "Spd": 378.2, "Trak": 339.4, "TrkH": false, "Type": "B773", "Mdl": "Boeing 777 367ER", "Man": "Boeing", "CNum": "35301", "From": "KJFK John F Kennedy, New York, United States", "To": "VHHH Chek Lap Kok, Hong Kong, Hong Kong", "Stops": ["CYVR Vancouver, Canada"], "Op": "Cathay Pacific Airways", "OpIcao": "CPA", "Sqk": "1641", "Help": false, "Vsi": 1088, "VsiT": 0, "Dst": 28.24, "Brng": 27.5, "WTC": 3, "Species": 1, "Engines": "2", "EngType": 3, "EngMount": 0, "Mil": false, "Cou": "Hong Kong", "HasPic": false, "Interested": false, "FlightsCount": 0, "Gnd": false, "SpdTyp": 0, "CallSus": true, "Trt": 2, "Year": "2008"}, {"Id": 4735855, "Rcvr": 1, "HasSig": true, "Sig": 204, "Icao": "48436F", "Bad": false, "Reg": "PH-BQH", "FSeen": "/Date(1544409766838)/", "TSecs": 932, "CMsgs": 230, "Alt": 11825, "GAlt": 12259, "InHg": 30.35433, "AltT": 0, "Call": "KLM644", "Lat": 40.710491, "Long": -73.566888, "PosTime": 1544410698210, "Mlat": false, "Tisb": false, "Spd": 338.4, "Trak": 39.0, "TrkH": false, "Type": "B772", "Mdl": "Boeing 777 206ER", "Man": "Boeing", "CNum": "32705", "From": "KJFK John F Kennedy, New York, United States", "To": "EHAM Amsterdam Airport Schiphol, Netherlands", "Op": "KLM Royal Dutch Airlines", "OpIcao": "KLM", "Sqk": "2701", "Help": false, "Vsi": 3648, "VsiT": 0, "Dst": 19.6, "Brng": 67.2, "WTC": 3, "Species": 1, "Engines": "2", "EngType": 3, "EngMount": 0, "Mil": false, "Cou": "Netherlands", "HasPic": false, "Interested": false, "FlightsCount": 0, "Gnd": false, "SpdTyp": 0, "CallSus": false, "Trt": 2, "Year": "2004"}, {"Id": 11277151, "Rcvr": 1, "HasSig": true, "Sig": 120, "Icao": "AC135F", "Bad": false, "Reg": "N8775A", "FSeen": "/Date(1544409172478)/", "TSecs": 1527, "CMsgs": 203, "Alt": 6700, "GAlt": 6969, "InHg": 30.1889763, "AltT": 0, "Lat": 40.569763, "Long": -73.929312, "PosTime": 1544410696223, "Mlat": false, "Tisb": false, "Spd": 244.8, "Trak": 211.8, "TrkH": false, "Type": "CRJ2", "Mdl": "2003 BOMBARDIER INC CL-600-2B19", "Man": "Bombardier", "CNum": "7775", "Op": "WELLS FARGO BANK NORTHWEST NA TRUSTEE     - SALT LAKE CITY, UT", "OpIcao": "EDV", "Sqk": "1621", "Help": false, "Vsi": 3072, "VsiT": 1, "Dst": 14.88, "Brng": 237.1, "WTC": 2, "Species": 1, "Engines": "2", "EngType": 3, "EngMount": 1, "Mil": false, "Cou": "United States", "HasPic": false, "Interested": false, "FlightsCount": 0, "Gnd": false, "SpdTyp": 0, "CallSus": false, "Trt": 2, "Year": "2003"}, {"Id": 11286574, "Rcvr": 1, "HasSig": false, "Icao": "AC382E", "Bad": false, "Reg": "N887DN", "FSeen": "/Date(1544408550282)/", "TSecs": 2149, "CMsgs": 1238, "Alt": 2925, "GAlt": 3197, "InHg": 30.191576, "AltT": 0, "TAlt": 3008, "Call": "DAL556", "Lat": 40.419586, "Long": -73.572571, "PosTime": 1544410694727, "Mlat": false, "Tisb": false, "Spd": 253.0, "Trak": 19.6, "TrkH": false, "TTrk": 40.078125, "Type": "B739", "Mdl": "Boeing 737NG 900ER/W", "Man": "Boeing", "CNum": "31997", "From": "MDST Cibao, Santiago, Dominican Republic", "To": "KJFK John F Kennedy, New York, United States", "Op": "Delta Air Lines", "OpIcao": "DAL", "Sqk": "2362", "Help": false, "Vsi": -960, "VsiT": 1, "Dst": 30.42, "Brng": 144.5, "WTC": 2, "Species": 1, "Engines": "2", "EngType": 3, "EngMount": 0, "Mil": false, "Cou": "United States", "HasPic": false, "Interested": false, "FlightsCount": 0, "Gnd": false, "SpdTyp": 0, "CallSus": false, "Trt": 5, "Year": "2017"}, {"Id": 11400425, "Rcvr": 1, "HasSig": false, "Icao": "ADF4E9", "Bad": false, "Reg": "N999JQ", "FSeen": "/Date(1544408488834)/", "TSecs": 2210, "CMsgs": 1202, "Alt": 275, "GAlt": 570, "InHg": 30.2151985, "AltT": 0, "TAlt": 1600, "Call": "JBU1804", "Lat": 40.632282, "Long": -73.734177, "PosTime": 1544410698202, "Mlat": false, "Tisb": false, "Spd": 135.0, "Trak": 300.7, "TrkH": false, "TTrk": 0.0, "Type": "A321", "Mdl": "Airbus A321 231SL", "Man": "Airbus", "CNum": "8538", "Op": "JetBlue Airways", "OpIcao": "JBU", "Sqk": "1422", "Help": false, "Vsi": -704, "VsiT": 1, "Dst": 4.13, "Brng": 105.9, "WTC": 2, "Species": 1, "Engines": "2", "EngType": 3, "EngMount": 0, "Mil": false, "Cou": "United States", "HasPic": false, "Interested": false, "FlightsCount": 0, "Gnd": false, "SpdTyp": 0, "CallSus": false, "Trt": 5}, {"Id": 4196016, "Rcvr": 1, "HasSig": true, "Sig": 198, "Icao": "4006B0", "Bad": false, "Reg": "G-CIVZ", "FSeen": "/Date(1544408267956)/", "TSecs": 2431, "CMsgs": 658, "Alt": 28050, "GAlt": 28340, "InHg": 30.2096462, "AltT": 0, "Call": "BAW66V", "Lat": 40.587021, "Long": -73.849915, "PosTime": 1544410694731, "Mlat": false, "Tisb": false, "Spd": 547.1, "Trak": 52.0, "TrkH": false, "Type": "B744", "Mdl": "Boeing 747 436", "Man": "Boeing", "CNum": "28854", "From": "KPHL Philadelphia, United States", "To": "EGLL London Heathrow, United Kingdom", "Op": "British Airways", "OpIcao": "BAW", "Sqk": "7151", "Help": false, "Vsi": 1024, "VsiT": 0, "Dst": 8.46, "Brng": 223.2, "WTC": 3, "Species": 1, "Engines": "4", "EngType": 3, "EngMount": 0, "Mil": false, "Cou": "United Kingdom", "HasPic": false, "Interested": false, "FlightsCount": 0, "Gnd": false, "SpdTyp": 0, "CallSus": false, "Trt": 2, "Year": "1998"}, {"Id": 11376402, "Rcvr": 1, "HasSig": true, "Sig": 122, "Icao": "AD9712", "Bad": false, "Reg": "N975JT", "FSeen": "/Date(1544407246200)/", "TSecs": 3453, "CMsgs": 1778, "Alt": -225, "GAlt": 70, "InHg": 30.2151985, "AltT": 0, "TAlt": 8992, "Call": "JBU2836", "Lat": 40.647692, "Long": -73.777391, "PosTime": 1544410465899, "Mlat": false, "PosStale": true, "Tisb": false, "Spd": 0.0, "Trak": 160.1, "TrkH": false, "TTrk": 0.0, "Type": "A321", "Mdl": "Airbus A321 231SL", "Man": "Airbus", "CNum": "7520", "Op": "JetBlue Airways", "OpIcao": "JBU", "Sqk": "2000", "Help": false, "Vsi": -128, "VsiT": 0, "Dst": 0.67, "Brng": 29.6, "WTC": 2, "Species": 1, "Engines": "2", "EngType": 3, "EngMount": 0, "Mil": false, "Cou": "United States", "HasPic": false, "Interested": false, "FlightsCount": 0, "Gnd": true, "SpdTyp": 0, "CallSus": false, "Trt": 5, "Year": "2016"}, {"Id": 10708202, "Rcvr": 1, "HasSig": false, "Icao": "A364EA", "Bad": false, "Reg": "N318DX", "FSeen": "/Date(1544405855039)/", "TSecs": 4844, "CMsgs": 2787, "Alt": 27025, "GAlt": 27315, "InHg": 30.2096462, "AltT": 0, "TAlt": 35008, "Call": "DAL1134", "Lat": 40.581665, "Long": -73.481628, "PosTime": 1544410698197, "Mlat": false, "Tisb": false, "Spd": 441.0, "Trak": 6.0, "TrkH": false, "Type": "A321", "Mdl": "Airbus A321 211SL", "Man": "Airbus", "CNum": "7441", "From": "KLAX Los Angeles, United States", "To": "KSFO San Francisco, United States", "Op": "Delta Air Lines", "OpIcao": "DAL", "Sqk": "2520", "Help": false, "Vsi": 0, "VsiT": 1, "Dst": 26.18, "Brng": 104.9, "WTC": 2, "Species": 1, "Engines": "2", "EngType": 3, "EngMount": 0, "Mil": false, "Cou": "United States", "HasPic": false, "Interested": false, "FlightsCount": 0, "Gnd": false, "SpdTyp": 0, "CallSus": false, "Trt": 5, "Year": "2017"}, {"Id": 10879142, "Rcvr": 1, "HasSig": true, "Sig": 102, "Icao": "A600A6", "Bad": false, "Reg": "N486UA", "FSeen": "/Date(1544404806799)/", "TSecs": 5892, "CMsgs": 3117, "Alt": -250, "GAlt": 19, "InHg": 30.1889763, "AltT": 0, "Call": "UAL978", "Lat": 40.793214, "Long": -73.870947, "PosTime": 1544410664279, "Mlat": true, "Tisb": false, "Spd": 384.3, "Trak": 226.9, "TrkH": false, "Type": "A320", "Mdl": "2001 AIRBUS INDUSTRIE A320-232", "Man": "Airbus", "CNum": "1620", "From": "SAEZ Ministro Pistarini, Ezeiza, Argentina", "To": "KEWR Newark Liberty, United States", "Op": "United Airlines", "OpIcao": "UAL", "Sqk": "6504", "Help": false, "Vsi": -896, "VsiT": 1, "Dst": 18.39, "Brng": 335.8, "WTC": 2, "Species": 1, "Engines": "2", "EngType": 3, "EngMount": 0, "Mil": false, "Cou": "United States", "HasPic": false, "Interested": false, "FlightsCount": 0, "Gnd": true, "SpdTyp": 0, "CallSus": true, "Trt": 2, "Year": "2001"}, {"Id": 11291860, "Rcvr": 1, "HasSig": false, "Icao": "AC4CD4", "Bad": false, "Reg": "N892AT", "FSeen": "/Date(1544404417619)/", "TSecs": 6281, "CMsgs": 3529, "Alt": 1525, "GAlt": 1454, "InHg": 29.84941, "AltT": 0, "Call": "DAL2713", "Lat": 40.5537, "Long": -73.6381, "PosTime": 1544410696192, "Mlat": true, "Tisb": false, "Spd": 568.0, "Trak": 33.1, "TrkH": false, "Type": "B712", "Mdl": "2004 BOEING 717-200", "Man": "Boeing", "CNum": "55044", "From": "KPHF Newport News Williamsburg, United States", "To": "KATL Hartsfield Jackson Atlanta, United States", "Op": "WELLS FARGO BANK NORTHWEST NA TRUSTEE     - SALT LAKE CITY, UT", "OpIcao": "DAL", "Sqk": "3323", "Help": false, "Vsi": 64, "VsiT": 0, "Dst": 15.61, "Brng": 129.2, "WTC": 2, "Species": 1, "Engines": "2", "EngType": 3, "EngMount": 1, "Mil": false, "Cou": "United States", "HasPic": false, "Interested": false, "FlightsCount": 0, "Gnd": false, "SpdTyp": 0, "CallSus": true, "Trt": 2, "Year": "2004"}, {"Id": 10759932, "Rcvr": 1, "HasSig": true, "Sig": 46, "Icao": "A42EFC", "Bad": false, "Reg": "N369NW", "FSeen": "/Date(1544404074181)/", "TSecs": 6625, "CMsgs": 3819, "Alt": 3725, "GAlt": 4020, "InHg": 30.2151985, "AltT": 0, "TAlt": 4000, "Call": "DAL842", "Lat": 40.672485, "Long": -73.973206, "PosTime": 1544410698195, "Mlat": false, "Tisb": false, "Spd": 262.0, "Trak": 36.0, "TrkH": false, "TTrk": 49.21875, "Type": "A320", "Mdl": "1999 AIRBUS INDUSTRIE A320-212", "Man": "Airbus", "CNum": "1011", "From": "KSEA Seattle Tacoma, United States", "To": "KMSP Minneapolis-St Paul International/Wold-Chamberlain, Minneapolis, United States", "Op": "Delta Air Lines", "OpIcao": "DAL", "Sqk": "2426", "Help": false, "Vsi": 64, "VsiT": 1, "Dst": 16.53, "Brng": 281.7, "WTC": 2, "Species": 1, "Engines": "2", "EngType": 3, "EngMount": 0, "Mil": false, "Cou": "United States", "HasPic": false, "Interested": false, "FlightsCount": 0, "Gnd": false, "SpdTyp": 0, "CallSus": false, "Trt": 5, "Year": "1999"}, {"Id": 10726765, "Rcvr": 1, "HasSig": true, "Sig": 53, "Icao": "A3AD6D", "Bad": false, "Reg": "N336PQ", "FSeen": "/Date(1544403960148)/", "TSecs": 6739, "CMsgs": 3905, "Alt": 1000, "GAlt": 1295, "InHg": 30.2151985, "AltT": 0, "TAlt": 3008, "Call": "EDV3425", "Lat": 40.834739, "Long": -73.829873, "PosTime": 1544410696191, "Mlat": false, "Tisb": false, "Spd": 129.0, "Trak": 213.9, "TrkH": false, "TTrk": 224.296875, "Type": "CRJ9", "Mdl": "2014 BOMBARDIER INC CL-600-2D24", "Man": "Bombardier", "CNum": "15336", "Op": "WELLS FARGO BANK NORTHWEST NA TRUSTEE     - SALT LAKE CITY, UT", "OpIcao": "EDV", "Sqk": "2130", "Help": false, "Vsi": -832, "VsiT": 1, "Dst": 21.77, "Brng": 349.2, "WTC": 2, "Species": 1, "Engines": "2", "EngType": 3, "EngMount": 1, "Mil": false, "Cou": "United States", "HasPic": false, "Interested": false, "FlightsCount": 0, "Gnd": false, "SpdTyp": 0, "CallSus": false, "Trt": 2, "Year": "2014"}, {"Id": 10715703, "Rcvr": 1, "HasSig": false, "Icao": "A38237", "Bad": false, "Reg": "N325PQ", "FSeen": "/Date(1544403848054)/", "TSecs": 6851, "CMsgs": 3720, "Alt": 3700, "GAlt": 3969, "InHg": 30.1889763, "AltT": 0, "Call": "EDV5208", "Lat": 40.828221, "Long": -73.737987, "PosTime": 1544410696191, "Mlat": true, "Tisb": false, "Spd": 389.8, "Trak": 29.7, "TrkH": false, "Type": "CRJ9", "Mdl": "2014 BOMBARDIER INC CL-600-2D24", "Man": "Bombardier", "CNum": "15325", "Op": "WELLS FARGO BANK NORTHWEST NA TRUSTEE     - SALT LAKE CITY, UT", "OpIcao": "EDV", "Sqk": "1523", "Help": false, "Vsi": 0, "VsiT": 1, "Dst": 20.97, "Brng": 10.0, "WTC": 2, "Species": 1, "Engines": "2", "EngType": 3, "EngMount": 1, "Mil": false, "Cou": "United States", "HasPic": false, "Interested": false, "FlightsCount": 0, "Gnd": false, "SpdTyp": 0, "CallSus": true, "Trt": 2, "Year": "2014"}, {"Id": 10747919, "Rcvr": 1, "HasSig": false, "Icao": "A4000F", "Bad": false, "Reg": "N357NW", "FSeen": "/Date(1544403480795)/", "TSecs": 7218, "CMsgs": 3472, "Alt": 3750, "GAlt": 3919, "InHg": 30.088583, "AltT": 0, "TAlt": 4000, "Call": "DAL2370", "Lat": 40.748428, "Long": -73.829956, "PosTime": 1544410698198, "Mlat": false, "Tisb": false, "Spd": 266.0, "Trak": 59.6, "TrkH": false, "TTrk": 0.0, "Type": "A320", "Mdl": "1998 AIRBUS INDUSTRIE A320-212", "Man": "Airbus", "CNum": "830", "From": "KLGA La Guardia, New York, United States", "To": "KPBI Palm Beach, West Palm Beach, United States", "Op": "Delta Air Lines", "OpIcao": "DAL", "Sqk": "0547", "Help": false, "Vsi": 0, "VsiT": 1, "Dst": 12.47, "Brng": 340.8, "WTC": 2, "Species": 1, "Engines": "2", "EngType": 3, "EngMount": 0, "Mil": false, "Cou": "United States", "HasPic": false, "Interested": false, "FlightsCount": 0, "Gnd": false, "SpdTyp": 0, "CallSus": false, "Trt": 5, "Year": "1998"}, {"Id": 10956578, "Rcvr": 1, "HasSig": false, "Icao": "A72F22", "Bad": false, "Reg": "N562JB", "FSeen": "/Date(1544403419083)/", "TSecs": 7280, "CMsgs": 2947, "Alt": 18300, "GAlt": 18619, "InHg": 30.2388229, "AltT": 0, "TAlt": 3008, "Call": "JBU1818", "Lat": 40.633186, "Long": -73.768875, "PosTime": 1544406818358, "Mlat": false, "PosStale": true, "Tisb": false, "Spd": 0.0, "Trak": 210.9, "TrkH": false, "TTrk": 0.0, "Type": "A320", "Mdl": "2003 AIRBUS A320-232", "Man": "Airbus", "CNum": "1948", "From": "TTPP Piarco, Port of Spain, Trinidad and Tobago", "To": "KJFK John F Kennedy, New York, United States", "Op": "JetBlue Airways", "OpIcao": "JBU", "Sqk": "2666", "Help": false, "Vsi": -640, "VsiT": 0, "Dst": 1.47, "Brng": 134.6, "WTC": 2, "Species": 1, "Engines": "2", "EngType": 3, "EngMount": 0, "Mil": false, "Cou": "United States", "HasPic": false, "Interested": false, "FlightsCount": 0, "Gnd": true, "SpdTyp": 0, "CallSus": false, "Trt": 5, "Year": "2003"}, {"Id": 10778883, "Rcvr": 1, "HasSig": true, "Sig": 90, "Icao": "A47903", "Bad": false, "Reg": "N388AA", "FSeen": "/Date(1544402805199)/", "TSecs": 7894, "CMsgs": 3803, "Alt": -225, "GAlt": 70, "InHg": 30.2151985, "AltT": 0, "TAlt": 1888, "Call": "AAL1142", "Lat": 40.652573, "Long": -73.787079, "PosTime": 1544410698198, "Mlat": false, "Tisb": false, "Spd": 14.0, "Trak": 239.1, "TrkH": false, "TTrk": 314.296875, "Type": "B763", "Mdl": "1995 BOEING 767-323", "Man": "Boeing", "CNum": "27448", "From": "KMIA Miami, United States", "To": "KMIA Miami, United States", "Stops": ["KPHL Philadelphia, United States"], "Op": "American Airlines", "OpIcao": "AAL", "Sqk": "6022", "Help": false, "Vsi": -64, "VsiT": 1, "Dst": 1.22, "Brng": 336.4, "WTC": 3, "Species": 1, "Engines": "2", "EngType": 3, "EngMount": 0, "Mil": false, "Cou": "United States", "HasPic": false, "Interested": false, "FlightsCount": 0, "Gnd": true, "SpdTyp": 0, "CallSus": false, "Trt": 5, "Year": "1995"}, {"Id": 11370390, "Rcvr": 1, "HasSig": false, "Icao": "AD7F96", "Bad": false, "Reg": "N969WN", "FSeen": "/Date(1544401508443)/", "TSecs": 9191, "CMsgs": 4190, "Alt": 2000, "GAlt": 2251, "InHg": 30.1712589, "AltT": 0, "Lat": 40.871794, "Long": -73.776939, "PosTime": 1544410691726, "Mlat": true, "Tisb": false, "Trak": 295.3, "TrkH": false, "Type": "B737", "Mdl": "2011 BOEING 737-7H4", "Man": "Boeing", "CNum": "41777", "Op": "Southwest Airlines", "OpIcao": "SWA", "Sqk": "2246", "Help": false, "VsiT": 0, "Dst": 25.5, "Brng": 0.8, "WTC": 2, "Species": 1, "Engines": "2", "EngType": 3, "EngMount": 0, "Mil": false, "Cou": "United States", "HasPic": false, "Interested": false, "FlightsCount": 0, "Gnd": false, "SpdTyp": 0, "CallSus": false, "Trt": 2, "Year": "2011"}, {"Id": 10768141, "Rcvr": 1, "HasSig": true, "Sig": 47, "Icao": "A44F0D", "Bad": false, "Reg": "N377NW", "FSeen": "/Date(1544400086747)/", "TSecs": 10612, "CMsgs": 5898, "Alt": 10525, "GAlt": 10820, "InHg": 30.2151985, "AltT": 0, "TAlt": 8000, "Call": "DAL1076", "Lat": 40.406113, "Long": -73.890381, "PosTime": 1544410696189, "Mlat": false, "Tisb": false, "Spd": 300.7, "Trak": 166.1, "TrkH": false, "TTrk": 180.0, "Type": "A320", "Mdl": "2003 AIRBUS A320-211", "Man": "Airbus", "CNum": "2082", "From": "KPDX Portland, United States", "To": "KATL Hartsfield Jackson Atlanta, United States", "Op": "Delta Air Lines", "OpIcao": "DAL", "Sqk": "7450", "Help": false, "Vsi": -1536, "VsiT": 1, "Dst": 27.85, "Brng": 199.4, "WTC": 2, "Species": 1, "Engines": "2", "EngType": 3, "EngMount": 0, "Mil": false, "Cou": "United States", "HasPic": false, "Interested": false, "FlightsCount": 0, "Gnd": false, "SpdTyp": 0, "CallSus": false, "Trt": 5, "Year": "2003"}, {"Id": 10957529, "Rcvr": 1, "HasSig": true, "Sig": 152, "Icao": "A732D9", "Bad": false, "Reg": "N563JB", "FSeen": "/Date(1544399788486)/", "TSecs": 10911, "CMsgs": 4636, "Alt": 5739, "GAlt": 6058, "InHg": 30.2388229, "AltT": 0, "TAlt": 2016, "Call": "JBU135", "Lat": 40.629398, "Long": -73.769943, "PosTime": 1544405433407, "Mlat": false, "PosStale": true, "Tisb": false, "Spd": 0.0, "Trak": 239.1, "TrkH": false, "TTrk": 279.84375, "Type": "A320", "Mdl": "2003 AIRBUS A320-232", "Man": "Airbus", "CNum": "2006", "From": "KJFK John F Kennedy, New York, United States", "To": "KRSW Southwest Florida, Fort Myers, United States", "Op": "JetBlue Airways", "OpIcao": "JBU", "Sqk": "7165", "Help": false, "Vsi": -576, "VsiT": 0, "Dst": 1.74, "Brng": 146.7, "WTC": 2, "Species": 1, "Engines": "2", "EngType": 3, "EngMount": 0, "Mil": false, "Cou": "United States", "HasPic": false, "Interested": false, "FlightsCount": 0, "Gnd": true, "SpdTyp": 0, "CallSus": false, "Trt": 5, "Year": "2003"}, {"Id": 10488105, "Rcvr": 1, "HasSig": true, "Sig": 25, "Icao": "A00929", "Bad": false, "Reg": "N101HQ", "FSeen": "/Date(1544398736933)/", "TSecs": 11962, "CMsgs": 4724, "Alt": 4250, "GAlt": 4540, "InHg": 30.2096462, "AltT": 0, "Call": "RPA4480", "Lat": 40.579193, "Long": -74.061218, "PosTime": 1544410698198, "Mlat": true, "Tisb": false, "Spd": 370.1, "Trak": 127.2, "TrkH": false, "Type": "E75S", "Mdl": "2007 EMBRAER-EMPRESA BRASILEIRA DE ERJ 170-200 LR", "Man": "Embraer", "CNum": "17000156", "Op": "REPUBLIC AIRLINE INC     - INDIANAPOLIS, IN", "OpIcao": "RPA", "Sqk": "4036", "Help": false, "Vsi": 0, "VsiT": 1, "Dst": 24.66, "Brng": 253.5, "WTC": 2, "Species": 1, "Engines": "2", "EngType": 3, "EngMount": 0, "Mil": false, "Cou": "United States", "HasPic": false, "Interested": false, "FlightsCount": 0, "Gnd": false, "SpdTyp": 0, "CallSus": true, "Trt": 2, "Year": "2007"}, {"Id": 11298461, "Rcvr": 1, "HasSig": false, "Icao": "AC669D", "Bad": false, "Reg": "N89888", "FSeen": "/Date(1544397784709)/", "TSecs": 12914, "CMsgs": 5550, "Alt": -225, "GAlt": 56, "InHg": 30.2007866, "AltT": 0, "Call": "N89888", "Lat": 40.854023, "Long": -74.055557, "PosTime": 1544410674180, "Mlat": false, "Tisb": false, "Spd": 0.0, "Trak": 137.8, "TrkH": false, "Type": "GLF4", "Mdl": "1997 GULFSTREAM AEROSPACE G-IV", "Man": "Gulfstream Aerospace", "CNum": "1306", "Op": "BANK OF UTAH TRUSTEE     - SALT LAKE CITY, UT", "Sqk": "5655", "Help": false, "Vsi": -768, "VsiT": 0, "Dst": 32.97, "Brng": 315.6, "WTC": 2, "Species": 1, "Engines": "2", "EngType": 3, "EngMount": 1, "Mil": false, "Cou": "United States", "HasPic": false, "Interested": false, "FlightsCount": 0, "Gnd": true, "SpdTyp": 0, "CallSus": false, "Trt": 4, "Year": "1997"}, {"Id": 11337844, "Rcvr": 1, "HasSig": false, "Icao": "AD0074", "Bad": false, "Reg": "N937JB", "FSeen": "/Date(1544393575984)/", "TSecs": 17123, "CMsgs": 9263, "Alt": 15850, "GAlt": 16131, "InHg": 30.2007866, "AltT": 0, "TAlt": 16000, "Call": "JBU624", "Lat": 40.687271, "Long": -74.02002, "PosTime": 1544410698187, "Mlat": false, "Tisb": false, "Spd": 330.0, "Trak": 164.0, "TrkH": false, "TTrk": 180.0, "Type": "A321", "Mdl": "2014 AIRBUS A321-231", "Man": "Airbus", "CNum": "6245", "From": "KLAX Los Angeles, United States", "To": "KJFK John F Kennedy, New York, United States", "Op": "JetBlue Airways", "OpIcao": "JBU", "Sqk": "7202", "Help": false, "Vsi": -1728, "VsiT": 0, "Dst": 20.74, "Brng": 284.0, "WTC": 2, "Species": 1, "Engines": "2", "EngType": 3, "EngMount": 0, "Mil": false, "Cou": "United States", "HasPic": false, "Interested": false, "FlightsCount": 0, "Gnd": false, "SpdTyp": 0, "CallSus": false, "Trt": 4, "Year": "2014"}, {"Id": 11103138, "Rcvr": 1, "HasSig": false, "Icao": "A96BA2", "Bad": false, "Reg": "N706JB", "FSeen": "/Date(1544393442685)/", "TSecs": 17256, "CMsgs": 5001, "Alt": -200, "GAlt": 142, "InHg": 30.26245, "AltT": 0, "TAlt": 4000, "Call": "JBU2989", "Lat": 40.651291, "Long": -73.775894, "PosTime": 1544395940439, "Mlat": false, "PosStale": true, "Tisb": false, "Spd": 65.0, "Trak": 300.9, "TrkH": false, "TTrk": 0.0, "Type": "A320", "Mdl": "2008 AIRBUS A320-232", "Man": "Airbus", "CNum": "3451", "From": "KBOS General Edward Lawrence Logan, Boston, United States", "To": "KDCA Ronald Reagan Washington National, United States", "Op": "JetBlue Airways", "OpIcao": "JBU", "Sqk": "3056", "Help": false, "Vsi": -960, "VsiT": 0, "Dst": 1.08, "Brng": 24.9, "WTC": 2, "Species": 1, "Engines": "2", "EngType": 3, "EngMount": 0, "Mil": false, "Cou": "United States", "HasPic": false, "Interested": false, "FlightsCount": 0, "Gnd": false, "SpdTyp": 0, "CallSus": false, "Trt": 5, "Year": "2008"}, {"Id": 11038341, "Rcvr": 1, "HasSig": true, "Sig": 118, "Icao": "A86E85", "Bad": false, "Reg": "N642VA", "FSeen": "/Date(1544393439754)/", "TSecs": 17259, "CMsgs": 9224, "Alt": 2725, "GAlt": 3015, "InHg": 30.2096462, "AltT": 0, "Call": "ASA1412", "Lat": 40.513761, "Long": -73.562955, "PosTime": 1544410698187, "Mlat": false, "Tisb": false, "Spd": 211.0, "Trak": 359.5, "TrkH": false, "Type": "A320", "Mdl": "2008 AIRBUS A320-214", "Man": "Airbus", "CNum": "3670", "Op": "Virgin America", "OpIcao": "ASA", "Sqk": "7254", "Help": false, "Vsi": 0, "VsiT": 0, "Dst": 23.34, "Brng": 127.8, "WTC": 2, "Species": 1, "Engines": "2", "EngType": 3, "EngMount": 0, "Mil": false, "Cou": "United States", "HasPic": false, "Interested": false, "FlightsCount": 0, "Gnd": false, "SpdTyp": 0, "CallSus": false, "Trt": 2, "Year": "2008"}, {"Id": 11370095, "Rcvr": 1, "HasSig": true, "Sig": 145, "Icao": "AD7E6F", "Bad": false, "Reg": "N969JT", "FSeen": "/Date(1544391133093)/", "TSecs": 19566, "CMsgs": 9326, "Alt": 2125, "GAlt": 2420, "InHg": 30.2151985, "AltT": 0, "TAlt": 4000, "Call": "JBU516", "Lat": 40.586929, "Long": -73.634521, "PosTime": 1544410698188, "Mlat": false, "Tisb": false, "Spd": 165.0, "Trak": 300.6, "TrkH": false, "TTrk": 0.0, "Type": "A321", "Mdl": "Airbus A321 231SL", "Man": "Airbus", "CNum": "7353", "From": "KSFO San Francisco, United States", "To": "KJFK John F Kennedy, New York, United States", "Op": "JetBlue Airways", "OpIcao": "JBU", "Sqk": "1341", "Help": false, "Vsi": -1024, "VsiT": 1, "Dst": 13.84, "Brng": 116.5, "WTC": 2, "Species": 1, "Engines": "2", "EngType": 3, "EngMount": 0, "Mil": false, "Cou": "United States", "HasPic": false, "Interested": false, "FlightsCount": 0, "Gnd": false, "SpdTyp": 0, "CallSus": false, "Trt": 5, "Year": "2016"}, {"Id": 11363438, "Rcvr": 1, "HasSig": true, "Sig": 137, "Icao": "AD646E", "Bad": false, "Reg": "N962JT", "FSeen": "/Date(1544389403965)/", "TSecs": 21295, "CMsgs": 9603, "Alt": -225, "GAlt": 85, "InHg": 30.2303143, "AltT": 0, "TAlt": 4000, "Call": "JBU190", "Lat": 40.642769, "Long": -73.771088, "PosTime": 1544407306737, "Mlat": false, "PosStale": true, "Tisb": false, "Spd": 0.0, "Trak": 199.7, "TrkH": false, "TTrk": 250.0, "Type": "A321", "Mdl": "Airbus A321 231SL", "Man": "Airbus", "CNum": "6988", "From": "KSAN San Diego, United States", "To": "KJFK John F Kennedy, New York, United States", "Op": "JetBlue Airways", "OpIcao": "JBU", "Sqk": "2000", "Help": false, "Vsi": -1280, "VsiT": 0, "Dst": 0.86, "Brng": 87.9, "WTC": 2, "Species": 1, "Engines": "2", "EngType": 3, "EngMount": 0, "Mil": false, "Cou": "United States", "HasPic": false, "Interested": false, "FlightsCount": 0, "Gnd": true, "SpdTyp": 0, "CallSus": false, "Trt": 4, "Year": "2016"}, {"Id": 11039969, "Rcvr": 1, "HasSig": true, "Sig": 190, "Icao": "A874E1", "Bad": false, "Reg": "N644JB", "FSeen": "/Date(1544388008825)/", "TSecs": 22690, "CMsgs": 10806, "Alt": -225, "GAlt": 94, "InHg": 30.2388229, "AltT": 0, "TAlt": 3008, "Call": "JBU745", "Lat": 40.63262, "Long": -73.767653, "PosTime": 1544406725488, "Mlat": false, "PosStale": true, "Tisb": false, "Spd": 0.0, "Trak": 188.4, "TrkH": false, "TTrk": 0.0, "Type": "A320", "Mdl": "2006 AIRBUS A320-232", "Man": "Airbus", "CNum": "2880", "From": "KMCO Orlando, United States", "To": "TJSJ Luis Munoz Marin, San Juan, Puerto Rico", "Op": "JetBlue Airways", "OpIcao": "JBU", "Sqk": "2000", "Help": false, "Vsi": -128, "VsiT": 0, "Dst": 1.59, "Brng": 133.6, "WTC": 2, "Species": 1, "Engines": "2", "EngType": 3, "EngMount": 0, "Mil": false, "Cou": "United States", "HasPic": false, "Interested": false, "FlightsCount": 0, "Gnd": true, "SpdTyp": 0, "CallSus": false, "Trt": 5, "Year": "2006"}], "totalAc": 4876, "lastDv": "636799839360836361", "shtTrlSec": 65, "stm": 1544410699478}