{"src": 1, "feeds": [{"id": 1, "name": "From Cons", "polarPlot": false}], "srcFeed": 1, "showSil": true, "showFlg": true, "showPic": true, "flgH": 20, "flgW": 85, "acList": [{"Id": 3261096, "Rcvr": 1, "HasSig": false, "Icao": "31C2A8", "Bad": false, "FSeen": "/Date(1544408680641)/", "TSecs": 3, "CMsgs": 3, "Alt": 1075, "GAlt": 1365, "InHg": 30.2096462, "AltT": 0, "Lat": 40.792694, "Long": -73.892456, "PosTime": 1544408684214, "Mlat": false, "Tisb": false, "Trak": 328.3, "TrkH": false, "Sqk": "", "VsiT": 0, "Dst": 19.15, "Brng": 330.7, "WTC": 0, "Species": 0, "EngType": 0, "EngMount": 0, "Mil": false, "Cou": "Italy", "HasPic": false, "Interested": false, "FlightsCount": 0, "Gnd": false, "SpdTyp": 0, "CallSus": false, "Trt": 2}, {"Id": 2802242, "Rcvr": 1, "HasSig": false, "Icao": "2AC242", "Bad": false, "FSeen": "/Date(1544408604061)/", "TSecs": 80, "CMsgs": 8, "Alt": 1100, "GAlt": 1401, "InHg": 30.2214565, "AltT": 0, "Lat": 40.641403, "Long": -74.039673, "PosTime": 1544408654167, "Mlat": false, "Tisb": false, "Spd": 107.0, "Trak": 19.0, "TrkH": false, "Sqk": "", "Vsi": 0, "VsiT": 0, "Dst": 21.8, "Brng": 269.8, "WTC": 0, "Species": 0, "EngType": 0, "EngMount": 0, "Mil": false, "Cou": "Unknown or unassigned country", "HasPic": false, "Interested": false, "FlightsCount": 0, "Gnd": false, "SpdTyp": 0, "CallSus": false, "Trt": 2}, {"Id": 11207779, "Rcvr": 1, "HasSig": true, "Sig": 99, "Icao": "AB0463", "Bad": false, "Reg": "N809MD", "FSeen": "/Date(1544408532132)/", "TSecs": 152, "CMsgs": 85, "Alt": 5125, "GAlt": 5420, "InHg": 30.2151985, "AltT": 0, "TAlt": 9024, "Call": "RPA5877", "Lat": 40.895629, "Long": -73.971759, "PosTime": 1544408684212, "Mlat": false, "Tisb": false, "Spd": 250.3, "Trak": 327.9, "TrkH": false, "Type": "E170", "Mdl": "2004 EMBRAER ERJ 170-100SU", "Man": "Embraer", "CNum": "17000022", "Op": "REPUBLIC AIRLINE INC     - INDIANAPOLIS, IN", "OpIcao": "RPA", "Sqk": "3067", "Help": false, "Vsi": 2880, "VsiT": 1, "Dst": 32.4, "Brng": 330.4, "WTC": 2, "Species": 1, "Engines": "2", "EngType": 3, "EngMount": 0, "Mil": false, "Cou": "United States", "HasPic": false, "Interested": false, "FlightsCount": 0, "Gnd": false, "SpdTyp": 0, "CallSus": false, "Trt": 5, "Year": "2004"}, {"Id": 2803409, "Rcvr": 1, "HasSig": false, "Icao": "2AC6D1", "Bad": false, "FSeen": "/Date(1544408523166)/", "TSecs": 161, "CMsgs": 14, "Alt": 3800, "GAlt": 4090, "InHg": 30.2096462, "AltT": 0, "Lat": 40.730942, "Long": -73.868103, "PosTime": 1544408680638, "Mlat": false, "Tisb": false, "Spd": 267.0, "Trak": 59.0, "TrkH": false, "Sqk": "", "Vsi": 0, "VsiT": 0, "Dst": 12.26, "Brng": 323.4, "WTC": 0, "Species": 0, "EngType": 0, "EngMount": 0, "Mil": false, "Cou": "Unknown or unassigned country", "HasPic": false, "Interested": false, "FlightsCount": 0, "Gnd": false, "SpdTyp": 0, "CallSus": false, "Trt": 2}, {"Id": 2802060, "Rcvr": 1, "HasSig": false, "Icao": "2AC18C", "Bad": false, "FSeen": "/Date(1544408486651)/", "TSecs": 197, "CMsgs": 2, "Alt": 1325, "GAlt": 1615, "InHg": 30.2096462, "AltT": 0, "Lat": 40.849045, "Long": -73.817932, "PosTime": 1544408486651, "Mlat": false, "PosStale": true, "Tisb": false, "Spd": 75.0, "Trak": 211.0, "TrkH": false, "Sqk": "", "Vsi": -64, "VsiT": 0, "Dst": 23.17, "Brng": 352.4, "WTC": 0, "Species": 0, "EngType": 0, "EngMount": 0, "Mil": false, "Cou": "Unknown or unassigned country", "HasPic": false, "Interested": false, "FlightsCount": 0, "Gnd": false, "SpdTyp": 0, "CallSus": false, "Trt": 2}, {"Id": 5023854, "Rcvr": 1, "HasSig": true, "Sig": 214, "Icao": "4CA86E", "Bad": false, "Reg": "EI-GCF", "FSeen": "/Date(1544408304738)/", "TSecs": 379, "CMsgs": 90, "Alt": 3000, "GAlt": 3319, "InHg": 30.2388229, "AltT": 0, "TAlt": 11008, "Call": "EIN10X", "Lat": 40.590683, "Long": -73.74353, "PosTime": 1544408684212, "Mlat": false, "Tisb": false, "Spd": 179.7, "Trak": 47.3, "TrkH": false, "TTrk": 49.921875, "Type": "A333", "Mdl": "Airbus A330 302", "Man": "Airbus", "CNum": "1817", "From": "EIDW Dublin, Ireland", "To": "EIDW Dublin, Ireland", "Stops": ["KJFK John F Kennedy, New York, United States"], "Op": "Aer Lingus", "OpIcao": "EIN", "Sqk": "1756", "Help": false, "Vsi": 896, "VsiT": 1, "Dst": 6.58, "Brng": 151.0, "WTC": 3, "Species": 1, "Engines": "2", "EngType": 3, "EngMount": 0, "Mil": false, "Cou": "Ireland", "HasPic": false, "Interested": false, "FlightsCount": 0, "Gnd": false, "SpdTyp": 0, "CallSus": false, "Trt": 5, "Year": "2017"}, {"Id": 2804953, "Rcvr": 1, "HasSig": false, "Icao": "2ACCD9", "Bad": false, "FSeen": "/Date(1544408266509)/", "TSecs": 418, "CMsgs": 21, "Alt": 50, "GAlt": 351, "InHg": 30.2214565, "AltT": 0, "Lat": 40.707745, "Long": -74.155029, "PosTime": 1544408673725, "Mlat": false, "Tisb": false, "Spd": 183.0, "Trak": 207.2, "TrkH": false, "Sqk": "", "Vsi": -1088, "VsiT": 0, "Dst": 32.34, "Brng": 283.1, "WTC": 0, "Species": 0, "EngType": 0, "EngMount": 0, "Mil": false, "Cou": "Unknown or unassigned country", "HasPic": false, "Interested": false, "FlightsCount": 0, "Gnd": false, "SpdTyp": 0, "CallSus": false, "Trt": 2}, {"Id": 11039018, "Rcvr": 1, "HasSig": true, "Sig": 211, "Icao": "A8712A", "Bad": false, "Reg": "N643JB", "FSeen": "/Date(1544408131503)/", "TSecs": 553, "CMsgs": 26, "Alt": 1150, "GAlt": 1440, "InHg": 30.2096462, "AltT": 0, "Call": "JBU499", "Lat": 40.793214, "Long": -73.892795, "PosTime": 1544408684213, "Mlat": false, "Tisb": false, "Spd": 156.1, "Trak": 329.2, "TrkH": false, "Type": "A320", "Mdl": "2006 AIRBUS A320-232", "Man": "Airbus", "CNum": "2871", "From": "KLGA La Guardia, New York, United States", "To": "KMCO Orlando, United States", "Op": "JetBlue Airways", "OpIcao": "JBU", "Sqk": "7160", "Help": false, "Vsi": 1920, "VsiT": 1, "Dst": 19.22, "Brng": 330.8, "WTC": 2, "Species": 1, "Engines": "2", "EngType": 3, "EngMount": 0, "Mil": false, "Cou": "United States", "HasPic": false, "Interested": false, "FlightsCount": 0, "Gnd": false, "SpdTyp": 0, "CallSus": false, "Trt": 2, "Year": "2006"}, {"Id": 10790179, "Rcvr": 1, "HasSig": false, "Icao": "A4A523", "Bad": false, "Reg": "N399KK", "FSeen": "/Date(1544408081464)/", "TSecs": 603, "CMsgs": 354, "Alt": 25, "GAlt": 315, "InHg": 30.2096462, "AltT": 0, "Call": "N399KK", "Lat": 40.76207, "Long": -74.010834, "PosTime": 1544408684198, "Mlat": false, "Tisb": false, "Spd": 86.0, "Trak": 191.3, "TrkH": false, "Type": "S76", "Mdl": "2003 SIKORSKY S-76C", "Man": "Sikorsky", "CNum": "760550", "Op": "CITIFLIGHT INC     - WHITE PLAINS, NY", "Sqk": "1200", "Help": false, "Vsi": -640, "VsiT": 0, "Dst": 23.48, "Brng": 304.6, "WTC": 1, "Species": 4, "Engines": "2", "EngType": 2, "EngMount": 0, "Mil": false, "Cou": "United States", "HasPic": false, "Interested": false, "FlightsCount": 0, "Gnd": false, "SpdTyp": 0, "CallSus": false, "Trt": 5, "Year": "2003"}, {"Id": 11199915, "Rcvr": 1, "HasSig": true, "Sig": 220, "Icao": "AAE5AB", "Bad": false, "Reg": "N801AY", "FSeen": "/Date(1544407987764)/", "TSecs": 696, "CMsgs": 318, "Alt": 12725, "GAlt": 13035, "InHg": 30.2303143, "AltT": 0, "Lat": 40.530212, "Long": -73.750122, "PosTime": 1544408347740, "Mlat": false, "PosStale": true, "Tisb": false, "Spd": 1100.8, "Trak": 72.9, "TrkH": false, "Type": "CRJ2", "Mdl": "2004 BOMBARDIER INC CL-600-2B19", "Man": "Bombardier", "CNum": "8001", "Op": "WELLS FARGO BANK NORTHWEST NA TRUSTEE     - SALT LAKE CITY, UT", "OpIcao": "EDV", "Sqk": "1125", "Help": false, "Vsi": 2432, "VsiT": 0, "Dst": 12.76, "Brng": 168.1, "WTC": 2, "Species": 1, "Engines": "2", "EngType": 3, "EngMount": 1, "Mil": false, "Cou": "United States", "HasPic": false, "Interested": false, "FlightsCount": 0, "Gnd": true, "SpdTyp": 0, "CallSus": false, "Trt": 2, "Year": "2004"}, {"Id": 11168704, "Rcvr": 1, "HasSig": true, "Sig": 195, "Icao": "AA6BC0", "Bad": false, "Reg": "N77022", "FSeen": "/Date(1544407411895)/", "TSecs": 1272, "CMsgs": 446, "Alt": 9725, "GAlt": 10159, "InHg": 30.35433, "AltT": 0, "Call": "UAL82", "Lat": 40.898346, "Long": -73.858032, "PosTime": 1544408684199, "Mlat": false, "Tisb": false, "Spd": 372.5, "Trak": 48.3, "TrkH": false, "Type": "B772", "Mdl": "2010 BOEING 777-224", "Man": "Boeing", "CNum": "39777", "From": "KEWR Newark Liberty, United States", "To": "VIDP Indira Gandhi, New Delhi, India", "Op": "United Airlines", "OpIcao": "UAL", "Sqk": "1773", "Help": false, "Vsi": -64, "VsiT": 0, "Dst": 29.18, "Brng": 347.2, "WTC": 3, "Species": 1, "Engines": "2", "EngType": 3, "EngMount": 0, "Mil": false, "Cou": "United States", "HasPic": false, "Interested": false, "FlightsCount": 0, "Gnd": false, "SpdTyp": 0, "CallSus": false, "Trt": 2, "Year": "2010"}, {"Id": 3960938, "Rcvr": 1, "HasSig": true, "Sig": 157, "Icao": "3C706A", "Bad": false, "Reg": "D-ALCJ", "FSeen": "/Date(1544404307076)/", "TSecs": 4377, "CMsgs": 2466, "Alt": 34950, "GAlt": 35251, "InHg": 30.2214565, "AltT": 0, "Call": "GEC8171", "Lat": 40.519114, "Long": -74.093357, "PosTime": 1544408684158, "Mlat": false, "Tisb": false, "Spd": 559.0, "Trak": 49.0, "TrkH": false, "Type": "MD11", "Mdl": "McDonnell Douglas MD-11 F", "Man": "McDonnell Douglas", "CNum": "48802", "From": "KATL Hartsfield Jackson Atlanta, United States", "To": "EDDF Frankfurt am Main, Frankfurt-am-Main, Germany", "Stops": ["KJFK John F Kennedy, New York, United States"], "Op": "Lufthansa Cargo Airlines", "OpIcao": "GEC", "Sqk": "2031", "Help": false, "Vsi": 64, "VsiT": 0, "Dst": 29.71, "Brng": 242.6, "WTC": 3, "Species": 1, "Engines": "3", "EngType": 3, "EngMount": 0, "Mil": false, "Cou": "Germany", "HasPic": false, "Interested": false, "FlightsCount": 0, "Gnd": false, "SpdTyp": 0, "CallSus": false, "Trt": 2, "Year": "2000"}, {"Id": 10970762, "Rcvr": 1, "HasSig": true, "Sig": 10, "Icao": "A7668A", "Bad": false, "Reg": "N576UW", "FSeen": "/Date(1544403957094)/", "TSecs": 4727, "CMsgs": 2505, "Alt": 975, "GAlt": 1294, "InHg": 30.239172, "AltT": 0, "TAlt": 3008, "Call": "AAL2078", "Lat": 40.761795, "Long": -74.120605, "PosTime": 1544408669014, "Mlat": false, "Tisb": false, "Spd": 146.7, "Trak": 205.9, "TrkH": false, "TTrk": 189.84375, "Type": "A321", "Mdl": "2014 AIRBUS INDUSTRIE A321-231", "Man": "Airbus", "CNum": "6027", "From": "KCLT Charlotte Douglas, United States", "To": "KFLL Fort Lauderdale Hollywood, United States", "Op": "American Airlines", "OpIcao": "AAL", "Sqk": "2565", "Help": false, "Vsi": -960, "VsiT": 1, "Dst": 31.53, "Brng": 295.0, "WTC": 2, "Species": 1, "Engines": "2", "EngType": 3, "EngMount": 0, "Mil": false, "Cou": "United States", "HasPic": false, "Interested": false, "FlightsCount": 0, "Gnd": false, "SpdTyp": 0, "CallSus": false, "Trt": 5, "Year": "2014"}, {"Id": 10956578, "Rcvr": 1, "HasSig": true, "Sig": 123, "Icao": "A72F22", "Bad": false, "Reg": "N562JB", "FSeen": "/Date(1544403419146)/", "TSecs": 5265, "CMsgs": 2551, "Alt": -250, "GAlt": 69, "InHg": 30.2388229, "AltT": 0, "TAlt": 3008, "Call": "JBU1818", "Lat": 40.633186, "Long": -73.768875, "PosTime": 1544406818361, "Mlat": false, "PosStale": true, "Tisb": false, "Spd": 0.0, "Trak": 210.9, "TrkH": false, "TTrk": 0.0, "Type": "A320", "Mdl": "2003 AIRBUS A320-232", "Man": "Airbus", "CNum": "1948", "From": "TTPP Piarco, Port of Spain, Trinidad and Tobago", "To": "KJFK John F Kennedy, New York, United States", "Op": "JetBlue Airways", "OpIcao": "JBU", "Sqk": "2666", "Help": false, "Vsi": -640, "VsiT": 0, "Dst": 1.47, "Brng": 134.6, "WTC": 2, "Species": 1, "Engines": "2", "EngType": 3, "EngMount": 0, "Mil": false, "Cou": "United States", "HasPic": false, "Interested": false, "FlightsCount": 0, "Gnd": true, "SpdTyp": 0, "CallSus": false, "Trt": 5, "Year": "2003"}, {"Id": 10536597, "Rcvr": 1, "HasSig": true, "Sig": 138, "Icao": "A0C695", "Bad": false, "Reg": "N14905", "FSeen": "/Date(1544403342756)/", "TSecs": 5341, "CMsgs": 2721, "Alt": 25, "GAlt": 326, "InHg": 30.2214565, "AltT": 0, "Call": "ASQ4170", "Lat": 40.732132, "Long": -74.140198, "PosTime": 1544408634162, "Mlat": true, "Tisb": false, "Spd": 262.0, "Trak": 212.7, "TrkH": false, "Type": "E145", "Mdl": "2001 EMBRAER EMB-145LR", "Man": "Embraer", "CNum": "145476", "Op": "WELLS FARGO BANK NORTHWEST NA TRUSTEE     - SALT LAKE CITY, UT", "OpIcao": "ASQ", "Sqk": "6767", "Help": false, "Vsi": 5, "VsiT": 0, "Dst": 31.86, "Brng": 288.3, "WTC": 2, "Species": 1, "Engines": "2", "EngType": 3, "EngMount": 1, "Mil": false, "Cou": "United States", "HasPic": false, "Interested": false, "FlightsCount": 0, "Gnd": false, "SpdTyp": 0, "CallSus": true, "Trt": 2, "Year": "2001"}, {"Id": 11346322, "Rcvr": 1, "HasSig": false, "Icao": "AD2192", "Bad": false, "Reg": "N945UW", "FSeen": "/Date(1544403289535)/", "TSecs": 5395, "CMsgs": 3003, "Alt": 3750, "GAlt": 3889, "InHg": 30.0590553, "AltT": 0, "Call": "C31662", "Lat": 40.759557, "Long": -73.803968, "PosTime": 1544408680597, "Mlat": true, "Tisb": false, "Spd": 484.4, "Trak": 37.7, "TrkH": false, "Type": "E190", "Mdl": " EMBRAER ERJ 190-100 IGW", "Man": "Embraer", "CNum": "19000062", "Op": "US AIRWAYS INC     - FORT WORTH, TX", "OpIcao": "AAL", "Sqk": "7227", "Help": false, "Vsi": 64, "VsiT": 1, "Dst": 13.16, "Brng": 351.6, "WTC": 2, "Species": 1, "Engines": "2", "EngType": 3, "EngMount": 0, "Mil": false, "Cou": "United States", "HasPic": false, "Interested": false, "FlightsCount": 0, "Gnd": false, "SpdTyp": 0, "CallSus": false, "Trt": 2}, {"Id": 11231489, "Rcvr": 1, "HasSig": true, "Sig": 177, "Icao": "AB6101", "Bad": false, "Reg": "N832NN", "FSeen": "/Date(1544403279106)/", "TSecs": 5405, "CMsgs": 3068, "Alt": 3950, "GAlt": 4240, "InHg": 30.2096462, "AltT": 0, "Call": "AAL294", "Lat": 40.616547, "Long": -74.039063, "PosTime": 1544408680597, "Mlat": false, "Tisb": false, "Spd": 264.1, "Trak": 38.4, "TrkH": false, "Type": "B738", "Mdl": "2010 BOEING 737-823", "Man": "Boeing", "CNum": "33521", "From": "KDFW Dallas Fort Worth, Dallas-Fort Worth, United States", "To": "KLGA La Guardia, New York, United States", "Op": "American Airlines", "OpIcao": "AAL", "Sqk": "7262", "Help": false, "Vsi": -960, "VsiT": 0, "Dst": 21.94, "Brng": 262.5, "WTC": 2, "Species": 1, "Engines": "2", "EngType": 3, "EngMount": 0, "Mil": false, "Cou": "United States", "HasPic": false, "Interested": false, "FlightsCount": 0, "Gnd": false, "SpdTyp": 0, "CallSus": false, "Trt": 2, "Year": "2010"}, {"Id": 11357226, "Rcvr": 1, "HasSig": false, "Icao": "AD4C2A", "Bad": false, "Reg": "N956NN", "FSeen": "/Date(1544403102560)/", "TSecs": 5582, "CMsgs": 3133, "Alt": 2725, "GAlt": 3015, "InHg": 30.2096462, "AltT": 0, "Call": "AAL295", "Lat": 40.832199, "Long": -73.75354, "PosTime": 1544408684155, "Mlat": false, "Tisb": false, "Spd": 184.0, "Trak": 32.4, "TrkH": false, "Type": "B738", "Mdl": "2014 BOEING 737-823", "Man": "Boeing", "CNum": "31200", "From": "KMIA Miami, United States", "To": "KLAX Los Angeles, United States", "Op": "American Airlines", "OpIcao": "AAL", "Sqk": "1300", "Help": false, "Vsi": 0, "VsiT": 0, "Dst": 21.22, "Brng": 6.3, "WTC": 2, "Species": 1, "Engines": "2", "EngType": 3, "EngMount": 0, "Mil": false, "Cou": "United States", "HasPic": false, "Interested": false, "FlightsCount": 0, "Gnd": false, "SpdTyp": 0, "CallSus": false, "Trt": 2, "Year": "2014"}, {"Id": 11211993, "Rcvr": 1, "HasSig": false, "Icao": "AB14D9", "Bad": false, "Reg": "N813DN", "FSeen": "/Date(1544402840217)/", "TSecs": 5844, "CMsgs": 3233, "Alt": 500, "GAlt": 810, "InHg": 30.2303143, "AltT": 0, "Call": "DAL214", "Lat": 40.677155, "Long": -73.729858, "PosTime": 1544408684155, "Mlat": false, "Tisb": false, "Spd": 144.0, "Trak": 212.3, "TrkH": false, "Type": "B739", "Mdl": "2014 BOEING 737-932ER", "Man": "Boeing", "CNum": "31925", "From": "LGAV Eleftherios Venizelos, Athens, Greece", "To": "KJFK John F Kennedy, New York, United States", "Op": "Delta Air Lines", "OpIcao": "DAL", "Sqk": "7154", "Help": false, "Vsi": -896, "VsiT": 0, "Dst": 5.8, "Brng": 48.4, "WTC": 2, "Species": 1, "Engines": "2", "EngType": 3, "EngMount": 0, "Mil": false, "Cou": "United States", "HasPic": false, "Interested": false, "FlightsCount": 0, "Gnd": false, "SpdTyp": 0, "CallSus": false, "Trt": 2, "Year": "2014"}, {"Id": 10620161, "Rcvr": 1, "HasSig": true, "Sig": 64, "Icao": "A20D01", "Bad": false, "Reg": "N231JB", "FSeen": "/Date(1544402245087)/", "TSecs": 6439, "CMsgs": 3586, "Alt": -250, "GAlt": 45, "InHg": 30.2151985, "AltT": 0, "TAlt": 3008, "Call": "JBU1106", "Lat": 40.631445, "Long": -73.765718, "PosTime": 1544408684154, "Mlat": false, "Tisb": false, "Spd": 40.0, "Trak": 214.9, "TrkH": false, "Type": "E190", "Mdl": "2006 EMBRAER ERJ 190-100 IGW", "Man": "Embraer", "CNum": "19000033", "From": "KORD Chicago O'Hare, United States", "To": "KJFK John F Kennedy, New York, United States", "Op": "JetBlue Airways", "OpIcao": "JBU", "Sqk": "6206", "Help": false, "Vsi": 0, "VsiT": 1, "Dst": 1.8, "Brng": 133.1, "WTC": 2, "Species": 1, "Engines": "2", "EngType": 3, "EngMount": 0, "Mil": false, "Cou": "United States", "HasPic": false, "Interested": false, "FlightsCount": 0, "Gnd": true, "SpdTyp": 0, "CallSus": false, "Trt": 5, "Year": "2006"}, {"Id": 10726522, "Rcvr": 1, "HasSig": true, "Sig": 199, "Icao": "A3AC7A", "Bad": false, "Reg": "N336DX", "FSeen": "/Date(1544402107486)/", "TSecs": 6577, "CMsgs": 3565, "Alt": 3750, "GAlt": 4051, "InHg": 30.2214565, "AltT": 0, "TAlt": 10016, "Call": "DAL869", "Lat": 40.69969, "Long": -73.927376, "PosTime": 1544408684154, "Mlat": false, "Tisb": false, "Spd": 266.2, "Trak": 59.8, "TrkH": false, "TTrk": 70.3125, "Type": "A321", "Mdl": "Airbus A321 211SL", "Man": "Airbus", "CNum": "8063", "From": "KEWR Newark Liberty, United States", "To": "KDTW Detroit Metropolitan Wayne County, United States", "Op": "Delta Air Lines", "OpIcao": "DAL", "Sqk": "1701", "Help": false, "Vsi": 0, "VsiT": 1, "Dst": 13.87, "Brng": 297.4, "WTC": 2, "Species": 1, "Engines": "2", "EngType": 3, "EngMount": 0, "Mil": false, "Cou": "United States", "HasPic": false, "Interested": false, "FlightsCount": 0, "Gnd": false, "SpdTyp": 0, "CallSus": false, "Trt": 5, "Year": "2017"}, {"Id": 11105991, "Rcvr": 1, "HasSig": true, "Sig": 178, "Icao": "A976C7", "Bad": false, "Reg": "N709JB", "FSeen": "/Date(1544401007420)/", "TSecs": 7677, "CMsgs": 3591, "Alt": -250, "GAlt": 60, "InHg": 30.2303143, "AltT": 0, "TAlt": 35008, "Call": "JBU1295", "Lat": 40.632591, "Long": -73.767609, "PosTime": 1544406220924, "Mlat": false, "PosStale": true, "Tisb": false, "Spd": 0.0, "Trak": 191.3, "TrkH": false, "TTrk": 0.0, "Type": "A320", "Mdl": "2008 AIRBUS A320-232", "Man": "Airbus", "CNum": "3488", "From": "KJFK John F Kennedy, New York, United States", "To": "KAUS Austin Bergstrom, United States", "Op": "JetBlue Airways", "OpIcao": "JBU", "Sqk": "1553", "Help": false, "Vsi": -128, "VsiT": 0, "Dst": 1.59, "Brng": 133.6, "WTC": 2, "Species": 1, "Engines": "2", "EngType": 3, "EngMount": 0, "Mil": false, "Cou": "United States", "HasPic": false, "Interested": false, "FlightsCount": 0, "Gnd": true, "SpdTyp": 0, "CallSus": false, "Trt": 5, "Year": "2008"}, {"Id": 10589767, "Rcvr": 1, "HasSig": false, "Icao": "A19647", "Bad": false, "Reg": "N201FR", "FSeen": "/Date(1544400865349)/", "TSecs": 7819, "CMsgs": 4198, "Alt": 1300, "GAlt": 1590, "InHg": 30.2096462, "AltT": 0, "Call": "1596", "Lat": 40.849777, "Long": -73.8172, "PosTime": 1544408684153, "Mlat": false, "Tisb": false, "Spd": 130.0, "Trak": 210.9, "TrkH": false, "Type": "A320", "Mdl": "2008 AIRBUS A320-214", "Man": "Airbus", "CNum": "3389", "Op": "Frontier Airlines", "OpIcao": "FFT", "Sqk": "1441", "Help": false, "Vsi": -512, "VsiT": 0, "Dst": 23.25, "Brng": 352.5, "WTC": 2, "Species": 1, "Engines": "2", "EngType": 3, "EngMount": 0, "Mil": false, "Cou": "United States", "HasPic": false, "Interested": false, "FlightsCount": 0, "Gnd": false, "SpdTyp": 0, "CallSus": false, "Trt": 2, "Year": "2008"}, {"Id": 4804978, "Rcvr": 1, "HasSig": true, "Sig": 145, "Icao": "495172", "Bad": false, "Reg": "CS-TKR", "FSeen": "/Date(1544400431200)/", "TSecs": 8253, "CMsgs": 4561, "Alt": 1800, "GAlt": 2090, "InHg": 30.2096462, "AltT": 0, "Call": "LOT26", "Lat": 40.73088, "Long": -73.687675, "PosTime": 1544408684152, "Mlat": false, "Tisb": false, "Spd": 148.0, "Trak": 210.9, "TrkH": false, "Type": "B763", "Mdl": "Boeing 767 36NER", "Man": "Boeing", "CNum": "30854", "From": "EPWA Warsaw Chopin, Poland", "To": "KJFK John F Kennedy, New York, United States", "Op": "Air Niugini", "OpIcao": "ANG", "Sqk": "4573", "Help": false, "Vsi": -704, "VsiT": 0, "Dst": 12.61, "Brng": 38.7, "WTC": 3, "Species": 1, "Engines": "2", "EngType": 3, "EngMount": 0, "Mil": false, "Cou": "Portugal", "HasPic": false, "Interested": false, "FlightsCount": 0, "Gnd": false, "SpdTyp": 0, "CallSus": false, "Trt": 2, "Year": "2001"}, {"Id": 10823953, "Rcvr": 1, "HasSig": false, "Icao": "A52911", "Bad": false, "Reg": "N431YX", "FSeen": "/Date(1544400340845)/", "TSecs": 8343, "CMsgs": 4457, "Alt": -250, "GAlt": 40, "InHg": 30.2096462, "AltT": 0, "TAlt": 2016, "Call": "RPA4500", "Lat": 40.778118, "Long": -73.875252, "PosTime": 1544408665137, "Mlat": false, "Tisb": false, "Spd": 0.0, "Trak": 194.8, "TrkH": false, "Type": "E75L", "Mdl": "2014 EMBRAER S A ERJ170-200LR", "Man": "Embraer", "CNum": "17000413", "From": "KMSP Minneapolis-St Paul International/Wold-Chamberlain, Minneapolis, United States", "To": "KLGA La Guardia, New York, United States", "Op": "REPUBLIC AIRLINE INC     - INDIANAPOLIS, IN", "OpIcao": "RPA", "Sqk": "7114", "Help": false, "Vsi": -192, "VsiT": 0, "Dst": 17.03, "Brng": 332.3, "WTC": 2, "Species": 1, "Engines": "2", "EngType": 3, "EngMount": 0, "Mil": false, "Cou": "United States", "HasPic": false, "Interested": false, "FlightsCount": 0, "Gnd": true, "SpdTyp": 0, "CallSus": false, "Trt": 5, "Year": "2014"}, {"Id": 10925303, "Rcvr": 1, "HasSig": true, "Sig": 119, "Icao": "A6B4F7", "Bad": false, "Reg": "N531JL", "FSeen": "/Date(1544400039350)/", "TSecs": 8645, "CMsgs": 3883, "Alt": -250, "GAlt": 92, "InHg": 30.26245, "AltT": 0, "TAlt": 3008, "Call": "JBU429", "Lat": 40.632534, "Long": -73.767502, "PosTime": 1544403068437, "Mlat": false, "PosStale": true, "Tisb": false, "Spd": 13.5, "Trak": 188.4, "TrkH": false, "TTrk": 0.0, "Type": "A320", "Mdl": "2001 AIRBUS INDUSTRIE A320-232", "Man": "Airbus", "CNum": "1650", "From": "KBOS General Edward Lawrence Logan, Boston, United States", "To": "KSMF Sacramento, United States", "Op": "JetBlue Airways", "OpIcao": "JBU", "Sqk": "3337", "Help": false, "Vsi": -128, "VsiT": 0, "Dst": 1.61, "Brng": 133.6, "WTC": 2, "Species": 1, "Engines": "2", "EngType": 3, "EngMount": 0, "Mil": false, "Cou": "United States", "HasPic": false, "Interested": false, "FlightsCount": 0, "Gnd": true, "SpdTyp": 0, "CallSus": false, "Trt": 5, "Year": "2001"}, {"Id": 10957529, "Rcvr": 1, "HasSig": true, "Sig": 154, "Icao": "A732D9", "Bad": false, "Reg": "N563JB", "FSeen": "/Date(1544399788617)/", "TSecs": 8895, "CMsgs": 3866, "Alt": -250, "GAlt": 69, "InHg": 30.2388229, "AltT": 0, "TAlt": 2016, "Call": "JBU1042", "Lat": 40.629398, "Long": -73.769943, "PosTime": 1544405433418, "Mlat": false, "PosStale": true, "Tisb": false, "Spd": 0.0, "Trak": 239.1, "TrkH": false, "TTrk": 279.84375, "Type": "A320", "Mdl": "2003 AIRBUS A320-232", "Man": "Airbus", "CNum": "2006", "From": "KSAV Savannah Hilton Head, United States", "To": "KJFK John F Kennedy, New York, United States", "Op": "JetBlue Airways", "OpIcao": "JBU", "Sqk": "6017", "Help": false, "Vsi": -576, "VsiT": 0, "Dst": 1.74, "Brng": 146.7, "WTC": 2, "Species": 1, "Engines": "2", "EngType": 3, "EngMount": 0, "Mil": false, "Cou": "United States", "HasPic": false, "Interested": false, "FlightsCount": 0, "Gnd": true, "SpdTyp": 0, "CallSus": false, "Trt": 5, "Year": "2003"}, {"Id": 10578165, "Rcvr": 1, "HasSig": true, "Sig": 180, "Icao": "A168F5", "Bad": false, "Reg": "N190JB", "FSeen": "/Date(1544397310144)/", "TSecs": 11374, "CMsgs": 4293, "Alt": 1750, "GAlt": 2060, "InHg": 30.2303143, "AltT": 0, "Call": "JBU1808", "Lat": 40.8066, "Long": -73.5644, "PosTime": 1544408680603, "Mlat": true, "Tisb": false, "Spd": 286.0, "Trak": 255.0, "TrkH": false, "Type": "E190", "Mdl": "2005 EMBRAER ERJ 190-100 IGW", "Man": "Embraer", "CNum": "19000011", "From": "KIAD Washington Dulles, United States", "To": "KJFK John F Kennedy, New York, United States", "Op": "JetBlue Airways", "OpIcao": "JBU", "Sqk": "2165", "Help": false, "Vsi": 16, "VsiT": 0, "Dst": 25.83, "Brng": 45.0, "WTC": 2, "Species": 1, "Engines": "2", "EngType": 3, "EngMount": 0, "Mil": false, "Cou": "United States", "HasPic": false, "Interested": false, "FlightsCount": 0, "Gnd": false, "SpdTyp": 0, "CallSus": true, "Trt": 2, "Year": "2005"}, {"Id": 11248395, "Rcvr": 1, "HasSig": true, "Sig": 106, "Icao": "ABA30B", "Bad": false, "Reg": "N849UA", "FSeen": "/Date(1544396333524)/", "TSecs": 12351, "CMsgs": 6217, "Alt": -250, "GAlt": 40, "InHg": 30.2096462, "AltT": 0, "Call": "UAL406", "Lat": 40.80748, "Long": -73.854065, "PosTime": 1544408568372, "Mlat": true, "Tisb": false, "Spd": 264.0, "Trak": 215.1, "TrkH": false, "Type": "A319", "Mdl": "2002 AIRBUS INDUSTRIE A319-131", "Man": "Airbus", "CNum": "1649", "From": "KDEN Denver, United States", "To": "KLGA La Guardia, New York, United States", "Op": "United Airlines", "OpIcao": "UAL", "Sqk": "0672", "Help": false, "Vsi": -977, "VsiT": 0, "Dst": 19.34, "Brng": 341.5, "WTC": 2, "Species": 1, "Engines": "2", "EngType": 3, "EngMount": 0, "Mil": false, "Cou": "United States", "HasPic": false, "Interested": false, "FlightsCount": 0, "Gnd": true, "SpdTyp": 0, "CallSus": false, "Trt": 2, "Year": "2002"}, {"Id": 10958480, "Rcvr": 1, "HasSig": true, "Sig": 178, "Icao": "A73690", "Bad": false, "Reg": "N564JB", "FSeen": "/Date(1544395615527)/", "TSecs": 13069, "CMsgs": 5144, "Alt": -250, "GAlt": 60, "InHg": 30.2303143, "AltT": 0, "TAlt": 18016, "Call": "JBU922", "Lat": 40.633633, "Long": -73.769897, "PosTime": 1544408021006, "Mlat": false, "PosStale": true, "Tisb": false, "Spd": 1.8, "Trak": 210.9, "TrkH": false, "TTrk": 0.0, "Type": "A320", "Mdl": "2003 AIRBUS A320-232", "Man": "Airbus", "CNum": "2020", "From": "KORD Chicago O'Hare, United States", "To": "KBOS General Edward Lawrence Logan, Boston, United States", "Op": "JetBlue Airways", "OpIcao": "JBU", "Sqk": "3273", "Help": false, "Vsi": 256, "VsiT": 0, "Dst": 1.38, "Brng": 135.7, "WTC": 2, "Species": 1, "Engines": "2", "EngType": 3, "EngMount": 0, "Mil": false, "Cou": "United States", "HasPic": false, "Interested": false, "FlightsCount": 0, "Gnd": true, "SpdTyp": 0, "CallSus": false, "Trt": 5, "Year": "2003"}, {"Id": 11373549, "Rcvr": 1, "HasSig": true, "Sig": 79, "Icao": "AD8BED", "Bad": false, "Reg": "N972JT", "FSeen": "/Date(1544394254578)/", "TSecs": 14429, "CMsgs": 4146, "Alt": -250, "GAlt": 92, "InHg": 30.26245, "AltT": 0, "TAlt": 4000, "Call": "JBU2809", "Lat": 40.658432, "Long": -73.791809, "PosTime": 1544396608212, "Mlat": false, "PosStale": true, "Tisb": false, "Spd": 3.5, "Trak": 120.9, "TrkH": false, "TTrk": 0.0, "Type": "A321", "Mdl": "Airbus A321 231SL", "Man": "Airbus", "CNum": "7455", "Op": "JetBlue Airways", "OpIcao": "JBU", "Sqk": "3022", "Help": false, "Vsi": -576, "VsiT": 0, "Dst": 1.98, "Brng": 333.4, "WTC": 2, "Species": 1, "Engines": "2", "EngType": 3, "EngMount": 0, "Mil": false, "Cou": "United States", "HasPic": false, "Interested": false, "FlightsCount": 0, "Gnd": true, "SpdTyp": 0, "CallSus": false, "Trt": 5, "Year": "2016"}, {"Id": 11103138, "Rcvr": 1, "HasSig": true, "Sig": 114, "Icao": "A96BA2", "Bad": false, "Reg": "N706JB", "FSeen": "/Date(1544393522677)/", "TSecs": 15161, "CMsgs": 4370, "Alt": -250, "GAlt": 92, "InHg": 30.26245, "AltT": 0, "TAlt": 4000, "Call": "JBU2989", "Lat": 40.651291, "Long": -73.775894, "PosTime": 1544395940339, "Mlat": false, "PosStale": true, "Tisb": false, "Spd": 1.0, "Trak": 177.2, "TrkH": false, "TTrk": 0.0, "Type": "A320", "Mdl": "2008 AIRBUS A320-232", "Man": "Airbus", "CNum": "3451", "From": "KBOS General Edward Lawrence Logan, Boston, United States", "To": "KDCA Ronald Reagan Washington National, United States", "Op": "JetBlue Airways", "OpIcao": "JBU", "Sqk": "3056", "Help": false, "Vsi": -960, "VsiT": 0, "Dst": 1.08, "Brng": 24.9, "WTC": 2, "Species": 1, "Engines": "2", "EngType": 3, "EngMount": 0, "Mil": false, "Cou": "United States", "HasPic": false, "Interested": false, "FlightsCount": 0, "Gnd": true, "SpdTyp": 0, "CallSus": false, "Trt": 5, "Year": "2008"}, {"Id": 11232410, "Rcvr": 1, "HasSig": true, "Sig": 128, "Icao": "AB649A", "Bad": false, "Reg": "N833MH", "FSeen": "/Date(1544391142196)/", "TSecs": 17542, "CMsgs": 8391, "Alt": -250, "GAlt": 45, "InHg": 30.2151985, "AltT": 0, "TAlt": 3008, "Call": "DAL1197", "Lat": 40.629421, "Long": -73.769943, "PosTime": 1544408558789, "Mlat": false, "PosStale": true, "Tisb": false, "Spd": 6.0, "Trak": 300.9, "TrkH": false, "TTrk": 224.296875, "Type": "B764", "Mdl": "2000 BOEING 767-432ER", "Man": "Boeing", "CNum": "29706", "From": "KLAX Los Angeles, United States", "To": "KJFK John F Kennedy, New York, United States", "Op": "Delta Air Lines", "OpIcao": "DAL", "Sqk": "4063", "Help": false, "Vsi": -64, "VsiT": 0, "Dst": 1.74, "Brng": 146.6, "WTC": 3, "Species": 1, "Engines": "2", "EngType": 3, "EngMount": 0, "Mil": false, "Cou": "United States", "HasPic": false, "Interested": false, "FlightsCount": 0, "Gnd": true, "SpdTyp": 0, "CallSus": false, "Trt": 2, "Year": "2000"}, {"Id": 11116308, "Rcvr": 1, "HasSig": false, "Icao": "A99F14", "Bad": false, "Reg": "N719SH", "FSeen": "/Date(1544390080616)/", "TSecs": 18603, "CMsgs": 8385, "Alt": -250, "GAlt": 40, "InHg": 30.2096462, "AltT": 0, "Call": "N719SH", "Lat": 40.849777, "Long": -74.05957, "PosTime": 1544408684150, "Mlat": false, "Tisb": false, "Spd": 104.0, "Trak": 183.3, "TrkH": false, "Type": "F900", "Mdl": "2002 DASSAULT FALCON 900 EX", "Man": "Dassault", "CNum": "119", "Op": "SOUTH POINTE SERVICES LLC     - TETERBORO, NJ", "Sqk": "3750", "Help": false, "Vsi": 0, "VsiT": 0, "Dst": 32.88, "Brng": 314.6, "WTC": 2, "Species": 1, "Engines": "3", "EngType": 3, "EngMount": 1, "Mil": false, "Cou": "United States", "HasPic": false, "Interested": false, "FlightsCount": 0, "Gnd": false, "SpdTyp": 0, "CallSus": false, "Trt": 4, "Year": "2002"}, {"Id": 11120751, "Rcvr": 1, "HasSig": false, "Icao": "A9B06F", "Bad": false, "Reg": "N723TW", "FSeen": "/Date(1544389902263)/", "TSecs": 18782, "CMsgs": 8229, "Alt": 10450, "GAlt": 10745, "InHg": 30.2151985, "AltT": 0, "TAlt": 12992, "Call": "DAL1164", "Lat": 40.424984, "Long": -73.861649, "PosTime": 1544408668988, "Mlat": false, "Tisb": false, "Spd": 300.0, "Trak": 128.0, "TrkH": false, "TTrk": 180.0, "Type": "B752", "Mdl": "2000 BOEING 757-231", "Man": "Boeing", "CNum": "29378", "From": "KJFK John F Kennedy, New York, United States", "To": "KBOS General Edward Lawrence Logan, Boston, United States", "Op": "DELTA AIR LINES INC     - ATLANTA, GA", "OpIcao": "DAL", "Sqk": "3704", "Help": false, "Vsi": -1856, "VsiT": 0, "Dst": 25.12, "Brng": 195.7, "WTC": 2, "Species": 1, "Engines": "2", "EngType": 3, "EngMount": 0, "Mil": false, "Cou": "United States", "HasPic": false, "Interested": false, "FlightsCount": 0, "Gnd": false, "SpdTyp": 0, "CallSus": false, "Trt": 5, "Year": "2000"}, {"Id": 11363438, "Rcvr": 1, "HasSig": true, "Sig": 144, "Icao": "AD646E", "Bad": false, "Reg": "N962JT", "FSeen": "/Date(1544389458648)/", "TSecs": 19225, "CMsgs": 8317, "Alt": -250, "GAlt": 60, "InHg": 30.2303143, "AltT": 0, "TAlt": 4000, "Call": "JBU190", "Lat": 40.642769, "Long": -73.771088, "PosTime": 1544407306857, "Mlat": false, "PosStale": true, "Tisb": false, "Spd": 0.0, "Trak": 199.7, "TrkH": false, "TTrk": 250.0, "Type": "A321", "Mdl": "Airbus A321 231SL", "Man": "Airbus", "CNum": "6988", "From": "KSAN San Diego, United States", "To": "KJFK John F Kennedy, New York, United States", "Op": "JetBlue Airways", "OpIcao": "JBU", "Sqk": "2000", "Help": false, "Vsi": -1280, "VsiT": 0, "Dst": 0.86, "Brng": 87.9, "WTC": 2, "Species": 1, "Engines": "2", "EngType": 3, "EngMount": 0, "Mil": false, "Cou": "United States", "HasPic": false, "Interested": false, "FlightsCount": 0, "Gnd": true, "SpdTyp": 0, "CallSus": false, "Trt": 4, "Year": "2016"}, {"Id": 11039969, "Rcvr": 1, "HasSig": true, "Sig": 188, "Icao": "A874E1", "Bad": false, "Reg": "N644JB", "FSeen": "/Date(1544388110946)/", "TSecs": 20573, "CMsgs": 8766, "Alt": -250, "GAlt": 69, "InHg": 30.2388229, "AltT": 0, "TAlt": 3008, "Call": "JBU514", "Lat": 40.63262, "Long": -73.767653, "PosTime": 1544406725493, "Mlat": false, "PosStale": true, "Tisb": false, "Spd": 0.3, "Trak": 188.4, "TrkH": false, "TTrk": 0.0, "Type": "A320", "Mdl": "2006 AIRBUS A320-232", "Man": "Airbus", "CNum": "2880", "From": "KLGB Long Beach /Daugherty Field/, United States", "To": "KJFK John F Kennedy, New York, United States", "Op": "JetBlue Airways", "OpIcao": "JBU", "Sqk": "2000", "Help": false, "Vsi": -128, "VsiT": 0, "Dst": 1.59, "Brng": 133.6, "WTC": 2, "Species": 1, "Engines": "2", "EngType": 3, "EngMount": 0, "Mil": false, "Cou": "United States", "HasPic": false, "Interested": false, "FlightsCount": 0, "Gnd": true, "SpdTyp": 0, "CallSus": false, "Trt": 5, "Year": "2006"}, {"Id": 9015523, "Rcvr": 1, "HasSig": true, "Sig": 157, "Icao": "8990E3", "Bad": false, "Reg": "B-16721", "FSeen": "/Date(1544388060940)/", "TSecs": 20623, "CMsgs": 5037, "Alt": -225, "GAlt": 209, "InHg": 30.2303143, "AltT": 0, "TAlt": 2016, "Call": "EVA032", "Lat": 40.644562, "Long": -73.802307, "PosTime": 1544408483554, "Mlat": false, "PosStale": true, "Tisb": false, "Spd": 0.0, "Trak": 296.6, "TrkH": false, "TTrk": 250.3125, "Type": "B773", "Mdl": "Boeing 777 35EER", "Man": "Boeing", "CNum": "43290", "From": "RCTP Taiwan Taoyuan, Taipei, Taiwan", "To": "KJFK John F Kennedy, New York, United States", "Op": "EVA Air", "OpIcao": "EVA", "Sqk": "4122", "Help": false, "Vsi": -128, "VsiT": 1, "Dst": 1.79, "Brng": 277.4, "WTC": 3, "Species": 1, "Engines": "2", "EngType": 3, "EngMount": 0, "Mil": false, "Cou": "Taiwan", "HasPic": false, "Interested": false, "FlightsCount": 0, "Gnd": true, "SpdTyp": 0, "CallSus": false, "Trt": 5, "Year": "2015"}, {"Id": 10502794, "Rcvr": 1, "HasSig": true, "Sig": 79, "Icao": "A0428A", "Bad": false, "Reg": "N116AN", "FSeen": "/Date(1544386077160)/", "TSecs": 22607, "CMsgs": 8450, "Alt": -250, "GAlt": 60, "InHg": 30.2303143, "AltT": 0, "TAlt": 3008, "Call": "AAL185", "Lat": 40.633713, "Long": -73.770081, "PosTime": 1544405313792, "Mlat": false, "PosStale": true, "Tisb": false, "Spd": 0.0, "Trak": 149.1, "TrkH": false, "TTrk": 0.0, "Type": "A321", "Mdl": "2014 AIRBUS INDUSTRIE A321-231", "Man": "Airbus", "CNum": "6070", "From": "KJFK John F Kennedy, New York, United States", "To": "KLAX Los Angeles, United States", "Op": "American Airlines", "OpIcao": "AAL", "Sqk": "3041", "Help": false, "Vsi": -64, "VsiT": 0, "Dst": 1.36, "Brng": 135.9, "WTC": 2, "Species": 1, "Engines": "2", "EngType": 3, "EngMount": 0, "Mil": false, "Cou": "United States", "HasPic": false, "Interested": false, "FlightsCount": 0, "Gnd": true, "SpdTyp": 0, "CallSus": false, "Trt": 5, "Year": "2014"}, {"Id": 4704458, "Rcvr": 1, "HasSig": true, "Sig": 160, "Icao": "47C8CA", "Bad": false, "Reg": "LN-LNT", "FSeen": "/Date(1544380088263)/", "TSecs": 28596, "CMsgs": 5524, "Alt": -250, "GAlt": 60, "InHg": 30.2303143, "AltT": 0, "TAlt": 4992, "Call": "NAX3RV", "Lat": 40.632854, "Long": -73.773819, "PosTime": 1544408513674, "Mlat": false, "Tisb": false, "Spd": 0.0, "Trak": 63.4, "TrkH": false, "TTrk": 350.15625, "Type": "B789", "Mdl": "Boeing 787 9", "Man": "Boeing", "CNum": "38774", "Op": "Norwegian", "OpIcao": "NAX", "Sqk": "6037", "Help": false, "Vsi": 0, "VsiT": 1, "Dst": 1.24, "Brng": 149.5, "WTC": 3, "Species": 1, "Engines": "2", "EngType": 3, "EngMount": 0, "Mil": false, "Cou": "Norway", "HasPic": false, "Interested": false, "FlightsCount": 0, "Gnd": true, "SpdTyp": 0, "CallSus": false, "Trt": 5, "Year": "2017", "Sat": true}], "totalAc": 5113, "lastDv": "636798038008664266", "shtTrlSec": 65, "stm": 1544408684500}