{"src": 1, "feeds": [{"id": 1, "name": "From Cons", "polarPlot": false}], "srcFeed": 1, "showSil": true, "showFlg": true, "showPic": true, "flgH": 20, "flgW": 85, "acList": [{"Id": 10800277, "Rcvr": 1, "HasSig": false, "Icao": "A4CC95", "Bad": false, "Reg": "N408YX", "FSeen": "/Date(1544412296325)/", "TSecs": 28, "CMsgs": 3, "InHg": 30.2096462, "AltT": 0, "Lat": 40.637947, "Long": -73.790894, "PosTime": 1544412319617, "Mlat": false, "Tisb": false, "Spd": 23.0, "Trak": 120.8, "TrkH": false, "Type": "E75S", "Mdl": "2013 EMBRAER ERJ170-200LR", "Man": "Embraer", "CNum": "17000371", "Op": "Republic Airlines", "OpIcao": "RPA", "Sqk": "", "VsiT": 0, "Dst": 0.96, "Brng": 238.1, "WTC": 2, "Species": 1, "Engines": "2", "EngType": 3, "EngMount": 0, "Mil": false, "Cou": "United States", "HasPic": false, "Interested": false, "FlightsCount": 0, "Gnd": true, "SpdTyp": 0, "CallSus": false, "Trt": 2, "Year": "2013"}, {"Id": 4703685, "Rcvr": 1, "HasSig": false, "Icao": "47C5C5", "Bad": false, "Reg": "LN-LNB", "FSeen": "/Date(1544412287652)/", "TSecs": 37, "CMsgs": 8, "InHg": 30.2096462, "AltT": 0, "Lat": 40.640797, "Long": -73.791473, "PosTime": 1544412300489, "Mlat": false, "Tisb": false, "Spd": 1.0, "Trak": 255.9, "TrkH": false, "Type": "B788", "Mdl": "Boeing 787 8", "Man": "Boeing", "CNum": "35305", "Op": "Norwegian", "OpIcao": "NAX", "Sqk": "", "VsiT": 0, "Dst": 0.88, "Brng": 257.7, "WTC": 3, "Species": 1, "Engines": "2", "EngType": 3, "EngMount": 0, "Mil": false, "Cou": "Norway", "HasPic": false, "Interested": false, "FlightsCount": 0, "Gnd": true, "SpdTyp": 0, "CallSus": false, "Trt": 2, "Year": "2013"}, {"Id": 11118416, "Rcvr": 1, "HasSig": false, "Icao": "A9A750", "Bad": false, "Reg": "N721AN", "FSeen": "/Date(1544412170725)/", "TSecs": 153, "CMsgs": 39, "Alt": -225, "GAlt": 65, "InHg": 30.2096462, "AltT": 0, "Call": "AAL951", "Lat": 40.648876, "Long": -73.790512, "PosTime": 1544412319616, "Mlat": false, "Tisb": false, "Spd": 0.0, "Trak": 171.6, "TrkH": false, "Type": "B77W", "Mdl": "2013 BOEING 777-323ER", "Man": "Boeing", "CNum": "31546", "From": "KJFK John F Kennedy, New York, United States", "To": "SBGR Guarulhos - Governador Andr\u00e9 Franco Montoro, S\u00e3o Paulo, Brazil", "Op": "American Airlines", "OpIcao": "AAL", "Sqk": "1616", "Help": false, "VsiT": 0, "Dst": 1.05, "Brng": 312.4, "WTC": 3, "Species": 1, "Engines": "2", "EngType": 3, "EngMount": 0, "Mil": false, "Cou": "United States", "HasPic": false, "Interested": false, "FlightsCount": 0, "Gnd": true, "SpdTyp": 0, "CallSus": false, "Trt": 2, "Year": "2013"}, {"Id": 4196210, "Rcvr": 1, "HasSig": true, "Sig": 214, "Icao": "400772", "Bad": false, "Reg": "G-VIIU", "FSeen": "/Date(1544412058555)/", "TSecs": 266, "CMsgs": 87, "Alt": 1825, "GAlt": 2115, "InHg": 30.2096462, "AltT": 0, "Call": "BAW10C", "Lat": 40.639389, "Long": -73.860901, "PosTime": 1544412322580, "Mlat": false, "Tisb": false, "Spd": 229.8, "Trak": 224.5, "TrkH": false, "Type": "B772", "Mdl": "Boeing 777 236ER", "Man": "Boeing", "CNum": "29963", "From": "EGPF Glasgow, United Kingdom", "To": "EGKK London Gatwick, United Kingdom", "Op": "British Airways", "OpIcao": "BAW", "Sqk": "3003", "Help": false, "Vsi": 1088, "VsiT": 0, "Dst": 6.73, "Brng": 267.1, "WTC": 3, "Species": 1, "Engines": "2", "EngType": 3, "EngMount": 0, "Mil": false, "Cou": "United Kingdom", "HasPic": false, "Interested": false, "FlightsCount": 0, "Gnd": false, "SpdTyp": 0, "CallSus": false, "Trt": 2, "Year": "1999"}, {"Id": 11164562, "Rcvr": 1, "HasSig": false, "Icao": "AA5B92", "Bad": false, "Reg": "N767AJ", "FSeen": "/Date(1544411926730)/", "TSecs": 397, "CMsgs": 109, "Alt": -200, "GAlt": 90, "InHg": 30.2096462, "AltT": 0, "Call": "AAL104", "Lat": 40.648396, "Long": -73.791809, "PosTime": 1544412304017, "Mlat": false, "Tisb": false, "Spd": 0.0, "Trak": 193.0, "TrkH": false, "Type": "B772", "Mdl": "2006 BOEING 777-223", "Man": "Boeing", "CNum": "33539", "From": "KJFK John F Kennedy, New York, United States", "To": "EGLL London Heathrow, United Kingdom", "Op": "AMERICAN AIRLINES INC     - FORT WORTH, TX", "OpIcao": "AAL", "Sqk": "1630", "Help": false, "VsiT": 0, "Dst": 1.1, "Brng": 306.5, "WTC": 3, "Species": 1, "Engines": "2", "EngType": 3, "EngMount": 0, "Mil": false, "Cou": "United States", "HasPic": false, "Interested": false, "FlightsCount": 0, "Gnd": true, "SpdTyp": 0, "CallSus": false, "Trt": 2, "Year": "2006"}, {"Id": 11107787, "Rcvr": 1, "HasSig": true, "Sig": 195, "Icao": "A97DCB", "Bad": false, "Reg": "N710TW", "FSeen": "/Date(1544411611808)/", "TSecs": 712, "CMsgs": 226, "Alt": 5550, "GAlt": 5845, "InHg": 30.2151985, "AltT": 0, "TAlt": 11008, "Call": "DAL208", "Lat": 40.568692, "Long": -73.863456, "PosTime": 1544412322573, "Mlat": false, "Tisb": false, "Spd": 271.0, "Trak": 117.2, "TrkH": false, "TTrk": 90.0, "Type": "B752", "Mdl": "1997 BOEING 757-2Q8", "Man": "Boeing", "CNum": "28169", "From": "LSZH Z\u00fcrich, Switzerland", "To": "KJFK John F Kennedy, New York, United States", "Op": "Delta Air Lines", "OpIcao": "DAL", "Sqk": "1544", "Help": false, "Vsi": 2880, "VsiT": 1, "Dst": 10.75, "Brng": 220.2, "WTC": 2, "Species": 1, "Engines": "2", "EngType": 3, "EngMount": 0, "Mil": false, "Cou": "United States", "HasPic": false, "Interested": false, "FlightsCount": 0, "Gnd": false, "SpdTyp": 0, "CallSus": false, "Trt": 5, "Year": "1997"}, {"Id": 11175628, "Rcvr": 1, "HasSig": true, "Sig": 203, "Icao": "AA86CC", "Bad": false, "Reg": "N778AN", "FSeen": "/Date(1544411377017)/", "TSecs": 947, "CMsgs": 220, "Alt": 8700, "GAlt": 8990, "InHg": 30.2096462, "AltT": 0, "Call": "AAL953", "Lat": 40.448401, "Long": -73.739797, "PosTime": 1544412323839, "Mlat": false, "Tisb": false, "Spd": 291.3, "Trak": 128.2, "TrkH": false, "Type": "B772", "Mdl": "1999 BOEING 777-223", "Man": "Boeing", "CNum": "29587", "From": "KJFK John F Kennedy, New York, United States", "To": "SAEZ Ministro Pistarini, Ezeiza, Argentina", "Op": "American Airlines", "OpIcao": "AAL", "Sqk": "1535", "Help": false, "Vsi": 1984, "VsiT": 0, "Dst": 21.86, "Brng": 170.8, "WTC": 3, "Species": 1, "Engines": "2", "EngType": 3, "EngMount": 0, "Mil": false, "Cou": "United States", "HasPic": false, "Interested": false, "FlightsCount": 0, "Gnd": false, "SpdTyp": 0, "CallSus": false, "Trt": 2, "Year": "1999"}, {"Id": 10826747, "Rcvr": 1, "HasSig": true, "Sig": 97, "Icao": "A533FB", "Bad": false, "Reg": "N434WN", "FSeen": "/Date(1544411026326)/", "TSecs": 1298, "CMsgs": 727, "Alt": 30400, "GAlt": 30660, "InHg": 30.1801186, "AltT": 0, "Lat": 40.378201, "Long": -73.877813, "PosTime": 1544412323834, "Mlat": true, "Tisb": false, "Spd": 550.0, "Trak": 51.8, "TrkH": false, "Type": "B737", "Mdl": "2003 BOEING 737-7H4", "Man": "Boeing", "CNum": "32454", "Op": "Southwest Airlines", "OpIcao": "SWA", "Sqk": "5663", "Help": false, "Vsi": 17, "VsiT": 0, "Dst": 30.5, "Brng": 195.6, "WTC": 2, "Species": 1, "Engines": "2", "EngType": 3, "EngMount": 0, "Mil": false, "Cou": "United States", "HasPic": false, "Interested": false, "FlightsCount": 0, "Gnd": false, "SpdTyp": 0, "CallSus": false, "Trt": 2, "Year": "2003"}, {"Id": 11382611, "Rcvr": 1, "HasSig": true, "Sig": 199, "Icao": "ADAF53", "Bad": false, "Reg": "N981EV", "FSeen": "/Date(1544410050139)/", "TSecs": 2274, "CMsgs": 746, "Alt": 16725, "GAlt": 17015, "InHg": 30.2096462, "AltT": 0, "Lat": 40.643738, "Long": -73.855713, "PosTime": 1544411927780, "Mlat": false, "PosStale": true, "Tisb": false, "Spd": 223.2, "Trak": 217.5, "TrkH": false, "Type": "CRJ2", "Mdl": "2003 BOMBARDIER INC CL-600-2B19", "Man": "Bombardier", "CNum": "7768", "Op": "US BANK NA TRUSTEE     - WILMINGTON, DE", "OpIcao": "EDV", "Sqk": "1134", "Help": false, "Vsi": 704, "VsiT": 1, "Dst": 6.28, "Brng": 271.3, "WTC": 2, "Species": 1, "Engines": "2", "EngType": 3, "EngMount": 1, "Mil": false, "Cou": "United States", "HasPic": false, "Interested": false, "FlightsCount": 0, "Gnd": false, "SpdTyp": 0, "CallSus": false, "Trt": 2, "Year": "2003"}, {"Id": 11400425, "Rcvr": 1, "HasSig": true, "Sig": 119, "Icao": "ADF4E9", "Bad": false, "Reg": "N999JQ", "FSeen": "/Date(1544408488785)/", "TSecs": 3835, "CMsgs": 1622, "Alt": -225, "GAlt": 70, "InHg": 30.2151985, "AltT": 0, "TAlt": 8992, "Call": "JBU1804", "Lat": 40.646819, "Long": -73.772819, "PosTime": 1544410957342, "Mlat": false, "PosStale": true, "Tisb": false, "Spd": 0.0, "Trak": 177.2, "TrkH": false, "TTrk": 0.0, "Type": "A321", "Mdl": "Airbus A321 231SL", "Man": "Airbus", "CNum": "8538", "Op": "JetBlue Airways", "OpIcao": "JBU", "Sqk": "1422", "Help": false, "Vsi": -64, "VsiT": 0, "Dst": 0.86, "Brng": 56.0, "WTC": 2, "Species": 1, "Engines": "2", "EngType": 3, "EngMount": 0, "Mil": false, "Cou": "United States", "HasPic": false, "Interested": false, "FlightsCount": 0, "Gnd": true, "SpdTyp": 0, "CallSus": false, "Trt": 5}, {"Id": 11376402, "Rcvr": 1, "HasSig": true, "Sig": 134, "Icao": "AD9712", "Bad": false, "Reg": "N975JT", "FSeen": "/Date(1544407247156)/", "TSecs": 5077, "CMsgs": 2503, "Alt": 2386, "GAlt": 2681, "InHg": 30.2151985, "AltT": 0, "TAlt": 8992, "Call": "JBU2836", "Lat": 40.647692, "Long": -73.777391, "PosTime": 1544410465690, "Mlat": false, "PosStale": true, "Tisb": false, "Spd": 0.0, "Trak": 160.1, "TrkH": false, "TTrk": 0.0, "Type": "A321", "Mdl": "Airbus A321 231SL", "Man": "Airbus", "CNum": "7520", "Op": "JetBlue Airways", "OpIcao": "JBU", "Sqk": "2000", "Help": false, "Vsi": -128, "VsiT": 0, "Dst": 0.67, "Brng": 29.6, "WTC": 2, "Species": 1, "Engines": "2", "EngType": 3, "EngMount": 0, "Mil": false, "Cou": "United States", "HasPic": false, "Interested": false, "FlightsCount": 0, "Gnd": true, "SpdTyp": 0, "CallSus": false, "Trt": 5, "Year": "2016"}, {"Id": 12585428, "Rcvr": 1, "HasSig": true, "Sig": 152, "Icao": "C009D4", "Bad": false, "Reg": "C-FDST", "FSeen": "/Date(1544407243131)/", "TSecs": 5081, "CMsgs": 1942, "Alt": -125, "GAlt": 126, "InHg": 30.1712589, "AltT": 0, "Call": "ACA728", "Lat": 40.80569, "Long": -73.85428, "PosTime": 1544412294382, "Mlat": true, "Tisb": false, "Spd": 194.7, "Trak": 212.9, "TrkH": false, "Type": "A320", "Mdl": "Airbus A320 211", "Man": "Airbus", "CNum": "127", "From": "CYYZ Lester B. Pearson, Toronto, Canada", "To": "KLGA La Guardia, New York, United States", "Op": "Air Canada", "OpIcao": "ACA", "Sqk": "0531", "Help": false, "Vsi": -256, "VsiT": 0, "Dst": 19.16, "Brng": 341.3, "WTC": 2, "Species": 1, "Engines": "2", "EngType": 3, "EngMount": 0, "Mil": false, "Cou": "Canada", "HasPic": false, "Interested": false, "FlightsCount": 0, "Gnd": false, "SpdTyp": 0, "CallSus": true, "Trt": 2, "Year": "1990"}, {"Id": 10813842, "Rcvr": 1, "HasSig": false, "Icao": "A50192", "Bad": false, "Reg": "N421YX", "FSeen": "/Date(1544407118934)/", "TSecs": 5205, "CMsgs": 3067, "Alt": 2975, "GAlt": 3244, "InHg": 30.1889763, "AltT": 0, "TAlt": 3008, "Call": "RPA4439", "Lat": 40.724457, "Long": -73.878563, "PosTime": 1544412313459, "Mlat": false, "Tisb": false, "Spd": 260.0, "Trak": 59.5, "TrkH": false, "Type": "E75L", "Mdl": "2014 EMBRAER S A ERJ170-200LR", "Man": "Embraer", "CNum": "17000386", "Op": "REPUBLIC AIRLINE INC     - INDIANAPOLIS, IN", "OpIcao": "RPA", "Sqk": "3176", "Help": false, "Vsi": -1280, "VsiT": 0, "Dst": 12.26, "Brng": 318.0, "WTC": 2, "Species": 1, "Engines": "2", "EngType": 3, "EngMount": 0, "Mil": false, "Cou": "United States", "HasPic": false, "Interested": false, "FlightsCount": 0, "Gnd": false, "SpdTyp": 0, "CallSus": false, "Trt": 2, "Year": "2014"}, {"Id": 11367242, "Rcvr": 1, "HasSig": false, "Icao": "AD734A", "Bad": false, "Reg": "N966JT", "FSeen": "/Date(1544406736889)/", "TSecs": 5587, "CMsgs": 3155, "Alt": 800, "GAlt": 1095, "InHg": 30.2151985, "AltT": 0, "TAlt": 3008, "Call": "JBU478", "Lat": 40.620392, "Long": -73.708008, "PosTime": 1544412323826, "Mlat": false, "Tisb": false, "Spd": 131.0, "Trak": 301.0, "TrkH": false, "TTrk": 40.078125, "Type": "A321", "Mdl": "Airbus A321 231SL", "Man": "Airbus", "CNum": "7230", "From": "KJAX Jacksonville, United States", "To": "KJFK John F Kennedy, New York, United States", "Op": "JetBlue Airways", "OpIcao": "JBU", "Sqk": "3012", "Help": false, "Vsi": -768, "VsiT": 1, "Dst": 6.65, "Brng": 111.6, "WTC": 2, "Species": 1, "Engines": "2", "EngType": 3, "EngMount": 0, "Mil": false, "Cou": "United States", "HasPic": false, "Interested": false, "FlightsCount": 0, "Gnd": false, "SpdTyp": 0, "CallSus": false, "Trt": 5, "Year": "2016"}, {"Id": 11181852, "Rcvr": 1, "HasSig": true, "Sig": 152, "Icao": "AA9F1C", "Bad": false, "Reg": "N7838A", "FSeen": "/Date(1544406658582)/", "TSecs": 5666, "CMsgs": 3277, "Alt": -225, "GAlt": 56, "InHg": 30.2007866, "AltT": 0, "Call": "SWA3058", "Lat": 40.776443, "Long": -73.87811, "PosTime": 1544412315459, "Mlat": false, "Tisb": false, "Spd": 12.5, "Trak": 45.0, "TrkH": false, "Type": "B737", "Mdl": "Boeing 737NG 73V/W", "Man": "Boeing", "CNum": "30235", "From": "KMDW Chicago Midway, United States", "To": "KPVD Theodore Francis Green State, Providence, United States", "Op": "Southwest Airlines", "OpIcao": "SWA", "Sqk": "2547", "Help": false, "Vsi": -128, "VsiT": 1, "Dst": 16.98, "Brng": 331.3, "WTC": 2, "Species": 1, "Engines": "2", "EngType": 3, "EngMount": 0, "Mil": false, "Cou": "United States", "HasPic": false, "Interested": false, "FlightsCount": 0, "Gnd": true, "SpdTyp": 0, "CallSus": false, "Trt": 2, "Year": "2000"}, {"Id": 10714879, "Rcvr": 1, "HasSig": true, "Sig": 31, "Icao": "A37EFF", "Bad": false, "Reg": "N324US", "FSeen": "/Date(1544406077397)/", "TSecs": 6247, "CMsgs": 3612, "Alt": 33475, "GAlt": 33505, "InHg": 29.9498024, "AltT": 0, "TAlt": 27008, "Call": "DAL2930", "Lat": 40.570816, "Long": -73.90094, "PosTime": 1544412323826, "Mlat": false, "Tisb": false, "Spd": 544.0, "Trak": 50.4, "TrkH": false, "TTrk": 0.0, "Type": "A320", "Mdl": "1992 AIRBUS INDUSTRIE A320-211", "Man": "Airbus", "CNum": "273", "From": "KDTW Detroit Metropolitan Wayne County, United States", "To": "KPVD Theodore Francis Green State, Providence, United States", "Op": "Delta Air Lines", "OpIcao": "DAL", "Sqk": "7407", "Help": false, "Vsi": -2304, "VsiT": 1, "Dst": 12.87, "Brng": 231.8, "WTC": 2, "Species": 1, "Engines": "2", "EngType": 3, "EngMount": 0, "Mil": false, "Cou": "United States", "HasPic": false, "Interested": false, "FlightsCount": 0, "Gnd": false, "SpdTyp": 0, "CallSus": false, "Trt": 5, "Year": "1992"}, {"Id": 11043773, "Rcvr": 1, "HasSig": false, "Icao": "A883BD", "Bad": false, "Reg": "N648JB", "FSeen": "/Date(1544405264026)/", "TSecs": 7060, "CMsgs": 4070, "Alt": 1475, "GAlt": 1487, "InHg": 29.93171, "AltT": 0, "TAlt": 8000, "Call": "JBU2828", "Lat": 40.770264, "Long": -74.115173, "PosTime": 1544412323825, "Mlat": false, "Tisb": false, "Spd": 178.0, "Trak": 205.8, "TrkH": false, "Type": "A320", "Mdl": "2006 AIRBUS A320-232", "Man": "Airbus", "CNum": "2970", "Op": "JetBlue Airways", "OpIcao": "JBU", "Sqk": "1010", "Help": false, "Vsi": -896, "VsiT": 1, "Dst": 31.53, "Brng": 296.9, "WTC": 2, "Species": 1, "Engines": "2", "EngType": 3, "EngMount": 0, "Mil": false, "Cou": "United States", "HasPic": false, "Interested": false, "FlightsCount": 0, "Gnd": false, "SpdTyp": 0, "CallSus": false, "Trt": 5, "Year": "2006"}, {"Id": 11353311, "Rcvr": 1, "HasSig": true, "Sig": 123, "Icao": "AD3CDF", "Bad": false, "Reg": "N952JB", "FSeen": "/Date(1544405199284)/", "TSecs": 7125, "CMsgs": 4025, "Alt": -225, "GAlt": 47, "InHg": 30.191576, "AltT": 0, "TAlt": 4000, "Call": "JBU1190", "Lat": 40.651823, "Long": -73.781932, "PosTime": 1544412294379, "Mlat": false, "Tisb": false, "Spd": 8.5, "Trak": 120.9, "TrkH": false, "TTrk": 54.84375, "Type": "A321", "Mdl": "2015 AIRBUS A321-231", "Man": "Airbus", "CNum": "6663", "From": "KMCO Orlando, United States", "To": "KJFK John F Kennedy, New York, United States", "Op": "JET BLUE AIRWAYS CORP     - LONG ISLAND CITY, NY", "OpIcao": "JBU", "Sqk": "1733", "Help": false, "Vsi": -64, "VsiT": 0, "Dst": 1.04, "Brng": 357.0, "WTC": 2, "Species": 1, "Engines": "2", "EngType": 3, "EngMount": 0, "Mil": false, "Cou": "United States", "HasPic": false, "Interested": false, "FlightsCount": 0, "Gnd": true, "SpdTyp": 0, "CallSus": false, "Trt": 5, "Year": "2015"}, {"Id": 10963235, "Rcvr": 1, "HasSig": false, "Icao": "A74923", "Bad": false, "Reg": "N569JB", "FSeen": "/Date(1544404804318)/", "TSecs": 7520, "CMsgs": 4436, "Alt": 150, "GAlt": 445, "InHg": 30.2151985, "AltT": 0, "TAlt": 4992, "Call": "JBU2074", "Lat": 40.712631, "Long": -74.151978, "PosTime": 1544412323825, "Mlat": false, "Tisb": false, "Spd": 131.0, "Trak": 205.8, "TrkH": false, "TTrk": 40.078125, "Type": "A320", "Mdl": "2003 AIRBUS A320-232", "Man": "Airbus", "CNum": "2075", "Op": "JetBlue Airways", "OpIcao": "JBU", "Sqk": "6602", "Help": false, "Vsi": -704, "VsiT": 1, "Dst": 32.22, "Brng": 284.1, "WTC": 2, "Species": 1, "Engines": "2", "EngType": 3, "EngMount": 0, "Mil": false, "Cou": "United States", "HasPic": false, "Interested": false, "FlightsCount": 0, "Gnd": false, "SpdTyp": 0, "CallSus": false, "Trt": 5, "Year": "2003"}, {"Id": 11170855, "Rcvr": 1, "HasSig": false, "Icao": "AA7427", "Bad": false, "Reg": "N77296", "FSeen": "/Date(1544404504613)/", "TSecs": 7820, "CMsgs": 4533, "Alt": 2750, "GAlt": 3022, "InHg": 30.191576, "AltT": 0, "TAlt": 4992, "Call": "UAL2206", "Lat": 40.8386, "Long": -74.07151, "PosTime": 1544412323825, "Mlat": false, "Tisb": false, "Spd": 179.0, "Trak": 204.4, "TrkH": false, "TTrk": 40.078125, "Type": "B738", "Mdl": "2005 BOEING 737-824", "Man": "Boeing", "CNum": "34002", "Op": "WELLS FARGO BANK NORTHWEST NA TRUSTEE     - SALT LAKE CITY, UT", "OpIcao": "UAL", "Sqk": "3772", "Help": false, "Vsi": 64, "VsiT": 1, "Dst": 32.76, "Brng": 311.8, "WTC": 2, "Species": 1, "Engines": "2", "EngType": 3, "EngMount": 0, "Mil": false, "Cou": "United States", "HasPic": false, "Interested": false, "FlightsCount": 0, "Gnd": false, "SpdTyp": 0, "CallSus": false, "Trt": 5, "Year": "2005"}, {"Id": 10693619, "Rcvr": 1, "HasSig": false, "Icao": "A32BF3", "Bad": false, "Reg": "N303RE", "FSeen": "/Date(1544404435199)/", "TSecs": 7889, "CMsgs": 4506, "Alt": 2750, "GAlt": 3031, "InHg": 30.2007866, "AltT": 0, "TAlt": 10016, "Call": "AAL1171", "Lat": 40.804871, "Long": -73.757568, "PosTime": 1544412323825, "Mlat": false, "Tisb": false, "Spd": 182.0, "Trak": 41.5, "TrkH": false, "TTrk": 42.890625, "Type": "B38M", "Mdl": "Boeing 737MAX 8", "Man": "Boeing", "CNum": "44447", "From": "KLAX Los Angeles, United States", "To": "KBDL Bradley, Hartford, United States", "Op": "American Airlines", "OpIcao": "AAL", "Sqk": "3006", "Help": false, "Vsi": 64, "VsiT": 1, "Dst": 18.17, "Brng": 6.3, "WTC": 2, "Species": 1, "Engines": "2", "EngType": 3, "EngMount": 0, "Mil": false, "Cou": "United States", "HasPic": false, "Interested": false, "FlightsCount": 0, "Gnd": false, "SpdTyp": 0, "CallSus": false, "Trt": 5, "Year": "2018"}, {"Id": 10735887, "Rcvr": 1, "HasSig": true, "Sig": 54, "Icao": "A3D10F", "Bad": false, "Reg": "N345NB", "FSeen": "/Date(1544404354031)/", "TSecs": 7970, "CMsgs": 4212, "Alt": -225, "GAlt": 65, "InHg": 30.2096462, "AltT": 0, "TAlt": 1600, "Call": "DAL2083", "Lat": 40.635857, "Long": -73.786301, "PosTime": 1544411971193, "Mlat": false, "PosStale": true, "Tisb": false, "Spd": 0.0, "Trak": 84.4, "TrkH": false, "TTrk": 0.0, "Type": "A319", "Mdl": " AIRBUS A319-114", "Man": "Airbus", "CNum": "1774", "From": "KBOS General Edward Lawrence Logan, Boston, United States", "To": "KSLC Salt Lake City, United States", "Op": "DELTA AIR LINES INC     - ATLANTA, GA", "OpIcao": "DAL", "Sqk": "2747", "Help": false, "Vsi": -128, "VsiT": 0, "Dst": 0.85, "Brng": 209.9, "WTC": 2, "Species": 1, "Engines": "2", "EngType": 3, "EngMount": 0, "Mil": false, "Cou": "United States", "HasPic": false, "Interested": false, "FlightsCount": 0, "Gnd": true, "SpdTyp": 0, "CallSus": false, "Trt": 5}, {"Id": 10956578, "Rcvr": 1, "HasSig": true, "Sig": 65, "Icao": "A72F22", "Bad": false, "Reg": "N562JB", "FSeen": "/Date(1544403419152)/", "TSecs": 8905, "CMsgs": 3203, "Alt": 33325, "GAlt": 33644, "InHg": 30.2388229, "AltT": 0, "TAlt": 3008, "Call": "JBU1818", "Lat": 40.633186, "Long": -73.768875, "PosTime": 1544406818542, "Mlat": false, "PosStale": true, "Tisb": false, "Spd": 0.0, "Trak": 210.9, "TrkH": false, "TTrk": 0.0, "Type": "A320", "Mdl": "2003 AIRBUS A320-232", "Man": "Airbus", "CNum": "1948", "From": "TTPP Piarco, Port of Spain, Trinidad and Tobago", "To": "KJFK John F Kennedy, New York, United States", "Op": "JetBlue Airways", "OpIcao": "JBU", "Sqk": "2666", "Help": false, "Vsi": -640, "VsiT": 0, "Dst": 1.47, "Brng": 134.6, "WTC": 2, "Species": 1, "Engines": "2", "EngType": 3, "EngMount": 0, "Mil": false, "Cou": "United States", "HasPic": false, "Interested": false, "FlightsCount": 0, "Gnd": true, "SpdTyp": 0, "CallSus": false, "Trt": 5, "Year": "2003"}, {"Id": 10535980, "Rcvr": 1, "HasSig": true, "Sig": 61, "Icao": "A0C42C", "Bad": false, "Reg": "N149AN", "FSeen": "/Date(1544403083449)/", "TSecs": 9241, "CMsgs": 5239, "Alt": 3750, "GAlt": 4031, "InHg": 30.2007866, "AltT": 0, "Call": "AAL2708", "Lat": 40.619853, "Long": -74.024318, "PosTime": 1544412320997, "Mlat": false, "Tisb": false, "Spd": 262.8, "Trak": 35.9, "TrkH": false, "Type": "A321", "Mdl": "Airbus A321 231SL", "Man": "Airbus", "CNum": "6812", "From": "KDFW Dallas Fort Worth, Dallas-Fort Worth, United States", "To": "KEWR Newark Liberty, United States", "Op": "American Airlines", "OpIcao": "AAL", "Sqk": "6753", "Help": false, "Vsi": 0, "VsiT": 0, "Dst": 20.66, "Brng": 263.1, "WTC": 2, "Species": 1, "Engines": "2", "EngType": 3, "EngMount": 0, "Mil": false, "Cou": "United States", "HasPic": false, "Interested": false, "FlightsCount": 0, "Gnd": false, "SpdTyp": 0, "CallSus": false, "Trt": 2, "Year": "2015"}, {"Id": 11309223, "Rcvr": 1, "HasSig": false, "Icao": "AC90A7", "Bad": false, "Reg": "N909AM", "FSeen": "/Date(1544402272301)/", "TSecs": 10052, "CMsgs": 5525, "Alt": -225, "GAlt": 56, "InHg": 30.2007866, "AltT": 0, "TAlt": 3008, "Call": "AAL1207", "Lat": 40.778137, "Long": -73.87468, "PosTime": 1544412247977, "Mlat": false, "Tisb": false, "Spd": 0.0, "Trak": 61.9, "TrkH": false, "TTrk": 70.3125, "Type": "A321", "Mdl": "Airbus A321 231SL", "Man": "Airbus", "CNum": "7756", "From": "KDFW Dallas Fort Worth, Dallas-Fort Worth, United States", "To": "KSAN San Diego, United States", "Op": "American Airlines", "OpIcao": "AAL", "Sqk": "6211", "Help": false, "Vsi": -896, "VsiT": 0, "Dst": 17.01, "Brng": 332.5, "WTC": 2, "Species": 1, "Engines": "2", "EngType": 3, "EngMount": 0, "Mil": false, "Cou": "United States", "HasPic": false, "Interested": false, "FlightsCount": 0, "Gnd": true, "SpdTyp": 0, "CallSus": false, "Trt": 5, "Year": "2017"}, {"Id": 853555, "Rcvr": 1, "HasSig": true, "Sig": 114, "Icao": "0D0633", "Bad": false, "Reg": "XA-ECO", "FSeen": "/Date(1544400414294)/", "TSecs": 11910, "CMsgs": 4767, "Alt": -225, "GAlt": 65, "InHg": 30.2096462, "AltT": 0, "Call": "AIJ2992", "Lat": 40.653751, "Long": -73.783966, "PosTime": 1544412323825, "Mlat": false, "Tisb": false, "Spd": 9.5, "Trak": 210.9, "TrkH": false, "Type": "A320", "Mdl": "Airbus A320 214", "Man": "Airbus", "CNum": "4733", "From": "MMMX Licenciado Benito Juarez, Mexico City, Mexico", "To": "KJFK John F Kennedy, New York, United States", "Op": "Interjet", "OpIcao": "AIJ", "Sqk": "4225", "Help": false, "Vsi": -512, "VsiT": 0, "Dst": 1.27, "Brng": 349.8, "WTC": 2, "Species": 1, "Engines": "2", "EngType": 3, "EngMount": 0, "Mil": false, "Cou": "Mexico", "HasPic": false, "Interested": false, "FlightsCount": 0, "Gnd": true, "SpdTyp": 0, "CallSus": false, "Trt": 2, "Year": "2011"}, {"Id": 10766833, "Rcvr": 1, "HasSig": true, "Sig": 169, "Icao": "A449F1", "Bad": false, "Reg": "N3759", "FSeen": "/Date(1544400285514)/", "TSecs": 12039, "CMsgs": 6725, "Alt": -250, "GAlt": 22, "InHg": 30.191576, "AltT": 0, "TAlt": 10016, "Call": "DAL2333", "Lat": 40.776295, "Long": -73.878265, "PosTime": 1544412124212, "Mlat": false, "PosStale": true, "Tisb": false, "Spd": 11.0, "Trak": 50.6, "TrkH": false, "TTrk": 116.015625, "Type": "B738", "Mdl": "2001 BOEING 737-832", "Man": "Boeing", "CNum": "30815", "From": "KFLL Fort Lauderdale Hollywood, United States", "To": "KSLC Salt Lake City, United States", "Stops": ["KMSP Minneapolis-St Paul International/Wold-Chamberlain, Minneapolis, United States"], "Op": "Delta Air Lines", "OpIcao": "DAL", "Sqk": "1670", "Help": false, "Vsi": -704, "VsiT": 0, "Dst": 16.98, "Brng": 331.2, "WTC": 2, "Species": 1, "Engines": "2", "EngType": 3, "EngMount": 0, "Mil": false, "Cou": "United States", "HasPic": false, "Interested": false, "FlightsCount": 0, "Gnd": true, "SpdTyp": 0, "CallSus": false, "Trt": 5, "Year": "2001"}, {"Id": 10957529, "Rcvr": 1, "HasSig": true, "Sig": 143, "Icao": "A732D9", "Bad": false, "Reg": "N563JB", "FSeen": "/Date(1544399788502)/", "TSecs": 12536, "CMsgs": 5237, "Alt": -225, "GAlt": 94, "InHg": 30.2388229, "AltT": 0, "TAlt": 2016, "Call": "JBU135", "Lat": 40.629398, "Long": -73.769943, "PosTime": 1544405433414, "Mlat": false, "PosStale": true, "Tisb": false, "Spd": 0.0, "Trak": 239.1, "TrkH": false, "TTrk": 279.84375, "Type": "A320", "Mdl": "2003 AIRBUS A320-232", "Man": "Airbus", "CNum": "2006", "From": "KJFK John F Kennedy, New York, United States", "To": "KRSW Southwest Florida, Fort Myers, United States", "Op": "JetBlue Airways", "OpIcao": "JBU", "Sqk": "7165", "Help": false, "Vsi": -576, "VsiT": 0, "Dst": 1.74, "Brng": 146.7, "WTC": 2, "Species": 1, "Engines": "2", "EngType": 3, "EngMount": 0, "Mil": false, "Cou": "United States", "HasPic": false, "Interested": false, "FlightsCount": 0, "Gnd": true, "SpdTyp": 0, "CallSus": false, "Trt": 5, "Year": "2003"}, {"Id": 10502143, "Rcvr": 1, "HasSig": false, "Icao": "A03FFF", "Bad": false, "Reg": "N115NN", "FSeen": "/Date(1544395090045)/", "TSecs": 17234, "CMsgs": 9412, "Alt": 2775, "GAlt": 3065, "InHg": 30.2096462, "AltT": 0, "TAlt": 3008, "Call": "AAL32", "Lat": 40.560333, "Long": -73.601868, "PosTime": 1544412322521, "Mlat": false, "Tisb": false, "Spd": 173.0, "Trak": 327.5, "TrkH": false, "TTrk": 130.078125, "Type": "A321", "Mdl": "2014 AIRBUS INDUSTRIE A321-231", "Man": "Airbus", "CNum": "6063", "From": "KLAX Los Angeles, United States", "To": "KJFK John F Kennedy, New York, United States", "Op": "American Airlines", "OpIcao": "AAL", "Sqk": "2023", "Help": false, "Vsi": -64, "VsiT": 1, "Dst": 17.69, "Brng": 121.0, "WTC": 2, "Species": 1, "Engines": "2", "EngType": 3, "EngMount": 0, "Mil": false, "Cou": "United States", "HasPic": false, "Interested": false, "FlightsCount": 0, "Gnd": false, "SpdTyp": 0, "CallSus": false, "Trt": 5, "Year": "2014"}, {"Id": 11337844, "Rcvr": 1, "HasSig": true, "Sig": 120, "Icao": "AD0074", "Bad": false, "Reg": "N937JB", "FSeen": "/Date(1544393575969)/", "TSecs": 18748, "CMsgs": 9966, "Alt": -225, "GAlt": 65, "InHg": 30.2096462, "AltT": 0, "TAlt": 4000, "Call": "JBU624", "Lat": 40.651508, "Long": -73.781235, "PosTime": 1544412253108, "Mlat": false, "Tisb": false, "Spd": 0.0, "Trak": 230.6, "TrkH": false, "TTrk": 330.0, "Type": "A321", "Mdl": "2014 AIRBUS A321-231", "Man": "Airbus", "CNum": "6245", "From": "KLAX Los Angeles, United States", "To": "KJFK John F Kennedy, New York, United States", "Op": "JetBlue Airways", "OpIcao": "JBU", "Sqk": "7202", "Help": false, "Vsi": 0, "VsiT": 0, "Dst": 1.0, "Brng": 0.2, "WTC": 2, "Species": 1, "Engines": "2", "EngType": 3, "EngMount": 0, "Mil": false, "Cou": "United States", "HasPic": false, "Interested": false, "FlightsCount": 0, "Gnd": true, "SpdTyp": 0, "CallSus": false, "Trt": 4, "Year": "2014"}, {"Id": 11363438, "Rcvr": 1, "HasSig": true, "Sig": 131, "Icao": "AD646E", "Bad": false, "Reg": "N962JT", "FSeen": "/Date(1544389404867)/", "TSecs": 22919, "CMsgs": 9805, "Alt": 35700, "GAlt": 36010, "InHg": 30.2303143, "AltT": 0, "TAlt": 4000, "Call": "JBU190", "Lat": 40.642769, "Long": -73.771088, "PosTime": 1544407306985, "Mlat": false, "PosStale": true, "Tisb": false, "Spd": 0.0, "Trak": 199.7, "TrkH": false, "TTrk": 250.0, "Type": "A321", "Mdl": "Airbus A321 231SL", "Man": "Airbus", "CNum": "6988", "From": "KSAN San Diego, United States", "To": "KJFK John F Kennedy, New York, United States", "Op": "JetBlue Airways", "OpIcao": "JBU", "Sqk": "2000", "Help": false, "Vsi": -1280, "VsiT": 0, "Dst": 0.86, "Brng": 87.9, "WTC": 2, "Species": 1, "Engines": "2", "EngType": 3, "EngMount": 0, "Mil": false, "Cou": "United States", "HasPic": false, "Interested": false, "FlightsCount": 0, "Gnd": true, "SpdTyp": 0, "CallSus": false, "Trt": 4, "Year": "2016"}, {"Id": 11039969, "Rcvr": 1, "HasSig": true, "Sig": 191, "Icao": "A874E1", "Bad": false, "Reg": "N644JB", "FSeen": "/Date(1544388010022)/", "TSecs": 24314, "CMsgs": 11507, "Alt": -225, "GAlt": 94, "InHg": 30.2388229, "AltT": 0, "TAlt": 3008, "Call": "JBU745", "Lat": 40.63262, "Long": -73.767653, "PosTime": 1544406725492, "Mlat": false, "PosStale": true, "Tisb": false, "Spd": 0.0, "Trak": 188.4, "TrkH": false, "TTrk": 0.0, "Type": "A320", "Mdl": "2006 AIRBUS A320-232", "Man": "Airbus", "CNum": "2880", "From": "KMCO Orlando, United States", "To": "TJSJ Luis Munoz Marin, San Juan, Puerto Rico", "Op": "JetBlue Airways", "OpIcao": "JBU", "Sqk": "1607", "Help": false, "Vsi": -128, "VsiT": 0, "Dst": 1.59, "Brng": 133.6, "WTC": 2, "Species": 1, "Engines": "2", "EngType": 3, "EngMount": 0, "Mil": false, "Cou": "United States", "HasPic": false, "Interested": false, "FlightsCount": 0, "Gnd": true, "SpdTyp": 0, "CallSus": false, "Trt": 5, "Year": "2006"}], "totalAc": 4783, "lastDv": "636797919014949498", "shtTrlSec": 65, "stm": 1544412324597}