{"src": 1, "feeds": [{"id": 1, "name": "From Cons", "polarPlot": false}], "srcFeed": 1, "showSil": true, "showFlg": true, "showPic": true, "flgH": 20, "flgW": 85, "acList": [{"Id": 7867019, "Rcvr": 1, "HasSig": false, "Icao": "780A8B", "Bad": false, "Reg": "B-KQW", "FSeen": "/Date(1544422215320)/", "TSecs": 769, "CMsgs": 42, "Alt": 2504, "GAlt": 2723, "InHg": 30.1387787, "AltT": 0, "Call": "CPA845", "Lat": 40.636963, "Long": -73.788712, "PosTime": 1544422947547, "Mlat": false, "Tisb": false, "Spd": 12.0, "Trak": 120.9, "TrkH": false, "Type": "B773", "Mdl": "Boeing 777 367ER", "Man": "Boeing", "CNum": "41763", "From": "KJFK John F Kennedy, New York, United States", "To": "VHHH Chek Lap Kok, Hong Kong, Hong Kong", "Op": "Cathay Pacific Airways", "OpIcao": "CPA", "Sqk": "1775", "Help": false, "VsiT": 0, "Dst": 0.88, "Brng": 225.6, "WTC": 3, "Species": 1, "Engines": "2", "EngType": 3, "EngMount": 0, "Mil": false, "Cou": "China", "HasPic": false, "Interested": false, "FlightsCount": 0, "Gnd": true, "SpdTyp": 0, "CallSus": false, "Trt": 2, "Year": "2015"}, {"Id": 11334991, "Rcvr": 1, "HasSig": true, "Sig": 118, "Icao": "ACF54F", "Bad": false, "Reg": "N934JB", "FSeen": "/Date(1544403282825)/", "TSecs": 19701, "CMsgs": 11948, "Alt": 3062, "GAlt": 3281, "InHg": 30.1387787, "AltT": 0, "TAlt": 3000, "Call": "JBU1224", "Lat": 40.646954, "Long": -73.775757, "PosTime": 1544422976098, "Mlat": false, "Tisb": false, "Spd": 0.0, "Trak": 3.8, "TrkH": false, "TTrk": 130.0, "Type": "A321", "Mdl": "2014 AIRBUS INDUSTRIE A321-231", "Man": "Airbus", "CNum": "6130", "From": "KLAX Los Angeles, United States", "To": "KJFK John F Kennedy, New York, United States", "Op": "JetBlue Airways", "OpIcao": "JBU", "Sqk": "7370", "Help": false, "Vsi": -704, "VsiT": 0, "Dst": 0.68, "Brng": 43.2, "WTC": 2, "Species": 1, "Engines": "2", "EngType": 3, "EngMount": 0, "Mil": false, "Cou": "United States", "HasPic": false, "Interested": false, "FlightsCount": 0, "Gnd": true, "SpdTyp": 0, "CallSus": false, "Trt": 4, "Year": "2014"}, {"Id": 11309223, "Rcvr": 1, "HasSig": false, "Icao": "AC90A7", "Bad": false, "Reg": "N909AM", "FSeen": "/Date(1544402272435)/", "TSecs": 20712, "CMsgs": 6716, "Alt": -225, "GAlt": 56, "InHg": 30.1092529, "AltT": 0, "TAlt": 3008, "Call": "AAL1207", "Lat": 40.776764, "Long": -73.874802, "PosTime": 1544422976145, "Mlat": false, "Tisb": false, "Spd": 0.0, "Trak": 141.4, "TrkH": false, "TTrk": 70.3125, "Type": "A321", "Mdl": "Airbus A321 231SL", "Man": "Airbus", "CNum": "7756", "From": "KDFW Dallas Fort Worth, Dallas-Fort Worth, United States", "To": "KSAN San Diego, United States", "Op": "American Airlines", "OpIcao": "AAL", "Sqk": "6211", "Help": false, "Vsi": -896, "VsiT": 0, "Dst": 16.88, "Brng": 332.2, "WTC": 2, "Species": 1, "Engines": "2", "EngType": 3, "EngMount": 0, "Mil": false, "Cou": "United States", "HasPic": false, "Interested": false, "FlightsCount": 0, "Gnd": true, "SpdTyp": 0, "CallSus": false, "Trt": 5, "Year": "2017"}], "totalAc": 4661, "lastDv": "636797564799348717", "shtTrlSec": 65, "stm": 1544422984600}