{"src": 1, "feeds": [{"id": 1, "name": "From Cons", "polarPlot": false}], "srcFeed": 1, "showSil": true, "showFlg": true, "showPic": true, "flgH": 20, "flgW": 85, "acList": [{"Id": 853555, "Rcvr": 1, "HasSig": false, "Icao": "0D0633", "Bad": false, "Reg": "XA-ECO", "FSeen": "/Date(1544421740690)/", "TSecs": 203, "CMsgs": 6, "Alt": -150, "GAlt": 69, "InHg": 30.1387787, "AltT": 0, "Lat": 40.633965, "Long": -73.778015, "PosTime": 1544421887365, "Mlat": false, "Tisb": false, "Spd": 8.0, "Trak": 219.4, "TrkH": false, "Type": "A320", "Mdl": "Airbus A320 214", "Man": "Airbus", "CNum": "4733", "Op": "Interjet", "OpIcao": "AIJ", "Sqk": "", "VsiT": 0, "Dst": 0.99, "Brng": 163.8, "WTC": 2, "Species": 1, "Engines": "2", "EngType": 3, "EngMount": 0, "Mil": false, "Cou": "Mexico", "HasPic": false, "Interested": false, "FlightsCount": 0, "Gnd": true, "SpdTyp": 0, "CallSus": false, "Trt": 2, "Year": "2011"}, {"Id": 7867068, "Rcvr": 1, "HasSig": true, "Sig": 156, "Icao": "780ABC", "Bad": false, "Reg": "B-LRQ", "FSeen": "/Date(1544421318791)/", "TSecs": 625, "CMsgs": 371, "Alt": 9075, "GAlt": 9450, "InHg": 30.2952728, "AltT": 0, "Call": "CPA899", "Lat": 40.893301, "Long": -73.895479, "PosTime": 1544421942669, "Mlat": false, "Tisb": false, "Spd": 290.0, "Trak": 49.3, "TrkH": false, "TTrk": 59.0625, "Type": "A359", "Mdl": "Airbus A350 941", "Man": "Airbus", "CNum": "109", "From": "KEWR Newark Liberty, United States", "To": "VHHH Chek Lap Kok, Hong Kong, Hong Kong", "Op": "Cathay Pacific Airways", "OpIcao": "CPA", "Sqk": "3020", "Help": false, "Vsi": 2240, "VsiT": 0, "Dst": 29.5, "Brng": 341.0, "WTC": 3, "Species": 1, "Engines": "2", "EngType": 3, "EngMount": 0, "Mil": false, "Cou": "China", "HasPic": false, "Interested": false, "FlightsCount": 0, "Gnd": false, "SpdTyp": 0, "CallSus": false, "Trt": 2, "Year": "2016"}, {"Id": 7453750, "Rcvr": 1, "HasSig": true, "Sig": 195, "Icao": "71BC36", "Bad": false, "Reg": "HL7436", "FSeen": "/Date(1544417105081)/", "TSecs": 4839, "CMsgs": 3266, "Alt": 3125, "GAlt": 3344, "InHg": 30.1387787, "AltT": 0, "Call": "AAR941", "Lat": 40.562714, "Long": -73.596497, "PosTime": 1544421942654, "Mlat": false, "Tisb": false, "Spd": 163.2, "Trak": 324.0, "TrkH": false, "Type": "B744", "Mdl": "Boeing 747 48EFSCD", "Man": "Boeing", "CNum": "29170", "Op": "Asiana Airlines", "OpIcao": "AAR", "Sqk": "7244", "Help": false, "Vsi": -1024, "VsiT": 0, "Dst": 17.95, "Brng": 119.6, "WTC": 3, "Species": 1, "Engines": "4", "EngType": 3, "EngMount": 0, "Mil": false, "Cou": "South Korea", "HasPic": false, "Interested": false, "FlightsCount": 0, "Gnd": false, "SpdTyp": 0, "CallSus": false, "Trt": 2, "Year": "2002"}, {"Id": 10801983, "Rcvr": 1, "HasSig": true, "Sig": 177, "Icao": "A4D33F", "Bad": false, "Reg": "N41RA", "FSeen": "/Date(1544407435650)/", "TSecs": 14509, "CMsgs": 7022, "Alt": 28975, "GAlt": 29194, "InHg": 30.1387787, "AltT": 0, "Call": "N41RA", "Lat": 40.59397, "Long": -73.937177, "PosTime": 1544421941306, "Mlat": false, "Tisb": false, "Spd": 499.9, "Trak": 50.2, "TrkH": false, "Type": "LJ35", "Mdl": "1979 GATES LEARJET CORP. 35A", "Man": "Gates", "CNum": "215", "Op": "ROYAL AIR FREIGHT INC     - WATERFORD, MI", "OpIcao": "RAX", "Sqk": "5644", "Help": false, "Vsi": 64, "VsiT": 0, "Dst": 14.22, "Brng": 247.8, "WTC": 2, "Species": 1, "Engines": "2", "EngType": 3, "EngMount": 1, "Mil": false, "Cou": "United States", "HasPic": false, "Interested": false, "FlightsCount": 0, "Gnd": false, "SpdTyp": 0, "CallSus": false, "Trt": 5, "Year": "1979"}, {"Id": 11334991, "Rcvr": 1, "HasSig": true, "Sig": 90, "Icao": "ACF54F", "Bad": false, "Reg": "N934JB", "FSeen": "/Date(1544403282128)/", "TSecs": 18662, "CMsgs": 11616, "Alt": -150, "GAlt": 69, "InHg": 30.1387787, "AltT": 0, "TAlt": 3000, "Call": "JBU1224", "Lat": 40.646958, "Long": -73.775753, "PosTime": 1544421939987, "Mlat": false, "Tisb": false, "Spd": 0.0, "Trak": 230.6, "TrkH": false, "TTrk": 130.0, "Type": "A321", "Mdl": "2014 AIRBUS INDUSTRIE A321-231", "Man": "Airbus", "CNum": "6130", "From": "KLAX Los Angeles, United States", "To": "KJFK John F Kennedy, New York, United States", "Op": "JetBlue Airways", "OpIcao": "JBU", "Sqk": "7370", "Help": false, "Vsi": -704, "VsiT": 0, "Dst": 0.68, "Brng": 43.2, "WTC": 2, "Species": 1, "Engines": "2", "EngType": 3, "EngMount": 0, "Mil": false, "Cou": "United States", "HasPic": false, "Interested": false, "FlightsCount": 0, "Gnd": true, "SpdTyp": 0, "CallSus": false, "Trt": 4, "Year": "2014"}, {"Id": 11309223, "Rcvr": 1, "HasSig": false, "Icao": "AC90A7", "Bad": false, "Reg": "N909AM", "FSeen": "/Date(1544402272209)/", "TSecs": 19672, "CMsgs": 6709, "Alt": -225, "GAlt": 56, "InHg": 30.129921, "AltT": 0, "TAlt": 3008, "Call": "AAL1207", "Lat": 40.776745, "Long": -73.874802, "PosTime": 1544421925661, "Mlat": false, "Tisb": false, "Spd": 0.0, "Trak": 141.4, "TrkH": false, "TTrk": 70.3125, "Type": "A321", "Mdl": "Airbus A321 231SL", "Man": "Airbus", "CNum": "7756", "From": "KDFW Dallas Fort Worth, Dallas-Fort Worth, United States", "To": "KSAN San Diego, United States", "Op": "American Airlines", "OpIcao": "AAL", "Sqk": "6211", "Help": false, "Vsi": -896, "VsiT": 0, "Dst": 16.88, "Brng": 332.2, "WTC": 2, "Species": 1, "Engines": "2", "EngType": 3, "EngMount": 0, "Mil": false, "Cou": "United States", "HasPic": false, "Interested": false, "FlightsCount": 0, "Gnd": true, "SpdTyp": 0, "CallSus": false, "Trt": 5, "Year": "2017"}], "totalAc": 4435, "lastDv": "636799839386354271", "shtTrlSec": 65, "stm": 1544421944493}