{"src": 1, "feeds": [{"id": 1, "name": "From Cons", "polarPlot": false}], "srcFeed": 1, "showSil": true, "showFlg": true, "showPic": true, "flgH": 20, "flgW": 85, "acList": [{"Id": 11120751, "Rcvr": 1, "HasSig": true, "Sig": 164, "Icao": "A9B06F", "Bad": false, "Reg": "N723TW", "FSeen": "/Date(1544415548781)/", "TSecs": 415, "CMsgs": 18, "Alt": 650, "GAlt": 898, "InHg": 30.16795, "AltT": 0, "TAlt": 4992, "Call": "DAL272", "Lat": 40.643036, "Long": -73.805154, "PosTime": 1544415963511, "Mlat": false, "Tisb": false, "Spd": 155.9, "Trak": 300.0, "TrkH": false, "TTrk": 314.296875, "Type": "B752", "Mdl": "2000 BOEING 757-231", "Man": "Boeing", "CNum": "29378", "From": "KATL Hartsfield Jackson Atlanta, United States", "To": "EGLL London Heathrow, United Kingdom", "Op": "DELTA AIR LINES INC     - ATLANTA, GA", "OpIcao": "DAL", "Sqk": "3326", "Help": false, "Vsi": 2304, "VsiT": 1, "Dst": 2.02, "Brng": 271.7, "WTC": 2, "Species": 1, "Engines": "2", "EngType": 3, "EngMount": 0, "Mil": false, "Cou": "United States", "HasPic": false, "Interested": false, "FlightsCount": 0, "Gnd": false, "SpdTyp": 0, "CallSus": false, "Trt": 5, "Year": "2000"}, {"Id": 4222284, "Rcvr": 1, "HasSig": true, "Sig": 214, "Icao": "406D4C", "Bad": false, "Reg": "G-VCRU", "FSeen": "/Date(1544415531635)/", "TSecs": 433, "CMsgs": 112, "Alt": 4600, "GAlt": 4872, "InHg": 30.191576, "AltT": 0, "TAlt": 11008, "Call": "VIR10K", "Lat": 40.557953, "Long": -73.857727, "PosTime": 1544415963510, "Mlat": false, "Tisb": false, "Spd": 273.6, "Trak": 119.6, "TrkH": false, "TTrk": 130.078125, "Type": "B789", "Mdl": "Boeing 787 9", "Man": "Boeing", "CNum": "37972", "From": "KJFK John F Kennedy, New York, United States", "To": "EGLL London Heathrow, United Kingdom", "Op": "Virgin Atlantic Airways", "OpIcao": "VIR", "Sqk": "3313", "Help": false, "Vsi": 2880, "VsiT": 1, "Dst": 11.4, "Brng": 214.5, "WTC": 3, "Species": 1, "Engines": "2", "EngType": 3, "EngMount": 0, "Mil": false, "Cou": "United Kingdom", "HasPic": false, "Interested": false, "FlightsCount": 0, "Gnd": false, "SpdTyp": 0, "CallSus": false, "Trt": 5, "Year": "2015"}, {"Id": 15204892, "Rcvr": 1, "HasSig": true, "Sig": 185, "Icao": "E8021C", "Bad": false, "Reg": "CC-CXE", "FSeen": "/Date(1544415345805)/", "TSecs": 618, "CMsgs": 230, "Alt": 12225, "GAlt": 12485, "InHg": 30.1801186, "AltT": 0, "Call": "LNE1439", "Lat": 40.486084, "Long": -73.571411, "PosTime": 1544415963507, "Mlat": false, "Tisb": false, "Spd": 392.0, "Trak": 151.3, "TrkH": false, "Type": "B763", "Mdl": "Boeing 767 316ER/W", "Man": "Boeing", "CNum": "35696", "Op": "LATAM Airlines", "OpIcao": "LAN", "Sqk": "3345", "Help": false, "Vsi": 3520, "VsiT": 0, "Dst": 24.83, "Brng": 134.4, "WTC": 3, "Species": 1, "Engines": "2", "EngType": 3, "EngMount": 0, "Mil": false, "Cou": "Chile", "HasPic": false, "Interested": false, "FlightsCount": 0, "Gnd": false, "SpdTyp": 0, "CallSus": false, "Trt": 2, "Year": "2008"}, {"Id": 11318700, "Rcvr": 1, "HasSig": false, "Icao": "ACB5AC", "Bad": false, "Reg": "N918PD", "FSeen": "/Date(1544414417364)/", "TSecs": 1547, "CMsgs": 991, "Alt": 725, "GAlt": 976, "InHg": 30.1712589, "AltT": 0, "Call": "N918PD", "Lat": 40.607658, "Long": -74.06839, "PosTime": 1544415963494, "Mlat": false, "Tisb": false, "Spd": 65.0, "Trak": 220.0, "TrkH": false, "Type": "B429", "Mdl": "BELL HELICOPTER TEXTRON CANADA 429", "Man": "BELL", "CNum": "57188", "Op": "NEW YORK CITY POLICE DEPARTMENT", "Sqk": "0362", "Help": false, "Vsi": 64, "VsiT": 0, "Dst": 24.54, "Brng": 261.0, "WTC": 1, "Species": 4, "Engines": "2", "EngType": 2, "EngMount": 0, "Mil": false, "Cou": "United States", "HasPic": true, "PicX": 700, "PicY": 406, "Interested": false, "FlightsCount": 0, "Gnd": false, "SpdTyp": 0, "CallSus": false, "Tag": "LE", "Trt": 5, "Year": "2014"}, {"Id": 11219364, "Rcvr": 1, "HasSig": true, "Sig": 120, "Icao": "AB31A4", "Bad": false, "Reg": "N820JA", "FSeen": "/Date(1544411440975)/", "TSecs": 4523, "CMsgs": 2699, "Alt": 2775, "GAlt": 3035, "InHg": 30.1801186, "AltT": 0, "Call": "N820JA", "Lat": 40.587686, "Long": -73.731932, "PosTime": 1544415960776, "Mlat": true, "Tisb": false, "Spd": 105.0, "Trak": 95.8, "TrkH": false, "Type": "C172", "Mdl": "2008 CESSNA 172S", "Man": "Cessna", "CNum": "172S10802", "Op": "NUTACK LEASING LLC     - DELAND, FL", "Sqk": "4276", "Help": false, "Vsi": 2, "VsiT": 0, "Dst": 7.38, "Brng": 145.6, "WTC": 1, "Species": 1, "Engines": "1", "EngType": 1, "EngMount": 0, "Mil": false, "Cou": "United States", "HasPic": false, "Interested": false, "FlightsCount": 0, "Gnd": false, "SpdTyp": 0, "CallSus": false, "Trt": 2, "Year": "2008"}, {"Id": 10725795, "Rcvr": 1, "HasSig": false, "Icao": "A3A9A3", "Bad": false, "Reg": "N335NW", "FSeen": "/Date(1544411160332)/", "TSecs": 4804, "CMsgs": 2895, "Alt": 9025, "GAlt": 9037, "InHg": 30.1594486, "AltT": 0, "TAlt": 1600, "Call": "DAL788", "Lat": 40.778011, "Long": -73.875046, "PosTime": 1544415963511, "Mlat": false, "Tisb": false, "Spd": 13.0, "Trak": 56.3, "TrkH": false, "TTrk": 0.0, "Type": "A320", "Mdl": "1992 AIRBUS INDUSTRIE A320-212", "Man": "Airbus", "CNum": "340", "From": "KDTW Detroit Metropolitan Wayne County, United States", "To": "KJFK John F Kennedy, New York, United States", "Op": "Delta Air Lines", "OpIcao": "DAL", "Sqk": "7403", "Help": false, "Vsi": -640, "VsiT": 0, "Dst": 17.02, "Brng": 332.4, "WTC": 2, "Species": 1, "Engines": "2", "EngType": 3, "EngMount": 0, "Mil": false, "Cou": "United States", "HasPic": false, "Interested": false, "FlightsCount": 0, "Gnd": true, "SpdTyp": 0, "CallSus": false, "Trt": 5, "Year": "1992"}, {"Id": 10733771, "Rcvr": 1, "HasSig": true, "Sig": 200, "Icao": "A3C8CB", "Bad": false, "Reg": "N343DN", "FSeen": "/Date(1544410616189)/", "TSecs": 5348, "CMsgs": 3291, "Alt": 2800, "GAlt": 3060, "InHg": 30.1801186, "AltT": 0, "TAlt": 3008, "Call": "DAL2515", "Lat": 40.854675, "Long": -73.70343, "PosTime": 1544415963482, "Mlat": false, "Tisb": false, "Spd": 177.9, "Trak": 30.0, "TrkH": false, "TTrk": 314.296875, "Type": "A321", "Mdl": "Airbus A321 211SL", "Man": "Airbus", "CNum": "8200", "From": "KJAX Jacksonville, United States", "To": "KPHX Phoenix Sky Harbor, United States", "Stops": ["KATL Hartsfield Jackson Atlanta, United States"], "Op": "Delta Air Lines", "OpIcao": "DAL", "Sqk": "5715", "Help": false, "Vsi": -64, "VsiT": 0, "Dst": 24.49, "Brng": 15.5, "WTC": 2, "Species": 1, "Engines": "2", "EngType": 3, "EngMount": 0, "Mil": false, "Cou": "United States", "HasPic": false, "Interested": false, "FlightsCount": 0, "Gnd": false, "SpdTyp": 0, "CallSus": false, "Trt": 2, "Year": "2018"}, {"Id": 10693329, "Rcvr": 1, "HasSig": true, "Sig": 175, "Icao": "A32AD1", "Bad": false, "Reg": "N303DQ", "FSeen": "/Date(1544410485046)/", "TSecs": 5479, "CMsgs": 3357, "Alt": 925, "GAlt": 1194, "InHg": 30.1889763, "AltT": 0, "TAlt": 1504, "Call": "DAL1557", "Lat": 40.605934, "Long": -73.723256, "PosTime": 1544415963482, "Mlat": false, "Tisb": false, "Spd": 125.0, "Trak": 300.3, "TrkH": false, "TTrk": 0.0, "Type": "B737", "Mdl": "2008 BOEING 737-732", "Man": "Boeing", "CNum": "29688", "From": "KDCA Ronald Reagan Washington National, United States", "To": "KSEA Seattle Tacoma, United States", "Stops": ["KSLC Salt Lake City, United States"], "Op": "DELTA AIR LINES INC     - ATLANTA, GA", "OpIcao": "DAL", "Sqk": "2036", "Help": false, "Vsi": -704, "VsiT": 0, "Dst": 6.36, "Brng": 129.7, "WTC": 2, "Species": 1, "Engines": "2", "EngType": 3, "EngMount": 0, "Mil": false, "Cou": "United States", "HasPic": false, "Interested": false, "FlightsCount": 0, "Gnd": false, "SpdTyp": 0, "CallSus": false, "Trt": 2, "Year": "2008"}, {"Id": 10506881, "Rcvr": 1, "HasSig": false, "Icao": "A05281", "Bad": false, "Reg": "N12MW", "FSeen": "/Date(1544410061541)/", "TSecs": 5903, "CMsgs": 3502, "Alt": -200, "GAlt": 39, "InHg": 30.1594486, "AltT": 0, "TAlt": 7008, "Call": "N12MW", "Lat": 40.842716, "Long": -74.061096, "PosTime": 1544415792705, "Mlat": false, "PosStale": true, "Tisb": false, "Spd": 7.0, "Trak": 230.6, "TrkH": false, "Type": "F2TH", "Mdl": "2004 DASSAULT FALCON 2000EX", "Man": "Dassault", "CNum": "029", "Op": "DAGGETT INVESTMENT CORP LLC     - TETERBORO, NJ", "OpIcao": "GTH", "Sqk": "1671", "Help": false, "Vsi": -64, "VsiT": 0, "Dst": 32.43, "Brng": 313.5, "WTC": 2, "Species": 1, "Engines": "2", "EngType": 3, "EngMount": 1, "Mil": false, "Cou": "United States", "HasPic": false, "Interested": false, "FlightsCount": 0, "Gnd": true, "SpdTyp": 0, "CallSus": false, "Trt": 2, "Year": "2004"}, {"Id": 10723460, "Rcvr": 1, "HasSig": false, "Icao": "A3A084", "Bad": false, "Reg": "N33264", "FSeen": "/Date(1544409123759)/", "TSecs": 6840, "CMsgs": 4092, "Alt": 2075, "GAlt": 2214, "InHg": 30.0590553, "AltT": 0, "Lat": 40.801407, "Long": -74.095979, "PosTime": 1544415962160, "Mlat": true, "Tisb": false, "Spd": 527.0, "Trak": 43.3, "TrkH": false, "Type": "B738", "Mdl": "2001 BOEING 737-824", "Man": "Boeing", "CNum": "31584", "Op": "United Airlines", "OpIcao": "UAL", "Sqk": "2517", "Help": false, "Vsi": 64, "VsiT": 1, "Dst": 31.87, "Brng": 303.8, "WTC": 2, "Species": 1, "Engines": "2", "EngType": 3, "EngMount": 0, "Mil": false, "Cou": "United States", "HasPic": false, "Interested": false, "FlightsCount": 0, "Gnd": false, "SpdTyp": 0, "CallSus": false, "Trt": 2, "Year": "2001"}, {"Id": 11400425, "Rcvr": 1, "HasSig": false, "Icao": "ADF4E9", "Bad": false, "Reg": "N999JQ", "FSeen": "/Date(1544408488897)/", "TSecs": 7475, "CMsgs": 3054, "Alt": -175, "GAlt": 120, "InHg": 30.2151985, "AltT": 0, "TAlt": 8992, "Call": "JBU839", "Lat": 40.646819, "Long": -73.772819, "PosTime": 1544410957165, "Mlat": false, "PosStale": true, "Tisb": false, "Spd": 0.0, "Trak": 177.2, "TrkH": false, "TTrk": 0.0, "Type": "A321", "Mdl": "Airbus A321 231SL", "Man": "Airbus", "CNum": "8538", "From": "KJFK John F Kennedy, New York, United States", "To": "TJBQ Rafael Hernandez, Aguadilla, Puerto Rico", "Op": "JetBlue Airways", "OpIcao": "JBU", "Sqk": "2000", "Help": false, "Vsi": -64, "VsiT": 0, "Dst": 0.86, "Brng": 56.0, "WTC": 2, "Species": 1, "Engines": "2", "EngType": 3, "EngMount": 0, "Mil": false, "Cou": "United States", "HasPic": false, "Interested": false, "FlightsCount": 0, "Gnd": true, "SpdTyp": 0, "CallSus": false, "Trt": 5}, {"Id": 10557537, "Rcvr": 1, "HasSig": false, "Icao": "A11861", "Bad": false, "Reg": "N17RX", "FSeen": "/Date(1544407294448)/", "TSecs": 8670, "CMsgs": 5225, "Alt": -200, "GAlt": 51, "InHg": 30.1712589, "AltT": 0, "TAlt": 43008, "Call": "N17RX", "Lat": 40.702412, "Long": -74.160873, "PosTime": 1544415958848, "Mlat": false, "Tisb": false, "Spd": 9.0, "Trak": 354.4, "TrkH": false, "Type": "GLF5", "Mdl": "Gulfstream Aerospace G550", "Man": "Gulfstream Aerospace", "CNum": "5548", "Op": "Corporate", "OpIcao": "EJM", "Sqk": "2556", "Help": false, "Vsi": -64, "VsiT": 0, "Dst": 32.7, "Brng": 281.9, "WTC": 2, "Species": 1, "Engines": "2", "EngType": 3, "EngMount": 1, "Mil": false, "Cou": "United States", "HasPic": false, "Interested": false, "FlightsCount": 0, "Gnd": true, "SpdTyp": 0, "CallSus": false, "Trt": 5, "Year": "2015"}, {"Id": 11376402, "Rcvr": 1, "HasSig": true, "Sig": 77, "Icao": "AD9712", "Bad": false, "Reg": "N975JT", "FSeen": "/Date(1544407246204)/", "TSecs": 8718, "CMsgs": 3993, "Alt": 28250, "GAlt": 28545, "InHg": 30.2151985, "AltT": 0, "TAlt": 8992, "Call": "JBU2836", "Lat": 40.647692, "Long": -73.777391, "PosTime": 1544414454693, "Mlat": false, "PosStale": true, "Tisb": false, "Spd": 0.0, "Trak": 160.1, "TrkH": false, "TTrk": 0.0, "Type": "A321", "Mdl": "Airbus A321 231SL", "Man": "Airbus", "CNum": "7520", "Op": "JetBlue Airways", "OpIcao": "JBU", "Sqk": "2000", "Help": false, "Vsi": -128, "VsiT": 0, "Dst": 0.67, "Brng": 29.6, "WTC": 2, "Species": 1, "Engines": "2", "EngType": 3, "EngMount": 0, "Mil": false, "Cou": "United States", "HasPic": false, "Interested": false, "FlightsCount": 0, "Gnd": true, "SpdTyp": 0, "CallSus": false, "Trt": 5, "Year": "2016"}, {"Id": 11366291, "Rcvr": 1, "HasSig": true, "Sig": 114, "Icao": "AD6F93", "Bad": false, "Reg": "N965JT", "FSeen": "/Date(1544406473150)/", "TSecs": 9491, "CMsgs": 4438, "Alt": -200, "GAlt": 90, "InHg": 30.2096462, "AltT": 0, "TAlt": 4000, "Call": "JBU1802", "Lat": 40.650112, "Long": -73.778107, "PosTime": 1544414466924, "Mlat": false, "PosStale": true, "Tisb": false, "Spd": 0.0, "Trak": 210.9, "TrkH": false, "TTrk": 19.6875, "Type": "A321", "Mdl": "Airbus A321 231SL", "Man": "Airbus", "CNum": "6512", "From": "KFLL Fort Lauderdale Hollywood, United States", "To": "KJFK John F Kennedy, New York, United States", "Op": "JetBlue Airways", "OpIcao": "JBU", "Sqk": "2000", "Help": false, "Vsi": -192, "VsiT": 0, "Dst": 0.89, "Brng": 17.5, "WTC": 2, "Species": 1, "Engines": "2", "EngType": 3, "EngMount": 0, "Mil": false, "Cou": "United States", "HasPic": false, "Interested": false, "FlightsCount": 0, "Gnd": true, "SpdTyp": 0, "CallSus": false, "Trt": 5, "Year": "2016"}, {"Id": 11176586, "Rcvr": 1, "HasSig": false, "Icao": "AA8A8A", "Bad": false, "Reg": "N779AV", "FSeen": "/Date(1544406068976)/", "TSecs": 9895, "CMsgs": 4538, "Alt": 1800, "GAlt": 2060, "InHg": 30.1801186, "AltT": 0, "TAlt": 18016, "Call": "TAI502", "Lat": 40.545593, "Long": -73.585754, "PosTime": 1544415963483, "Mlat": false, "Tisb": false, "Spd": 196.0, "Trak": 326.4, "TrkH": false, "TTrk": 47.109375, "Type": "A20N", "Mdl": "Airbus A320 251NSL", "Man": "Airbus", "CNum": "8300", "Op": "Avianca", "OpIcao": "AVA", "Sqk": "4765", "Help": false, "Vsi": 0, "VsiT": 0, "Dst": 19.71, "Brng": 123.1, "WTC": 2, "Species": 1, "Engines": "2", "EngType": 3, "EngMount": 0, "Mil": false, "Cou": "United States", "HasPic": false, "Interested": false, "FlightsCount": 0, "Gnd": false, "SpdTyp": 0, "CallSus": false, "Trt": 5, "Year": "2018"}, {"Id": 11204147, "Rcvr": 1, "HasSig": false, "Icao": "AAF633", "Bad": false, "Reg": "N805UA", "FSeen": "/Date(1544405938469)/", "TSecs": 10026, "CMsgs": 4883, "Alt": -200, "GAlt": -78, "InHg": 30.041338, "AltT": 0, "Call": "UAL1415", "Lat": 40.708908, "Long": -74.154656, "PosTime": 1544415775909, "Mlat": true, "PosStale": true, "Tisb": false, "Spd": 519.5, "Trak": 43.9, "TrkH": false, "Type": "A319", "Mdl": "1998 AIRBUS INDUSTRIE A319-131", "Man": "Airbus", "CNum": "0783", "From": "KEWR Newark Liberty, United States", "To": "KMIA Miami, United States", "Op": "United Airlines", "OpIcao": "UAL", "Sqk": "0526", "Help": false, "Vsi": 0, "VsiT": 0, "Dst": 32.34, "Brng": 283.3, "WTC": 2, "Species": 1, "Engines": "2", "EngType": 3, "EngMount": 0, "Mil": false, "Cou": "United States", "HasPic": false, "Interested": false, "FlightsCount": 0, "Gnd": true, "SpdTyp": 0, "CallSus": false, "Trt": 2, "Year": "1998"}, {"Id": 11358827, "Rcvr": 1, "HasSig": true, "Sig": 80, "Icao": "AD526B", "Bad": false, "Reg": "N958AM", "FSeen": "/Date(1544404310701)/", "TSecs": 11653, "CMsgs": 5086, "Alt": -175, "GAlt": 85, "InHg": 30.1801186, "AltT": 0, "TAlt": 18016, "Call": "AMX404", "Lat": 40.650892, "Long": -73.779826, "PosTime": 1544415963480, "Mlat": false, "Tisb": false, "Spd": 6.5, "Trak": 146.3, "TrkH": false, "TTrk": 49.921875, "Type": "B738", "Mdl": "737-852", "Man": "Boeing", "CNum": "39958 ", "From": "MMMX Licenciado Benito Juarez, Mexico City, Mexico", "To": "KJFK John F Kennedy, New York, United States", "Op": "Aerom\u00e9xico", "OpIcao": "AMX", "Sqk": "4247", "Help": false, "Vsi": -192, "VsiT": 1, "Dst": 0.94, "Brng": 7.5, "WTC": 2, "Species": 1, "Engines": "2", "EngType": 3, "EngMount": 0, "Mil": false, "Cou": "United States", "HasPic": false, "Interested": false, "FlightsCount": 0, "Gnd": true, "SpdTyp": 0, "CallSus": false, "Trt": 5, "Year": "2015"}, {"Id": 11019747, "Rcvr": 1, "HasSig": true, "Sig": 77, "Icao": "A825E3", "Bad": false, "Reg": "N624JB", "FSeen": "/Date(1544404299835)/", "TSecs": 11664, "CMsgs": 5801, "Alt": 3140, "GAlt": 3435, "InHg": 30.2151985, "AltT": 0, "TAlt": 4000, "Call": "JBU164", "Lat": 40.64967, "Long": -73.777173, "PosTime": 1544411993285, "Mlat": false, "PosStale": true, "Tisb": false, "Spd": 0.0, "Trak": 165.9, "TrkH": false, "TTrk": 0.0, "Type": "A320", "Mdl": "2005 AIRBUS A320-232", "Man": "Airbus", "CNum": "2520", "From": "KTPA Tampa, United States", "To": "KJFK John F Kennedy, New York, United States", "Op": "JetBlue Airways", "OpIcao": "JBU", "Sqk": "6657", "Help": false, "Vsi": -128, "VsiT": 0, "Dst": 0.87, "Brng": 23.5, "WTC": 2, "Species": 1, "Engines": "2", "EngType": 3, "EngMount": 0, "Mil": false, "Cou": "United States", "HasPic": true, "PicX": 1024, "PicY": 697, "Interested": false, "FlightsCount": 0, "Gnd": true, "SpdTyp": 0, "CallSus": false, "Trt": 5, "Year": "2005"}, {"Id": 11143952, "Rcvr": 1, "HasSig": false, "Icao": "AA0B10", "Bad": false, "Reg": "N746YX", "FSeen": "/Date(1544404111127)/", "TSecs": 11853, "CMsgs": 7139, "Alt": 550, "GAlt": 798, "InHg": 30.16795, "AltT": 0, "TAlt": 9024, "Call": "RPA3307", "Lat": 40.729389, "Long": -74.141235, "PosTime": 1544415963479, "Mlat": false, "Tisb": false, "Spd": 128.0, "Trak": 205.4, "TrkH": false, "Type": "E75L", "Mdl": "Embraer EMB-175 200LR", "Man": "Embraer", "CNum": "17000671", "Op": "United Express", "OpIcao": "RPA", "Sqk": "6504", "Help": false, "Vsi": -704, "VsiT": 1, "Dst": 31.85, "Brng": 287.8, "WTC": 2, "Species": 1, "Engines": "2", "EngType": 3, "EngMount": 0, "Mil": false, "Cou": "United States", "HasPic": false, "Interested": false, "FlightsCount": 0, "Gnd": false, "SpdTyp": 0, "CallSus": false, "Trt": 5, "Year": "2017"}, {"Id": 11169807, "Rcvr": 1, "HasSig": false, "Icao": "AA700F", "Bad": false, "Reg": "N7717D", "FSeen": "/Date(1544403639079)/", "TSecs": 12325, "CMsgs": 7084, "Alt": 1300, "GAlt": 1539, "InHg": 30.1594486, "AltT": 0, "Call": "SWA4491", "Lat": 40.842911, "Long": -73.823059, "PosTime": 1544415963479, "Mlat": false, "Tisb": false, "Spd": 165.0, "Trak": 214.2, "TrkH": false, "Type": "B737", "Mdl": "BOEING 737-76N", "Man": "Boeing", "CNum": "32664", "Op": "Southwest Airlines", "OpIcao": "SWA", "Sqk": "0665", "Help": false, "Vsi": -384, "VsiT": 0, "Dst": 22.56, "Brng": 351.0, "WTC": 2, "Species": 1, "Engines": "2", "EngType": 3, "EngMount": 0, "Mil": false, "Cou": "United States", "HasPic": false, "Interested": false, "FlightsCount": 0, "Gnd": false, "SpdTyp": 0, "CallSus": false, "Trt": 2, "Year": "2005"}, {"Id": 10956578, "Rcvr": 1, "HasSig": true, "Sig": 64, "Icao": "A72F22", "Bad": false, "Reg": "N562JB", "FSeen": "/Date(1544403419095)/", "TSecs": 12545, "CMsgs": 4456, "Alt": -175, "GAlt": 144, "InHg": 30.2388229, "AltT": 0, "TAlt": 3008, "Call": "JBU1818", "Lat": 40.633186, "Long": -73.768875, "PosTime": 1544406818368, "Mlat": false, "PosStale": true, "Tisb": false, "Spd": 0.0, "Trak": 210.9, "TrkH": false, "TTrk": 0.0, "Type": "A320", "Mdl": "2003 AIRBUS A320-232", "Man": "Airbus", "CNum": "1948", "From": "TTPP Piarco, Port of Spain, Trinidad and Tobago", "To": "KJFK John F Kennedy, New York, United States", "Op": "JetBlue Airways", "OpIcao": "JBU", "Sqk": "2666", "Help": false, "Vsi": -640, "VsiT": 0, "Dst": 1.47, "Brng": 134.6, "WTC": 2, "Species": 1, "Engines": "2", "EngType": 3, "EngMount": 0, "Mil": false, "Cou": "United States", "HasPic": false, "Interested": false, "FlightsCount": 0, "Gnd": true, "SpdTyp": 0, "CallSus": false, "Trt": 5, "Year": "2003"}, {"Id": 10535980, "Rcvr": 1, "HasSig": true, "Sig": 163, "Icao": "A0C42C", "Bad": false, "Reg": "N149AN", "FSeen": "/Date(1544403083447)/", "TSecs": 12881, "CMsgs": 5937, "Alt": -225, "GAlt": 56, "InHg": 30.2007866, "AltT": 0, "Call": "N149AN0", "Lat": 40.777428, "Long": -73.874725, "PosTime": 1544413385103, "Mlat": false, "PosStale": true, "Tisb": false, "Spd": 0.0, "Trak": 78.8, "TrkH": false, "Type": "A321", "Mdl": "Airbus A321 231SL", "Man": "Airbus", "CNum": "6812", "Op": "American Airlines", "OpIcao": "AAL", "Sqk": "4015", "Help": false, "Vsi": 0, "VsiT": 0, "Dst": 16.95, "Brng": 332.3, "WTC": 2, "Species": 1, "Engines": "2", "EngType": 3, "EngMount": 0, "Mil": false, "Cou": "United States", "HasPic": false, "Interested": false, "FlightsCount": 0, "Gnd": true, "SpdTyp": 0, "CallSus": false, "Trt": 2, "Year": "2015"}, {"Id": 11309223, "Rcvr": 1, "HasSig": false, "Icao": "AC90A7", "Bad": false, "Reg": "N909AM", "FSeen": "/Date(1544402272219)/", "TSecs": 13692, "CMsgs": 5779, "Alt": -225, "GAlt": 56, "InHg": 30.1594486, "AltT": 0, "TAlt": 3008, "Call": "AAL1207", "Lat": 40.776733, "Long": -73.874802, "PosTime": 1544415957416, "Mlat": false, "Tisb": false, "Spd": 0.0, "Trak": 78.8, "TrkH": false, "TTrk": 70.3125, "Type": "A321", "Mdl": "Airbus A321 231SL", "Man": "Airbus", "CNum": "7756", "From": "KDFW Dallas Fort Worth, Dallas-Fort Worth, United States", "To": "KSAN San Diego, United States", "Op": "American Airlines", "OpIcao": "AAL", "Sqk": "6211", "Help": false, "Vsi": -896, "VsiT": 0, "Dst": 16.88, "Brng": 332.2, "WTC": 2, "Species": 1, "Engines": "2", "EngType": 3, "EngMount": 0, "Mil": false, "Cou": "United States", "HasPic": false, "Interested": false, "FlightsCount": 0, "Gnd": true, "SpdTyp": 0, "CallSus": false, "Trt": 5, "Year": "2017"}, {"Id": 10917369, "Rcvr": 1, "HasSig": false, "Icao": "A695F9", "Bad": false, "Reg": "N523VL", "FSeen": "/Date(1544401759840)/", "TSecs": 14204, "CMsgs": 6946, "Alt": 875, "GAlt": 1135, "InHg": 30.1801186, "AltT": 0, "Call": "VOI894", "Lat": 40.619247, "Long": -73.705093, "PosTime": 1544415963479, "Mlat": false, "Tisb": false, "Spd": 118.0, "Trak": 300.9, "TrkH": false, "Type": "A320", "Mdl": "2014 AIRBUS A320-233", "Man": "Airbus", "CNum": "6014", "From": "MMGL Don Miguel Hidalgo Y Costilla, Guadalajara, Mexico", "To": "KJFK John F Kennedy, New York, United States", "Op": "Volaris", "OpIcao": "VOI", "Sqk": "3240", "Help": false, "Vsi": -576, "VsiT": 0, "Dst": 6.93, "Brng": 111.9, "WTC": 2, "Species": 1, "Engines": "2", "EngType": 3, "EngMount": 0, "Mil": false, "Cou": "United States", "HasPic": false, "Interested": false, "FlightsCount": 0, "Gnd": false, "SpdTyp": 0, "CallSus": false, "Trt": 2, "Year": "2014"}, {"Id": 11032034, "Rcvr": 1, "HasSig": true, "Sig": 33, "Icao": "A855E2", "Bad": false, "Reg": "N636VA", "FSeen": "/Date(1544398442762)/", "TSecs": 17521, "CMsgs": 9537, "Alt": 8300, "GAlt": 8560, "InHg": 30.1801186, "AltT": 0, "Call": "ASA1026", "Lat": 40.413487, "Long": -73.909024, "PosTime": 1544415962158, "Mlat": false, "Tisb": false, "Spd": 291.8, "Trak": 165.9, "TrkH": false, "Type": "A320", "Mdl": "2008 AIRBUS A320-214", "Man": "Airbus", "CNum": "3460", "From": "KSFO San Francisco, United States", "To": "KJFK John F Kennedy, New York, United States", "Op": "Virgin America", "OpIcao": "ASA", "Sqk": "6254", "Help": false, "Vsi": -2240, "VsiT": 0, "Dst": 27.66, "Brng": 203.0, "WTC": 2, "Species": 1, "Engines": "2", "EngType": 3, "EngMount": 0, "Mil": false, "Cou": "United States", "HasPic": false, "Interested": false, "FlightsCount": 0, "Gnd": false, "SpdTyp": 0, "CallSus": false, "Trt": 2, "Year": "2008"}, {"Id": 10502143, "Rcvr": 1, "HasSig": true, "Sig": 106, "Icao": "A03FFF", "Bad": false, "Reg": "N115NN", "FSeen": "/Date(1544395090209)/", "TSecs": 20874, "CMsgs": 10870, "Alt": 5498, "GAlt": 5788, "InHg": 30.2096462, "AltT": 0, "TAlt": 4000, "Call": "AAL32", "Lat": 40.649551, "Long": -73.795166, "PosTime": 1544412873417, "Mlat": false, "PosStale": true, "Tisb": false, "Spd": 0.0, "Trak": 165.9, "TrkH": false, "TTrk": 0.0, "Type": "A321", "Mdl": "2014 AIRBUS INDUSTRIE A321-231", "Man": "Airbus", "CNum": "6063", "From": "KLAX Los Angeles, United States", "To": "KJFK John F Kennedy, New York, United States", "Op": "American Airlines", "OpIcao": "AAL", "Sqk": "2023", "Help": false, "Vsi": -128, "VsiT": 0, "Dst": 1.41, "Brng": 303.9, "WTC": 2, "Species": 1, "Engines": "2", "EngType": 3, "EngMount": 0, "Mil": false, "Cou": "United States", "HasPic": false, "Interested": false, "FlightsCount": 0, "Gnd": true, "SpdTyp": 0, "CallSus": false, "Trt": 5, "Year": "2014"}, {"Id": 11363438, "Rcvr": 1, "HasSig": true, "Sig": 128, "Icao": "AD646E", "Bad": false, "Reg": "N962JT", "FSeen": "/Date(1544389476038)/", "TSecs": 26488, "CMsgs": 10640, "Alt": -175, "GAlt": 135, "InHg": 30.2303143, "AltT": 0, "TAlt": 4000, "Lat": 40.642769, "Long": -73.771088, "PosTime": 1544407306749, "Mlat": false, "PosStale": true, "Tisb": false, "Spd": 0.0, "Trak": 199.7, "TrkH": false, "TTrk": 250.0, "Type": "A321", "Mdl": "Airbus A321 231SL", "Man": "Airbus", "CNum": "6988", "Op": "JetBlue Airways", "OpIcao": "JBU", "Sqk": "0463", "Help": false, "Vsi": -1280, "VsiT": 0, "Dst": 0.86, "Brng": 87.9, "WTC": 2, "Species": 1, "Engines": "2", "EngType": 3, "EngMount": 0, "Mil": false, "Cou": "United States", "HasPic": false, "Interested": false, "FlightsCount": 0, "Gnd": true, "SpdTyp": 0, "CallSus": false, "Trt": 4, "Year": "2016"}, {"Id": 4198005, "Rcvr": 1, "HasSig": true, "Sig": 65, "Icao": "400E75", "Bad": false, "Reg": "G-VYOU", "FSeen": "/Date(1544387334104)/", "TSecs": 28630, "CMsgs": 7205, "Alt": -175, "GAlt": 85, "InHg": 30.1801186, "AltT": 0, "TAlt": 2016, "Call": "VIR25B", "Lat": 40.636101, "Long": -73.782463, "PosTime": 1544415896488, "Mlat": false, "Tisb": false, "Spd": 9.5, "Trak": 354.4, "TrkH": false, "TTrk": 279.84375, "Type": "A346", "Mdl": "Airbus A340 642", "Man": "Airbus", "CNum": "765", "From": "EGLL London Heathrow, United Kingdom", "To": "KJFK John F Kennedy, New York, United States", "Op": "Virgin Atlantic Airways", "OpIcao": "VIR", "Sqk": "2541", "Help": false, "Vsi": -768, "VsiT": 0, "Dst": 0.72, "Brng": 188.0, "WTC": 3, "Species": 1, "Engines": "4", "EngType": 3, "EngMount": 0, "Mil": false, "Cou": "United Kingdom", "HasPic": false, "Interested": false, "FlightsCount": 0, "Gnd": true, "SpdTyp": 0, "CallSus": false, "Trt": 5, "Year": "2006", "Sat": true}, {"Id": 11379239, "Rcvr": 1, "HasSig": true, "Sig": 101, "Icao": "ADA227", "Bad": false, "Reg": "N978JB", "FSeen": "/Date(1544370214122)/", "TSecs": 45750, "CMsgs": 16799, "Alt": -175, "GAlt": 49, "InHg": 30.1443272, "AltT": 0, "TAlt": 4000, "Call": "JBU1124", "Lat": 40.649728, "Long": -73.777298, "PosTime": 1544415896454, "Mlat": false, "Tisb": false, "Spd": 11.0, "Trak": 191.3, "TrkH": false, "TTrk": 0.0, "Type": "A321", "Mdl": "Airbus A321 231SL", "Man": "Airbus", "CNum": "7584", "From": "KLAX Los Angeles, United States", "To": "KJFK John F Kennedy, New York, United States", "Op": "JetBlue Airways", "OpIcao": "JBU", "Sqk": "6712", "Help": false, "Vsi": -128, "VsiT": 0, "Dst": 0.87, "Brng": 22.6, "WTC": 2, "Species": 1, "Engines": "2", "EngType": 3, "EngMount": 0, "Mil": false, "Cou": "United States", "HasPic": false, "Interested": false, "FlightsCount": 0, "Gnd": true, "SpdTyp": 0, "CallSus": false, "Trt": 5, "Year": "2017"}, {"Id": 11002378, "Rcvr": 1, "HasSig": true, "Sig": 175, "Icao": "A7E20A", "Bad": false, "Reg": "N607JB", "FSeen": "/Date(1544368970847)/", "TSecs": 46993, "CMsgs": 13641, "Alt": 5650, "GAlt": 5910, "InHg": 30.1801186, "AltT": 0, "TAlt": 19008, "Call": "JBU2358", "Lat": 40.373173, "Long": -73.740297, "PosTime": 1544415963478, "Mlat": false, "Tisb": false, "Spd": 279.6, "Trak": 117.9, "TrkH": false, "TTrk": 0.0, "Type": "A320", "Mdl": "2005 AIRBUS A320-232", "Man": "Airbus", "CNum": "2386", "Op": "JetBlue Airways", "OpIcao": "JBU", "Sqk": "1002", "Help": false, "Vsi": -2304, "VsiT": 1, "Dst": 30.15, "Brng": 173.4, "WTC": 2, "Species": 1, "Engines": "2", "EngType": 3, "EngMount": 0, "Mil": false, "Cou": "United States", "HasPic": false, "Interested": false, "FlightsCount": 0, "Gnd": false, "SpdTyp": 0, "CallSus": false, "Trt": 5, "Year": "2005"}], "totalAc": 4194, "lastDv": "636796354145867599", "shtTrlSec": 65, "stm": 1544415964560}