{"src": 1, "feeds": [{"id": 1, "name": "From Cons", "polarPlot": false}], "srcFeed": 1, "showSil": true, "showFlg": true, "showPic": true, "flgH": 20, "flgW": 85, "acList": [{"Id": 11259928, "Rcvr": 1, "HasSig": false, "Icao": "ABD018", "Bad": false, "Reg": "N860NW", "FSeen": "/Date(1544423682111)/", "TSecs": 82, "CMsgs": 6, "InHg": 30.1210632, "AltT": 0, "Lat": 40.63409, "Long": -73.78035, "PosTime": 1544423760553, "Mlat": false, "Tisb": false, "Spd": 14.0, "Trak": 118.1, "TrkH": false, "Type": "A332", "Mdl": "2006 AIRBUS A330-223", "Man": "Airbus", "CNum": "0778", "Op": "DELTA AIR LINES INC     - ATLANTA, GA", "OpIcao": "DAL", "Sqk": "1631", "Help": false, "VsiT": 0, "Dst": 0.94, "Brng": 175.2, "WTC": 3, "Species": 1, "Engines": "2", "EngType": 3, "EngMount": 0, "Mil": false, "Cou": "United States", "HasPic": false, "Interested": false, "FlightsCount": 0, "Gnd": true, "SpdTyp": 0, "CallSus": false, "Trt": 2, "Year": "2006"}, {"Id": 7867019, "Rcvr": 1, "HasSig": true, "Sig": 199, "Icao": "780A8B", "Bad": false, "Reg": "B-KQW", "FSeen": "/Date(1544422215320)/", "TSecs": 1549, "CMsgs": 297, "Alt": 12350, "GAlt": 12574, "InHg": 30.1443272, "AltT": 0, "TAlt": 16992, "Call": "CPA845", "Lat": 40.771195, "Long": -73.515139, "PosTime": 1544423763105, "Mlat": false, "Tisb": false, "Spd": 376.7, "Trak": 24.8, "TrkH": false, "TTrk": 40.078125, "Type": "B773", "Mdl": "Boeing 777 367ER", "Man": "Boeing", "CNum": "41763", "From": "KJFK John F Kennedy, New York, United States", "To": "VHHH Chek Lap Kok, Hong Kong, Hong Kong", "Op": "Cathay Pacific Airways", "OpIcao": "CPA", "Sqk": "1775", "Help": false, "Vsi": 2240, "VsiT": 1, "Dst": 26.61, "Brng": 57.4, "WTC": 3, "Species": 1, "Engines": "2", "EngType": 3, "EngMount": 0, "Mil": false, "Cou": "China", "HasPic": false, "Interested": false, "FlightsCount": 0, "Gnd": false, "SpdTyp": 0, "CallSus": false, "Trt": 5, "Year": "2015"}, {"Id": 11334991, "Rcvr": 1, "HasSig": true, "Sig": 112, "Icao": "ACF54F", "Bad": false, "Reg": "N934JB", "FSeen": "/Date(1544403282825)/", "TSecs": 20482, "CMsgs": 12250, "Alt": 3062, "GAlt": 3281, "InHg": 30.1210632, "AltT": 0, "TAlt": 3000, "Call": "JBU1224", "Lat": 40.646958, "Long": -73.775753, "PosTime": 1544423761579, "Mlat": false, "Tisb": false, "Spd": 0.0, "Trak": 3.8, "TrkH": false, "TTrk": 130.0, "Type": "A321", "Mdl": "2014 AIRBUS INDUSTRIE A321-231", "Man": "Airbus", "CNum": "6130", "From": "KLAX Los Angeles, United States", "To": "KJFK John F Kennedy, New York, United States", "Op": "JetBlue Airways", "OpIcao": "JBU", "Sqk": "7370", "Help": false, "Vsi": -704, "VsiT": 0, "Dst": 0.68, "Brng": 43.2, "WTC": 2, "Species": 1, "Engines": "2", "EngType": 3, "EngMount": 0, "Mil": false, "Cou": "United States", "HasPic": false, "Interested": false, "FlightsCount": 0, "Gnd": true, "SpdTyp": 0, "CallSus": false, "Trt": 4, "Year": "2014"}, {"Id": 11309223, "Rcvr": 1, "HasSig": false, "Icao": "AC90A7", "Bad": false, "Reg": "N909AM", "FSeen": "/Date(1544402272435)/", "TSecs": 21492, "CMsgs": 6810, "Alt": -225, "GAlt": 56, "InHg": 30.1092529, "AltT": 0, "TAlt": 3008, "Call": "AAL1207", "Lat": 40.776756, "Long": -73.874802, "PosTime": 1544423705366, "Mlat": false, "Tisb": false, "Spd": 0.0, "Trak": 141.4, "TrkH": false, "TTrk": 70.3125, "Type": "A321", "Mdl": "Airbus A321 231SL", "Man": "Airbus", "CNum": "7756", "From": "KDFW Dallas Fort Worth, Dallas-Fort Worth, United States", "To": "KSAN San Diego, United States", "Op": "American Airlines", "OpIcao": "AAL", "Sqk": "6211", "Help": false, "Vsi": -896, "VsiT": 0, "Dst": 16.88, "Brng": 332.2, "WTC": 2, "Species": 1, "Engines": "2", "EngType": 3, "EngMount": 0, "Mil": false, "Cou": "United States", "HasPic": false, "Interested": false, "FlightsCount": 0, "Gnd": true, "SpdTyp": 0, "CallSus": false, "Trt": 5, "Year": "2017"}], "totalAc": 4728, "lastDv": "636797564801137885", "shtTrlSec": 65, "stm": 1544423764712}