{"src": 1, "feeds": [{"id": 1, "name": "From Cons", "polarPlot": false}], "srcFeed": 1, "showSil": true, "showFlg": true, "showPic": true, "flgH": 20, "flgW": 85, "acList": [{"Id": 4222284, "Rcvr": 1, "HasSig": true, "Sig": 208, "Icao": "406D4C", "Bad": false, "Reg": "G-VCRU", "FSeen": "/Date(1544415531697)/", "TSecs": 368, "CMsgs": 71, "Alt": 1825, "GAlt": 2097, "InHg": 30.191576, "AltT": 0, "TAlt": 11008, "Call": "VIR10K", "Lat": 40.628174, "Long": -73.874023, "PosTime": 1544415895244, "Mlat": false, "Tisb": false, "Spd": 239.0, "Trak": 224.7, "TrkH": false, "TTrk": 315.0, "Type": "B789", "Mdl": "Boeing 787 9", "Man": "Boeing", "CNum": "37972", "From": "KJFK John F Kennedy, New York, United States", "To": "EGLL London Heathrow, United Kingdom", "Op": "Virgin Atlantic Airways", "OpIcao": "VIR", "Sqk": "3313", "Help": false, "Vsi": 1024, "VsiT": 1, "Dst": 7.99, "Brng": 258.5, "WTC": 3, "Species": 1, "Engines": "2", "EngType": 3, "EngMount": 0, "Mil": false, "Cou": "United Kingdom", "HasPic": false, "Interested": false, "FlightsCount": 0, "Gnd": false, "SpdTyp": 0, "CallSus": false, "Trt": 5, "Year": "2015"}, {"Id": 15204892, "Rcvr": 1, "HasSig": true, "Sig": 219, "Icao": "E8021C", "Bad": false, "Reg": "CC-CXE", "FSeen": "/Date(1544415345795)/", "TSecs": 554, "CMsgs": 187, "Alt": 10650, "GAlt": 10910, "InHg": 30.1801186, "AltT": 0, "Call": "LNE1439", "Lat": 40.536438, "Long": -73.695313, "PosTime": 1544415898073, "Mlat": false, "Tisb": false, "Spd": 319.9, "Trak": 97.7, "TrkH": false, "Type": "B763", "Mdl": "Boeing 767 316ER/W", "Man": "Boeing", "CNum": "35696", "Op": "LATAM Airlines", "OpIcao": "LAN", "Sqk": "3345", "Help": false, "Vsi": 1280, "VsiT": 0, "Dst": 13.85, "Brng": 148.4, "WTC": 3, "Species": 1, "Engines": "2", "EngType": 3, "EngMount": 0, "Mil": false, "Cou": "Chile", "HasPic": false, "Interested": false, "FlightsCount": 0, "Gnd": false, "SpdTyp": 0, "CallSus": false, "Trt": 2, "Year": "2008"}, {"Id": 11318700, "Rcvr": 1, "HasSig": false, "Icao": "ACB5AC", "Bad": false, "Reg": "N918PD", "FSeen": "/Date(1544414417400)/", "TSecs": 1482, "CMsgs": 947, "Alt": 775, "GAlt": 1026, "InHg": 30.1712589, "AltT": 0, "Call": "N918PD", "Lat": 40.608673, "Long": -74.069153, "PosTime": 1544415898060, "Mlat": false, "Tisb": false, "Spd": 70.0, "Trak": 230.2, "TrkH": false, "Type": "B429", "Mdl": "BELL HELICOPTER TEXTRON CANADA 429", "Man": "BELL", "CNum": "57188", "Op": "NEW YORK CITY POLICE DEPARTMENT", "Sqk": "0362", "Help": false, "Vsi": 128, "VsiT": 0, "Dst": 24.58, "Brng": 261.3, "WTC": 1, "Species": 4, "Engines": "2", "EngType": 2, "EngMount": 0, "Mil": false, "Cou": "United States", "HasPic": true, "PicX": 700, "PicY": 406, "Interested": false, "FlightsCount": 0, "Gnd": false, "SpdTyp": 0, "CallSus": false, "Tag": "LE", "Trt": 5, "Year": "2014"}, {"Id": 10525035, "Rcvr": 1, "HasSig": false, "Icao": "A0996B", "Bad": false, "Reg": "N138FE", "FSeen": "/Date(1544414243209)/", "TSecs": 1656, "CMsgs": 1078, "Alt": -225, "GAlt": 26, "InHg": 30.1712589, "AltT": 0, "Call": "FDX344", "Lat": 40.688644, "Long": -74.167221, "PosTime": 1544415898059, "Mlat": false, "Tisb": false, "Spd": 86.0, "Trak": 205.3, "TrkH": false, "Type": "B763", "Mdl": "Boeing 767 3S2F", "Man": "Boeing", "CNum": "42723", "Op": "FedEx Express", "OpIcao": "FDX", "Sqk": "3541", "Help": false, "Vsi": -64, "VsiT": 0, "Dst": 32.95, "Brng": 279.1, "WTC": 3, "Species": 1, "Engines": "2", "EngType": 3, "EngMount": 0, "Mil": false, "Cou": "United States", "HasPic": false, "Interested": false, "FlightsCount": 0, "Gnd": true, "SpdTyp": 0, "CallSus": false, "Trt": 2}, {"Id": 11219364, "Rcvr": 1, "HasSig": true, "Sig": 55, "Icao": "AB31A4", "Bad": false, "Reg": "N820JA", "FSeen": "/Date(1544411441038)/", "TSecs": 4458, "CMsgs": 2657, "Alt": 2775, "GAlt": 3035, "InHg": 30.1801186, "AltT": 0, "Call": "N820JA", "Lat": 40.565946, "Long": -73.755091, "PosTime": 1544415890517, "Mlat": true, "Tisb": false, "Spd": 105.0, "Trak": 38.6, "TrkH": false, "Type": "C172", "Mdl": "2008 CESSNA 172S", "Man": "Cessna", "CNum": "172S10802", "Op": "NUTACK LEASING LLC     - DELAND, FL", "Sqk": "4276", "Help": false, "Vsi": 2, "VsiT": 0, "Dst": 8.79, "Brng": 165.4, "WTC": 1, "Species": 1, "Engines": "1", "EngType": 1, "EngMount": 0, "Mil": false, "Cou": "United States", "HasPic": false, "Interested": false, "FlightsCount": 0, "Gnd": false, "SpdTyp": 0, "CallSus": false, "Trt": 2, "Year": "2008"}, {"Id": 10733771, "Rcvr": 1, "HasSig": true, "Sig": 74, "Icao": "A3C8CB", "Bad": false, "Reg": "N343DN", "FSeen": "/Date(1544410616208)/", "TSecs": 5283, "CMsgs": 3250, "Alt": 2800, "GAlt": 3060, "InHg": 30.1801186, "AltT": 0, "TAlt": 3008, "Call": "DAL2515", "Lat": 40.810764, "Long": -73.744354, "PosTime": 1544415898036, "Mlat": false, "Tisb": false, "Spd": 198.2, "Trak": 52.4, "TrkH": false, "TTrk": 59.765625, "Type": "A321", "Mdl": "Airbus A321 211SL", "Man": "Airbus", "CNum": "8200", "From": "KJAX Jacksonville, United States", "To": "KPHX Phoenix Sky Harbor, United States", "Stops": ["KATL Hartsfield Jackson Atlanta, United States"], "Op": "Delta Air Lines", "OpIcao": "DAL", "Sqk": "5715", "Help": false, "Vsi": 0, "VsiT": 0, "Dst": 18.97, "Brng": 9.4, "WTC": 2, "Species": 1, "Engines": "2", "EngType": 3, "EngMount": 0, "Mil": false, "Cou": "United States", "HasPic": false, "Interested": false, "FlightsCount": 0, "Gnd": false, "SpdTyp": 0, "CallSus": false, "Trt": 2, "Year": "2018"}, {"Id": 10693329, "Rcvr": 1, "HasSig": true, "Sig": 191, "Icao": "A32AD1", "Bad": false, "Reg": "N303DQ", "FSeen": "/Date(1544410485060)/", "TSecs": 5414, "CMsgs": 3313, "Alt": 1700, "GAlt": 1969, "InHg": 30.1889763, "AltT": 0, "TAlt": 1504, "Call": "DAL1557", "Lat": 40.583817, "Long": -73.679932, "PosTime": 1544415898027, "Mlat": false, "Tisb": false, "Spd": 148.6, "Trak": 336.2, "TrkH": false, "TTrk": 0.0, "Type": "B737", "Mdl": "2008 BOEING 737-732", "Man": "Boeing", "CNum": "29688", "From": "KDCA Ronald Reagan Washington National, United States", "To": "KSEA Seattle Tacoma, United States", "Stops": ["KSLC Salt Lake City, United States"], "Op": "DELTA AIR LINES INC     - ATLANTA, GA", "OpIcao": "DAL", "Sqk": "2036", "Help": false, "Vsi": -384, "VsiT": 0, "Dst": 10.76, "Brng": 127.3, "WTC": 2, "Species": 1, "Engines": "2", "EngType": 3, "EngMount": 0, "Mil": false, "Cou": "United States", "HasPic": false, "Interested": false, "FlightsCount": 0, "Gnd": false, "SpdTyp": 0, "CallSus": false, "Trt": 2, "Year": "2008"}, {"Id": 10716402, "Rcvr": 1, "HasSig": true, "Sig": 122, "Icao": "A384F2", "Bad": false, "Reg": "N326DN", "FSeen": "/Date(1544410321566)/", "TSecs": 5578, "CMsgs": 3424, "Alt": -200, "GAlt": -187, "InHg": 29.93171, "AltT": 0, "TAlt": 19008, "Call": "DAL370", "Lat": 40.775873, "Long": -73.878593, "PosTime": 1544415893767, "Mlat": false, "Tisb": false, "Spd": 92.0, "Trak": 210.9, "TrkH": false, "TTrk": 0.0, "Type": "A321", "Mdl": "Airbus A321 211SL", "Man": "Airbus", "CNum": "7845", "From": "MNMG Augusto C. Sandino (Managua), Managua, Nicaragua", "To": "KLAX Los Angeles, United States", "Stops": ["KATL Hartsfield Jackson Atlanta, United States"], "Op": "Delta Air Lines", "OpIcao": "DAL", "Sqk": "2045", "Help": false, "Vsi": -960, "VsiT": 1, "Dst": 16.95, "Brng": 331.1, "WTC": 2, "Species": 1, "Engines": "2", "EngType": 3, "EngMount": 0, "Mil": false, "Cou": "United States", "HasPic": false, "Interested": false, "FlightsCount": 0, "Gnd": true, "SpdTyp": 0, "CallSus": false, "Trt": 5, "Year": "2017"}, {"Id": 11400425, "Rcvr": 1, "HasSig": true, "Sig": 98, "Icao": "ADF4E9", "Bad": false, "Reg": "N999JQ", "FSeen": "/Date(1544408488792)/", "TSecs": 7411, "CMsgs": 3025, "Alt": -175, "GAlt": 120, "InHg": 30.2151985, "AltT": 0, "TAlt": 8992, "Call": "JBU839", "Lat": 40.646819, "Long": -73.772819, "PosTime": 1544410957433, "Mlat": false, "PosStale": true, "Tisb": false, "Spd": 0.0, "Trak": 177.2, "TrkH": false, "TTrk": 0.0, "Type": "A321", "Mdl": "Airbus A321 231SL", "Man": "Airbus", "CNum": "8538", "From": "KJFK John F Kennedy, New York, United States", "To": "TJBQ Rafael Hernandez, Aguadilla, Puerto Rico", "Op": "JetBlue Airways", "OpIcao": "JBU", "Sqk": "2000", "Help": false, "Vsi": -64, "VsiT": 0, "Dst": 0.86, "Brng": 56.0, "WTC": 2, "Species": 1, "Engines": "2", "EngType": 3, "EngMount": 0, "Mil": false, "Cou": "United States", "HasPic": false, "Interested": false, "FlightsCount": 0, "Gnd": true, "SpdTyp": 0, "CallSus": false, "Trt": 5}, {"Id": 11067557, "Rcvr": 1, "HasSig": true, "Sig": 128, "Icao": "A8E0A5", "Bad": false, "Reg": "N671NK", "FSeen": "/Date(1544407596675)/", "TSecs": 8303, "CMsgs": 4295, "Alt": -200, "GAlt": 39, "InHg": 30.1594486, "AltT": 0, "Call": "NKS710", "Lat": 40.772301, "Long": -73.859993, "PosTime": 1544415816382, "Mlat": false, "Tisb": false, "Spd": 11.2, "Trak": 206.6, "TrkH": false, "Type": "A321", "Mdl": "Airbus A321 231SL", "Man": "Airbus", "CNum": "7246", "From": "TIST Cyril E. King, Charlotte Amalie, Harry S. Truman Airport, U.S. Virgin Islands", "To": "KLGA La Guardia, New York, United States", "Stops": ["KFLL Fort Lauderdale Hollywood, United States"], "Op": "Spirit Airlines", "OpIcao": "NKS", "Sqk": "3317", "Help": false, "Vsi": 0, "VsiT": 1, "Dst": 15.89, "Brng": 335.3, "WTC": 2, "Species": 1, "Engines": "2", "EngType": 3, "EngMount": 0, "Mil": false, "Cou": "United States", "HasPic": false, "Interested": false, "FlightsCount": 0, "Gnd": true, "SpdTyp": 0, "CallSus": false, "Trt": 2, "Year": "2016"}, {"Id": 10557537, "Rcvr": 1, "HasSig": false, "Icao": "A11861", "Bad": false, "Reg": "N17RX", "FSeen": "/Date(1544407294433)/", "TSecs": 8605, "CMsgs": 5216, "Alt": -200, "GAlt": 51, "InHg": 30.1712589, "AltT": 0, "TAlt": 43008, "Call": "N17RX", "Lat": 40.698235, "Long": -74.16333, "PosTime": 1544415890516, "Mlat": false, "Tisb": false, "Spd": 22.0, "Trak": 25.3, "TrkH": false, "Type": "GLF5", "Mdl": "Gulfstream Aerospace G550", "Man": "Gulfstream Aerospace", "CNum": "5548", "Op": "Corporate", "OpIcao": "EJM", "Sqk": "2556", "Help": false, "Vsi": -64, "VsiT": 0, "Dst": 32.81, "Brng": 281.0, "WTC": 2, "Species": 1, "Engines": "2", "EngType": 3, "EngMount": 1, "Mil": false, "Cou": "United States", "HasPic": false, "Interested": false, "FlightsCount": 0, "Gnd": true, "SpdTyp": 0, "CallSus": false, "Trt": 5, "Year": "2015"}, {"Id": 11376402, "Rcvr": 1, "HasSig": true, "Sig": 86, "Icao": "AD9712", "Bad": false, "Reg": "N975JT", "FSeen": "/Date(1544407246201)/", "TSecs": 8653, "CMsgs": 3970, "Alt": 28250, "GAlt": 28545, "InHg": 30.2151985, "AltT": 0, "TAlt": 8992, "Call": "JBU2836", "Lat": 40.647692, "Long": -73.777391, "PosTime": 1544414454737, "Mlat": false, "PosStale": true, "Tisb": false, "Spd": 0.0, "Trak": 160.1, "TrkH": false, "TTrk": 0.0, "Type": "A321", "Mdl": "Airbus A321 231SL", "Man": "Airbus", "CNum": "7520", "Op": "JetBlue Airways", "OpIcao": "JBU", "Sqk": "2000", "Help": false, "Vsi": -128, "VsiT": 0, "Dst": 0.67, "Brng": 29.6, "WTC": 2, "Species": 1, "Engines": "2", "EngType": 3, "EngMount": 0, "Mil": false, "Cou": "United States", "HasPic": false, "Interested": false, "FlightsCount": 0, "Gnd": true, "SpdTyp": 0, "CallSus": false, "Trt": 5, "Year": "2016"}, {"Id": 11366291, "Rcvr": 1, "HasSig": true, "Sig": 111, "Icao": "AD6F93", "Bad": false, "Reg": "N965JT", "FSeen": "/Date(1544406473223)/", "TSecs": 9426, "CMsgs": 4410, "Alt": -200, "GAlt": 90, "InHg": 30.2096462, "AltT": 0, "TAlt": 4000, "Call": "JBU1802", "Lat": 40.650112, "Long": -73.778107, "PosTime": 1544414466929, "Mlat": false, "PosStale": true, "Tisb": false, "Spd": 0.0, "Trak": 210.9, "TrkH": false, "TTrk": 19.6875, "Type": "A321", "Mdl": "Airbus A321 231SL", "Man": "Airbus", "CNum": "6512", "From": "KFLL Fort Lauderdale Hollywood, United States", "To": "KJFK John F Kennedy, New York, United States", "Op": "JetBlue Airways", "OpIcao": "JBU", "Sqk": "2000", "Help": false, "Vsi": -192, "VsiT": 0, "Dst": 0.89, "Brng": 17.5, "WTC": 2, "Species": 1, "Engines": "2", "EngType": 3, "EngMount": 0, "Mil": false, "Cou": "United States", "HasPic": false, "Interested": false, "FlightsCount": 0, "Gnd": true, "SpdTyp": 0, "CallSus": false, "Trt": 5, "Year": "2016"}, {"Id": 11176586, "Rcvr": 1, "HasSig": false, "Icao": "AA8A8A", "Bad": false, "Reg": "N779AV", "FSeen": "/Date(1544406069000)/", "TSecs": 9830, "CMsgs": 4491, "Alt": 1800, "GAlt": 2060, "InHg": 30.1801186, "AltT": 0, "TAlt": 18016, "Call": "TAI502", "Lat": 40.493603, "Long": -73.552589, "PosTime": 1544415898044, "Mlat": false, "Tisb": false, "Spd": 204.0, "Trak": 358.6, "TrkH": false, "TTrk": 47.109375, "Type": "A20N", "Mdl": "Airbus A320 251NSL", "Man": "Airbus", "CNum": "8300", "Op": "Avianca", "OpIcao": "AVA", "Sqk": "4765", "Help": false, "Vsi": -320, "VsiT": 0, "Dst": 25.44, "Brng": 130.5, "WTC": 2, "Species": 1, "Engines": "2", "EngType": 3, "EngMount": 0, "Mil": false, "Cou": "United States", "HasPic": false, "Interested": false, "FlightsCount": 0, "Gnd": false, "SpdTyp": 0, "CallSus": false, "Trt": 5, "Year": "2018"}, {"Id": 11204147, "Rcvr": 1, "HasSig": false, "Icao": "AAF633", "Bad": false, "Reg": "N805UA", "FSeen": "/Date(1544405938461)/", "TSecs": 9961, "CMsgs": 4858, "Alt": -200, "GAlt": -78, "InHg": 30.041338, "AltT": 0, "Call": "UAL1415", "Lat": 40.708908, "Long": -74.154656, "PosTime": 1544415775914, "Mlat": true, "PosStale": true, "Tisb": false, "Spd": 519.5, "Trak": 43.9, "TrkH": false, "Type": "A319", "Mdl": "1998 AIRBUS INDUSTRIE A319-131", "Man": "Airbus", "CNum": "0783", "From": "KEWR Newark Liberty, United States", "To": "KMIA Miami, United States", "Op": "United Airlines", "OpIcao": "UAL", "Sqk": "0526", "Help": false, "Vsi": 0, "VsiT": 0, "Dst": 32.34, "Brng": 283.3, "WTC": 2, "Species": 1, "Engines": "2", "EngType": 3, "EngMount": 0, "Mil": false, "Cou": "United States", "HasPic": false, "Interested": false, "FlightsCount": 0, "Gnd": true, "SpdTyp": 0, "CallSus": true, "Trt": 2, "Year": "1998"}, {"Id": 11358827, "Rcvr": 1, "HasSig": true, "Sig": 101, "Icao": "AD526B", "Bad": false, "Reg": "N958AM", "FSeen": "/Date(1544404311211)/", "TSecs": 11588, "CMsgs": 5061, "Alt": -150, "GAlt": 110, "InHg": 30.1801186, "AltT": 0, "TAlt": 18016, "Call": "AMX404", "Lat": 40.644516, "Long": -73.760986, "PosTime": 1544415884583, "Mlat": false, "Tisb": false, "Spd": 126.9, "Trak": 300.8, "TrkH": false, "TTrk": 49.921875, "Type": "B738", "Mdl": "737-852", "Man": "Boeing", "CNum": "39958 ", "From": "MMMX Licenciado Benito Juarez, Mexico City, Mexico", "To": "KJFK John F Kennedy, New York, United States", "Op": "Aerom\u00e9xico", "OpIcao": "AMX", "Sqk": "4247", "Help": false, "Vsi": -192, "VsiT": 1, "Dst": 1.73, "Brng": 82.5, "WTC": 2, "Species": 1, "Engines": "2", "EngType": 3, "EngMount": 0, "Mil": false, "Cou": "United States", "HasPic": false, "Interested": false, "FlightsCount": 0, "Gnd": false, "SpdTyp": 0, "CallSus": false, "Trt": 5, "Year": "2015"}, {"Id": 11019747, "Rcvr": 1, "HasSig": true, "Sig": 75, "Icao": "A825E3", "Bad": false, "Reg": "N624JB", "FSeen": "/Date(1544404300106)/", "TSecs": 11599, "CMsgs": 5771, "Alt": 3140, "GAlt": 3435, "InHg": 30.2151985, "AltT": 0, "TAlt": 4000, "Call": "JBU164", "Lat": 40.64967, "Long": -73.777173, "PosTime": 1544411993607, "Mlat": false, "PosStale": true, "Tisb": false, "Spd": 0.0, "Trak": 165.9, "TrkH": false, "TTrk": 0.0, "Type": "A320", "Mdl": "2005 AIRBUS A320-232", "Man": "Airbus", "CNum": "2520", "From": "KTPA Tampa, United States", "To": "KJFK John F Kennedy, New York, United States", "Op": "JetBlue Airways", "OpIcao": "JBU", "Sqk": "6657", "Help": false, "Vsi": -128, "VsiT": 0, "Dst": 0.87, "Brng": 23.5, "WTC": 2, "Species": 1, "Engines": "2", "EngType": 3, "EngMount": 0, "Mil": false, "Cou": "United States", "HasPic": true, "PicX": 1024, "PicY": 697, "Interested": false, "FlightsCount": 0, "Gnd": true, "SpdTyp": 0, "CallSus": false, "Trt": 5, "Year": "2005"}, {"Id": 11143952, "Rcvr": 1, "HasSig": false, "Icao": "AA0B10", "Bad": false, "Reg": "N746YX", "FSeen": "/Date(1544404111613)/", "TSecs": 11788, "CMsgs": 7095, "Alt": 1450, "GAlt": 1698, "InHg": 30.16795, "AltT": 0, "TAlt": 9024, "Call": "RPA3307", "Lat": 40.766819, "Long": -74.117264, "PosTime": 1544415898017, "Mlat": false, "Tisb": false, "Spd": 160.0, "Trak": 207.0, "TrkH": false, "Type": "E75L", "Mdl": "Embraer EMB-175 200LR", "Man": "Embraer", "CNum": "17000671", "Op": "United Express", "OpIcao": "RPA", "Sqk": "6504", "Help": false, "Vsi": -896, "VsiT": 1, "Dst": 31.52, "Brng": 296.1, "WTC": 2, "Species": 1, "Engines": "2", "EngType": 3, "EngMount": 0, "Mil": false, "Cou": "United States", "HasPic": false, "Interested": false, "FlightsCount": 0, "Gnd": false, "SpdTyp": 0, "CallSus": false, "Trt": 5, "Year": "2017"}, {"Id": 11169807, "Rcvr": 1, "HasSig": false, "Icao": "AA700F", "Bad": false, "Reg": "N7717D", "FSeen": "/Date(1544403639072)/", "TSecs": 12260, "CMsgs": 7042, "Alt": 2125, "GAlt": 2364, "InHg": 30.1594486, "AltT": 0, "Call": "SWA4491", "Lat": 40.856918, "Long": -73.765991, "PosTime": 1544415898017, "Mlat": false, "Tisb": false, "Spd": 180.0, "Trak": 302.5, "TrkH": false, "Type": "B737", "Mdl": "BOEING 737-76N", "Man": "Boeing", "CNum": "32664", "Op": "Southwest Airlines", "OpIcao": "SWA", "Sqk": "0665", "Help": false, "Vsi": -640, "VsiT": 0, "Dst": 23.88, "Brng": 3.1, "WTC": 2, "Species": 1, "Engines": "2", "EngType": 3, "EngMount": 0, "Mil": false, "Cou": "United States", "HasPic": false, "Interested": false, "FlightsCount": 0, "Gnd": false, "SpdTyp": 0, "CallSus": false, "Trt": 2, "Year": "2005"}, {"Id": 10956578, "Rcvr": 1, "HasSig": true, "Sig": 72, "Icao": "A72F22", "Bad": false, "Reg": "N562JB", "FSeen": "/Date(1544403419176)/", "TSecs": 12480, "CMsgs": 4439, "Alt": -175, "GAlt": 144, "InHg": 30.2388229, "AltT": 0, "TAlt": 3008, "Call": "JBU1818", "Lat": 40.633186, "Long": -73.768875, "PosTime": 1544406818368, "Mlat": false, "PosStale": true, "Tisb": false, "Spd": 0.0, "Trak": 210.9, "TrkH": false, "TTrk": 0.0, "Type": "A320", "Mdl": "2003 AIRBUS A320-232", "Man": "Airbus", "CNum": "1948", "From": "TTPP Piarco, Port of Spain, Trinidad and Tobago", "To": "KJFK John F Kennedy, New York, United States", "Op": "JetBlue Airways", "OpIcao": "JBU", "Sqk": "2666", "Help": false, "Vsi": -640, "VsiT": 0, "Dst": 1.47, "Brng": 134.6, "WTC": 2, "Species": 1, "Engines": "2", "EngType": 3, "EngMount": 0, "Mil": false, "Cou": "United States", "HasPic": false, "Interested": false, "FlightsCount": 0, "Gnd": true, "SpdTyp": 0, "CallSus": false, "Trt": 5, "Year": "2003"}, {"Id": 10535980, "Rcvr": 1, "HasSig": true, "Sig": 163, "Icao": "A0C42C", "Bad": false, "Reg": "N149AN", "FSeen": "/Date(1544403083864)/", "TSecs": 12816, "CMsgs": 5897, "Alt": -225, "GAlt": 56, "InHg": 30.2007866, "AltT": 0, "Call": "AAL2708", "Lat": 40.777428, "Long": -73.874725, "PosTime": 1544413385363, "Mlat": false, "PosStale": true, "Tisb": false, "Spd": 0.0, "Trak": 78.8, "TrkH": false, "Type": "A321", "Mdl": "Airbus A321 231SL", "Man": "Airbus", "CNum": "6812", "From": "KDFW Dallas Fort Worth, Dallas-Fort Worth, United States", "To": "KEWR Newark Liberty, United States", "Op": "American Airlines", "OpIcao": "AAL", "Sqk": "4015", "Help": false, "Vsi": 0, "VsiT": 0, "Dst": 16.95, "Brng": 332.3, "WTC": 2, "Species": 1, "Engines": "2", "EngType": 3, "EngMount": 0, "Mil": false, "Cou": "United States", "HasPic": false, "Interested": false, "FlightsCount": 0, "Gnd": true, "SpdTyp": 0, "CallSus": false, "Trt": 2, "Year": "2015"}, {"Id": 11309223, "Rcvr": 1, "HasSig": false, "Icao": "AC90A7", "Bad": false, "Reg": "N909AM", "FSeen": "/Date(1544402272658)/", "TSecs": 13627, "CMsgs": 5773, "Alt": -225, "GAlt": 56, "InHg": 30.1594486, "AltT": 0, "TAlt": 3008, "Call": "AAL1207", "Lat": 40.776741, "Long": -73.874802, "PosTime": 1544415577635, "Mlat": false, "PosStale": true, "Tisb": false, "Spd": 0.0, "Trak": 78.8, "TrkH": false, "TTrk": 70.3125, "Type": "A321", "Mdl": "Airbus A321 231SL", "Man": "Airbus", "CNum": "7756", "From": "KDFW Dallas Fort Worth, Dallas-Fort Worth, United States", "To": "KSAN San Diego, United States", "Op": "American Airlines", "OpIcao": "AAL", "Sqk": "6211", "Help": false, "Vsi": -896, "VsiT": 0, "Dst": 16.88, "Brng": 332.2, "WTC": 2, "Species": 1, "Engines": "2", "EngType": 3, "EngMount": 0, "Mil": false, "Cou": "United States", "HasPic": false, "Interested": false, "FlightsCount": 0, "Gnd": true, "SpdTyp": 0, "CallSus": false, "Trt": 5, "Year": "2017"}, {"Id": 10917369, "Rcvr": 1, "HasSig": false, "Icao": "A695F9", "Bad": false, "Reg": "N523VL", "FSeen": "/Date(1544401759883)/", "TSecs": 14140, "CMsgs": 6895, "Alt": 1650, "GAlt": 1910, "InHg": 30.1801186, "AltT": 0, "Call": "VOI894", "Lat": 40.59906, "Long": -73.661194, "PosTime": 1544415896465, "Mlat": false, "Tisb": false, "Spd": 128.0, "Trak": 301.3, "TrkH": false, "Type": "A320", "Mdl": "2014 AIRBUS A320-233", "Man": "Airbus", "CNum": "6014", "From": "MMGL Don Miguel Hidalgo Y Costilla, Guadalajara, Mexico", "To": "KJFK John F Kennedy, New York, United States", "Op": "Volaris", "OpIcao": "VOI", "Sqk": "3240", "Help": false, "Vsi": -704, "VsiT": 0, "Dst": 11.23, "Brng": 115.4, "WTC": 2, "Species": 1, "Engines": "2", "EngType": 3, "EngMount": 0, "Mil": false, "Cou": "United States", "HasPic": false, "Interested": false, "FlightsCount": 0, "Gnd": false, "SpdTyp": 0, "CallSus": false, "Trt": 2, "Year": "2014"}, {"Id": 11032034, "Rcvr": 1, "HasSig": true, "Sig": 88, "Icao": "A855E2", "Bad": false, "Reg": "N636VA", "FSeen": "/Date(1544398443146)/", "TSecs": 17456, "CMsgs": 9524, "Alt": 10975, "GAlt": 11226, "InHg": 30.1712589, "AltT": 0, "Call": "ASA1026", "Lat": 40.499935, "Long": -73.937926, "PosTime": 1544415898016, "Mlat": false, "Tisb": false, "Spd": 304.9, "Trak": 165.4, "TrkH": false, "Type": "A320", "Mdl": "2008 AIRBUS A320-214", "Man": "Airbus", "CNum": "3460", "From": "KSFO San Francisco, United States", "To": "KJFK John F Kennedy, New York, United States", "Op": "Virgin America", "OpIcao": "ASA", "Sqk": "6254", "Help": false, "Vsi": -2240, "VsiT": 0, "Dst": 20.65, "Brng": 219.9, "WTC": 2, "Species": 1, "Engines": "2", "EngType": 3, "EngMount": 0, "Mil": false, "Cou": "United States", "HasPic": false, "Interested": false, "FlightsCount": 0, "Gnd": false, "SpdTyp": 0, "CallSus": false, "Trt": 2, "Year": "2008"}, {"Id": 10502143, "Rcvr": 1, "HasSig": true, "Sig": 106, "Icao": "A03FFF", "Bad": false, "Reg": "N115NN", "FSeen": "/Date(1544395092393)/", "TSecs": 20807, "CMsgs": 10951, "Alt": 5498, "GAlt": 5788, "InHg": 30.2096462, "AltT": 0, "TAlt": 4000, "Call": "AAL32", "Lat": 40.649551, "Long": -73.795166, "PosTime": 1544412873677, "Mlat": false, "PosStale": true, "Tisb": false, "Spd": 0.0, "Trak": 165.9, "TrkH": false, "TTrk": 0.0, "Type": "A321", "Mdl": "2014 AIRBUS INDUSTRIE A321-231", "Man": "Airbus", "CNum": "6063", "From": "KLAX Los Angeles, United States", "To": "KJFK John F Kennedy, New York, United States", "Op": "American Airlines", "OpIcao": "AAL", "Sqk": "2023", "Help": false, "Vsi": -128, "VsiT": 0, "Dst": 1.41, "Brng": 303.9, "WTC": 2, "Species": 1, "Engines": "2", "EngType": 3, "EngMount": 0, "Mil": false, "Cou": "United States", "HasPic": false, "Interested": false, "FlightsCount": 0, "Gnd": true, "SpdTyp": 0, "CallSus": false, "Trt": 5, "Year": "2014"}, {"Id": 11363438, "Rcvr": 1, "HasSig": true, "Sig": 122, "Icao": "AD646E", "Bad": false, "Reg": "N962JT", "FSeen": "/Date(1544389406162)/", "TSecs": 26493, "CMsgs": 10968, "Alt": -175, "GAlt": 135, "InHg": 30.2303143, "AltT": 0, "TAlt": 4000, "Call": "JBU190", "Lat": 40.642769, "Long": -73.771088, "PosTime": 1544407306768, "Mlat": false, "PosStale": true, "Tisb": false, "Spd": 0.0, "Trak": 199.7, "TrkH": false, "TTrk": 250.0, "Type": "A321", "Mdl": "Airbus A321 231SL", "Man": "Airbus", "CNum": "6988", "From": "KSAN San Diego, United States", "To": "KJFK John F Kennedy, New York, United States", "Op": "JetBlue Airways", "OpIcao": "JBU", "Sqk": "2000", "Help": false, "Vsi": -1280, "VsiT": 0, "Dst": 0.86, "Brng": 87.9, "WTC": 2, "Species": 1, "Engines": "2", "EngType": 3, "EngMount": 0, "Mil": false, "Cou": "United States", "HasPic": false, "Interested": false, "FlightsCount": 0, "Gnd": true, "SpdTyp": 0, "CallSus": false, "Trt": 4, "Year": "2016"}, {"Id": 4198005, "Rcvr": 1, "HasSig": false, "Icao": "400E75", "Bad": false, "Reg": "G-VYOU", "FSeen": "/Date(1544387237414)/", "TSecs": 28662, "CMsgs": 7471, "Alt": -175, "GAlt": 49, "InHg": 30.1801186, "AltT": 0, "TAlt": 2016, "Call": "VIR25B", "Lat": 40.636101, "Long": -73.782463, "PosTime": 1544415896497, "Mlat": false, "Tisb": false, "Spd": 9.0, "Trak": 14.1, "TrkH": false, "TTrk": 279.84375, "Type": "A346", "Mdl": "Airbus A340 642", "Man": "Airbus", "CNum": "765", "From": "EGLL London Heathrow, United Kingdom", "To": "KJFK John F Kennedy, New York, United States", "Op": "Virgin Atlantic Airways", "OpIcao": "VIR", "Sqk": "2541", "Help": false, "Vsi": -768, "VsiT": 0, "Dst": 0.72, "Brng": 188.0, "WTC": 3, "Species": 1, "Engines": "4", "EngType": 3, "EngMount": 0, "Mil": false, "Cou": "United Kingdom", "HasPic": false, "Interested": false, "FlightsCount": 0, "Gnd": true, "SpdTyp": 0, "CallSus": false, "Trt": 5, "Year": "2006", "Sat": true}, {"Id": 11379239, "Rcvr": 1, "HasSig": true, "Sig": 104, "Icao": "ADA227", "Bad": false, "Reg": "N978JB", "FSeen": "/Date(1544376508167)/", "TSecs": 39391, "CMsgs": 17382, "Alt": -175, "GAlt": 49, "InHg": 30.1443272, "AltT": 0, "TAlt": 4000, "Call": "JBU1124", "Lat": 40.649728, "Long": -73.777298, "PosTime": 1544415896463, "Mlat": false, "Tisb": false, "Spd": 21.0, "Trak": 120.9, "TrkH": false, "TTrk": 0.0, "Type": "A321", "Mdl": "Airbus A321 231SL", "Man": "Airbus", "CNum": "7584", "From": "KLAX Los Angeles, United States", "To": "KJFK John F Kennedy, New York, United States", "Op": "JetBlue Airways", "OpIcao": "JBU", "Sqk": "6712", "Help": false, "Vsi": -128, "VsiT": 0, "Dst": 0.87, "Brng": 22.6, "WTC": 2, "Species": 1, "Engines": "2", "EngType": 3, "EngMount": 0, "Mil": false, "Cou": "United States", "HasPic": false, "Interested": false, "FlightsCount": 0, "Gnd": true, "SpdTyp": 0, "CallSus": false, "Trt": 5, "Year": "2017"}, {"Id": 11002378, "Rcvr": 1, "HasSig": false, "Icao": "A7E20A", "Bad": false, "Reg": "N607JB", "FSeen": "/Date(1544376508112)/", "TSecs": 39391, "CMsgs": 13867, "Alt": 8075, "GAlt": 8335, "InHg": 30.1801186, "AltT": 0, "TAlt": 19008, "Call": "JBU2358", "Lat": 40.415211, "Long": -73.84304, "PosTime": 1544415896463, "Mlat": false, "Tisb": false, "Spd": 296.0, "Trak": 116.9, "TrkH": false, "TTrk": 0.0, "Type": "A320", "Mdl": "2005 AIRBUS A320-232", "Man": "Airbus", "CNum": "2386", "Op": "JetBlue Airways", "OpIcao": "JBU", "Sqk": "1002", "Help": false, "Vsi": -1984, "VsiT": 1, "Dst": 25.81, "Brng": 191.7, "WTC": 2, "Species": 1, "Engines": "2", "EngType": 3, "EngMount": 0, "Mil": false, "Cou": "United States", "HasPic": false, "Interested": false, "FlightsCount": 0, "Gnd": false, "SpdTyp": 0, "CallSus": false, "Trt": 5, "Year": "2005"}], "totalAc": 4227, "lastDv": "636799733111906854", "shtTrlSec": 65, "stm": 1544415899549}