{"src": 1, "feeds": [{"id": 1, "name": "From Cons", "polarPlot": false}], "srcFeed": 1, "showSil": true, "showFlg": true, "showPic": true, "flgH": 20, "flgW": 85, "acList": [{"Id": 10608970, "Rcvr": 1, "HasSig": true, "Sig": 100, "Icao": "A1E14A", "Bad": false, "Reg": "N220CY", "FSeen": "/Date(1544425886096)/", "TSecs": 4833, "CMsgs": 3059, "Alt": -100, "GAlt": 101, "InHg": 30.1210632, "AltT": 0, "Call": "ABX552", "Lat": 40.634715, "Long": -73.77608, "PosTime": 1544430705289, "Mlat": false, "Tisb": false, "Spd": 96.0, "Trak": 300.0, "TrkH": false, "Type": "B763", "Mdl": " BOEING 767-383ER", "Man": "Boeing", "CNum": "24729", "From": "KCVG Cincinnati Northern Kentucky, United States", "To": "KJFK John F Kennedy, New York, United States", "Op": "ABX Air", "OpIcao": "ABX", "Sqk": "6610", "Help": false, "Vsi": -576, "VsiT": 0, "Dst": 0.97, "Brng": 153.1, "WTC": 3, "Species": 1, "Engines": "2", "EngType": 3, "EngMount": 0, "Mil": false, "Cou": "United States", "HasPic": false, "Interested": false, "FlightsCount": 0, "Gnd": true, "SpdTyp": 0, "CallSus": false, "Trt": 2}, {"Id": 11371631, "Rcvr": 1, "HasSig": true, "Sig": 198, "Icao": "AD846F", "Bad": false, "Reg": "N970JB", "FSeen": "/Date(1544424986475)/", "TSecs": 5733, "CMsgs": 3330, "Alt": 42050, "GAlt": 42251, "InHg": 30.1210632, "AltT": 0, "TAlt": 2016, "Call": "JBU4", "Lat": 40.646214, "Long": -73.774489, "PosTime": 1544430709718, "Mlat": false, "Tisb": false, "Spd": 0.0, "Trak": 111.2, "TrkH": false, "TTrk": 0.0, "Type": "A321", "Mdl": "Airbus A321 231SL", "Man": "Airbus", "CNum": "7415", "From": "TJSJ Luis Munoz Marin, San Juan, Puerto Rico", "To": "KJFK John F Kennedy, New York, United States", "Op": "JetBlue Airways", "OpIcao": "JBU", "Sqk": "2000", "Help": false, "Vsi": -192, "VsiT": 0, "Dst": 0.71, "Brng": 54.1, "WTC": 2, "Species": 1, "Engines": "2", "EngType": 3, "EngMount": 0, "Mil": false, "Cou": "United States", "HasPic": false, "Interested": false, "FlightsCount": 0, "Gnd": true, "SpdTyp": 0, "CallSus": false, "Trt": 5, "Year": "2016"}, {"Id": 11334991, "Rcvr": 1, "HasSig": true, "Sig": 110, "Icao": "ACF54F", "Bad": false, "Reg": "N934JB", "FSeen": "/Date(1544403282140)/", "TSecs": 27437, "CMsgs": 15119, "Alt": 35200, "GAlt": 35401, "InHg": 30.1210632, "AltT": 0, "TAlt": 3000, "Call": "JBU1224", "Lat": 40.646954, "Long": -73.775757, "PosTime": 1544430718447, "Mlat": false, "Tisb": false, "Spd": 0.0, "Trak": 108.2, "TrkH": false, "TTrk": 130.0, "Type": "A321", "Mdl": "2014 AIRBUS INDUSTRIE A321-231", "Man": "Airbus", "CNum": "6130", "From": "KLAX Los Angeles, United States", "To": "KJFK John F Kennedy, New York, United States", "Op": "JetBlue Airways", "OpIcao": "JBU", "Sqk": "7370", "Help": false, "Vsi": -704, "VsiT": 0, "Dst": 0.68, "Brng": 43.2, "WTC": 2, "Species": 1, "Engines": "2", "EngType": 3, "EngMount": 0, "Mil": false, "Cou": "United States", "HasPic": false, "Interested": false, "FlightsCount": 0, "Gnd": true, "SpdTyp": 0, "CallSus": false, "Trt": 4, "Year": "2014"}, {"Id": 11309223, "Rcvr": 1, "HasSig": false, "Icao": "AC90A7", "Bad": false, "Reg": "N909AM", "FSeen": "/Date(1544402272208)/", "TSecs": 28447, "CMsgs": 8169, "Alt": -225, "GAlt": 56, "InHg": 30.1092529, "AltT": 0, "TAlt": 3008, "Call": "AAL1207", "Lat": 40.776752, "Long": -73.874802, "PosTime": 1544430712836, "Mlat": false, "Tisb": false, "Spd": 0.0, "Trak": 141.4, "TrkH": false, "TTrk": 70.3125, "Type": "A321", "Mdl": "Airbus A321 231SL", "Man": "Airbus", "CNum": "7756", "From": "KDFW Dallas Fort Worth, Dallas-Fort Worth, United States", "To": "KSAN San Diego, United States", "Op": "American Airlines", "OpIcao": "AAL", "Sqk": "6211", "Help": false, "Vsi": -896, "VsiT": 0, "Dst": 16.88, "Brng": 332.2, "WTC": 2, "Species": 1, "Engines": "2", "EngType": 3, "EngMount": 0, "Mil": false, "Cou": "United States", "HasPic": false, "Interested": false, "FlightsCount": 0, "Gnd": true, "SpdTyp": 0, "CallSus": false, "Trt": 5, "Year": "2017"}], "totalAc": 4771, "lastDv": "636797242261430553", "shtTrlSec": 65, "stm": 1544430719511}