{"src": 1, "feeds": [{"id": 1, "name": "From Cons", "polarPlot": false}], "srcFeed": 1, "showSil": true, "showFlg": true, "showPic": true, "flgH": 20, "flgW": 85, "acList": [{"Id": 11353311, "Rcvr": 1, "HasSig": true, "Sig": 212, "Icao": "AD3CDF", "Bad": false, "Reg": "N952JB", "FSeen": "/Date(1544419720640)/", "TSecs": 533, "CMsgs": 28, "Alt": 775, "GAlt": 999, "InHg": 30.1443272, "AltT": 0, "TAlt": 4992, "Call": "JBU609", "Lat": 40.64555, "Long": -73.810584, "PosTime": 1544420250810, "Mlat": false, "Tisb": false, "Spd": 166.6, "Trak": 299.5, "TrkH": false, "Type": "A321", "Mdl": "2015 AIRBUS A321-231", "Man": "Airbus", "CNum": "6663", "From": "KJFK John F Kennedy, New York, United States", "To": "MDSD Las Am\u00e9ricas, Santo Domingo, Dominican Republic", "Op": "JET BLUE AIRWAYS CORP     - LONG ISLAND CITY, NY", "OpIcao": "JBU", "Sqk": "3047", "Help": false, "Vsi": 2880, "VsiT": 1, "Dst": 2.5, "Brng": 277.9, "WTC": 2, "Species": 1, "Engines": "2", "EngType": 3, "EngMount": 0, "Mil": false, "Cou": "United States", "HasPic": false, "Interested": false, "FlightsCount": 0, "Gnd": false, "SpdTyp": 0, "CallSus": false, "Trt": 5, "Year": "2015"}, {"Id": 4960581, "Rcvr": 1, "HasSig": true, "Sig": 177, "Icao": "4BB145", "Bad": false, "Reg": "TC-LJE", "FSeen": "/Date(1544419205934)/", "TSecs": 1048, "CMsgs": 200, "Alt": 5575, "GAlt": 5794, "InHg": 30.1387787, "AltT": 0, "Call": "THY12", "Lat": 40.549942, "Long": -73.821655, "PosTime": 1544420253784, "Mlat": false, "Tisb": false, "Spd": 272.2, "Trak": 87.9, "TrkH": false, "Type": "B773", "Mdl": "Boeing 777 3F2ER", "Man": "Boeing", "CNum": "44126", "From": "KJFK John F Kennedy, New York, United States", "To": "LTBA Atat\u00fcrk, Istanbul, Turkey", "Op": "Turkish Airlines", "OpIcao": "THY", "Sqk": "7143", "Help": false, "Vsi": 2496, "VsiT": 0, "Dst": 10.84, "Brng": 198.3, "WTC": 3, "Species": 1, "Engines": "2", "EngType": 3, "EngMount": 0, "Mil": false, "Cou": "Turkey", "HasPic": false, "Interested": false, "FlightsCount": 0, "Gnd": false, "SpdTyp": 0, "CallSus": false, "Trt": 2, "Year": "2015"}, {"Id": 10799862, "Rcvr": 1, "HasSig": true, "Sig": 140, "Icao": "A4CAF6", "Bad": false, "Reg": "N408GG", "FSeen": "/Date(1544414954811)/", "TSecs": 5299, "CMsgs": 2481, "Alt": -175, "GAlt": 49, "InHg": 30.1443272, "AltT": 0, "TAlt": 2016, "Call": "N408GG", "Lat": 40.754669, "Long": -74.007839, "PosTime": 1544420195251, "Mlat": false, "Tisb": false, "Spd": 28.4, "Trak": 100.1, "TrkH": false, "Type": "B407", "Mdl": "Bell 407 GX", "Man": "Bell", "CNum": "54558", "Op": "Gary O Galiher", "Sqk": "1200", "Help": false, "Vsi": -128, "VsiT": 1, "Dst": 22.81, "Brng": 303.2, "WTC": 1, "Species": 4, "Engines": "1", "EngType": 2, "EngMount": 0, "Mil": false, "Cou": "United States", "HasPic": false, "Interested": false, "FlightsCount": 0, "Gnd": false, "SpdTyp": 0, "CallSus": false, "Trt": 5, "Year": "2014"}, {"Id": 854419, "Rcvr": 1, "HasSig": true, "Sig": 208, "Icao": "0D0993", "Bad": false, "Reg": "XA-VLN", "FSeen": "/Date(1544410424861)/", "TSecs": 9829, "CMsgs": 5233, "Alt": 225, "GAlt": 426, "InHg": 30.1207027, "AltT": 0, "TAlt": 4000, "Call": "VOI858", "Lat": 40.636752, "Long": -73.744167, "PosTime": 1544420253762, "Mlat": false, "Tisb": false, "Spd": 125.3, "Trak": 298.6, "TrkH": false, "TTrk": 350.15625, "Type": "A320", "Mdl": "Airbus A320 233SL", "Man": "Airbus", "CNum": "6948", "From": "MMMX Licenciado Benito Juarez, Mexico City, Mexico", "To": "KJFK John F Kennedy, New York, United States", "Op": "Volaris", "OpIcao": "VOI", "Sqk": "3704", "Help": false, "Vsi": -768, "VsiT": 0, "Dst": 3.2, "Brng": 101.5, "WTC": 2, "Species": 1, "Engines": "2", "EngType": 3, "EngMount": 0, "Mil": false, "Cou": "Mexico", "HasPic": false, "Interested": false, "FlightsCount": 0, "Gnd": false, "SpdTyp": 0, "CallSus": false, "Trt": 2, "Year": "2015"}, {"Id": 10998392, "Rcvr": 1, "HasSig": false, "Icao": "A7D278", "Bad": false, "Reg": "N603AV", "FSeen": "/Date(1544409318776)/", "TSecs": 10935, "CMsgs": 4692, "Alt": 1525, "GAlt": 1764, "InHg": 30.1594486, "AltT": 0, "Call": "LRC670", "Lat": 40.603374, "Long": -73.67057, "PosTime": 1544420253766, "Mlat": false, "Tisb": false, "Spd": 137.0, "Trak": 300.7, "TrkH": false, "Type": "A320", "Mdl": "2013 AIRBUS A320-233", "Man": "Airbus", "CNum": "5840", "From": "MROC Juan Santamaria, San Jose, Costa Rica", "To": "KLAX Los Angeles, United States", "Stops": ["MSLP El Salvador, Santa Clara, El Salvador"], "Op": "WELLS FARGO BANK NORTHWEST NA TRUSTEE     - SALT LAKE CITY, UT", "OpIcao": "AVA", "Sqk": "2473", "Help": false, "Vsi": -704, "VsiT": 0, "Dst": 10.31, "Brng": 114.9, "WTC": 2, "Species": 1, "Engines": "2", "EngType": 3, "EngMount": 0, "Mil": false, "Cou": "United States", "HasPic": false, "Interested": false, "FlightsCount": 0, "Gnd": false, "SpdTyp": 0, "CallSus": false, "Trt": 2, "Year": "2013"}, {"Id": 11376402, "Rcvr": 1, "HasSig": true, "Sig": 104, "Icao": "AD9712", "Bad": false, "Reg": "N975JT", "FSeen": "/Date(1544407246200)/", "TSecs": 13008, "CMsgs": 5994, "Alt": 4950, "GAlt": 5245, "InHg": 30.2151985, "AltT": 0, "TAlt": 8992, "Call": "JBU2836", "Lat": 40.647692, "Long": -73.777391, "PosTime": 1544414454689, "Mlat": false, "PosStale": true, "Tisb": false, "Spd": 0.0, "Trak": 160.1, "TrkH": false, "TTrk": 0.0, "Type": "A321", "Mdl": "Airbus A321 231SL", "Man": "Airbus", "CNum": "7520", "Op": "JetBlue Airways", "OpIcao": "JBU", "Sqk": "2000", "Help": false, "Vsi": -128, "VsiT": 0, "Dst": 0.67, "Brng": 29.6, "WTC": 2, "Species": 1, "Engines": "2", "EngType": 3, "EngMount": 0, "Mil": false, "Cou": "United States", "HasPic": false, "Interested": false, "FlightsCount": 0, "Gnd": true, "SpdTyp": 0, "CallSus": false, "Trt": 5, "Year": "2016"}, {"Id": 10956578, "Rcvr": 1, "HasSig": false, "Icao": "A72F22", "Bad": false, "Reg": "N562JB", "FSeen": "/Date(1544403419083)/", "TSecs": 16835, "CMsgs": 5733, "Alt": -150, "GAlt": 169, "InHg": 30.2388229, "AltT": 0, "TAlt": 3008, "Call": "JBU1818", "Lat": 40.633186, "Long": -73.768875, "PosTime": 1544406818358, "Mlat": false, "PosStale": true, "Tisb": false, "Spd": 0.0, "Trak": 210.9, "TrkH": false, "TTrk": 0.0, "Type": "A320", "Mdl": "2003 AIRBUS A320-232", "Man": "Airbus", "CNum": "1948", "From": "TTPP Piarco, Port of Spain, Trinidad and Tobago", "To": "KJFK John F Kennedy, New York, United States", "Op": "JetBlue Airways", "OpIcao": "JBU", "Sqk": "2666", "Help": false, "Vsi": -640, "VsiT": 0, "Dst": 1.47, "Brng": 134.6, "WTC": 2, "Species": 1, "Engines": "2", "EngType": 3, "EngMount": 0, "Mil": false, "Cou": "United States", "HasPic": false, "Interested": false, "FlightsCount": 0, "Gnd": true, "SpdTyp": 0, "CallSus": false, "Trt": 5, "Year": "2003"}, {"Id": 11119800, "Rcvr": 1, "HasSig": false, "Icao": "A9ACB8", "Bad": false, "Reg": "N722TW", "FSeen": "/Date(1544403169652)/", "TSecs": 17084, "CMsgs": 10174, "Alt": 1675, "GAlt": 1944, "InHg": 30.1889763, "AltT": 0, "TAlt": 23008, "Call": "DAL2144", "Lat": 40.56348, "Long": -73.682365, "PosTime": 1544420253760, "Mlat": false, "Tisb": false, "Spd": 179.0, "Trak": 4.8, "TrkH": false, "TTrk": 40.078125, "Type": "B752", "Mdl": "Boeing 757-231 (SkyTeam Livery)", "Man": "Boeing", "CNum": "29385", "From": "KDTW Detroit Metropolitan Wayne County, United States", "To": "KDCA Ronald Reagan Washington National, United States", "Op": "Delta Air Lines (SkyTeam Livery)", "OpIcao": "DAL", "Sqk": "3355", "Help": false, "Vsi": -576, "VsiT": 1, "Dst": 12.12, "Brng": 136.4, "WTC": 2, "Species": 1, "Engines": "2", "EngType": 3, "EngMount": 0, "Mil": false, "Cou": "United States", "HasPic": false, "Interested": false, "FlightsCount": 0, "Gnd": false, "SpdTyp": 0, "CallSus": false, "Tag": "SPLIV", "Trt": 5, "Year": "1999"}, {"Id": 11309223, "Rcvr": 1, "HasSig": false, "Icao": "AC90A7", "Bad": false, "Reg": "N909AM", "FSeen": "/Date(1544402272209)/", "TSecs": 17982, "CMsgs": 6434, "Alt": -225, "GAlt": 56, "InHg": 30.129921, "AltT": 0, "TAlt": 3008, "Call": "AAL1207", "Lat": 40.776867, "Long": -73.874939, "PosTime": 1544420250798, "Mlat": false, "Tisb": false, "Spd": 0.0, "Trak": 317.7, "TrkH": false, "TTrk": 70.3125, "Type": "A321", "Mdl": "Airbus A321 231SL", "Man": "Airbus", "CNum": "7756", "From": "KDFW Dallas Fort Worth, Dallas-Fort Worth, United States", "To": "KSAN San Diego, United States", "Op": "American Airlines", "OpIcao": "AAL", "Sqk": "6211", "Help": false, "Vsi": -896, "VsiT": 0, "Dst": 16.9, "Brng": 332.2, "WTC": 2, "Species": 1, "Engines": "2", "EngType": 3, "EngMount": 0, "Mil": false, "Cou": "United States", "HasPic": false, "Interested": false, "FlightsCount": 0, "Gnd": true, "SpdTyp": 0, "CallSus": false, "Trt": 5, "Year": "2017"}, {"Id": 10489179, "Rcvr": 1, "HasSig": true, "Sig": 113, "Icao": "A00D5B", "Bad": false, "Reg": "N102NN", "FSeen": "/Date(1544402094929)/", "TSecs": 18159, "CMsgs": 11195, "Alt": -175, "GAlt": 44, "InHg": 30.1387787, "AltT": 0, "Call": "AAL184", "Lat": 40.652556, "Long": -73.787129, "PosTime": 1544420253760, "Mlat": false, "Tisb": false, "Spd": 13.0, "Trak": 241.9, "TrkH": false, "Type": "A321", "Mdl": "2013 AIRBUS A321-231", "Man": "Airbus", "CNum": "5860", "From": "KSNA John Wayne Airport-Orange County, Santa Ana, United States", "To": "KBOS General Edward Lawrence Logan, Boston, United States", "Stops": ["KORD Chicago O'Hare, United States"], "Op": "American Airlines", "OpIcao": "AAL", "Sqk": "7752", "Help": false, "Vsi": -576, "VsiT": 0, "Dst": 1.22, "Brng": 336.2, "WTC": 2, "Species": 1, "Engines": "2", "EngType": 3, "EngMount": 0, "Mil": false, "Cou": "United States", "HasPic": false, "Interested": false, "FlightsCount": 0, "Gnd": true, "SpdTyp": 0, "CallSus": false, "Trt": 2, "Year": "2013"}, {"Id": 10502143, "Rcvr": 1, "HasSig": true, "Sig": 98, "Icao": "A03FFF", "Bad": false, "Reg": "N115NN", "FSeen": "/Date(1544395089822)/", "TSecs": 25164, "CMsgs": 13289, "Alt": 49500, "GAlt": 49790, "InHg": 30.2096462, "AltT": 0, "TAlt": 4000, "Call": "AAL32", "Lat": 40.649551, "Long": -73.795166, "PosTime": 1544412873367, "Mlat": false, "PosStale": true, "Tisb": false, "Spd": 0.0, "Trak": 165.9, "TrkH": false, "TTrk": 0.0, "Type": "A321", "Mdl": "2014 AIRBUS INDUSTRIE A321-231", "Man": "Airbus", "CNum": "6063", "From": "KLAX Los Angeles, United States", "To": "KJFK John F Kennedy, New York, United States", "Op": "American Airlines", "OpIcao": "AAL", "Sqk": "1200", "Help": false, "Vsi": -128, "VsiT": 0, "Dst": 1.41, "Brng": 303.9, "WTC": 2, "Species": 1, "Engines": "2", "EngType": 3, "EngMount": 0, "Mil": false, "Cou": "United States", "HasPic": false, "Interested": false, "FlightsCount": 0, "Gnd": true, "SpdTyp": 0, "CallSus": false, "Trt": 5, "Year": "2014"}, {"Id": 11363438, "Rcvr": 1, "HasSig": true, "Sig": 133, "Icao": "AD646E", "Bad": false, "Reg": "N962JT", "FSeen": "/Date(1544389403965)/", "TSecs": 30850, "CMsgs": 12579, "Alt": -150, "GAlt": 160, "InHg": 30.2303143, "AltT": 0, "TAlt": 4000, "Call": "JBU6123", "Lat": 40.642769, "Long": -73.771088, "PosTime": 1544407306737, "Mlat": false, "PosStale": true, "Tisb": false, "Spd": 0.0, "Trak": 199.7, "TrkH": false, "TTrk": 250.0, "Type": "A321", "Mdl": "Airbus A321 231SL", "Man": "Airbus", "CNum": "6988", "Op": "JetBlue Airways", "OpIcao": "JBU", "Sqk": "2000", "Help": false, "Vsi": -1280, "VsiT": 0, "Dst": 0.86, "Brng": 87.9, "WTC": 2, "Species": 1, "Engines": "2", "EngType": 3, "EngMount": 0, "Mil": false, "Cou": "United States", "HasPic": false, "Interested": false, "FlightsCount": 0, "Gnd": true, "SpdTyp": 0, "CallSus": false, "Trt": 4, "Year": "2016"}, {"Id": 11002378, "Rcvr": 1, "HasSig": true, "Sig": 197, "Icao": "A7E20A", "Bad": false, "Reg": "N607JB", "FSeen": "/Date(1544387137846)/", "TSecs": 33116, "CMsgs": 13163, "Alt": -175, "GAlt": 49, "InHg": 30.1443272, "AltT": 0, "TAlt": 2016, "Call": "JBU2358", "Lat": 40.651579, "Long": -73.781371, "PosTime": 1544416673402, "Mlat": false, "PosStale": true, "Tisb": false, "Spd": 0.0, "Trak": 191.3, "TrkH": false, "TTrk": 0.0, "Type": "A320", "Mdl": "2005 AIRBUS A320-232", "Man": "Airbus", "CNum": "2386", "Op": "JetBlue Airways", "OpIcao": "JBU", "Sqk": "2000", "Help": false, "Vsi": -448, "VsiT": 0, "Dst": 1.01, "Brng": 359.6, "WTC": 2, "Species": 1, "Engines": "2", "EngType": 3, "EngMount": 0, "Mil": false, "Cou": "United States", "HasPic": false, "Interested": false, "FlightsCount": 0, "Gnd": true, "SpdTyp": 0, "CallSus": false, "Trt": 5, "Year": "2005"}], "totalAc": 3812, "lastDv": "636799839382711079", "shtTrlSec": 65, "stm": 1544420254504}