{"src": 1, "feeds": [{"id": 1, "name": "From Cons", "polarPlot": false}], "srcFeed": 1, "showSil": true, "showFlg": true, "showPic": true, "flgH": 20, "flgW": 85, "acList": [{"Id": 5031192, "Rcvr": 1, "HasSig": false, "Icao": "4CC518", "Bad": false, "Reg": "TF-ISX", "FSeen": "/Date(1544405038445)/", "TSecs": 6, "CMsgs": 2, "InHg": 30.2598419, "AltT": 0, "Lat": 40.650089, "Long": -73.770462, "PosTime": 1544405040855, "Mlat": false, "Tisb": false, "Spd": 4.0, "TrkH": false, "Type": "B753", "Mdl": "Boeing 757 3E7/W", "Man": "Boeing", "CNum": "30179", "Op": "Icelandair", "OpIcao": "ICE", "Sqk": "", "VsiT": 0, "Dst": 1.24, "Brng": 47.2, "WTC": 2, "Species": 1, "Engines": "2", "EngType": 3, "EngMount": 0, "Mil": false, "Cou": "Iceland", "HasPic": false, "Interested": false, "FlightsCount": 0, "Gnd": true, "SpdTyp": 0, "CallSus": false, "Trt": 2, "Year": "2000"}, {"Id": 11172587, "Rcvr": 1, "HasSig": true, "Sig": 60, "Icao": "AA7AEB", "Bad": false, "Reg": "N7745A", "FSeen": "/Date(1544404897442)/", "TSecs": 147, "CMsgs": 81, "Alt": 4475, "GAlt": 4765, "InHg": 30.2096462, "AltT": 0, "Call": "SWA3178", "Lat": 40.879578, "Long": -73.963562, "PosTime": 1544405043769, "Mlat": false, "Tisb": false, "Spd": 249.7, "Trak": 328.1, "TrkH": false, "Type": "B737", "Mdl": "BOEING 737-7BD", "Man": "Boeing", "CNum": "33933", "From": "KSNA John Wayne Airport-Orange County, Santa Ana, United States", "To": "KLAS McCarran, Las Vegas, United States", "Stops": ["KOAK Metropolitan Oakland, United States", "KRNO Reno Tahoe, United States"], "Op": "Southwest Airlines", "OpIcao": "SWA", "Sqk": "1157", "Help": false, "Vsi": 2496, "VsiT": 0, "Dst": 30.51, "Brng": 329.8, "WTC": 2, "Species": 1, "Engines": "2", "EngType": 3, "EngMount": 0, "Mil": false, "Cou": "United States", "HasPic": false, "Interested": false, "FlightsCount": 0, "Gnd": false, "SpdTyp": 0, "CallSus": false, "Trt": 2, "Year": "2007"}, {"Id": 10509082, "Rcvr": 1, "HasSig": false, "Icao": "A05B1A", "Bad": false, "Reg": "N12195", "FSeen": "/Date(1544404852199)/", "TSecs": 192, "CMsgs": 99, "Alt": 9700, "GAlt": 10001, "InHg": 30.2214565, "AltT": 0, "Lat": 40.718311, "Long": -74.123444, "PosTime": 1544405043769, "Mlat": false, "Tisb": false, "Spd": 297.0, "Trak": 57.9, "TrkH": false, "Type": "E45X", "Mdl": "2005 EMBRAER EMB-145XR", "Man": "Embraer", "CNum": "14500943", "Op": "WELLS FARGO BANK NORTHWEST NA TRUSTEE     - SALT LAKE CITY, UT", "OpIcao": "UCA", "Sqk": "", "Vsi": 320, "VsiT": 0, "Dst": 30.06, "Brng": 286.4, "WTC": 2, "Species": 1, "Engines": "2", "EngType": 3, "EngMount": 1, "Mil": false, "Cou": "United States", "HasPic": false, "Interested": false, "FlightsCount": 0, "Gnd": false, "SpdTyp": 0, "CallSus": false, "Trt": 2, "Year": "2005"}, {"Id": 10987862, "Rcvr": 1, "HasSig": true, "Sig": 203, "Icao": "A7A956", "Bad": false, "Reg": "N593JB", "FSeen": "/Date(1544404832599)/", "TSecs": 212, "CMsgs": 121, "Alt": 7675, "GAlt": 7965, "InHg": 30.2096462, "AltT": 0, "Call": "JBU71", "Lat": 40.507599, "Long": -73.980896, "PosTime": 1544405040853, "Mlat": true, "Tisb": false, "Trak": 214.3, "TrkH": false, "Type": "A320", "Mdl": "2004 AIRBUS A320-232", "Man": "Airbus", "CNum": "2280", "From": "KJFK John F Kennedy, New York, United States", "To": "KSLC Salt Lake City, United States", "Op": "JETBLUE AIRWAYS CORP     - LONG ISLAND CITY, NY", "OpIcao": "JBU", "Sqk": "2673", "Help": false, "VsiT": 0, "Dst": 22.57, "Brng": 228.4, "WTC": 2, "Species": 1, "Engines": "2", "EngType": 3, "EngMount": 0, "Mil": false, "Cou": "United States", "HasPic": false, "Interested": false, "FlightsCount": 0, "Gnd": false, "SpdTyp": 0, "CallSus": true, "Trt": 2, "Year": "2004"}, {"Id": 10893412, "Rcvr": 1, "HasSig": true, "Sig": 37, "Icao": "A63864", "Bad": false, "Reg": "N50JE", "FSeen": "/Date(1544404667182)/", "TSecs": 377, "CMsgs": 218, "Alt": 10750, "GAlt": 11040, "InHg": 30.2096462, "AltT": 0, "Call": "N50JE", "Lat": 40.737305, "Long": -73.756839, "PosTime": 1544405043767, "Mlat": false, "Tisb": false, "Spd": 295.7, "Trak": 186.2, "TrkH": false, "Type": "GLF5", "Mdl": "1999 GULFSTREAM AEROSPACE G-V", "Man": "Gulfstream Aerospace", "CNum": "567", "Op": "N450JE LLC EGINDI N450JE LLC JGINDI N450JE LLC   - NEW YORK, NY", "Sqk": "2602", "Help": false, "Vsi": 1984, "VsiT": 0, "Dst": 10.74, "Brng": 11.1, "WTC": 2, "Species": 1, "Engines": "2", "EngType": 3, "EngMount": 1, "Mil": false, "Cou": "United States", "HasPic": false, "Interested": false, "FlightsCount": 0, "Gnd": false, "SpdTyp": 0, "CallSus": false, "Trt": 4, "Year": "1999"}, {"Id": 10712026, "Rcvr": 1, "HasSig": false, "Icao": "A373DA", "Bad": false, "Reg": "N321US", "FSeen": "/Date(1544403921583)/", "TSecs": 1123, "CMsgs": 230, "Alt": 8775, "GAlt": 9085, "InHg": 30.2303143, "AltT": 0, "Call": "DAL2799", "Lat": 40.476147, "Long": -73.590797, "PosTime": 1544405043768, "Mlat": false, "Tisb": false, "Spd": 291.0, "Trak": 148.2, "TrkH": false, "Type": "A320", "Mdl": "1992 AIRBUS INDUSTRIE A320-211", "Man": "Airbus", "CNum": "262", "From": "KJFK John F Kennedy, New York, United States", "To": "KMCO Orlando, United States", "Op": "DELTA AIR LINES INC     - ATLANTA, GA", "OpIcao": "DAL", "Sqk": "3050", "Help": false, "Vsi": 2688, "VsiT": 1, "Dst": 24.52, "Brng": 138.9, "WTC": 2, "Species": 1, "Engines": "2", "EngType": 3, "EngMount": 0, "Mil": false, "Cou": "United States", "HasPic": false, "Interested": false, "FlightsCount": 0, "Gnd": false, "SpdTyp": 0, "CallSus": false, "Trt": 5, "Year": "1992"}, {"Id": 10920695, "Rcvr": 1, "HasSig": false, "Icao": "A6A2F7", "Bad": false, "Reg": "N527AH", "FSeen": "/Date(1544403796080)/", "TSecs": 1248, "CMsgs": 123, "Alt": -250, "GAlt": 90, "InHg": 30.2598419, "AltT": 0, "Call": "N527AH", "Lat": 40.649288, "Long": -73.766602, "PosTime": 1544405042026, "Mlat": false, "Tisb": false, "Spd": 0.0, "Trak": 30.9, "TrkH": false, "Type": "E190", "Mdl": "Embraer Lineage 1000 E", "Man": "Embraer", "CNum": "19000691", "Op": "Embraer", "Sqk": "4032", "Help": false, "VsiT": 0, "Dst": 1.45, "Brng": 58.6, "WTC": 2, "Species": 1, "Engines": "2", "EngType": 3, "EngMount": 0, "Mil": false, "Cou": "United States", "HasPic": false, "Interested": false, "FlightsCount": 0, "Gnd": true, "SpdTyp": 0, "CallSus": false, "Trt": 5, "Year": "2016"}, {"Id": 5031183, "Rcvr": 1, "HasSig": true, "Sig": 185, "Icao": "4CC50F", "Bad": false, "Reg": "TF-ICY", "FSeen": "/Date(1544403632518)/", "TSecs": 1412, "CMsgs": 776, "Alt": 36625, "GAlt": 36637, "InHg": 29.93171, "AltT": 0, "TAlt": 36992, "Call": "ICE8E", "Lat": 40.52377, "Long": -74.027502, "PosTime": 1544405043751, "Mlat": false, "Tisb": false, "Spd": 564.2, "Trak": 47.7, "TrkH": false, "TTrk": 57.65625, "Type": "B38M", "Mdl": "Boeing 737MAX 8", "Man": "Boeing", "CNum": "44354", "Op": "Icelandair", "OpIcao": "ICE", "Sqk": "5614", "Help": false, "Vsi": 768, "VsiT": 1, "Dst": 24.63, "Brng": 237.7, "WTC": 2, "Species": 1, "Engines": "2", "EngType": 3, "EngMount": 0, "Mil": false, "Cou": "Iceland", "HasPic": false, "Interested": false, "FlightsCount": 0, "Gnd": false, "SpdTyp": 0, "CallSus": false, "Trt": 5, "Year": "2018"}, {"Id": 11103382, "Rcvr": 1, "HasSig": false, "Icao": "A96C96", "Bad": false, "Reg": "N706TW", "FSeen": "/Date(1544403626732)/", "TSecs": 1418, "CMsgs": 64, "Alt": -175, "GAlt": 165, "InHg": 30.2598419, "AltT": 0, "Call": "DAL507", "Lat": 40.649185, "Long": -73.766678, "PosTime": 1544404648903, "Mlat": false, "PosStale": true, "Tisb": false, "Spd": 4.0, "Trak": 30.9, "TrkH": false, "Type": "B752", "Mdl": "1997 BOEING 757-2Q8", "Man": "Boeing", "CNum": "28165", "From": "KLGA La Guardia, New York, United States", "To": "KMCO Orlando, United States", "Op": "Delta Air Lines", "OpIcao": "DAL", "Sqk": "2726", "Help": false, "VsiT": 0, "Dst": 1.44, "Brng": 58.8, "WTC": 2, "Species": 1, "Engines": "2", "EngType": 3, "EngMount": 0, "Mil": false, "Cou": "United States", "HasPic": false, "Interested": false, "FlightsCount": 0, "Gnd": false, "SpdTyp": 0, "CallSus": false, "Trt": 5, "Year": "1997"}, {"Id": 10576499, "Rcvr": 1, "HasSig": false, "Icao": "A16273", "Bad": false, "Reg": "N189DN", "FSeen": "/Date(1544403534857)/", "TSecs": 1509, "CMsgs": 111, "Alt": 6800, "GAlt": 7110, "InHg": 30.2303143, "AltT": 0, "Call": "DAL126", "Lat": 40.513504, "Long": -73.687866, "PosTime": 1544405042025, "Mlat": false, "Tisb": false, "Spd": 285.0, "Trak": 117.7, "TrkH": false, "Type": "B763", "Mdl": "1997 BOEING 767-332", "Man": "Boeing", "CNum": "25990", "From": "KBOS General Edward Lawrence Logan, Boston, United States", "To": "EHAM Amsterdam Airport Schiphol, Netherlands", "Op": "Delta Air Lines", "OpIcao": "DAL", "Sqk": "1622", "Help": false, "Vsi": 2688, "VsiT": 1, "Dst": 16.37, "Brng": 151.2, "WTC": 3, "Species": 1, "Engines": "2", "EngType": 3, "EngMount": 0, "Mil": false, "Cou": "United States", "HasPic": false, "Interested": false, "FlightsCount": 0, "Gnd": false, "SpdTyp": 0, "CallSus": false, "Trt": 5, "Year": "1997"}, {"Id": 10498865, "Rcvr": 1, "HasSig": true, "Sig": 173, "Icao": "A03331", "Bad": false, "Reg": "N11164", "FSeen": "/Date(1544403484257)/", "TSecs": 1560, "CMsgs": 510, "Alt": 11350, "GAlt": 11607, "InHg": 30.177166, "AltT": 0, "TAlt": 15008, "Call": "ASQ4126", "Lat": 40.89743, "Long": -73.869019, "PosTime": 1544405043754, "Mlat": false, "Tisb": false, "Spd": 357.7, "Trak": 35.6, "TrkH": false, "Type": "E45X", "Mdl": "2004 EMBRAER EMB-145XR", "Man": "Embraer", "CNum": "14500817", "Op": "WELLS FARGO BANK NORTHWEST NA TRUSTEE     - SALT LAKE CITY, UT", "OpIcao": "ASQ", "Sqk": "1520", "Help": false, "Vsi": 1728, "VsiT": 0, "Dst": 29.3, "Brng": 345.4, "WTC": 2, "Species": 1, "Engines": "2", "EngType": 3, "EngMount": 1, "Mil": false, "Cou": "United States", "HasPic": false, "Interested": false, "FlightsCount": 0, "Gnd": false, "SpdTyp": 0, "CallSus": false, "Trt": 2, "Year": "2004"}, {"Id": 11240619, "Rcvr": 1, "HasSig": true, "Sig": 107, "Icao": "AB84AB", "Bad": false, "Reg": "N841MH", "FSeen": "/Date(1544403291535)/", "TSecs": 1753, "CMsgs": 381, "Alt": 28975, "GAlt": 29380, "InHg": 30.3248043, "AltT": 0, "Call": "DAL444", "Lat": 40.651348, "Long": -73.773285, "PosTime": 1544404861177, "Mlat": false, "PosStale": true, "Tisb": false, "Spd": 1.4, "Trak": 135.0, "TrkH": false, "Type": "B764", "Mdl": "2001 BOEING 767-432ER", "Man": "Boeing", "CNum": "29714", "From": "KJFK John F Kennedy, New York, United States", "To": "LIRF Leonardo Da Vinci (Fiumicino), Rome, Italy", "Op": "Delta Air Lines", "OpIcao": "DAL", "Sqk": "1170", "Help": false, "VsiT": 1, "Dst": 1.19, "Brng": 34.4, "WTC": 3, "Species": 1, "Engines": "2", "EngType": 3, "EngMount": 0, "Mil": false, "Cou": "United States", "HasPic": false, "Interested": false, "FlightsCount": 0, "Gnd": true, "SpdTyp": 0, "CallSus": false, "Trt": 2, "Year": "2001"}, {"Id": 10564497, "Rcvr": 1, "HasSig": true, "Sig": 211, "Icao": "A13391", "Bad": false, "Reg": "N177DZ", "FSeen": "/Date(1544402766663)/", "TSecs": 2278, "CMsgs": 207, "Alt": 4300, "GAlt": 4642, "InHg": 30.26245, "AltT": 0, "TAlt": 7008, "Call": "DAL714", "Lat": 40.567337, "Long": -73.744629, "PosTime": 1544405042026, "Mlat": false, "Tisb": false, "Spd": 270.7, "Trak": 86.0, "TrkH": false, "TTrk": 49.921875, "Type": "B763", "Mdl": "1999 BOEING 767-332", "Man": "Boeing", "CNum": "29698", "From": "KLAX Los Angeles, United States", "To": "KJFK John F Kennedy, New York, United States", "Op": "DELTA AIR LINES INC     - ATLANTA, GA", "OpIcao": "DAL", "Sqk": "3074", "Help": false, "Vsi": 3648, "VsiT": 1, "Dst": 8.91, "Brng": 159.7, "WTC": 3, "Species": 1, "Engines": "2", "EngType": 3, "EngMount": 0, "Mil": false, "Cou": "United States", "HasPic": false, "Interested": false, "FlightsCount": 0, "Gnd": false, "SpdTyp": 0, "CallSus": false, "Trt": 5, "Year": "1999"}, {"Id": 11201814, "Rcvr": 1, "HasSig": true, "Sig": 193, "Icao": "AAED16", "Bad": false, "Reg": "N803AV", "FSeen": "/Date(1544402298190)/", "TSecs": 2746, "CMsgs": 1297, "Alt": 1700, "GAlt": 1990, "InHg": 30.2096462, "AltT": 0, "Call": "AVA244", "Lat": 40.854989, "Long": -73.536113, "PosTime": 1544405043727, "Mlat": false, "Tisb": false, "Spd": 192.4, "Trak": 257.7, "TrkH": false, "Type": "A333", "Mdl": "Airbus A330 343E", "Man": "Airbus", "CNum": "1357", "From": "SKBO El Dorado, Bogota, Colombia", "To": "KJFK John F Kennedy, New York, United States", "Op": "Avianca", "OpIcao": "AVA", "Sqk": "5454", "Help": false, "Vsi": -192, "VsiT": 0, "Dst": 31.38, "Brng": 41.1, "WTC": 3, "Species": 1, "Engines": "2", "EngType": 3, "EngMount": 0, "Mil": false, "Cou": "United States", "HasPic": false, "Interested": false, "FlightsCount": 0, "Gnd": false, "SpdTyp": 0, "CallSus": false, "Trt": 2, "Year": "2012"}, {"Id": 11157871, "Rcvr": 1, "HasSig": false, "Icao": "AA416F", "Bad": false, "Reg": "N76ZA", "FSeen": "/Date(1544401959336)/", "TSecs": 3085, "CMsgs": 720, "Alt": 850, "GAlt": 1140, "InHg": 30.2096462, "AltT": 0, "Call": "N76ZA", "Lat": 40.878265, "Long": -73.940231, "PosTime": 1544405043757, "Mlat": false, "Tisb": false, "Spd": 114.0, "Trak": 203.7, "TrkH": false, "Type": "B407", "Mdl": "2014 BELL HELICOPTER TEXTRON CANADA 407", "Man": "Bell", "CNum": "54501", "Op": "N76ZA LLC     - NEW YORK, NY", "Sqk": "1200", "Help": false, "Vsi": -128, "VsiT": 1, "Dst": 29.44, "Brng": 333.0, "WTC": 1, "Species": 4, "Engines": "1", "EngType": 2, "EngMount": 0, "Mil": false, "Cou": "United States", "HasPic": false, "Interested": false, "FlightsCount": 0, "Gnd": false, "SpdTyp": 0, "CallSus": false, "Trt": 5, "Year": "2014"}, {"Id": 11220211, "Rcvr": 1, "HasSig": false, "Icao": "AB34F3", "Bad": false, "Reg": "N821DX", "FSeen": "/Date(1544401923995)/", "TSecs": 3120, "CMsgs": 1638, "Alt": 2975, "GAlt": 3294, "InHg": 30.2388229, "AltT": 0, "TAlt": 4000, "Call": "DAL332", "Lat": 40.79731, "Long": -73.514702, "PosTime": 1544405041982, "Mlat": false, "Tisb": false, "Spd": 172.0, "Trak": 253.1, "TrkH": false, "TTrk": 40.078125, "Type": "B752", "Mdl": "Boeing 757 26D", "Man": "Boeing", "CNum": "33961", "From": "TJSJ Luis Munoz Marin, San Juan, Puerto Rico", "To": "KJFK John F Kennedy, New York, United States", "Op": "Delta Air Lines", "OpIcao": "DAL", "Sqk": "7472", "Help": false, "Vsi": -896, "VsiT": 1, "Dst": 28.3, "Brng": 52.5, "WTC": 2, "Species": 1, "Engines": "2", "EngType": 3, "EngMount": 0, "Mil": false, "Cou": "United States", "HasPic": false, "Interested": false, "FlightsCount": 0, "Gnd": false, "SpdTyp": 0, "CallSus": false, "Trt": 5, "Year": "2004"}, {"Id": 12585875, "Rcvr": 1, "HasSig": true, "Sig": 106, "Icao": "C00B93", "Bad": false, "Reg": "C-FEJY", "FSeen": "/Date(1544400750690)/", "TSecs": 4294, "CMsgs": 1989, "Alt": -250, "GAlt": 40, "InHg": 30.2096462, "AltT": 0, "TAlt": 3008, "Call": "SKV7628", "Lat": 40.776756, "Long": -73.869278, "PosTime": 1544405011858, "Mlat": false, "Tisb": false, "Spd": 14.0, "Trak": 120.9, "TrkH": false, "Type": "E170", "Mdl": "Embraer EMB-175 SU", "Man": "Embraer", "CNum": "17000097", "From": "CYUL Montreal / Pierre Elliott Trudeau, Montr\u00e9al, Canada", "To": "KLGA La Guardia, New York, United States", "Op": "Air Canada Express", "OpIcao": "SKV", "Sqk": "6542", "Help": false, "Vsi": -128, "VsiT": 0, "Dst": 16.67, "Brng": 333.6, "WTC": 2, "Species": 1, "Engines": "2", "EngType": 3, "EngMount": 0, "Mil": false, "Cou": "Canada", "HasPic": false, "Interested": false, "FlightsCount": 0, "Gnd": true, "SpdTyp": 0, "CallSus": false, "Trt": 5, "Year": "2005"}, {"Id": 10995785, "Rcvr": 1, "HasSig": true, "Sig": 51, "Icao": "A7C849", "Bad": false, "Reg": "N600LR", "FSeen": "/Date(1544400706885)/", "TSecs": 4337, "CMsgs": 2310, "Alt": -250, "GAlt": 45, "InHg": 30.2151985, "AltT": 0, "TAlt": 3008, "Call": "EDV3409", "Lat": 40.632889, "Long": -73.765167, "PosTime": 1544405043708, "Mlat": false, "Tisb": false, "Spd": 32.0, "Trak": 236.3, "TrkH": false, "TTrk": 225.703125, "Type": "CRJ9", "Mdl": "2007 BOMBARDIER INC CL-600-2D24", "Man": "Bombardier", "CNum": "15142", "Op": "DELTA AIR LINES INC     - ATLANTA, GA", "OpIcao": "EDV", "Sqk": "4147", "Help": false, "Vsi": -640, "VsiT": 1, "Dst": 1.73, "Brng": 128.1, "WTC": 2, "Species": 1, "Engines": "2", "EngType": 3, "EngMount": 1, "Mil": false, "Cou": "United States", "HasPic": false, "Interested": false, "FlightsCount": 0, "Gnd": true, "SpdTyp": 0, "CallSus": false, "Trt": 5, "Year": "2007"}, {"Id": 10925303, "Rcvr": 1, "HasSig": true, "Sig": 191, "Icao": "A6B4F7", "Bad": false, "Reg": "N531JL", "FSeen": "/Date(1544400039336)/", "TSecs": 5005, "CMsgs": 2269, "Alt": -250, "GAlt": 92, "InHg": 30.26245, "AltT": 0, "TAlt": 3008, "Call": "JBU740", "Lat": 40.632534, "Long": -73.767502, "PosTime": 1544403068455, "Mlat": false, "PosStale": true, "Tisb": false, "Spd": 3.0, "Trak": 199.7, "TrkH": false, "TTrk": 0.0, "Type": "A320", "Mdl": "2001 AIRBUS INDUSTRIE A320-232", "Man": "Airbus", "CNum": "1650", "From": "TJPS Mercedita, Ponce, Puerto Rico", "To": "KJFK John F Kennedy, New York, United States", "Op": "JetBlue Airways", "OpIcao": "JBU", "Sqk": "2000", "Help": false, "Vsi": -128, "VsiT": 0, "Dst": 1.61, "Brng": 133.6, "WTC": 2, "Species": 1, "Engines": "2", "EngType": 3, "EngMount": 0, "Mil": false, "Cou": "United States", "HasPic": false, "Interested": false, "FlightsCount": 0, "Gnd": true, "SpdTyp": 0, "CallSus": false, "Trt": 5, "Year": "2001"}, {"Id": 10957529, "Rcvr": 1, "HasSig": true, "Sig": 179, "Icao": "A732D9", "Bad": false, "Reg": "N563JB", "FSeen": "/Date(1544399788729)/", "TSecs": 5256, "CMsgs": 2511, "Alt": 1775, "GAlt": 2094, "InHg": 30.2388229, "AltT": 0, "TAlt": 2016, "Call": "JBU1042", "Lat": 40.815373, "Long": -73.598036, "PosTime": 1544405043707, "Mlat": false, "Tisb": false, "Spd": 164.8, "Trak": 235.6, "TrkH": false, "TTrk": 250.3125, "Type": "A320", "Mdl": "2003 AIRBUS A320-232", "Man": "Airbus", "CNum": "2006", "From": "KSAV Savannah Hilton Head, United States", "To": "KJFK John F Kennedy, New York, United States", "Op": "JetBlue Airways", "OpIcao": "JBU", "Sqk": "0726", "Help": false, "Vsi": -576, "VsiT": 0, "Dst": 24.66, "Brng": 38.7, "WTC": 2, "Species": 1, "Engines": "2", "EngType": 3, "EngMount": 0, "Mil": false, "Cou": "United States", "HasPic": false, "Interested": false, "FlightsCount": 0, "Gnd": false, "SpdTyp": 0, "CallSus": false, "Trt": 5, "Year": "2003"}, {"Id": 10900683, "Rcvr": 1, "HasSig": false, "Icao": "A654CB", "Bad": false, "Reg": "N507JT", "FSeen": "/Date(1544399565405)/", "TSecs": 5479, "CMsgs": 2887, "Alt": 3700, "GAlt": 3721, "InHg": 29.9409447, "AltT": 0, "TAlt": 18016, "Call": "JBU720", "Lat": 40.61771, "Long": -73.424065, "PosTime": 1544405043706, "Mlat": false, "Tisb": false, "Spd": 225.0, "Trak": 29.7, "TrkH": false, "Type": "A320", "Mdl": "2000 AIRBUS INDUSTRIE A320-232", "Man": "Airbus", "CNum": "1240", "From": "MYNN Lynden Pindling, Nassau, Bahamas", "To": "KJFK John F Kennedy, New York, United States", "Op": "JetBlue Airways", "OpIcao": "JBU", "Sqk": "2575", "Help": false, "Vsi": 0, "VsiT": 0, "Dst": 30.27, "Brng": 95.1, "WTC": 2, "Species": 1, "Engines": "2", "EngType": 3, "EngMount": 0, "Mil": false, "Cou": "United States", "HasPic": false, "Interested": false, "FlightsCount": 0, "Gnd": false, "SpdTyp": 0, "CallSus": false, "Trt": 2, "Year": "2000"}, {"Id": 11034721, "Rcvr": 1, "HasSig": true, "Sig": 138, "Icao": "A86061", "Bad": false, "Reg": "N639NK", "FSeen": "/Date(1544399479845)/", "TSecs": 5564, "CMsgs": 2984, "Alt": 3250, "GAlt": 3540, "InHg": 30.2096462, "AltT": 0, "Call": "NKS630", "Lat": 40.851823, "Long": -73.720634, "PosTime": 1544405041956, "Mlat": false, "Tisb": false, "Spd": 186.6, "Trak": 31.0, "TrkH": false, "Type": "A320", "Mdl": "2015 AIRBUS A320-232", "Man": "Airbus", "CNum": "6487", "From": "KORD Chicago O'Hare, United States", "To": "KEWR Newark Liberty, United States", "Op": "Spirit Airlines", "OpIcao": "NKS", "Sqk": "6265", "Help": false, "Vsi": -1280, "VsiT": 0, "Dst": 23.83, "Brng": 12.4, "WTC": 2, "Species": 1, "Engines": "2", "EngType": 3, "EngMount": 0, "Mil": false, "Cou": "United States", "HasPic": false, "Interested": false, "FlightsCount": 0, "Gnd": false, "SpdTyp": 0, "CallSus": false, "Trt": 2, "Year": "2015"}, {"Id": 10651666, "Rcvr": 1, "HasSig": true, "Sig": 109, "Icao": "A28812", "Bad": false, "Reg": "N262SY", "FSeen": "/Date(1544399257630)/", "TSecs": 5787, "CMsgs": 3126, "Alt": 4925, "GAlt": 5226, "InHg": 30.2214565, "AltT": 0, "TAlt": 4000, "Call": "SKW3790", "Lat": 40.684235, "Long": -73.974755, "PosTime": 1544405043706, "Mlat": false, "Tisb": false, "Spd": 264.8, "Trak": 39.9, "TrkH": false, "Type": "E75L", "Mdl": "Embraer EMB-175 LL", "Man": "Embraer", "CNum": "17000714", "Op": "Delta Connection", "OpIcao": "SKW", "Sqk": "3145", "Help": false, "Vsi": -1408, "VsiT": 1, "Dst": 16.97, "Brng": 285.9, "WTC": 2, "Species": 1, "Engines": "2", "EngType": 3, "EngMount": 0, "Mil": false, "Cou": "United States", "HasPic": false, "Interested": false, "FlightsCount": 0, "Gnd": false, "SpdTyp": 0, "CallSus": false, "Trt": 5, "Year": "2018"}, {"Id": 10583058, "Rcvr": 1, "HasSig": false, "Icao": "A17C12", "Bad": false, "Reg": "N195PQ", "FSeen": "/Date(1544399108976)/", "TSecs": 5935, "CMsgs": 3105, "Alt": 1750, "GAlt": 2001, "InHg": 30.1712589, "AltT": 0, "Lat": 40.875053, "Long": -73.797226, "PosTime": 1544405040824, "Mlat": true, "Tisb": false, "Spd": 552.3, "Trak": 81.8, "TrkH": false, "Type": "CRJ9", "Mdl": "2008 BOMBARDIER INC CL-600-2D24", "Man": "Bombardier", "CNum": "15195", "Op": "DELTA AIR LINES INC     - ATLANTA, GA", "OpIcao": "EDV", "Sqk": "2461", "Help": false, "Vsi": 64, "VsiT": 1, "Dst": 25.9, "Brng": 357.0, "WTC": 2, "Species": 1, "Engines": "2", "EngType": 3, "EngMount": 1, "Mil": false, "Cou": "United States", "HasPic": false, "Interested": false, "FlightsCount": 0, "Gnd": false, "SpdTyp": 0, "CallSus": false, "Trt": 2, "Year": "2008"}, {"Id": 11263807, "Rcvr": 1, "HasSig": false, "Icao": "ABDF3F", "Bad": false, "Reg": "N864RW", "FSeen": "/Date(1544398181369)/", "TSecs": 6863, "CMsgs": 3421, "Alt": -250, "GAlt": 69, "InHg": 30.239172, "AltT": 0, "Call": "RPA3626", "Lat": 40.710526, "Long": -74.155396, "PosTime": 1544404657669, "Mlat": true, "PosStale": true, "Tisb": false, "Spd": 517.6, "Trak": 208.7, "TrkH": false, "Type": "E170", "Mdl": "2006 EMBRAER ERJ 170-100 SE", "Man": "Embraer", "CNum": "17000117", "Op": "SHUTTLE AMERICA CORP     - INDIANAPOLIS, IN", "OpIcao": "RPA", "Sqk": "3014", "Help": false, "Vsi": 64, "VsiT": 0, "Dst": 32.44, "Brng": 283.6, "WTC": 2, "Species": 1, "Engines": "2", "EngType": 3, "EngMount": 0, "Mil": false, "Cou": "United States", "HasPic": false, "Interested": false, "FlightsCount": 0, "Gnd": true, "SpdTyp": 0, "CallSus": false, "Trt": 2, "Year": "2006"}, {"Id": 10806584, "Rcvr": 1, "HasSig": true, "Sig": 45, "Icao": "A4E538", "Bad": false, "Reg": "N414YX", "FSeen": "/Date(1544397532865)/", "TSecs": 7511, "CMsgs": 3859, "Alt": 4446, "GAlt": 4736, "InHg": 30.2096462, "AltT": 0, "TAlt": 19008, "Call": "RPA4716", "Lat": 40.776094, "Long": -73.876315, "PosTime": 1544405036973, "Mlat": false, "Tisb": false, "Spd": 12.0, "Trak": 81.6, "TrkH": false, "Type": "E75L", "Mdl": "2013 EMBRAER ERJ170-200LR", "Man": "Embraer", "CNum": "17000377", "Op": "REPUBLIC AIRLINE INC     - INDIANAPOLIS, IN", "OpIcao": "RPA", "Sqk": "1612", "Help": false, "Vsi": 0, "VsiT": 0, "Dst": 16.88, "Brng": 331.7, "WTC": 2, "Species": 1, "Engines": "2", "EngType": 3, "EngMount": 0, "Mil": false, "Cou": "United States", "HasPic": false, "Interested": false, "FlightsCount": 0, "Gnd": true, "SpdTyp": 0, "CallSus": false, "Trt": 5, "Year": "2013"}, {"Id": 11384411, "Rcvr": 1, "HasSig": true, "Sig": 205, "Icao": "ADB65B", "Bad": false, "Reg": "N983AT", "FSeen": "/Date(1544397497830)/", "TSecs": 7546, "CMsgs": 3011, "Alt": 275, "GAlt": 364, "InHg": 30.0088577, "AltT": 0, "Lat": 40.687913, "Long": -73.722319, "PosTime": 1544405010423, "Mlat": true, "Tisb": false, "Spd": 530.2, "Trak": 210.7, "TrkH": false, "Type": "B712", "Mdl": "BOEING 717-200", "Man": "Boeing", "CNum": "55052", "Op": "Delta Air Lines", "OpIcao": "DAL", "Sqk": "3545", "Help": false, "Vsi": 1216, "VsiT": 0, "Dst": 7.09, "Brng": 44.5, "WTC": 2, "Species": 1, "Engines": "2", "EngType": 3, "EngMount": 1, "Mil": false, "Cou": "United States", "HasPic": false, "Interested": false, "FlightsCount": 0, "Gnd": false, "SpdTyp": 0, "CallSus": false, "Trt": 2}, {"Id": 4921471, "Rcvr": 1, "HasSig": false, "Icao": "4B187F", "Bad": false, "Reg": "HB-JHF", "FSeen": "/Date(1544396214090)/", "TSecs": 8830, "CMsgs": 4585, "Alt": 25, "GAlt": 326, "InHg": 30.2214565, "AltT": 0, "Call": "SWR18", "Lat": 40.70863, "Long": -74.154533, "PosTime": 1544405043693, "Mlat": false, "Tisb": false, "Spd": 130.0, "Trak": 206.0, "TrkH": false, "Type": "A333", "Mdl": "Airbus A330 343E", "Man": "Airbus", "CNum": "1089", "From": "LSZH Z\u00fcrich, Switzerland", "To": "KEWR Newark Liberty, United States", "Op": "Swiss International Air Lines", "OpIcao": "SWR", "Sqk": "6014", "Help": false, "Vsi": -704, "VsiT": 0, "Dst": 32.32, "Brng": 283.3, "WTC": 3, "Species": 1, "Engines": "2", "EngType": 3, "EngMount": 0, "Mil": false, "Cou": "Switzerland", "HasPic": false, "Interested": false, "FlightsCount": 0, "Gnd": false, "SpdTyp": 0, "CallSus": false, "Trt": 2, "Year": "2010"}, {"Id": 10811218, "Rcvr": 1, "HasSig": true, "Sig": 203, "Icao": "A4F752", "Bad": false, "Reg": "N419UA", "FSeen": "/Date(1544395686724)/", "TSecs": 9358, "CMsgs": 4688, "Alt": 3725, "GAlt": 4035, "InHg": 30.2303143, "AltT": 0, "TAlt": 10016, "Call": "UAL2094", "Lat": 40.758499, "Long": -73.825928, "PosTime": 1544405041955, "Mlat": false, "Tisb": false, "Spd": 270.3, "Trak": 59.5, "TrkH": false, "TTrk": 70.3125, "Type": "A320", "Mdl": "1994 AIRBUS INDUSTRIE A320-232", "Man": "Airbus", "CNum": "487", "Op": "US BANK NA TRUSTEE     - BOSTON, MA", "OpIcao": "UAL", "Sqk": "2437", "Help": false, "Vsi": 0, "VsiT": 0, "Dst": 13.44, "Brng": 343.7, "WTC": 2, "Species": 1, "Engines": "2", "EngType": 3, "EngMount": 0, "Mil": false, "Cou": "United States", "HasPic": false, "Interested": false, "FlightsCount": 0, "Gnd": false, "SpdTyp": 0, "CallSus": false, "Trt": 5, "Year": "1994"}, {"Id": 4224211, "Rcvr": 1, "HasSig": false, "Icao": "4074D3", "Bad": false, "Reg": "G-CKWC", "FSeen": "/Date(1544395247615)/", "TSecs": 9797, "CMsgs": 4447, "Alt": -250, "GAlt": 60, "InHg": 30.2303143, "AltT": 0, "TAlt": 4992, "Call": "NRS15Z", "Lat": 40.64716, "Long": -73.808014, "PosTime": 1544404988588, "Mlat": false, "Tisb": false, "Spd": 3.0, "Trak": 304.4, "TrkH": false, "TTrk": 310.078125, "Type": "B789", "Mdl": "Boeing 787 9", "Man": "Boeing", "CNum": "38893", "Op": "Norwegian Air UK", "OpIcao": "NRS", "Sqk": "0746", "Help": false, "Vsi": -128, "VsiT": 0, "Dst": 2.31, "Brng": 283.0, "WTC": 3, "Species": 1, "Engines": "2", "EngType": 3, "EngMount": 0, "Mil": false, "Cou": "United Kingdom", "HasPic": false, "Interested": false, "FlightsCount": 0, "Gnd": true, "SpdTyp": 0, "CallSus": false, "Trt": 5, "Year": "2018"}, {"Id": 10673790, "Rcvr": 1, "HasSig": true, "Sig": 33, "Icao": "A2DE7E", "Bad": false, "Reg": "N284SY", "FSeen": "/Date(1544395206616)/", "TSecs": 9838, "CMsgs": 4940, "Alt": 4375, "GAlt": 4505, "InHg": 30.0501976, "AltT": 0, "TAlt": 10016, "Call": "SKW3815", "Lat": 40.608821, "Long": -74.027315, "PosTime": 1544405040818, "Mlat": false, "Tisb": false, "Spd": 262.2, "Trak": 34.9, "TrkH": false, "Type": "E75L", "Mdl": "Embraer EMB-175 LR", "Man": "Embraer", "CNum": "17000750", "Op": "Delta Connection", "OpIcao": "SKW", "Sqk": "2241", "Help": false, "Vsi": -1600, "VsiT": 0, "Dst": 21.1, "Brng": 259.9, "WTC": 2, "Species": 1, "Engines": "2", "EngType": 3, "EngMount": 0, "Mil": false, "Cou": "United States", "HasPic": false, "Interested": false, "FlightsCount": 0, "Gnd": false, "SpdTyp": 0, "CallSus": false, "Trt": 5, "Year": "2018"}, {"Id": 10870044, "Rcvr": 1, "HasSig": false, "Icao": "A5DD1C", "Bad": false, "Reg": "N477WN", "FSeen": "/Date(1544394260152)/", "TSecs": 10784, "CMsgs": 4682, "Alt": 275, "GAlt": 565, "InHg": 30.2096462, "AltT": 0, "Lat": 40.817887, "Long": -73.835553, "PosTime": 1544405040821, "Mlat": true, "Tisb": false, "Spd": 513.0, "Trak": 109.3, "TrkH": false, "Type": "B737", "Mdl": "2004 BOEING 737-7H4", "Man": "Boeing", "CNum": "33988", "Op": "Southwest Airlines", "OpIcao": "SWA", "Sqk": "0531", "Help": false, "Vsi": 40, "VsiT": 0, "Dst": 20.03, "Brng": 346.8, "WTC": 2, "Species": 1, "Engines": "2", "EngType": 3, "EngMount": 0, "Mil": false, "Cou": "United States", "HasPic": false, "Interested": false, "FlightsCount": 0, "Gnd": false, "SpdTyp": 0, "CallSus": false, "Trt": 2, "Year": "2004"}, {"Id": 11373549, "Rcvr": 1, "HasSig": true, "Sig": 121, "Icao": "AD8BED", "Bad": false, "Reg": "N972JT", "FSeen": "/Date(1544394186391)/", "TSecs": 10858, "CMsgs": 3266, "Alt": 12500, "GAlt": 12842, "InHg": 30.26245, "AltT": 0, "TAlt": 4000, "Call": "JBU2809", "Lat": 40.658432, "Long": -73.791809, "PosTime": 1544396608371, "Mlat": false, "PosStale": true, "Tisb": false, "Spd": 0.0, "Trak": 191.3, "TrkH": false, "Type": "A321", "Mdl": "Airbus A321 231SL", "Man": "Airbus", "CNum": "7455", "Op": "JetBlue Airways", "OpIcao": "JBU", "Sqk": "3022", "Help": false, "Vsi": -576, "VsiT": 0, "Dst": 1.98, "Brng": 333.4, "WTC": 2, "Species": 1, "Engines": "2", "EngType": 3, "EngMount": 0, "Mil": false, "Cou": "United States", "HasPic": false, "Interested": false, "FlightsCount": 0, "Gnd": true, "SpdTyp": 0, "CallSus": false, "Trt": 5, "Year": "2016"}, {"Id": 11358066, "Rcvr": 1, "HasSig": true, "Sig": 129, "Icao": "AD4F72", "Bad": false, "Reg": "N957JB", "FSeen": "/Date(1544393964100)/", "TSecs": 11080, "CMsgs": 4127, "Alt": -250, "GAlt": 69, "InHg": 30.2388229, "AltT": 0, "TAlt": 3008, "Call": "JBU1452", "Lat": 40.630293, "Long": -73.770197, "PosTime": 1544404270237, "Mlat": false, "PosStale": true, "Tisb": false, "Spd": 0.0, "Trak": 210.9, "TrkH": false, "TTrk": 260.15625, "Type": "A321", "Mdl": "Airbus A321 231SL", "Man": "Airbus", "CNum": "6809", "From": "KMCO Orlando, United States", "To": "KBOS General Edward Lawrence Logan, Boston, United States", "Op": "JetBlue Airways", "OpIcao": "JBU", "Sqk": "2000", "Help": false, "Vsi": -64, "VsiT": 0, "Dst": 1.65, "Brng": 145.4, "WTC": 2, "Species": 1, "Engines": "2", "EngType": 3, "EngMount": 0, "Mil": false, "Cou": "United States", "HasPic": false, "Interested": false, "FlightsCount": 0, "Gnd": true, "SpdTyp": 0, "CallSus": false, "Trt": 5, "Year": "2015"}, {"Id": 11382804, "Rcvr": 1, "HasSig": true, "Sig": 14, "Icao": "ADB014", "Bad": false, "Reg": "N981NN", "FSeen": "/Date(1544393653835)/", "TSecs": 11390, "CMsgs": 5629, "Alt": 9400, "GAlt": 9690, "InHg": 30.2096462, "AltT": 0, "TAlt": 10016, "Call": "AAL2716", "Lat": 40.775894, "Long": -73.878586, "PosTime": 1544404975958, "Mlat": false, "Tisb": false, "Spd": 66.0, "Trak": 212.9, "TrkH": false, "TTrk": 47.8125, "Type": "B738", "Mdl": " BOEING 737-823", "Man": "Boeing", "CNum": "31230", "From": "KJFK John F Kennedy, New York, United States", "To": "KCLT Charlotte Douglas, United States", "Op": "American Airlines", "OpIcao": "AAL", "Sqk": "2670", "Help": false, "Vsi": -128, "VsiT": 0, "Dst": 16.95, "Brng": 331.1, "WTC": 2, "Species": 1, "Engines": "2", "EngType": 3, "EngMount": 0, "Mil": false, "Cou": "United States", "HasPic": false, "Interested": false, "FlightsCount": 0, "Gnd": true, "SpdTyp": 0, "CallSus": false, "Trt": 5, "Year": "2015"}, {"Id": 10918036, "Rcvr": 1, "HasSig": false, "Icao": "A69894", "Bad": false, "Reg": "N524JB", "FSeen": "/Date(1544393566211)/", "TSecs": 11478, "CMsgs": 4876, "Alt": -250, "GAlt": -237, "InHg": 29.93171, "AltT": 0, "TAlt": 35008, "Call": "JBU1677", "Lat": 40.63262, "Long": -73.767653, "PosTime": 1544402499393, "Mlat": false, "PosStale": true, "Tisb": false, "Spd": 0.0, "Trak": 199.7, "TrkH": false, "TTrk": 0.0, "Type": "A320", "Mdl": "2001 AIRBUS INDUSTRIE A320-232", "Man": "Airbus", "CNum": "1528", "From": "KJFK John F Kennedy, New York, United States", "To": "KJAX Jacksonville, United States", "Op": "JetBlue Airways", "OpIcao": "JBU", "Sqk": "2000", "Help": false, "Vsi": -704, "VsiT": 0, "Dst": 1.59, "Brng": 133.6, "WTC": 2, "Species": 1, "Engines": "2", "EngType": 3, "EngMount": 0, "Mil": false, "Cou": "United States", "HasPic": false, "Interested": false, "FlightsCount": 0, "Gnd": true, "SpdTyp": 0, "CallSus": false, "Trt": 5, "Year": "2001"}, {"Id": 11103138, "Rcvr": 1, "HasSig": true, "Sig": 135, "Icao": "A96BA2", "Bad": false, "Reg": "N706JB", "FSeen": "/Date(1544393443706)/", "TSecs": 11601, "CMsgs": 3520, "Alt": 100400, "GAlt": 100742, "InHg": 30.26245, "AltT": 0, "TAlt": 4000, "Call": "JBU950", "Lat": 40.651291, "Long": -73.775894, "PosTime": 1544395940346, "Mlat": false, "PosStale": true, "Tisb": false, "Spd": 0.0, "Trak": 202.5, "TrkH": false, "TTrk": 0.0, "Type": "A320", "Mdl": "2008 AIRBUS A320-232", "Man": "Airbus", "CNum": "3451", "From": "KMCO Orlando, United States", "To": "KBOS General Edward Lawrence Logan, Boston, United States", "Op": "JetBlue Airways", "OpIcao": "JBU", "Sqk": "2000", "Help": false, "Vsi": -960, "VsiT": 0, "Dst": 1.08, "Brng": 24.9, "WTC": 2, "Species": 1, "Engines": "2", "EngType": 3, "EngMount": 0, "Mil": false, "Cou": "United States", "HasPic": false, "Interested": false, "FlightsCount": 0, "Gnd": true, "SpdTyp": 0, "CallSus": false, "Trt": 5, "Year": "2008"}, {"Id": 11107787, "Rcvr": 1, "HasSig": true, "Sig": 213, "Icao": "A97DCB", "Bad": false, "Reg": "N710TW", "FSeen": "/Date(1544388531226)/", "TSecs": 16513, "CMsgs": 7902, "Alt": 3725, "GAlt": 4020, "InHg": 30.2151985, "AltT": 0, "TAlt": 4000, "Call": "DAL1849", "Lat": 40.426429, "Long": -73.55328, "PosTime": 1544405043690, "Mlat": false, "Tisb": false, "Spd": 221.8, "Trak": 20.3, "TrkH": false, "TTrk": 40.078125, "Type": "B752", "Mdl": "1997 BOEING 757-2Q8", "Man": "Boeing", "CNum": "28169", "From": "KCMH Port Columbus, United States", "To": "KSRQ Sarasota Bradenton, Sarasota/Bradenton, United States", "Stops": ["KATL Hartsfield Jackson Atlanta, United States"], "Op": "Delta Air Lines", "OpIcao": "DAL", "Sqk": "7765", "Help": false, "Vsi": 0, "VsiT": 0, "Dst": 30.8, "Brng": 141.2, "WTC": 2, "Species": 1, "Engines": "2", "EngType": 3, "EngMount": 0, "Mil": false, "Cou": "United States", "HasPic": false, "Interested": false, "FlightsCount": 0, "Gnd": false, "SpdTyp": 0, "CallSus": false, "Trt": 2, "Year": "1997"}, {"Id": 11039969, "Rcvr": 1, "HasSig": true, "Sig": 173, "Icao": "A874E1", "Bad": false, "Reg": "N644JB", "FSeen": "/Date(1544388013139)/", "TSecs": 17031, "CMsgs": 8031, "Alt": 17200, "GAlt": 17519, "InHg": 30.2388229, "AltT": 0, "TAlt": 16000, "Call": "JBU514", "Lat": 40.801025, "Long": -74.087219, "PosTime": 1544405043690, "Mlat": false, "Tisb": false, "Spd": 338.7, "Trak": 164.2, "TrkH": false, "TTrk": 180.0, "Type": "A320", "Mdl": "2006 AIRBUS A320-232", "Man": "Airbus", "CNum": "2880", "From": "KLGB Long Beach /Daugherty Field/, United States", "To": "KJFK John F Kennedy, New York, United States", "Op": "JetBlue Airways", "OpIcao": "JBU", "Sqk": "1311", "Help": false, "Vsi": -1408, "VsiT": 0, "Dst": 31.23, "Brng": 304.5, "WTC": 2, "Species": 1, "Engines": "2", "EngType": 3, "EngMount": 0, "Mil": false, "Cou": "United States", "HasPic": false, "Interested": false, "FlightsCount": 0, "Gnd": false, "SpdTyp": 0, "CallSus": false, "Trt": 5, "Year": "2006"}, {"Id": 9015523, "Rcvr": 1, "HasSig": true, "Sig": 58, "Icao": "8990E3", "Bad": false, "Reg": "B-16721", "FSeen": "/Date(1544387966475)/", "TSecs": 17078, "CMsgs": 5476, "Alt": -250, "GAlt": 69, "InHg": 30.2388229, "AltT": 0, "TAlt": 2016, "Call": "EVA032", "Lat": 40.630394, "Long": -73.766739, "PosTime": 1544404504934, "Mlat": false, "PosStale": true, "Tisb": false, "Spd": 11.5, "Trak": 300.9, "TrkH": false, "TTrk": 250.3125, "Type": "B773", "Mdl": "Boeing 777 35EER", "Man": "Boeing", "CNum": "43290", "From": "RCTP Taiwan Taoyuan, Taipei, Taiwan", "To": "KJFK John F Kennedy, New York, United States", "Op": "EVA Air", "OpIcao": "EVA", "Sqk": "2264", "Help": false, "Vsi": -128, "VsiT": 0, "Dst": 1.82, "Brng": 137.6, "WTC": 3, "Species": 1, "Engines": "2", "EngType": 3, "EngMount": 0, "Mil": false, "Cou": "Taiwan", "HasPic": false, "Interested": false, "FlightsCount": 0, "Gnd": true, "SpdTyp": 0, "CallSus": false, "Trt": 5, "Year": "2015"}, {"Id": 11274786, "Rcvr": 1, "HasSig": true, "Sig": 77, "Icao": "AC0A22", "Bad": false, "Reg": "N875NN", "FSeen": "/Date(1544387838966)/", "TSecs": 17205, "CMsgs": 7810, "Alt": -250, "GAlt": 69, "InHg": 30.2388229, "AltT": 0, "TAlt": 3008, "Call": "AAL2434", "Lat": 40.631305, "Long": -73.77413, "PosTime": 1544405040815, "Mlat": false, "Tisb": false, "Spd": 9.5, "Trak": 300.9, "TrkH": false, "TTrk": 260.15625, "Type": "B738", "Mdl": "2011 BOEING 737-823", "Man": "Boeing", "CNum": "33220", "From": "KDFW Dallas Fort Worth, Dallas-Fort Worth, United States", "To": "KMCO Orlando, United States", "Op": "American Airlines", "OpIcao": "AAL", "Sqk": "1570", "Help": false, "Vsi": -128, "VsiT": 1, "Dst": 1.38, "Brng": 154.1, "WTC": 2, "Species": 1, "Engines": "2", "EngType": 3, "EngMount": 0, "Mil": false, "Cou": "United States", "HasPic": false, "Interested": false, "FlightsCount": 0, "Gnd": true, "SpdTyp": 0, "CallSus": false, "Trt": 5, "Year": "2011"}, {"Id": 11118849, "Rcvr": 1, "HasSig": true, "Sig": 206, "Icao": "A9A901", "Bad": false, "Reg": "N721TW", "FSeen": "/Date(1544387554289)/", "TSecs": 17490, "CMsgs": 8107, "Alt": 1725, "GAlt": 2044, "InHg": 30.2388229, "AltT": 0, "TAlt": 2016, "Call": "DAL1512", "Lat": 40.766074, "Long": -73.659772, "PosTime": 1544405043690, "Mlat": false, "Tisb": false, "Spd": 155.7, "Trak": 211.3, "TrkH": false, "TTrk": 224.296875, "Type": "B752", "Mdl": "1999 BOEING 757-231", "Man": "Boeing", "CNum": "29954", "From": "KATL Hartsfield Jackson Atlanta, United States", "To": "KATL Hartsfield Jackson Atlanta, United States", "Stops": ["KORD Chicago O'Hare, United States"], "Op": "Delta Air Lines", "OpIcao": "DAL", "Sqk": "7251", "Help": false, "Vsi": 0, "VsiT": 0, "Dst": 17.14, "Brng": 36.7, "WTC": 2, "Species": 1, "Engines": "2", "EngType": 3, "EngMount": 0, "Mil": false, "Cou": "United States", "HasPic": false, "Interested": false, "FlightsCount": 0, "Gnd": false, "SpdTyp": 0, "CallSus": false, "Trt": 2, "Year": "1999"}, {"Id": 10722298, "Rcvr": 1, "HasSig": false, "Icao": "A39BFA", "Bad": false, "Reg": "N33103", "FSeen": "/Date(1544387506706)/", "TSecs": 17538, "CMsgs": 7771, "Alt": 1750, "GAlt": 1762, "InHg": 29.93171, "AltT": 0, "TAlt": 18016, "Call": "UAL1102", "Lat": 40.781708, "Long": -74.108093, "PosTime": 1544405043690, "Mlat": false, "Tisb": false, "Spd": 157.0, "Trak": 205.1, "TrkH": false, "TTrk": 116.015625, "Type": "B752", "Mdl": "1994 BOEING 757-224", "Man": "Boeing", "CNum": "27293", "From": "KFLL Fort Lauderdale Hollywood, United States", "To": "KEWR Newark Liberty, United States", "Op": "United Airlines", "OpIcao": "UAL", "Sqk": "3546", "Help": false, "Vsi": -1024, "VsiT": 0, "Dst": 31.6, "Brng": 299.4, "WTC": 2, "Species": 1, "Engines": "2", "EngType": 3, "EngMount": 0, "Mil": false, "Cou": "United States", "HasPic": false, "Interested": false, "FlightsCount": 0, "Gnd": false, "SpdTyp": 0, "CallSus": false, "Trt": 5, "Year": "1994"}, {"Id": 10502794, "Rcvr": 1, "HasSig": true, "Sig": 80, "Icao": "A0428A", "Bad": false, "Reg": "N116AN", "FSeen": "/Date(1544385988808)/", "TSecs": 19055, "CMsgs": 8512, "Alt": 1400, "GAlt": 1710, "InHg": 30.2303143, "AltT": 0, "TAlt": 3008, "Call": "AAL16", "Lat": 40.715103, "Long": -73.700134, "PosTime": 1544405043690, "Mlat": false, "Tisb": false, "Spd": 131.4, "Trak": 210.7, "TrkH": false, "TTrk": 0.0, "Type": "A321", "Mdl": "2014 AIRBUS INDUSTRIE A321-231", "Man": "Airbus", "CNum": "6070", "From": "KSFO San Francisco, United States", "To": "KJFK John F Kennedy, New York, United States", "Op": "American Airlines", "OpIcao": "AAL", "Sqk": "3213", "Help": false, "Vsi": -768, "VsiT": 1, "Dst": 10.58, "Brng": 40.3, "WTC": 2, "Species": 1, "Engines": "2", "EngType": 3, "EngMount": 0, "Mil": false, "Cou": "United States", "HasPic": false, "Interested": false, "FlightsCount": 0, "Gnd": false, "SpdTyp": 0, "CallSus": false, "Trt": 5, "Year": "2014"}, {"Id": 11118416, "Rcvr": 1, "HasSig": true, "Sig": 63, "Icao": "A9A750", "Bad": false, "Reg": "N721AN", "FSeen": "/Date(1544383925638)/", "TSecs": 21119, "CMsgs": 4576, "Alt": -250, "GAlt": 60, "InHg": 30.2303143, "AltT": 0, "Call": "AAL107", "Lat": 40.630165, "Long": -73.767045, "PosTime": 1544404813326, "Mlat": false, "Tisb": false, "Spd": 17.0, "Trak": 300.9, "TrkH": false, "Type": "B77W", "Mdl": "2013 BOEING 777-323ER", "Man": "Boeing", "CNum": "31546", "From": "EGLL London Heathrow, United Kingdom", "To": "KJFK John F Kennedy, New York, United States", "Op": "American Airlines", "OpIcao": "AAL", "Sqk": "6333", "Help": false, "Vsi": -128, "VsiT": 0, "Dst": 1.82, "Brng": 138.8, "WTC": 3, "Species": 1, "Engines": "2", "EngType": 3, "EngMount": 0, "Mil": false, "Cou": "United States", "HasPic": false, "Interested": false, "FlightsCount": 0, "Gnd": true, "SpdTyp": 0, "CallSus": false, "Trt": 2, "Year": "2013", "Sat": true}], "totalAc": 5547, "lastDv": "636797242201458450", "shtTrlSec": 65, "stm": 1544405044575}