{"src": 1, "feeds": [{"id": 1, "name": "From Cons", "polarPlot": false}], "srcFeed": 1, "showSil": true, "showFlg": true, "showPic": true, "flgH": 20, "flgW": 85, "acList": [{"Id": 11109445, "Rcvr": 1, "HasSig": true, "Sig": 197, "Icao": "A98445", "Bad": false, "Reg": "N712JB", "FSeen": "/Date(1544420057145)/", "TSecs": 522, "CMsgs": 23, "Alt": 825, "GAlt": 1049, "InHg": 30.1443272, "AltT": 0, "TAlt": 4992, "Call": "JBU1561", "Lat": 40.645876, "Long": -73.814267, "PosTime": 1544420579327, "Mlat": false, "Tisb": false, "Spd": 164.5, "Trak": 287.3, "TrkH": false, "TTrk": 0.0, "Type": "A320", "Mdl": "2008 AIRBUS A320-232", "Man": "Airbus", "CNum": "3517", "From": "KJFK John F Kennedy, New York, United States", "To": "TBPB Sir Grantley Adams, Bridgetown, Barbados", "Op": "JetBlue Airways", "OpIcao": "JBU", "Sqk": "", "Vsi": 3136, "VsiT": 1, "Dst": 2.81, "Brng": 277.7, "WTC": 2, "Species": 1, "Engines": "2", "EngType": 3, "EngMount": 0, "Mil": false, "Cou": "United States", "HasPic": false, "Interested": false, "FlightsCount": 0, "Gnd": false, "SpdTyp": 0, "CallSus": false, "Trt": 5, "Year": "2008"}, {"Id": 15205444, "Rcvr": 1, "HasSig": true, "Sig": 198, "Icao": "E80444", "Bad": false, "Reg": "CC-BGC", "FSeen": "/Date(1544419635138)/", "TSecs": 944, "CMsgs": 320, "Alt": 7500, "GAlt": 7724, "InHg": 30.1443272, "AltT": 0, "TAlt": 23008, "Call": "LAN537", "Lat": 40.478485, "Long": -73.750122, "PosTime": 1544420579323, "Mlat": false, "Tisb": false, "Spd": 286.9, "Trak": 131.5, "TrkH": false, "TTrk": 144.140625, "Type": "B789", "Mdl": "Boeing 787 9", "Man": "Boeing", "CNum": "35321", "From": "KJFK John F Kennedy, New York, United States", "To": "SPJC Jorge Ch\u00e1vez, Lima, Per\u00fa", "Op": "LATAM Airlines", "OpIcao": "LAN", "Sqk": "1112", "Help": false, "Vsi": 1984, "VsiT": 0, "Dst": 18.43, "Brng": 171.8, "WTC": 3, "Species": 1, "Engines": "2", "EngType": 3, "EngMount": 0, "Mil": false, "Cou": "Chile", "HasPic": false, "Interested": false, "FlightsCount": 0, "Gnd": false, "SpdTyp": 0, "CallSus": false, "Trt": 5, "Year": "2015"}, {"Id": 10799862, "Rcvr": 1, "HasSig": false, "Icao": "A4CAF6", "Bad": false, "Reg": "N408GG", "FSeen": "/Date(1544414954828)/", "TSecs": 5624, "CMsgs": 2574, "Alt": 675, "GAlt": 899, "InHg": 30.1443272, "AltT": 0, "TAlt": 2016, "Call": "N408GG", "Lat": 40.684422, "Long": -74.047913, "PosTime": 1544420579326, "Mlat": false, "Tisb": false, "Spd": 108.0, "Trak": 237.8, "TrkH": false, "Type": "B407", "Mdl": "Bell 407 GX", "Man": "Bell", "CNum": "54558", "Op": "Gary O Galiher", "Sqk": "4336", "Help": false, "Vsi": 832, "VsiT": 1, "Dst": 22.97, "Brng": 281.8, "WTC": 1, "Species": 4, "Engines": "1", "EngType": 2, "EngMount": 0, "Mil": false, "Cou": "United States", "HasPic": false, "Interested": false, "FlightsCount": 0, "Gnd": false, "SpdTyp": 0, "CallSus": false, "Trt": 5, "Year": "2014"}, {"Id": 10998392, "Rcvr": 1, "HasSig": true, "Sig": 92, "Icao": "A7D278", "Bad": false, "Reg": "N603AV", "FSeen": "/Date(1544411438155)/", "TSecs": 9141, "CMsgs": 4833, "Alt": -150, "GAlt": 69, "InHg": 30.1387787, "AltT": 0, "Call": "LRC670", "Lat": 40.651062, "Long": -73.775391, "PosTime": 1544420551689, "Mlat": false, "Tisb": false, "Spd": 14.5, "Trak": 185.6, "TrkH": false, "Type": "A320", "Mdl": "2013 AIRBUS A320-233", "Man": "Airbus", "CNum": "5840", "From": "MROC Juan Santamaria, San Jose, Costa Rica", "To": "KLAX Los Angeles, United States", "Stops": ["MSLP El Salvador, Santa Clara, El Salvador"], "Op": "WELLS FARGO BANK NORTHWEST NA TRUSTEE     - SALT LAKE CITY, UT", "OpIcao": "AVA", "Sqk": "2473", "Help": false, "Vsi": 0, "VsiT": 0, "Dst": 1.08, "Brng": 27.5, "WTC": 2, "Species": 1, "Engines": "2", "EngType": 3, "EngMount": 0, "Mil": false, "Cou": "United States", "HasPic": false, "Interested": false, "FlightsCount": 0, "Gnd": true, "SpdTyp": 0, "CallSus": false, "Trt": 2, "Year": "2013"}, {"Id": 854419, "Rcvr": 1, "HasSig": true, "Sig": 73, "Icao": "0D0993", "Bad": false, "Reg": "XA-VLN", "FSeen": "/Date(1544410425026)/", "TSecs": 10154, "CMsgs": 5322, "Alt": -150, "GAlt": 69, "InHg": 30.1387787, "AltT": 0, "TAlt": 36992, "Call": "VOI858", "Lat": 40.652332, "Long": -73.778534, "PosTime": 1544420466898, "Mlat": false, "Tisb": false, "Spd": 13.0, "Trak": 188.4, "TrkH": false, "TTrk": 350.15625, "Type": "A320", "Mdl": "Airbus A320 233SL", "Man": "Airbus", "CNum": "6948", "From": "MMMX Licenciado Benito Juarez, Mexico City, Mexico", "To": "KJFK John F Kennedy, New York, United States", "Op": "Volaris", "OpIcao": "VOI", "Sqk": "3704", "Help": false, "Vsi": -640, "VsiT": 0, "Dst": 1.12, "Brng": 12.0, "WTC": 2, "Species": 1, "Engines": "2", "EngType": 3, "EngMount": 0, "Mil": false, "Cou": "Mexico", "HasPic": false, "Interested": false, "FlightsCount": 0, "Gnd": true, "SpdTyp": 0, "CallSus": false, "Trt": 5, "Year": "2015"}, {"Id": 11376402, "Rcvr": 1, "HasSig": true, "Sig": 128, "Icao": "AD9712", "Bad": false, "Reg": "N975JT", "FSeen": "/Date(1544407246180)/", "TSecs": 13333, "CMsgs": 6165, "Alt": 4950, "GAlt": 5245, "InHg": 30.2151985, "AltT": 0, "TAlt": 8992, "Call": "JBU2836", "Lat": 40.647692, "Long": -73.777391, "PosTime": 1544414454759, "Mlat": false, "PosStale": true, "Tisb": false, "Spd": 0.0, "Trak": 160.1, "TrkH": false, "TTrk": 0.0, "Type": "A321", "Mdl": "Airbus A321 231SL", "Man": "Airbus", "CNum": "7520", "Op": "JetBlue Airways", "OpIcao": "JBU", "Sqk": "2000", "Help": false, "Vsi": -128, "VsiT": 0, "Dst": 0.67, "Brng": 29.6, "WTC": 2, "Species": 1, "Engines": "2", "EngType": 3, "EngMount": 0, "Mil": false, "Cou": "United States", "HasPic": false, "Interested": false, "FlightsCount": 0, "Gnd": true, "SpdTyp": 0, "CallSus": false, "Trt": 5, "Year": "2016"}, {"Id": 10956578, "Rcvr": 1, "HasSig": true, "Sig": 74, "Icao": "A72F22", "Bad": false, "Reg": "N562JB", "FSeen": "/Date(1544403419123)/", "TSecs": 17160, "CMsgs": 5863, "Alt": -150, "GAlt": 169, "InHg": 30.2388229, "AltT": 0, "TAlt": 3008, "Call": "JBU1818", "Lat": 40.633186, "Long": -73.768875, "PosTime": 1544406818428, "Mlat": false, "PosStale": true, "Tisb": false, "Spd": 0.0, "Trak": 210.9, "TrkH": false, "TTrk": 0.0, "Type": "A320", "Mdl": "2003 AIRBUS A320-232", "Man": "Airbus", "CNum": "1948", "From": "TTPP Piarco, Port of Spain, Trinidad and Tobago", "To": "KJFK John F Kennedy, New York, United States", "Op": "JetBlue Airways", "OpIcao": "JBU", "Sqk": "2666", "Help": false, "Vsi": -640, "VsiT": 0, "Dst": 1.47, "Brng": 134.6, "WTC": 2, "Species": 1, "Engines": "2", "EngType": 3, "EngMount": 0, "Mil": false, "Cou": "United States", "HasPic": false, "Interested": false, "FlightsCount": 0, "Gnd": true, "SpdTyp": 0, "CallSus": false, "Trt": 5, "Year": "2003"}, {"Id": 11334991, "Rcvr": 1, "HasSig": true, "Sig": 31, "Icao": "ACF54F", "Bad": false, "Reg": "N934JB", "FSeen": "/Date(1544403282228)/", "TSecs": 17297, "CMsgs": 10837, "Alt": 12450, "GAlt": 12660, "InHg": 30.129921, "AltT": 0, "TAlt": 3000, "Call": "JBU1224", "Lat": 40.595764, "Long": -73.931702, "PosTime": 1544420565816, "Mlat": false, "Tisb": false, "Spd": 309.1, "Trak": 164.6, "TrkH": false, "TTrk": 180.0, "Type": "A321", "Mdl": "2014 AIRBUS INDUSTRIE A321-231", "Man": "Airbus", "CNum": "6130", "From": "KLAX Los Angeles, United States", "To": "KJFK John F Kennedy, New York, United States", "Op": "JetBlue Airways", "OpIcao": "JBU", "Sqk": "7370", "Help": false, "Vsi": -1792, "VsiT": 1, "Dst": 13.72, "Brng": 247.8, "WTC": 2, "Species": 1, "Engines": "2", "EngType": 3, "EngMount": 0, "Mil": false, "Cou": "United States", "HasPic": false, "Interested": false, "FlightsCount": 0, "Gnd": false, "SpdTyp": 0, "CallSus": false, "Trt": 4, "Year": "2014"}, {"Id": 11119800, "Rcvr": 1, "HasSig": true, "Sig": 196, "Icao": "A9ACB8", "Bad": false, "Reg": "N722TW", "FSeen": "/Date(1544403169787)/", "TSecs": 17409, "CMsgs": 10331, "Alt": -125, "GAlt": 94, "InHg": 30.1387787, "AltT": 0, "TAlt": 3008, "Call": "DAL2144", "Lat": 40.640556, "Long": -73.796646, "PosTime": 1544420524308, "Mlat": false, "Tisb": false, "Spd": 9.5, "Trak": 122.2, "TrkH": false, "TTrk": 312.890625, "Type": "B752", "Mdl": "Boeing 757-231 (SkyTeam Livery)", "Man": "Boeing", "CNum": "29385", "From": "KDTW Detroit Metropolitan Wayne County, United States", "To": "KDCA Ronald Reagan Washington National, United States", "Op": "Delta Air Lines (SkyTeam Livery)", "OpIcao": "DAL", "Sqk": "1753", "Help": false, "Vsi": -128, "VsiT": 0, "Dst": 1.31, "Brng": 260.6, "WTC": 2, "Species": 1, "Engines": "2", "EngType": 3, "EngMount": 0, "Mil": false, "Cou": "United States", "HasPic": false, "Interested": false, "FlightsCount": 0, "Gnd": true, "SpdTyp": 0, "CallSus": false, "Tag": "SPLIV", "Trt": 5, "Year": "1999"}, {"Id": 11309223, "Rcvr": 1, "HasSig": false, "Icao": "AC90A7", "Bad": false, "Reg": "N909AM", "FSeen": "/Date(1544402272247)/", "TSecs": 18307, "CMsgs": 6505, "Alt": -225, "GAlt": 56, "InHg": 30.129921, "AltT": 0, "TAlt": 3008, "Call": "AAL1207", "Lat": 40.776756, "Long": -73.874802, "PosTime": 1544420575388, "Mlat": false, "Tisb": false, "Spd": 0.0, "Trak": 136.6, "TrkH": false, "TTrk": 70.3125, "Type": "A321", "Mdl": "Airbus A321 231SL", "Man": "Airbus", "CNum": "7756", "From": "KDFW Dallas Fort Worth, Dallas-Fort Worth, United States", "To": "KSAN San Diego, United States", "Op": "American Airlines", "OpIcao": "AAL", "Sqk": "6211", "Help": false, "Vsi": -896, "VsiT": 0, "Dst": 16.88, "Brng": 332.2, "WTC": 2, "Species": 1, "Engines": "2", "EngType": 3, "EngMount": 0, "Mil": false, "Cou": "United States", "HasPic": false, "Interested": false, "FlightsCount": 0, "Gnd": true, "SpdTyp": 0, "CallSus": false, "Trt": 5, "Year": "2017"}, {"Id": 10502143, "Rcvr": 1, "HasSig": true, "Sig": 98, "Icao": "A03FFF", "Bad": false, "Reg": "N115NN", "FSeen": "/Date(1544395090029)/", "TSecs": 25489, "CMsgs": 13453, "Alt": 49500, "GAlt": 49790, "InHg": 30.2096462, "AltT": 0, "TAlt": 4000, "Call": "AAL32", "Lat": 40.649551, "Long": -73.795166, "PosTime": 1544412873368, "Mlat": false, "PosStale": true, "Tisb": false, "Spd": 0.0, "Trak": 165.9, "TrkH": false, "TTrk": 0.0, "Type": "A321", "Mdl": "2014 AIRBUS INDUSTRIE A321-231", "Man": "Airbus", "CNum": "6063", "From": "KLAX Los Angeles, United States", "To": "KJFK John F Kennedy, New York, United States", "Op": "American Airlines", "OpIcao": "AAL", "Sqk": "1200", "Help": false, "Vsi": -128, "VsiT": 0, "Dst": 1.41, "Brng": 303.9, "WTC": 2, "Species": 1, "Engines": "2", "EngType": 3, "EngMount": 0, "Mil": false, "Cou": "United States", "HasPic": false, "Interested": false, "FlightsCount": 0, "Gnd": true, "SpdTyp": 0, "CallSus": false, "Trt": 5, "Year": "2014"}, {"Id": 11363438, "Rcvr": 1, "HasSig": true, "Sig": 140, "Icao": "AD646E", "Bad": false, "Reg": "N962JT", "FSeen": "/Date(1544389403950)/", "TSecs": 31175, "CMsgs": 12679, "Alt": -150, "GAlt": 160, "InHg": 30.2303143, "AltT": 0, "TAlt": 4000, "Call": "JBU6123", "Lat": 40.642769, "Long": -73.771088, "PosTime": 1544407306733, "Mlat": false, "PosStale": true, "Tisb": false, "Spd": 0.0, "Trak": 199.7, "TrkH": false, "TTrk": 250.0, "Type": "A321", "Mdl": "Airbus A321 231SL", "Man": "Airbus", "CNum": "6988", "Op": "JetBlue Airways", "OpIcao": "JBU", "Sqk": "2000", "Help": false, "Vsi": -1280, "VsiT": 0, "Dst": 0.86, "Brng": 87.9, "WTC": 2, "Species": 1, "Engines": "2", "EngType": 3, "EngMount": 0, "Mil": false, "Cou": "United States", "HasPic": false, "Interested": false, "FlightsCount": 0, "Gnd": true, "SpdTyp": 0, "CallSus": false, "Trt": 4, "Year": "2016"}, {"Id": 11002378, "Rcvr": 1, "HasSig": true, "Sig": 194, "Icao": "A7E20A", "Bad": false, "Reg": "N607JB", "FSeen": "/Date(1544387826766)/", "TSecs": 32752, "CMsgs": 13104, "Alt": -175, "GAlt": 49, "InHg": 30.1443272, "AltT": 0, "TAlt": 2016, "Call": "JBU2358", "Lat": 40.651579, "Long": -73.781371, "PosTime": 1544416673585, "Mlat": false, "PosStale": true, "Tisb": false, "Spd": 0.0, "Trak": 191.3, "TrkH": false, "TTrk": 0.0, "Type": "A320", "Mdl": "2005 AIRBUS A320-232", "Man": "Airbus", "CNum": "2386", "Op": "JetBlue Airways", "OpIcao": "JBU", "Sqk": "2000", "Help": false, "Vsi": -448, "VsiT": 0, "Dst": 1.01, "Brng": 359.6, "WTC": 2, "Species": 1, "Engines": "2", "EngType": 3, "EngMount": 0, "Mil": false, "Cou": "United States", "HasPic": false, "Interested": false, "FlightsCount": 0, "Gnd": true, "SpdTyp": 0, "CallSus": false, "Trt": 5, "Year": "2005"}], "totalAc": 3803, "lastDv": "636799846298440657", "shtTrlSec": 65, "stm": 1544420579614}