{"src": 1, "feeds": [{"id": 1, "name": "From Cons", "polarPlot": false}], "srcFeed": 1, "showSil": true, "showFlg": true, "showPic": true, "flgH": 20, "flgW": 85, "acList": [{"Id": 11270031, "Rcvr": 1, "HasSig": true, "Sig": 67, "Icao": "ABF78F", "Bad": false, "Reg": "N870NN", "FSeen": "/Date(1544403122791)/", "TSecs": 102, "CMsgs": 52, "Alt": 3750, "GAlt": 4069, "InHg": 30.2388229, "AltT": 0, "TAlt": 8000, "Call": "AAL336", "Lat": 40.857782, "Long": -73.918949, "PosTime": 1544403223125, "Mlat": false, "Tisb": false, "Spd": 246.1, "Trak": 328.1, "TrkH": false, "TTrk": 340.3125, "Type": "B738", "Mdl": "2011 BOEING 737-823", "Man": "Boeing", "CNum": "40765", "From": "KORD Chicago O'Hare, United States", "To": "KLGA La Guardia, New York, United States", "Op": "American Airlines", "OpIcao": "AAL", "Sqk": "1547", "Help": false, "Vsi": 3520, "VsiT": 1, "Dst": 26.6, "Brng": 334.2, "WTC": 2, "Species": 1, "Engines": "2", "EngType": 3, "EngMount": 0, "Mil": false, "Cou": "United States", "HasPic": false, "Interested": false, "FlightsCount": 0, "Gnd": false, "SpdTyp": 0, "CallSus": false, "Trt": 5, "Year": "2011"}, {"Id": 10728662, "Rcvr": 1, "HasSig": true, "Sig": 212, "Icao": "A3B4D6", "Bad": false, "Reg": "N338PK", "FSeen": "/Date(1544403025477)/", "TSecs": 199, "CMsgs": 110, "Alt": 7950, "GAlt": 8292, "InHg": 30.26245, "AltT": 0, "TAlt": 16992, "Call": "AAL2522", "Lat": 40.595673, "Long": -73.663818, "PosTime": 1544403223124, "Mlat": false, "Tisb": false, "Spd": 277.7, "Trak": 39.6, "TrkH": false, "TTrk": 49.921875, "Type": "B738", "Mdl": "Boeing 737NG 800/W", "Man": "Boeing", "CNum": "31268", "From": "KORD Chicago O'Hare, United States", "To": "KORD Chicago O'Hare, United States", "Stops": ["KSAN San Diego, United States"], "Op": "American Airlines", "OpIcao": "AAL", "Sqk": "3361", "Help": false, "Vsi": 3072, "VsiT": 1, "Dst": 11.2, "Brng": 117.7, "WTC": 2, "Species": 1, "Engines": "2", "EngType": 3, "EngMount": 0, "Mil": false, "Cou": "United States", "HasPic": false, "Interested": false, "FlightsCount": 0, "Gnd": false, "SpdTyp": 0, "CallSus": false, "Trt": 5, "Year": "2017"}, {"Id": 10733985, "Rcvr": 1, "HasSig": true, "Sig": 190, "Icao": "A3C9A1", "Bad": false, "Reg": "N343NB", "FSeen": "/Date(1544402984799)/", "TSecs": 240, "CMsgs": 131, "Alt": 10100, "GAlt": 10442, "InHg": 30.26245, "AltT": 0, "TAlt": 11008, "Call": "DAL2801", "Lat": 40.475448, "Long": -74.019137, "PosTime": 1544403223124, "Mlat": false, "Tisb": false, "Spd": 286.6, "Trak": 233.4, "TrkH": false, "TTrk": 0.0, "Type": "A319", "Mdl": "2002 AIRBUS A319-114", "Man": "Airbus", "CNum": "1752", "From": "KJFK John F Kennedy, New York, United States", "To": "KPDX Portland, United States", "Op": "Delta Air Lines", "OpIcao": "DAL", "Sqk": "7174", "Help": false, "Vsi": 2496, "VsiT": 1, "Dst": 27.36, "Brng": 227.3, "WTC": 2, "Species": 1, "Engines": "2", "EngType": 3, "EngMount": 0, "Mil": false, "Cou": "United States", "HasPic": false, "Interested": false, "FlightsCount": 0, "Gnd": false, "SpdTyp": 0, "CallSus": false, "Trt": 5, "Year": "2002"}, {"Id": 11362487, "Rcvr": 1, "HasSig": false, "Icao": "AD60B7", "Bad": false, "Reg": "N961JT", "FSeen": "/Date(1544402806719)/", "TSecs": 418, "CMsgs": 19, "InHg": 30.2598419, "AltT": 0, "Call": "JBU1623", "Lat": 40.649036, "Long": -73.7668, "PosTime": 1544403208712, "Mlat": false, "Tisb": false, "Spd": 1.0, "Trak": 36.6, "TrkH": false, "Type": "A321", "Mdl": "Airbus A321 231SL", "Man": "Airbus", "CNum": "6930", "From": "KJFK John F Kennedy, New York, United States", "To": "KLAX Los Angeles, United States", "Op": "JetBlue Airways", "OpIcao": "JBU", "Sqk": "1502", "Help": false, "VsiT": 0, "Dst": 1.42, "Brng": 59.2, "WTC": 2, "Species": 1, "Engines": "2", "EngType": 3, "EngMount": 0, "Mil": false, "Cou": "United States", "HasPic": false, "Interested": false, "FlightsCount": 0, "Gnd": true, "SpdTyp": 0, "CallSus": false, "Trt": 2, "Year": "2016"}, {"Id": 11030809, "Rcvr": 1, "HasSig": true, "Sig": 150, "Icao": "A85119", "Bad": false, "Reg": "N635JB", "FSeen": "/Date(1544402160644)/", "TSecs": 1064, "CMsgs": 47, "Alt": -275, "GAlt": 65, "InHg": 30.2598419, "AltT": 0, "Call": "JBU81", "Lat": 40.649368, "Long": -73.764252, "PosTime": 1544403188796, "Mlat": false, "Tisb": false, "Spd": 163.6, "Trak": 210.5, "TrkH": false, "Type": "A320", "Mdl": "2006 AIRBUS A320-232", "Man": "Airbus", "CNum": "2725", "From": "KJFK John F Kennedy, New York, United States", "To": "KRNO Reno Tahoe, United States", "Op": "JetBlue Airways", "OpIcao": "JBU", "Sqk": "3353", "Help": false, "Vsi": 192, "VsiT": 1, "Dst": 1.63, "Brng": 62.0, "WTC": 2, "Species": 1, "Engines": "2", "EngType": 3, "EngMount": 0, "Mil": false, "Cou": "United States", "HasPic": false, "Interested": false, "FlightsCount": 0, "Gnd": false, "SpdTyp": 0, "CallSus": false, "Trt": 5, "Year": "2006"}, {"Id": 10498613, "Rcvr": 1, "HasSig": true, "Sig": 128, "Icao": "A03235", "Bad": false, "Reg": "N111ZM", "FSeen": "/Date(1544402059344)/", "TSecs": 1165, "CMsgs": 270, "Alt": 15375, "GAlt": 15694, "InHg": 30.239172, "AltT": 0, "Call": "AAL2802", "Lat": 40.915833, "Long": -73.658813, "PosTime": 1544403223116, "Mlat": false, "Tisb": false, "Spd": 285.8, "Trak": 307.8, "TrkH": false, "Type": "A321", "Mdl": "2014 AIRBUS INDUSTRIE A321-231", "Man": "Airbus", "CNum": "5983", "From": "KDFW Dallas Fort Worth, Dallas-Fort Worth, United States", "To": "KDFW Dallas Fort Worth, Dallas-Fort Worth, United States", "Stops": ["KSGF Springfield Branson National, United States"], "Op": "American Airlines", "OpIcao": "AAL", "Sqk": "2222", "Help": false, "Vsi": 2432, "VsiT": 0, "Dst": 32.1, "Brng": 18.7, "WTC": 2, "Species": 1, "Engines": "2", "EngType": 3, "EngMount": 0, "Mil": false, "Cou": "United States", "HasPic": false, "Interested": false, "FlightsCount": 0, "Gnd": false, "SpdTyp": 0, "CallSus": false, "Trt": 2, "Year": "2014"}, {"Id": 10674174, "Rcvr": 1, "HasSig": false, "Icao": "A2DFFE", "Bad": false, "Reg": "N28457", "FSeen": "/Date(1544401751117)/", "TSecs": 1473, "CMsgs": 553, "Alt": 9725, "GAlt": 10130, "InHg": 30.3248043, "AltT": 0, "Call": "UAL2323", "Lat": 40.85038, "Long": -73.954285, "PosTime": 1544403223117, "Mlat": false, "Tisb": false, "Spd": 354.0, "Trak": 48.9, "TrkH": false, "Type": "B739", "Mdl": "2012 BOEING 737-924ER", "Man": "Boeing", "CNum": "41744", "From": "KEWR Newark Liberty, United States", "To": "KBOS General Edward Lawrence Logan, Boston, United States", "Op": "United Airlines", "OpIcao": "UAL", "Sqk": "1722", "Help": false, "Vsi": 0, "VsiT": 0, "Dst": 27.33, "Brng": 327.8, "WTC": 2, "Species": 1, "Engines": "2", "EngType": 3, "EngMount": 0, "Mil": false, "Cou": "United States", "HasPic": false, "Interested": false, "FlightsCount": 0, "Gnd": false, "SpdTyp": 0, "CallSus": false, "Trt": 2, "Year": "2012"}, {"Id": 12590822, "Rcvr": 1, "HasSig": true, "Sig": 186, "Icao": "C01EE6", "Bad": false, "Reg": "C-FLSF", "FSeen": "/Date(1544401493612)/", "TSecs": 1731, "CMsgs": 896, "Alt": 36000, "GAlt": 36340, "InHg": 30.2598419, "AltT": 0, "Call": "WJA2689", "Lat": 40.515793, "Long": -73.676941, "PosTime": 1544403223073, "Mlat": false, "Tisb": false, "Spd": 409.9, "Trak": 312.3, "TrkH": false, "Type": "B738", "Mdl": "Boeing 737NG 8CT/W", "Man": "Boeing", "CNum": "40838", "Op": "WestJet", "OpIcao": "WJA", "Sqk": "2760", "Help": false, "Vsi": 0, "VsiT": 0, "Dst": 16.62, "Brng": 147.9, "WTC": 2, "Species": 1, "Engines": "2", "EngType": 3, "EngMount": 0, "Mil": false, "Cou": "Canada", "HasPic": false, "Interested": false, "FlightsCount": 0, "Gnd": false, "SpdTyp": 0, "CallSus": false, "Trt": 2, "Year": "2015"}, {"Id": 12599528, "Rcvr": 1, "HasSig": true, "Sig": 201, "Icao": "C040E8", "Bad": false, "Reg": "C-FYPB", "FSeen": "/Date(1544401460165)/", "TSecs": 1764, "CMsgs": 948, "Alt": 38000, "GAlt": 38319, "InHg": 30.239172, "AltT": 0, "Call": "WJA2627", "Lat": 40.416001, "Long": -73.549097, "PosTime": 1544403223073, "Mlat": false, "Tisb": false, "Spd": 399.9, "Trak": 312.5, "TrkH": false, "Type": "B738", "Mdl": "Boeing 737NG 8CT/W", "Man": "Boeing", "CNum": "40839", "From": "TLPL Hewanorra, Vieux Fort, Saint Lucia", "To": "CYYZ Lester B. Pearson, Toronto, Canada", "Op": "WestJet", "OpIcao": "WJA", "Sqk": "6632", "Help": false, "Vsi": 0, "VsiT": 0, "Dst": 31.93, "Brng": 142.0, "WTC": 2, "Species": 1, "Engines": "2", "EngType": 3, "EngMount": 0, "Mil": false, "Cou": "Canada", "HasPic": false, "Interested": false, "FlightsCount": 0, "Gnd": false, "SpdTyp": 0, "CallSus": false, "Trt": 2, "Year": "2015"}, {"Id": 11382611, "Rcvr": 1, "HasSig": true, "Sig": 203, "Icao": "ADAF53", "Bad": false, "Reg": "N981EV", "FSeen": "/Date(1544400966949)/", "TSecs": 2257, "CMsgs": 1061, "Alt": 3725, "GAlt": 4006, "InHg": 30.2007866, "AltT": 0, "Lat": 40.648, "Long": -73.4004, "PosTime": 1544403219491, "Mlat": true, "Tisb": false, "Spd": 431.4, "Trak": 165.9, "TrkH": false, "Type": "CRJ2", "Mdl": "2003 BOMBARDIER INC CL-600-2B19", "Man": "Bombardier", "CNum": "7768", "Op": "US BANK NA TRUSTEE     - WILMINGTON, DE", "OpIcao": "EDV", "Sqk": "3442", "Help": false, "Vsi": 64, "VsiT": 0, "Dst": 32.14, "Brng": 88.8, "WTC": 2, "Species": 1, "Engines": "2", "EngType": 3, "EngMount": 1, "Mil": false, "Cou": "United States", "HasPic": false, "Interested": false, "FlightsCount": 0, "Gnd": false, "SpdTyp": 0, "CallSus": false, "Trt": 2, "Year": "2003"}, {"Id": 11305671, "Rcvr": 1, "HasSig": false, "Icao": "AC82C7", "Bad": false, "Reg": "N905LP", "FSeen": "/Date(1544400660882)/", "TSecs": 2563, "CMsgs": 1353, "Alt": 2000, "GAlt": 2340, "InHg": 30.2598419, "AltT": 0, "TAlt": 3008, "Call": "N905LP", "Lat": 40.735107, "Long": -73.703735, "PosTime": 1544403223056, "Mlat": false, "Tisb": false, "Spd": 138.0, "Trak": 208.0, "TrkH": false, "Type": "GLF4", "Mdl": "1997 GULFSTREAM AEROSPACE G-IV", "Man": "Gulfstream Aerospace", "CNum": "1321", "Op": "THOMAS H LEE MANAGEMENT CO LLC     - BOSTON, MA", "Sqk": "1305", "Help": false, "Vsi": -768, "VsiT": 0, "Dst": 12.2, "Brng": 32.4, "WTC": 2, "Species": 1, "Engines": "2", "EngType": 3, "EngMount": 1, "Mil": false, "Cou": "United States", "HasPic": false, "Interested": false, "FlightsCount": 0, "Gnd": false, "SpdTyp": 0, "CallSus": false, "Trt": 5, "Year": "1997"}, {"Id": 10529167, "Rcvr": 1, "HasSig": false, "Icao": "A0A98F", "Bad": false, "Reg": "N14158", "FSeen": "/Date(1544400611138)/", "TSecs": 2613, "CMsgs": 1258, "Alt": 25, "GAlt": 394, "InHg": 30.28937, "AltT": 0, "Call": "ASQ4305", "Lat": 40.714354, "Long": -74.150661, "PosTime": 1544403192531, "Mlat": true, "Tisb": false, "Spd": 375.0, "Trak": 205.6, "TrkH": false, "Type": "E45X", "Mdl": "2004 EMBRAER EMB-145XR", "Man": "Embraer", "CNum": "145791", "Op": "WELLS FARGO BANK NORTHWEST NA TRUSTEE     - SALT LAKE CITY, UT", "OpIcao": "ASQ", "Sqk": "7075", "Help": false, "Vsi": -430, "VsiT": 0, "Dst": 32.16, "Brng": 284.5, "WTC": 2, "Species": 1, "Engines": "2", "EngType": 3, "EngMount": 1, "Mil": false, "Cou": "United States", "HasPic": false, "Interested": false, "FlightsCount": 0, "Gnd": false, "SpdTyp": 0, "CallSus": true, "Trt": 2, "Year": "2004"}, {"Id": 11247949, "Rcvr": 1, "HasSig": true, "Sig": 53, "Icao": "ABA14D", "Bad": false, "Reg": "N849AE", "FSeen": "/Date(1544400550650)/", "TSecs": 2674, "CMsgs": 1249, "Alt": -250, "GAlt": 90, "InHg": 30.2598419, "AltT": 0, "Call": "ENY4103", "Lat": 40.630966, "Long": -73.773346, "PosTime": 1544402936600, "Mlat": false, "PosStale": true, "Tisb": false, "Spd": 23.0, "Trak": 300.9, "TrkH": false, "Type": "E135", "Mdl": "2003 EMBRAER EMB-135KL", "Man": "Embraer", "CNum": "145716", "Op": "AMERICAN AIRLINES INC     - FORT WORTH, TX", "OpIcao": "ENY", "Sqk": "4235", "Help": false, "Vsi": 0, "VsiT": 0, "Dst": 1.45, "Brng": 152.4, "WTC": 2, "Species": 1, "Engines": "2", "EngType": 3, "EngMount": 1, "Mil": false, "Cou": "United States", "HasPic": false, "Interested": false, "FlightsCount": 0, "Gnd": true, "SpdTyp": 0, "CallSus": false, "Trt": 5, "Year": "2003"}, {"Id": 10662507, "Rcvr": 1, "HasSig": false, "Icao": "A2B26B", "Bad": false, "Reg": "N273JB", "FSeen": "/Date(1544400503356)/", "TSecs": 2721, "CMsgs": 1324, "Alt": 1725, "GAlt": 2065, "InHg": 30.2598419, "AltT": 0, "Call": "JBU1815", "Lat": 40.786697, "Long": -73.645477, "PosTime": 1544403219482, "Mlat": true, "Tisb": false, "Spd": 348.1, "Trak": 224.2, "TrkH": false, "Type": "E190", "Mdl": "2007 EMBRAER ERJ 190-100 IGW", "Man": "Embraer", "CNum": "19000073", "From": "KSYR Syracuse Hancock, United States", "To": "KJFK John F Kennedy, New York, United States", "Op": "WELLS FARGO BANK NORTHWEST NA TRUSTEE     - SALT LAKE CITY, UT", "OpIcao": "JBU", "Sqk": "1423", "Help": false, "Vsi": -384, "VsiT": 1, "Dst": 19.7, "Brng": 35.5, "WTC": 2, "Species": 1, "Engines": "2", "EngType": 3, "EngMount": 0, "Mil": false, "Cou": "United States", "HasPic": false, "Interested": false, "FlightsCount": 0, "Gnd": false, "SpdTyp": 0, "CallSus": true, "Trt": 2, "Year": "2007"}, {"Id": 11199915, "Rcvr": 1, "HasSig": true, "Sig": 71, "Icao": "AAE5AB", "Bad": false, "Reg": "N801AY", "FSeen": "/Date(1544400396847)/", "TSecs": 2827, "CMsgs": 1460, "Alt": 1625, "GAlt": 1974, "InHg": 30.2687035, "AltT": 0, "Lat": 40.7323, "Long": -73.6866, "PosTime": 1544403219482, "Mlat": true, "Tisb": false, "Spd": 285.0, "Trak": 39.0, "TrkH": false, "Type": "CRJ2", "Mdl": "2004 BOMBARDIER INC CL-600-2B19", "Man": "Bombardier", "CNum": "8001", "Op": "WELLS FARGO BANK NORTHWEST NA TRUSTEE     - SALT LAKE CITY, UT", "OpIcao": "EDV", "Sqk": "7010", "Help": false, "Vsi": -1453, "VsiT": 0, "Dst": 12.79, "Brng": 38.6, "WTC": 2, "Species": 1, "Engines": "2", "EngType": 3, "EngMount": 1, "Mil": false, "Cou": "United States", "HasPic": false, "Interested": false, "FlightsCount": 0, "Gnd": false, "SpdTyp": 0, "CallSus": false, "Trt": 2, "Year": "2004"}, {"Id": 10785857, "Rcvr": 1, "HasSig": false, "Icao": "A49441", "Bad": false, "Reg": "N39418", "FSeen": "/Date(1544400209669)/", "TSecs": 3015, "CMsgs": 1543, "Alt": 1700, "GAlt": 1995, "InHg": 30.2151985, "AltT": 0, "TAlt": 7008, "Call": "UAL2047", "Lat": 40.780243, "Long": -74.108887, "PosTime": 1544403223042, "Mlat": false, "Tisb": false, "Spd": 160.0, "Trak": 205.4, "TrkH": false, "TTrk": 260.15625, "Type": "B739", "Mdl": "2008 BOEING 737-924ER", "Man": "Boeing", "CNum": "33456", "From": "KEWR Newark Liberty, United States", "To": "KBOS General Edward Lawrence Logan, Boston, United States", "Op": "United Airlines", "OpIcao": "UAL", "Sqk": "7315", "Help": false, "Vsi": -832, "VsiT": 1, "Dst": 31.58, "Brng": 299.1, "WTC": 2, "Species": 1, "Engines": "2", "EngType": 3, "EngMount": 0, "Mil": false, "Cou": "United States", "HasPic": false, "Interested": false, "FlightsCount": 0, "Gnd": false, "SpdTyp": 0, "CallSus": false, "Trt": 5, "Year": "2008"}, {"Id": 11232150, "Rcvr": 1, "HasSig": true, "Sig": 208, "Icao": "AB6396", "Bad": false, "Reg": "N833AY", "FSeen": "/Date(1544400154969)/", "TSecs": 3069, "CMsgs": 1178, "Alt": -275, "GAlt": 6, "InHg": 30.2007866, "AltT": 0, "Lat": 40.8034, "Long": -73.8696, "PosTime": 1544402704612, "Mlat": true, "PosStale": true, "Tisb": false, "Spd": 361.0, "Trak": 211.6, "TrkH": false, "Type": "CRJ2", "Mdl": "2005 BOMBARDIER INC CL-600-2B19", "Man": "Bombardier", "CNum": "8033", "Op": "WELLS FARGO BANK NORTHWEST NA TRUSTEE     - SALT LAKE CITY, UT", "OpIcao": "EDV", "Sqk": "4111", "Help": false, "Vsi": 0, "VsiT": 0, "Dst": 19.38, "Brng": 337.4, "WTC": 2, "Species": 1, "Engines": "2", "EngType": 3, "EngMount": 1, "Mil": false, "Cou": "United States", "HasPic": false, "Interested": false, "FlightsCount": 0, "Gnd": true, "SpdTyp": 0, "CallSus": false, "Trt": 2, "Year": "2005"}, {"Id": 10584960, "Rcvr": 1, "HasSig": true, "Sig": 77, "Icao": "A18380", "Bad": false, "Reg": "N197PQ", "FSeen": "/Date(1544399673994)/", "TSecs": 3550, "CMsgs": 1832, "Alt": -275, "GAlt": 67, "InHg": 30.26245, "AltT": 0, "TAlt": 3616, "Call": "EDV3281", "Lat": 40.632574, "Long": -73.76756, "PosTime": 1544403219480, "Mlat": false, "Tisb": false, "Spd": 23.0, "Trak": 295.3, "TrkH": false, "TTrk": 224.296875, "Type": "CRJ9", "Mdl": "2008 BOMBARDIER INC CL-600-2D24", "Man": "Bombardier", "CNum": "15197", "Op": "DELTA AIR LINES INC     - ATLANTA, GA", "OpIcao": "EDV", "Sqk": "4134", "Help": false, "Vsi": -192, "VsiT": 1, "Dst": 1.6, "Brng": 133.6, "WTC": 2, "Species": 1, "Engines": "2", "EngType": 3, "EngMount": 1, "Mil": false, "Cou": "United States", "HasPic": false, "Interested": false, "FlightsCount": 0, "Gnd": true, "SpdTyp": 0, "CallSus": false, "Trt": 2, "Year": "2008"}, {"Id": 11307843, "Rcvr": 1, "HasSig": true, "Sig": 202, "Icao": "AC8B43", "Bad": false, "Reg": "N907XJ", "FSeen": "/Date(1544399598564)/", "TSecs": 3626, "CMsgs": 1823, "Alt": 15400, "GAlt": 15681, "InHg": 30.2007866, "AltT": 0, "Lat": 40.688278, "Long": -74.049805, "PosTime": 1544403223035, "Mlat": true, "Tisb": false, "Spd": 459.0, "Trak": 164.8, "TrkH": false, "Type": "CRJ9", "Mdl": "2007 BOMBARDIER INC CL-600-2D24", "Man": "Bombardier", "CNum": "15139", "Op": "DELTA AIR LINES INC     - ATLANTA, GA", "OpIcao": "EDV", "Sqk": "2240", "Help": false, "Vsi": -2368, "VsiT": 0, "Dst": 23.21, "Brng": 282.8, "WTC": 2, "Species": 1, "Engines": "2", "EngType": 3, "EngMount": 1, "Mil": false, "Cou": "United States", "HasPic": false, "Interested": false, "FlightsCount": 0, "Gnd": false, "SpdTyp": 0, "CallSus": false, "Trt": 2, "Year": "2007"}, {"Id": 10524622, "Rcvr": 1, "HasSig": false, "Icao": "A097CE", "Bad": false, "Reg": "N13718", "FSeen": "/Date(1544399047643)/", "TSecs": 4177, "CMsgs": 2096, "Alt": -275, "GAlt": 65, "InHg": 30.2598419, "AltT": 0, "Lat": 40.715425, "Long": -74.150599, "PosTime": 1544402916577, "Mlat": true, "PosStale": true, "Tisb": false, "Spd": 535.0, "Trak": 211.2, "TrkH": false, "Type": "B737", "Mdl": "1999 BOEING 737-724", "Man": "Boeing", "CNum": "28937", "Op": "United Airlines", "OpIcao": "UAL", "Sqk": "2435", "Help": false, "Vsi": 64, "VsiT": 0, "Dst": 32.18, "Brng": 284.7, "WTC": 2, "Species": 1, "Engines": "2", "EngType": 3, "EngMount": 0, "Mil": false, "Cou": "United States", "HasPic": false, "Interested": false, "FlightsCount": 0, "Gnd": true, "SpdTyp": 0, "CallSus": false, "Trt": 2, "Year": "1999"}, {"Id": 11207779, "Rcvr": 1, "HasSig": false, "Icao": "AB0463", "Bad": false, "Reg": "N809MD", "FSeen": "/Date(1544398837749)/", "TSecs": 4387, "CMsgs": 2254, "Alt": 650, "GAlt": 981, "InHg": 30.2509861, "AltT": 0, "TAlt": 10016, "Call": "RPA5876", "Lat": 40.82082, "Long": -73.841423, "PosTime": 1544403221135, "Mlat": false, "Tisb": false, "Spd": 119.0, "Trak": 212.0, "TrkH": false, "Type": "E170", "Mdl": "2004 EMBRAER ERJ 170-100SU", "Man": "Embraer", "CNum": "17000022", "Op": "REPUBLIC AIRLINE INC     - INDIANAPOLIS, IN", "OpIcao": "RPA", "Sqk": "7175", "Help": false, "Vsi": -704, "VsiT": 1, "Dst": 20.47, "Brng": 345.7, "WTC": 2, "Species": 1, "Engines": "2", "EngType": 3, "EngMount": 0, "Mil": false, "Cou": "United States", "HasPic": false, "Interested": false, "FlightsCount": 0, "Gnd": false, "SpdTyp": 0, "CallSus": false, "Trt": 5, "Year": "2004"}, {"Id": 11230546, "Rcvr": 1, "HasSig": true, "Sig": 27, "Icao": "AB5D52", "Bad": false, "Reg": "N831NW", "FSeen": "/Date(1544398691855)/", "TSecs": 4532, "CMsgs": 2364, "Alt": 35000, "GAlt": 35071, "InHg": 29.9911423, "AltT": 0, "TAlt": 35008, "Call": "DAL72", "Lat": 40.574387, "Long": -74.029236, "PosTime": 1544403223024, "Mlat": false, "Tisb": false, "Spd": 565.2, "Trak": 49.4, "TrkH": false, "Type": "A333", "Mdl": "Airbus A330 302", "Man": "Airbus", "CNum": "1783", "From": "KMCO Orlando, United States", "To": "EHAM Amsterdam Airport Schiphol, Netherlands", "Stops": ["KATL Hartsfield Jackson Atlanta, United States"], "Op": "Delta Air Lines", "OpIcao": "DAL", "Sqk": "2577", "Help": false, "Vsi": -64, "VsiT": 0, "Dst": 22.26, "Brng": 250.2, "WTC": 3, "Species": 1, "Engines": "2", "EngType": 3, "EngMount": 0, "Mil": false, "Cou": "United States", "HasPic": false, "Interested": false, "FlightsCount": 0, "Gnd": false, "SpdTyp": 0, "CallSus": false, "Trt": 2, "Year": "2016"}, {"Id": 11039018, "Rcvr": 1, "HasSig": true, "Sig": 188, "Icao": "A8712A", "Bad": false, "Reg": "N643JB", "FSeen": "/Date(1544396608390)/", "TSecs": 6616, "CMsgs": 3300, "Alt": 6850, "GAlt": 6862, "InHg": 29.93171, "AltT": 0, "TAlt": 4000, "Call": "JBU1198", "Lat": 40.549234, "Long": -74.101098, "PosTime": 1544403223011, "Mlat": false, "Tisb": false, "Spd": 277.8, "Trak": 37.0, "TrkH": false, "TTrk": 0.0, "Type": "A320", "Mdl": "2006 AIRBUS A320-232", "Man": "Airbus", "CNum": "2871", "From": "KMCO Orlando, United States", "To": "KLGA La Guardia, New York, United States", "Op": "JetBlue Airways", "OpIcao": "JBU", "Sqk": "2633", "Help": false, "Vsi": -1728, "VsiT": 1, "Dst": 28.93, "Brng": 249.1, "WTC": 2, "Species": 1, "Engines": "2", "EngType": 3, "EngMount": 0, "Mil": false, "Cou": "United States", "HasPic": false, "Interested": false, "FlightsCount": 0, "Gnd": false, "SpdTyp": 0, "CallSus": false, "Trt": 5, "Year": "2006"}, {"Id": 10681048, "Rcvr": 1, "HasSig": false, "Icao": "A2FAD8", "Bad": false, "Reg": "N291SY", "FSeen": "/Date(1544396562468)/", "TSecs": 6662, "CMsgs": 3303, "Alt": 3725, "GAlt": 4035, "InHg": 30.2303143, "AltT": 0, "TAlt": 4000, "Call": "SKW3941", "Lat": 40.829105, "Long": -73.747726, "PosTime": 1544403221132, "Mlat": false, "Tisb": false, "Spd": 187.0, "Trak": 30.8, "TrkH": false, "Type": "E75L", "Mdl": "Embraer EMB-175 LL", "Man": "Embraer", "CNum": "17000759", "Op": "Delta Connection", "OpIcao": "SKW", "Sqk": "2542", "Help": false, "Vsi": -128, "VsiT": 1, "Dst": 20.94, "Brng": 7.7, "WTC": 2, "Species": 1, "Engines": "2", "EngType": 3, "EngMount": 0, "Mil": false, "Cou": "United States", "HasPic": false, "Interested": false, "FlightsCount": 0, "Gnd": false, "SpdTyp": 0, "CallSus": false, "Trt": 5, "Year": "2018"}, {"Id": 10979581, "Rcvr": 1, "HasSig": true, "Sig": 37, "Icao": "A788FD", "Bad": false, "Reg": "N585FE", "FSeen": "/Date(1544396399020)/", "TSecs": 6825, "CMsgs": 3284, "Alt": 1725, "GAlt": 2065, "InHg": 30.2598419, "AltT": 0, "TAlt": 2016, "Call": "FDX764", "Lat": 40.813843, "Long": -73.512817, "PosTime": 1544403223011, "Mlat": false, "Tisb": false, "Spd": 189.3, "Trak": 290.7, "TrkH": false, "TTrk": 300.234375, "Type": "MD11", "Mdl": "1992 MCDONNELL DOUGLAS MD-11F", "Man": "McDonnell Douglas", "CNum": "48481", "From": "KMEM Memphis, United States", "To": "KJFK John F Kennedy, New York, United States", "Op": "FedEx", "OpIcao": "FDX", "Sqk": "6612", "Help": false, "Vsi": -128, "VsiT": 0, "Dst": 29.58, "Brng": 49.8, "WTC": 3, "Species": 1, "Engines": "3", "EngType": 3, "EngMount": 0, "Mil": false, "Cou": "United States", "HasPic": false, "Interested": false, "FlightsCount": 0, "Gnd": false, "SpdTyp": 0, "CallSus": false, "Trt": 5, "Year": "1992"}, {"Id": 11249785, "Rcvr": 1, "HasSig": false, "Icao": "ABA879", "Bad": false, "Reg": "N850MP", "FSeen": "/Date(1544396356554)/", "TSecs": 6868, "CMsgs": 3177, "Alt": -275, "GAlt": 44, "InHg": 30.2303143, "AltT": 0, "TAlt": 4000, "Call": "N850MP", "Lat": 40.854172, "Long": -74.055222, "PosTime": 1544403165163, "Mlat": false, "Tisb": false, "Spd": 0.0, "Trak": 208.1, "TrkH": false, "TTrk": 40.078125, "Type": "GLEX", "Mdl": "Bombardier Global 6000", "Man": "Bombardier", "CNum": "9733", "Op": "TVPX ARS Inc Trustee", "OpIcao": "TWY", "Sqk": "2621", "Help": false, "Vsi": -640, "VsiT": 0, "Dst": 32.96, "Brng": 315.7, "WTC": 2, "Species": 1, "Engines": "2", "EngType": 3, "EngMount": 1, "Mil": false, "Cou": "United States", "HasPic": false, "Interested": false, "FlightsCount": 0, "Gnd": true, "SpdTyp": 0, "CallSus": false, "Trt": 5, "Year": "2015"}, {"Id": 11112593, "Rcvr": 1, "HasSig": true, "Sig": 145, "Icao": "A99091", "Bad": false, "FSeen": "/Date(1544395904151)/", "TSecs": 7320, "CMsgs": 2004, "Alt": 3700, "GAlt": 3440, "InHg": 29.6604328, "AltT": 0, "Lat": 40.4321, "Long": -73.5615, "PosTime": 1544403219480, "Mlat": true, "Tisb": false, "Spd": 509.3, "Trak": 16.8, "TrkH": false, "Sqk": "6601", "Help": false, "Vsi": 128, "VsiT": 1, "Dst": 29.87, "Brng": 141.5, "WTC": 0, "Species": 0, "EngType": 0, "EngMount": 0, "Mil": false, "Cou": "United States", "HasPic": false, "Interested": false, "FlightsCount": 0, "Gnd": false, "SpdTyp": 0, "CallSus": false, "Trt": 2}, {"Id": 11034613, "Rcvr": 1, "HasSig": false, "Icao": "A85FF5", "Bad": false, "Reg": "N639JB", "FSeen": "/Date(1544395824281)/", "TSecs": 7400, "CMsgs": 3635, "Alt": 2250, "GAlt": 2592, "InHg": 30.26245, "AltT": 0, "TAlt": 4000, "Call": "JBU1730", "Lat": 40.740143, "Long": -73.430908, "PosTime": 1544403222984, "Mlat": false, "Tisb": false, "Spd": 203.0, "Trak": 318.8, "TrkH": false, "TTrk": 40.078125, "Type": "A320", "Mdl": "2006 AIRBUS A320-232", "Man": "Airbus", "CNum": "2814", "From": "TXKF L.F. Wade International, Hamilton, Bermuda", "To": "KJFK John F Kennedy, New York, United States", "Op": "JetBlue Airways", "OpIcao": "JBU", "Sqk": "2111", "Help": false, "Vsi": -1024, "VsiT": 0, "Dst": 31.47, "Brng": 69.7, "WTC": 2, "Species": 1, "Engines": "2", "EngType": 3, "EngMount": 0, "Mil": false, "Cou": "United States", "HasPic": false, "Interested": false, "FlightsCount": 0, "Gnd": false, "SpdTyp": 0, "CallSus": false, "Trt": 5, "Year": "2006"}, {"Id": 10909827, "Rcvr": 1, "HasSig": true, "Sig": 198, "Icao": "A67883", "Bad": false, "Reg": "N516JB", "FSeen": "/Date(1544395562824)/", "TSecs": 7661, "CMsgs": 3792, "Alt": 1675, "GAlt": 2017, "InHg": 30.26245, "AltT": 0, "TAlt": 2016, "Call": "JBU1054", "Lat": 40.825562, "Long": -73.610718, "PosTime": 1544403222984, "Mlat": false, "Tisb": false, "Spd": 158.5, "Trak": 223.0, "TrkH": false, "TTrk": 0.0, "Type": "A320", "Mdl": "2000 AIRBUS INDUSTRIE A320-232", "Man": "Airbus", "CNum": "1302", "Op": "JetBlue Airways", "OpIcao": "JBU", "Sqk": "3531", "Help": false, "Vsi": 0, "VsiT": 1, "Dst": 24.92, "Brng": 35.2, "WTC": 2, "Species": 1, "Engines": "2", "EngType": 3, "EngMount": 0, "Mil": false, "Cou": "United States", "HasPic": false, "Interested": false, "FlightsCount": 0, "Gnd": false, "SpdTyp": 0, "CallSus": false, "Trt": 5, "Year": "2000"}, {"Id": 4224211, "Rcvr": 1, "HasSig": true, "Sig": 191, "Icao": "4074D3", "Bad": false, "Reg": "G-CKWC", "FSeen": "/Date(1544395247615)/", "TSecs": 7977, "CMsgs": 4030, "Alt": 3800, "GAlt": 4142, "InHg": 30.26245, "AltT": 0, "TAlt": 3008, "Call": "NRS15Z", "Lat": 40.804945, "Long": -73.491544, "PosTime": 1544403222984, "Mlat": false, "Tisb": false, "Spd": 240.2, "Trak": 297.5, "TrkH": false, "TTrk": 310.078125, "Type": "B789", "Mdl": "Boeing 787 9", "Man": "Boeing", "CNum": "38893", "Op": "Norwegian Air UK", "OpIcao": "NRS", "Sqk": "0746", "Help": false, "Vsi": -576, "VsiT": 0, "Dst": 30.37, "Brng": 53.4, "WTC": 3, "Species": 1, "Engines": "2", "EngType": 3, "EngMount": 0, "Mil": false, "Cou": "United Kingdom", "HasPic": false, "Interested": false, "FlightsCount": 0, "Gnd": false, "SpdTyp": 0, "CallSus": false, "Trt": 5, "Year": "2018"}, {"Id": 11317003, "Rcvr": 1, "HasSig": true, "Sig": 161, "Icao": "ACAF0B", "Bad": false, "Reg": "N916XJ", "FSeen": "/Date(1544395181571)/", "TSecs": 8043, "CMsgs": 3990, "Alt": -250, "GAlt": 60, "InHg": 30.2303143, "AltT": 0, "Lat": 40.807434, "Long": -73.852478, "PosTime": 1544403139235, "Mlat": true, "Tisb": false, "Spd": 165.0, "Trak": 213.8, "TrkH": false, "Type": "CRJ9", "Mdl": "2008 BOMBARDIER INC CL-600-2D24", "Man": "Bombardier", "CNum": "15154", "Op": "DELTA AIR LINES INC     - ATLANTA, GA", "OpIcao": "EDV", "Sqk": "1460", "Help": false, "Vsi": -326, "VsiT": 0, "Dst": 19.3, "Brng": 341.9, "WTC": 2, "Species": 1, "Engines": "2", "EngType": 3, "EngMount": 1, "Mil": false, "Cou": "United States", "HasPic": false, "Interested": false, "FlightsCount": 0, "Gnd": true, "SpdTyp": 0, "CallSus": false, "Trt": 2, "Year": "2008"}, {"Id": 4735855, "Rcvr": 1, "HasSig": true, "Sig": 158, "Icao": "48436F", "Bad": false, "Reg": "PH-BQH", "FSeen": "/Date(1544394925112)/", "TSecs": 8299, "CMsgs": 4111, "Alt": 2725, "GAlt": 3044, "InHg": 30.239172, "AltT": 0, "Call": "KLM643", "Lat": 40.857223, "Long": -73.58474, "PosTime": 1544403222983, "Mlat": false, "Tisb": false, "Spd": 176.6, "Trak": 233.5, "TrkH": false, "Type": "B772", "Mdl": "Boeing 777 206ER", "Man": "Boeing", "CNum": "32705", "From": "EHAM Amsterdam Airport Schiphol, Netherlands", "To": "KJFK John F Kennedy, New York, United States", "Op": "KLM Royal Dutch Airlines", "OpIcao": "KLM", "Sqk": "2554", "Help": false, "Vsi": 0, "VsiT": 0, "Dst": 29.06, "Brng": 34.7, "WTC": 3, "Species": 1, "Engines": "2", "EngType": 3, "EngMount": 0, "Mil": false, "Cou": "Netherlands", "HasPic": false, "Interested": false, "FlightsCount": 0, "Gnd": false, "SpdTyp": 0, "CallSus": false, "Trt": 2, "Year": "2004"}, {"Id": 11373549, "Rcvr": 1, "HasSig": true, "Sig": 150, "Icao": "AD8BED", "Bad": false, "Reg": "N972JT", "FSeen": "/Date(1544394186391)/", "TSecs": 9038, "CMsgs": 2786, "Alt": -250, "GAlt": 92, "InHg": 30.26245, "AltT": 0, "TAlt": 4000, "Call": "JBU1536", "Lat": 40.658432, "Long": -73.791809, "PosTime": 1544396608371, "Mlat": false, "PosStale": true, "Tisb": false, "Spd": 0.0, "Trak": 199.7, "TrkH": false, "Type": "A321", "Mdl": "Airbus A321 231SL", "Man": "Airbus", "CNum": "7455", "From": "MDST Cibao, Santiago, Dominican Republic", "To": "KJFK John F Kennedy, New York, United States", "Op": "JetBlue Airways", "OpIcao": "JBU", "Sqk": "2000", "Help": false, "Vsi": -576, "VsiT": 0, "Dst": 1.98, "Brng": 333.4, "WTC": 2, "Species": 1, "Engines": "2", "EngType": 3, "EngMount": 0, "Mil": false, "Cou": "United States", "HasPic": false, "Interested": false, "FlightsCount": 0, "Gnd": true, "SpdTyp": 0, "CallSus": false, "Trt": 5, "Year": "2016"}, {"Id": 4196210, "Rcvr": 1, "HasSig": true, "Sig": 138, "Icao": "400772", "Bad": false, "Reg": "G-VIIU", "FSeen": "/Date(1544393790962)/", "TSecs": 9433, "CMsgs": 4267, "Alt": -225, "GAlt": 115, "InHg": 30.2598419, "AltT": 0, "Call": "BAW2273", "Lat": 40.629272, "Long": -73.769226, "PosTime": 1544402586466, "Mlat": false, "PosStale": true, "Tisb": false, "Spd": 11.5, "Trak": 300.9, "TrkH": false, "Type": "B772", "Mdl": "Boeing 777 236ER", "Man": "Boeing", "CNum": "29963", "From": "EGKK London Gatwick, United Kingdom", "To": "KJFK John F Kennedy, New York, United States", "Op": "British Airways", "OpIcao": "BAW", "Sqk": "1475", "Help": false, "Vsi": -576, "VsiT": 0, "Dst": 1.79, "Brng": 145.3, "WTC": 3, "Species": 1, "Engines": "2", "EngType": 3, "EngMount": 0, "Mil": false, "Cou": "United Kingdom", "HasPic": false, "Interested": false, "FlightsCount": 0, "Gnd": true, "SpdTyp": 0, "CallSus": false, "Trt": 2, "Year": "1999"}, {"Id": 10918036, "Rcvr": 1, "HasSig": true, "Sig": 103, "Icao": "A69894", "Bad": false, "Reg": "N524JB", "FSeen": "/Date(1544393566211)/", "TSecs": 9658, "CMsgs": 4181, "Alt": -250, "GAlt": -237, "InHg": 29.93171, "AltT": 0, "TAlt": 35008, "Call": "JBU2960", "Lat": 40.63262, "Long": -73.767653, "PosTime": 1544402499393, "Mlat": false, "PosStale": true, "Tisb": false, "Spd": 0.1, "Trak": 199.7, "TrkH": false, "TTrk": 0.0, "Type": "A320", "Mdl": "2001 AIRBUS INDUSTRIE A320-232", "Man": "Airbus", "CNum": "1528", "Op": "JetBlue Airways", "OpIcao": "JBU", "Sqk": "2000", "Help": false, "Vsi": -704, "VsiT": 0, "Dst": 1.59, "Brng": 133.6, "WTC": 2, "Species": 1, "Engines": "2", "EngType": 3, "EngMount": 0, "Mil": false, "Cou": "United States", "HasPic": false, "Interested": false, "FlightsCount": 0, "Gnd": true, "SpdTyp": 0, "CallSus": false, "Trt": 5, "Year": "2001"}, {"Id": 11103138, "Rcvr": 1, "HasSig": true, "Sig": 115, "Icao": "A96BA2", "Bad": false, "Reg": "N706JB", "FSeen": "/Date(1544393443706)/", "TSecs": 9781, "CMsgs": 3220, "Alt": 111300, "GAlt": 111642, "InHg": 30.26245, "AltT": 0, "TAlt": 4000, "Call": "JBU950", "Lat": 40.651291, "Long": -73.775894, "PosTime": 1544395940346, "Mlat": false, "PosStale": true, "Tisb": false, "Spd": 0.0, "Trak": 202.5, "TrkH": false, "TTrk": 0.0, "Type": "A320", "Mdl": "2008 AIRBUS A320-232", "Man": "Airbus", "CNum": "3451", "From": "KMCO Orlando, United States", "To": "KBOS General Edward Lawrence Logan, Boston, United States", "Op": "JetBlue Airways", "OpIcao": "JBU", "Sqk": "2000", "Help": false, "Vsi": -960, "VsiT": 0, "Dst": 1.08, "Brng": 24.9, "WTC": 2, "Species": 1, "Engines": "2", "EngType": 3, "EngMount": 0, "Mil": false, "Cou": "United States", "HasPic": false, "Interested": false, "FlightsCount": 0, "Gnd": true, "SpdTyp": 0, "CallSus": false, "Trt": 5, "Year": "2008"}, {"Id": 10566593, "Rcvr": 1, "HasSig": false, "Icao": "A13BC1", "Bad": false, "Reg": "N179MT", "FSeen": "/Date(1544393435132)/", "TSecs": 9789, "CMsgs": 2780, "Alt": 1200, "GAlt": 1510, "InHg": 30.2303143, "AltT": 0, "Call": "N179MT", "Lat": 40.7701, "Long": -73.8941, "PosTime": 1544403206868, "Mlat": true, "Tisb": false, "Spd": 134.1, "Trak": 226.5, "TrkH": false, "Type": "AS55", "Mdl": " AEROSPATIALE AS 355F1", "Man": "Aerospatiale", "CNum": "5183", "Op": "MANHATTAN EXIT STRATEGY LLC MWG HELI HOLDINGS LLC BRIDGEFIELD HELI HOLDINGS LLC   - PRINCETON, NJ", "Sqk": "0240", "Help": false, "Vsi": -128, "VsiT": 0, "Dst": 17.08, "Brng": 326.2, "WTC": 1, "Species": 4, "Engines": "2", "EngType": 2, "EngMount": 0, "Mil": false, "Cou": "United States", "HasPic": false, "Interested": false, "FlightsCount": 0, "Gnd": false, "SpdTyp": 0, "CallSus": true, "Trt": 2}, {"Id": 10676643, "Rcvr": 1, "HasSig": false, "Icao": "A2E9A3", "Bad": false, "Reg": "N287SY", "FSeen": "/Date(1544390999510)/", "TSecs": 12225, "CMsgs": 4564, "Alt": 1650, "GAlt": 1960, "InHg": 30.2303143, "AltT": 0, "TAlt": 18016, "Call": "SKW3649", "Lat": 40.866394, "Long": -73.803284, "PosTime": 1544403221133, "Mlat": false, "Tisb": false, "Spd": 145.0, "Trak": 213.8, "TrkH": false, "Type": "E75L", "Mdl": "Embraer EMB-175 LL", "Man": "Embraer", "CNum": "17000753", "Op": "Delta Connection", "OpIcao": "SKW", "Sqk": "3151", "Help": false, "Vsi": -256, "VsiT": 1, "Dst": 24.97, "Brng": 355.7, "WTC": 2, "Species": 1, "Engines": "2", "EngType": 3, "EngMount": 0, "Mil": false, "Cou": "United States", "HasPic": false, "Interested": false, "FlightsCount": 0, "Gnd": false, "SpdTyp": 0, "CallSus": false, "Trt": 5, "Year": "2018"}, {"Id": 10802659, "Rcvr": 1, "HasSig": false, "Icao": "A4D5E3", "Bad": false, "Reg": "N410UA", "FSeen": "/Date(1544388540970)/", "TSecs": 14683, "CMsgs": 5287, "Alt": -275, "GAlt": 74, "InHg": 30.2687035, "AltT": 0, "Call": "UAL856", "Lat": 40.708116, "Long": -74.15397, "PosTime": 1544398248852, "Mlat": true, "PosStale": true, "Tisb": false, "Spd": 533.0, "Trak": 43.0, "TrkH": false, "Type": "A320", "Mdl": "1994 AIRBUS INDUSTRIE A320-232", "Man": "Airbus", "CNum": "463", "From": "KLAX Los Angeles, United States", "To": "KIAD Washington Dulles, United States", "Op": "United Airlines", "OpIcao": "UAL", "Sqk": "1563", "Help": false, "Vsi": 42, "VsiT": 0, "Dst": 32.27, "Brng": 283.2, "WTC": 2, "Species": 1, "Engines": "2", "EngType": 3, "EngMount": 0, "Mil": false, "Cou": "United States", "HasPic": false, "Interested": false, "FlightsCount": 0, "Gnd": true, "SpdTyp": 0, "CallSus": false, "Trt": 2, "Year": "1994"}, {"Id": 9015523, "Rcvr": 1, "HasSig": true, "Sig": 20, "Icao": "8990E3", "Bad": false, "Reg": "B-16721", "FSeen": "/Date(1544387966475)/", "TSecs": 15258, "CMsgs": 4750, "Alt": 13425, "GAlt": 13720, "InHg": 30.2151985, "AltT": 0, "TAlt": 4000, "Call": "EVA032", "Lat": 40.498856, "Long": -73.970581, "PosTime": 1544403223033, "Mlat": false, "Tisb": false, "Spd": 317.2, "Trak": 166.1, "TrkH": false, "TTrk": 180.0, "Type": "B773", "Mdl": "Boeing 777 35EER", "Man": "Boeing", "CNum": "43290", "From": "RCTP Taiwan Taoyuan, Taipei, Taiwan", "To": "KJFK John F Kennedy, New York, United States", "Op": "EVA Air", "OpIcao": "EVA", "Sqk": "4122", "Help": false, "Vsi": -1024, "VsiT": 1, "Dst": 22.6, "Brng": 225.1, "WTC": 3, "Species": 1, "Engines": "2", "EngType": 3, "EngMount": 0, "Mil": false, "Cou": "Taiwan", "HasPic": false, "Interested": false, "FlightsCount": 0, "Gnd": false, "SpdTyp": 0, "CallSus": false, "Trt": 5, "Year": "2015"}, {"Id": 11243640, "Rcvr": 1, "HasSig": false, "Icao": "AB9078", "Bad": false, "Reg": "N844UA", "FSeen": "/Date(1544387705967)/", "TSecs": 15518, "CMsgs": 7078, "Alt": 506, "GAlt": 775, "InHg": 30.1889763, "AltT": 0, "Call": "UAL1826", "Lat": 40.729301, "Long": -74.140297, "PosTime": 1544403221128, "Mlat": false, "Tisb": false, "Spd": 149.0, "Trak": 204.0, "TrkH": false, "Type": "A319", "Mdl": "2001 AIRBUS INDUSTRIE A319-131", "Man": "Airbus", "CNum": "1581", "From": "KBZN Gallatin Field, Bozeman, United States", "To": "KORD Chicago O'Hare, United States", "Op": "United Airlines", "OpIcao": "UAL", "Sqk": "1740", "Help": false, "Vsi": -829, "VsiT": 0, "Dst": 31.77, "Brng": 287.8, "WTC": 2, "Species": 1, "Engines": "2", "EngType": 3, "EngMount": 0, "Mil": false, "Cou": "United States", "HasPic": false, "Interested": false, "FlightsCount": 0, "Gnd": false, "SpdTyp": 0, "CallSus": true, "Trt": 2, "Year": "2001"}, {"Id": 10668434, "Rcvr": 1, "HasSig": false, "Icao": "A2C992", "Bad": false, "Reg": "N279SY", "FSeen": "/Date(1544387540022)/", "TSecs": 15684, "CMsgs": 5152, "Alt": 3725, "GAlt": 4056, "InHg": 30.2509861, "AltT": 0, "TAlt": 10016, "Call": "SKW3776", "Lat": 40.721558, "Long": -73.883667, "PosTime": 1544403223024, "Mlat": false, "Tisb": false, "Spd": 270.0, "Trak": 58.8, "TrkH": false, "Type": "E75L", "Mdl": "Embraer EMB-175 LL", "Man": "Embraer", "CNum": "17000743", "Op": "Delta Connection", "OpIcao": "SKW", "Sqk": "3136", "Help": false, "Vsi": -64, "VsiT": 1, "Dst": 12.32, "Brng": 315.6, "WTC": 2, "Species": 1, "Engines": "2", "EngType": 3, "EngMount": 0, "Mil": false, "Cou": "United States", "HasPic": false, "Interested": false, "FlightsCount": 0, "Gnd": false, "SpdTyp": 0, "CallSus": false, "Trt": 5, "Year": "2018"}, {"Id": 11223288, "Rcvr": 1, "HasSig": true, "Sig": 154, "Icao": "AB40F8", "Bad": false, "Reg": "N824NW", "FSeen": "/Date(1544386518107)/", "TSecs": 16706, "CMsgs": 7484, "Alt": 3675, "GAlt": 3994, "InHg": 30.239172, "AltT": 0, "TAlt": 4000, "Call": "DAL953", "Lat": 40.563944, "Long": -73.460957, "PosTime": 1544403222980, "Mlat": false, "Tisb": false, "Spd": 266.8, "Trak": 29.2, "TrkH": false, "TTrk": 40.0, "Type": "A333", "Mdl": "2015 AIRBUS A330-302", "Man": "Airbus", "CNum": "1637", "From": "KATL Hartsfield Jackson Atlanta, United States", "To": "KLAS McCarran, Las Vegas, United States", "Op": "Delta Air Lines", "OpIcao": "DAL", "Sqk": "6400", "Help": false, "Vsi": 0, "VsiT": 1, "Dst": 28.42, "Brng": 107.8, "WTC": 3, "Species": 1, "Engines": "2", "EngType": 3, "EngMount": 0, "Mil": false, "Cou": "United States", "HasPic": false, "Interested": false, "FlightsCount": 0, "Gnd": false, "SpdTyp": 0, "CallSus": false, "Trt": 4, "Year": "2015"}, {"Id": 4703685, "Rcvr": 1, "HasSig": false, "Icao": "47C5C5", "Bad": false, "Reg": "LN-LNB", "FSeen": "/Date(1544385501918)/", "TSecs": 17722, "CMsgs": 3525, "Alt": -125, "GAlt": 217, "InHg": 30.26245, "AltT": 0, "TAlt": 3008, "Call": "NAX1G", "Lat": 40.651367, "Long": -73.750038, "PosTime": 1544403219477, "Mlat": false, "Tisb": false, "Spd": 138.0, "Trak": 210.8, "TrkH": false, "TTrk": 224.296875, "Type": "B788", "Mdl": "Boeing 787 8", "Man": "Boeing", "CNum": "35305", "Op": "Norwegian", "OpIcao": "NAX", "Sqk": "6345", "Help": false, "Vsi": -640, "VsiT": 0, "Dst": 2.81, "Brng": 69.5, "WTC": 3, "Species": 1, "Engines": "2", "EngType": 3, "EngMount": 0, "Mil": false, "Cou": "Norway", "HasPic": false, "Interested": false, "FlightsCount": 0, "Gnd": false, "SpdTyp": 0, "CallSus": false, "Trt": 5, "Year": "2013", "Sat": true}], "totalAc": 5645, "lastDv": "636797242196642678", "shtTrlSec": 65, "stm": 1544403224623}