{"src": 1, "feeds": [{"id": 1, "name": "From Cons", "polarPlot": false}], "srcFeed": 1, "showSil": true, "showFlg": true, "showPic": true, "flgH": 20, "flgW": 85, "acList": [{"Id": 11275737, "Rcvr": 1, "HasSig": false, "Icao": "AC0DD9", "Bad": false, "Reg": "N876NN", "FSeen": "/Date(1544405625278)/", "TSecs": 4, "CMsgs": 1, "InHg": 30.2303143, "AltT": 0, "Lat": 40.63866, "Long": -73.792465, "PosTime": 1544405625278, "Mlat": false, "Tisb": false, "Spd": 18.0, "Trak": 120.9, "TrkH": false, "Type": "B738", "Mdl": "2011 BOEING 737-823", "Man": "Boeing", "CNum": "40767", "Op": "American Airlines", "OpIcao": "AAL", "Sqk": "", "VsiT": 0, "Dst": 1.04, "Brng": 245.7, "WTC": 2, "Species": 1, "Engines": "2", "EngType": 3, "EngMount": 0, "Mil": false, "Cou": "United States", "HasPic": false, "Interested": false, "FlightsCount": 0, "Gnd": true, "SpdTyp": 0, "CallSus": false, "Trt": 2, "Year": "2011"}, {"Id": 11240341, "Rcvr": 1, "HasSig": true, "Sig": 163, "Icao": "AB8395", "Bad": false, "Reg": "N841AE", "FSeen": "/Date(1544405588558)/", "TSecs": 41, "CMsgs": 22, "Alt": 1000, "GAlt": 1290, "InHg": 30.2096462, "AltT": 0, "Call": "ENY3420", "Lat": 40.795262, "Long": -73.894293, "PosTime": 1544405626884, "Mlat": false, "Tisb": false, "Spd": 164.6, "Trak": 328.9, "TrkH": false, "Type": "E135", "Mdl": "2002 EMBRAER EMB-135KL", "Man": "Embraer", "CNum": "145667", "From": "KORD Chicago O'Hare, United States", "To": "KORD Chicago O'Hare, United States", "Stops": ["KCOU Columbia Regional, United States"], "Op": "AMERICAN AIRLINES INC     - FORT WORTH, TX", "OpIcao": "ENY", "Sqk": "2731", "Help": false, "Vsi": 2560, "VsiT": 1, "Dst": 19.48, "Brng": 330.8, "WTC": 2, "Species": 1, "Engines": "2", "EngType": 3, "EngMount": 1, "Mil": false, "Cou": "United States", "HasPic": false, "Interested": false, "FlightsCount": 0, "Gnd": false, "SpdTyp": 0, "CallSus": false, "Trt": 5, "Year": "2002"}, {"Id": 10593645, "Rcvr": 1, "HasSig": true, "Sig": 76, "Icao": "A1A56D", "Bad": false, "Reg": "N205JQ", "FSeen": "/Date(1544405467839)/", "TSecs": 161, "CMsgs": 92, "Alt": 5650, "GAlt": 5945, "InHg": 30.2151985, "AltT": 0, "TAlt": 10016, "Call": "RPA6095", "Lat": 40.905032, "Long": -73.943481, "PosTime": 1544405626883, "Mlat": false, "Tisb": false, "Spd": 253.8, "Trak": 303.8, "TrkH": false, "Type": "E170", "Mdl": "Embraer EMB-175 LR", "Man": "Embraer", "CNum": "17000248", "Op": "Delta Connection", "OpIcao": "TCF", "Sqk": "1172", "Help": false, "Vsi": 2880, "VsiT": 1, "Dst": 32.23, "Brng": 335.0, "WTC": 2, "Species": 1, "Engines": "2", "EngType": 3, "EngMount": 0, "Mil": false, "Cou": "United States", "HasPic": false, "Interested": false, "FlightsCount": 0, "Gnd": false, "SpdTyp": 0, "CallSus": false, "Trt": 5, "Year": "2008"}, {"Id": 10491081, "Rcvr": 1, "HasSig": false, "Icao": "A014C9", "Bad": false, "Reg": "N104NN", "FSeen": "/Date(1544405423576)/", "TSecs": 206, "CMsgs": 23, "Alt": -250, "GAlt": 60, "InHg": 30.2303143, "AltT": 0, "Call": "AAL177", "Lat": 40.65089, "Long": -73.772247, "PosTime": 1544405628266, "Mlat": false, "Tisb": false, "Spd": 0.0, "Trak": 123.4, "TrkH": false, "Type": "A321", "Mdl": "2013 AIRBUS A321-231", "Man": "Airbus", "CNum": "5895", "From": "KJFK John F Kennedy, New York, United States", "To": "KSFO San Francisco, United States", "Op": "American Airlines", "OpIcao": "AAL", "Sqk": "", "VsiT": 0, "Dst": 1.21, "Brng": 39.2, "WTC": 2, "Species": 1, "Engines": "2", "EngType": 3, "EngMount": 0, "Mil": false, "Cou": "United States", "HasPic": false, "Interested": false, "FlightsCount": 0, "Gnd": true, "SpdTyp": 0, "CallSus": false, "Trt": 2, "Year": "2013"}, {"Id": 11303707, "Rcvr": 1, "HasSig": false, "Icao": "AC7B1B", "Bad": false, "Reg": "N903JB", "FSeen": "/Date(1544405257145)/", "TSecs": 372, "CMsgs": 23, "Alt": -250, "GAlt": 60, "InHg": 30.2303143, "AltT": 0, "Call": "JBU611", "Lat": 40.650379, "Long": -73.771133, "PosTime": 1544405564507, "Mlat": false, "Tisb": false, "Spd": 0.0, "Trak": 122.6, "TrkH": false, "Type": "A321", "Mdl": "2013 AIRBUS A321-231", "Man": "Airbus", "CNum": "5783", "From": "KJFK John F Kennedy, New York, United States", "To": "KJAX Jacksonville, United States", "Op": "JetBlue Airways", "OpIcao": "JBU", "Sqk": "3021", "Help": false, "VsiT": 0, "Dst": 1.23, "Brng": 44.3, "WTC": 2, "Species": 1, "Engines": "2", "EngType": 3, "EngMount": 0, "Mil": false, "Cou": "United States", "HasPic": false, "Interested": false, "FlightsCount": 0, "Gnd": true, "SpdTyp": 0, "CallSus": false, "Trt": 2, "Year": "2013"}, {"Id": 10518677, "Rcvr": 1, "HasSig": false, "Icao": "A08095", "Bad": false, "Reg": "N131TD", "FSeen": "/Date(1544405191841)/", "TSecs": 437, "CMsgs": 229, "Alt": 1250, "GAlt": 1551, "InHg": 30.2214565, "AltT": 0, "Lat": 40.693176, "Long": -74.135132, "PosTime": 1544405304085, "Mlat": false, "PosStale": true, "Tisb": false, "Spd": 130.0, "Trak": 108.7, "TrkH": false, "Type": "EC30", "Mdl": "Airbus Helicopters EC130 T2", "Man": "Airbus Helicopters", "CNum": "8159", "Op": "Airbus Helicopters Inc", "Sqk": "4331", "Help": false, "Vsi": 320, "VsiT": 0, "Dst": 30.37, "Brng": 280.8, "WTC": 1, "Species": 4, "Engines": "1", "EngType": 2, "EngMount": 0, "Mil": false, "Cou": "United States", "HasPic": false, "Interested": false, "FlightsCount": 0, "Gnd": false, "SpdTyp": 0, "CallSus": false, "Trt": 2, "Year": "2015"}, {"Id": 11094601, "Rcvr": 1, "HasSig": false, "Icao": "A94A49", "Bad": false, "Reg": "N698V", "FSeen": "/Date(1544404021104)/", "TSecs": 1608, "CMsgs": 763, "Alt": 25, "GAlt": 315, "InHg": 30.2096462, "AltT": 0, "TAlt": 1504, "Call": "N698V", "Lat": 40.759003, "Long": -74.013428, "PosTime": 1544405623583, "Mlat": false, "Tisb": false, "Spd": 52.0, "Trak": 150.0, "TrkH": false, "Type": "A139", "Mdl": "2013 AGUSTAWESTLAND PHILADELPHIA AW139", "Man": "AgustaWestland", "CNum": "41328", "Op": "JPMORGAN CHASE BANK NA     - COLUMBUS, OH", "Sqk": "1200", "Help": false, "Vsi": -896, "VsiT": 0, "Dst": 23.47, "Brng": 303.6, "WTC": 1, "Species": 4, "Engines": "2", "EngType": 2, "EngMount": 0, "Mil": false, "Cou": "United States", "HasPic": false, "Interested": false, "FlightsCount": 0, "Gnd": false, "SpdTyp": 0, "CallSus": false, "Trt": 5, "Year": "2013"}, {"Id": 10654519, "Rcvr": 1, "HasSig": true, "Sig": 222, "Icao": "A29337", "Bad": false, "Reg": "N265SY", "FSeen": "/Date(1544403836230)/", "TSecs": 1793, "CMsgs": 228, "Alt": 12550, "GAlt": 12822, "InHg": 30.191576, "AltT": 0, "TAlt": 17024, "Call": "SKW3772", "Lat": 40.782806, "Long": -73.602417, "PosTime": 1544405628255, "Mlat": false, "Tisb": false, "Spd": 307.1, "Trak": 358.7, "TrkH": false, "Type": "E75L", "Mdl": "Embraer EMB-175 LL", "Man": "Embraer", "CNum": "17000717", "Op": "Delta Connection", "OpIcao": "SKW", "Sqk": "3303", "Help": false, "Vsi": 2368, "VsiT": 1, "Dst": 21.7, "Brng": 44.0, "WTC": 2, "Species": 1, "Engines": "2", "EngType": 3, "EngMount": 0, "Mil": false, "Cou": "United States", "HasPic": false, "Interested": false, "FlightsCount": 0, "Gnd": false, "SpdTyp": 0, "CallSus": false, "Trt": 5, "Year": "2018"}, {"Id": 10920695, "Rcvr": 1, "HasSig": true, "Sig": 213, "Icao": "A6A2F7", "Bad": false, "Reg": "N527AH", "FSeen": "/Date(1544403795840)/", "TSecs": 1833, "CMsgs": 312, "Alt": 6725, "GAlt": 7044, "InHg": 30.2388229, "AltT": 0, "TAlt": 7008, "Call": "N527AH", "Lat": 40.647366, "Long": -73.606463, "PosTime": 1544405623592, "Mlat": false, "Tisb": false, "Spd": 274.1, "Trak": 35.2, "TrkH": false, "Type": "E190", "Mdl": "Embraer Lineage 1000 E", "Man": "Embraer", "CNum": "19000691", "Op": "Embraer", "Sqk": "4032", "Help": false, "Vsi": 0, "VsiT": 1, "Dst": 14.76, "Brng": 87.8, "WTC": 2, "Species": 1, "Engines": "2", "EngType": 3, "EngMount": 0, "Mil": false, "Cou": "United States", "HasPic": false, "Interested": false, "FlightsCount": 0, "Gnd": false, "SpdTyp": 0, "CallSus": false, "Trt": 5, "Year": "2016"}, {"Id": 11268098, "Rcvr": 1, "HasSig": true, "Sig": 114, "Icao": "ABF002", "Bad": false, "Reg": "N8688C", "FSeen": "/Date(1544403096945)/", "TSecs": 2532, "CMsgs": 1337, "Alt": 3725, "GAlt": 4035, "InHg": 30.2303143, "AltT": 0, "Lat": 40.6508, "Long": -73.9949, "PosTime": 1544405625226, "Mlat": true, "Tisb": false, "Spd": 282.0, "Trak": 46.0, "TrkH": false, "Type": "CRJ2", "Mdl": "2002 BOMBARDIER INC CL-600-2B19", "Man": "Bombardier", "CNum": "7688", "Op": "WELLS FARGO BANK NORTHWEST NA TRUSTEE     - SALT LAKE CITY, UT", "OpIcao": "EDV", "Sqk": "2476", "Help": false, "Vsi": -842, "VsiT": 0, "Dst": 18.05, "Brng": 273.0, "WTC": 2, "Species": 1, "Engines": "2", "EngType": 3, "EngMount": 1, "Mil": false, "Cou": "United States", "HasPic": false, "Interested": false, "FlightsCount": 0, "Gnd": false, "SpdTyp": 0, "CallSus": false, "Trt": 2, "Year": "2002"}, {"Id": 10569143, "Rcvr": 1, "HasSig": true, "Sig": 191, "Icao": "A145B7", "Bad": false, "Reg": "N181PQ", "FSeen": "/Date(1544402792131)/", "TSecs": 2837, "CMsgs": 1419, "Alt": 3000, "GAlt": 3310, "InHg": 30.2303143, "AltT": 0, "Lat": 40.8363, "Long": -73.5717, "PosTime": 1544405625225, "Mlat": true, "Tisb": false, "Spd": 301.2, "Trak": 258.0, "TrkH": false, "Type": "CRJ9", "Mdl": "2008 BOMBARDIER INC CL-600-2D24", "Man": "Bombardier", "CNum": "15181", "Op": "DELTA AIR LINES INC     - ATLANTA, GA", "OpIcao": "EDV", "Sqk": "1326", "Help": false, "Vsi": -1472, "VsiT": 1, "Dst": 27.86, "Brng": 39.3, "WTC": 2, "Species": 1, "Engines": "2", "EngType": 3, "EngMount": 1, "Mil": false, "Cou": "United States", "HasPic": false, "Interested": false, "FlightsCount": 0, "Gnd": false, "SpdTyp": 0, "CallSus": false, "Trt": 2, "Year": "2008"}, {"Id": 10729480, "Rcvr": 1, "HasSig": true, "Sig": 159, "Icao": "A3B808", "Bad": false, "Reg": "N339JB", "FSeen": "/Date(1544402680962)/", "TSecs": 2948, "CMsgs": 1430, "Alt": 1075, "GAlt": 1365, "InHg": 30.2096462, "AltT": 0, "Call": "JBU317", "Lat": 40.7158, "Long": -73.7171, "PosTime": 1544405602214, "Mlat": true, "Tisb": false, "Trak": 208.5, "TrkH": false, "Type": "E190", "Mdl": "2011 EMBRAER ERJ 190-100 IGW", "Man": "Embraer", "CNum": "19000490", "From": "KBOS General Edward Lawrence Logan, Boston, United States", "To": "KJFK John F Kennedy, New York, United States", "Op": "JetBlue Airways", "OpIcao": "JBU", "Sqk": "3532", "Help": false, "VsiT": 0, "Dst": 9.79, "Brng": 33.6, "WTC": 2, "Species": 1, "Engines": "2", "EngType": 3, "EngMount": 0, "Mil": false, "Cou": "United States", "HasPic": false, "Interested": false, "FlightsCount": 0, "Gnd": false, "SpdTyp": 0, "CallSus": true, "Trt": 2, "Year": "2011"}, {"Id": 11157871, "Rcvr": 1, "HasSig": false, "Icao": "AA416F", "Bad": false, "Reg": "N76ZA", "FSeen": "/Date(1544401959028)/", "TSecs": 3670, "CMsgs": 925, "Alt": 500, "GAlt": 772, "InHg": 30.191576, "AltT": 0, "Call": "N76ZA", "Lat": 40.793655, "Long": -74.056458, "PosTime": 1544405628266, "Mlat": false, "Tisb": false, "Spd": 118.0, "Trak": 315.3, "TrkH": false, "Type": "B407", "Mdl": "2014 BELL HELICOPTER TEXTRON CANADA 407", "Man": "Bell", "CNum": "54501", "Op": "N76ZA LLC     - NEW YORK, NY", "Sqk": "4340", "Help": false, "Vsi": 128, "VsiT": 1, "Dst": 28.64, "Brng": 306.0, "WTC": 1, "Species": 4, "Engines": "1", "EngType": 2, "EngMount": 0, "Mil": false, "Cou": "United States", "HasPic": false, "Interested": false, "FlightsCount": 0, "Gnd": false, "SpdTyp": 0, "CallSus": false, "Trt": 5, "Year": "2014"}, {"Id": 11220211, "Rcvr": 1, "HasSig": true, "Sig": 79, "Icao": "AB34F3", "Bad": false, "Reg": "N821DX", "FSeen": "/Date(1544401925524)/", "TSecs": 3704, "CMsgs": 1931, "Alt": -225, "GAlt": 94, "InHg": 30.2388229, "AltT": 0, "TAlt": 4000, "Call": "DAL332", "Lat": 40.634948, "Long": -73.78226, "PosTime": 1544405616588, "Mlat": false, "Tisb": false, "Spd": 16.0, "Trak": 301.0, "TrkH": false, "TTrk": 220.78125, "Type": "B752", "Mdl": "Boeing 757 26D", "Man": "Boeing", "CNum": "33961", "From": "TJSJ Luis Munoz Marin, San Juan, Puerto Rico", "To": "KJFK John F Kennedy, New York, United States", "Op": "Delta Air Lines", "OpIcao": "DAL", "Sqk": "7472", "Help": false, "Vsi": -768, "VsiT": 1, "Dst": 0.84, "Brng": 185.6, "WTC": 2, "Species": 1, "Engines": "2", "EngType": 3, "EngMount": 0, "Mil": false, "Cou": "United States", "HasPic": false, "Interested": false, "FlightsCount": 0, "Gnd": true, "SpdTyp": 0, "CallSus": false, "Trt": 5, "Year": "2004"}, {"Id": 11271065, "Rcvr": 1, "HasSig": true, "Sig": 92, "Icao": "ABFB99", "Bad": false, "Reg": "N871RW", "FSeen": "/Date(1544400994257)/", "TSecs": 4635, "CMsgs": 2454, "Alt": 3750, "GAlt": 4069, "InHg": 30.239172, "AltT": 0, "Call": "RPA5903", "Lat": 40.706, "Long": -73.9242, "PosTime": 1544405625195, "Mlat": true, "Tisb": false, "Spd": 368.5, "Trak": 59.7, "TrkH": false, "Type": "E170", "Mdl": "2006 EMBRAER ERJ 170-100SU", "Man": "Embraer", "CNum": "17000140", "Op": "REPUBLIC AIRLINE INC     - INDIANAPOLIS, IN", "OpIcao": "RPA", "Sqk": "6716", "Help": false, "Vsi": 0, "VsiT": 0, "Dst": 13.97, "Brng": 300.4, "WTC": 2, "Species": 1, "Engines": "2", "EngType": 3, "EngMount": 0, "Mil": false, "Cou": "United States", "HasPic": false, "Interested": false, "FlightsCount": 0, "Gnd": false, "SpdTyp": 0, "CallSus": true, "Trt": 2, "Year": "2006"}, {"Id": 10882170, "Rcvr": 1, "HasSig": false, "Icao": "A60C7A", "Bad": false, "Reg": "N48901", "FSeen": "/Date(1544400437387)/", "TSecs": 5192, "CMsgs": 2679, "Alt": -250, "GAlt": -128, "InHg": 30.041338, "AltT": 0, "Call": "ASQ4403", "Lat": 40.711003, "Long": -74.151223, "PosTime": 1544405442845, "Mlat": true, "PosStale": true, "Tisb": false, "Spd": 509.0, "Trak": 201.5, "TrkH": false, "Type": "E145", "Mdl": "2001 EMBRAER EMB-145LR", "Man": "Embraer", "CNum": "145501", "Op": "WELLS FARGO BANK NORTHWEST NA TRUSTEE     - SALT LAKE CITY, UT", "OpIcao": "ASQ", "Sqk": "0766", "Help": false, "Vsi": 0, "VsiT": 0, "Dst": 32.11, "Brng": 283.8, "WTC": 2, "Species": 1, "Engines": "2", "EngType": 3, "EngMount": 1, "Mil": false, "Cou": "United States", "HasPic": false, "Interested": false, "FlightsCount": 0, "Gnd": true, "SpdTyp": 0, "CallSus": true, "Trt": 2, "Year": "2001"}, {"Id": 10925303, "Rcvr": 1, "HasSig": true, "Sig": 198, "Icao": "A6B4F7", "Bad": false, "Reg": "N531JL", "FSeen": "/Date(1544400039571)/", "TSecs": 5590, "CMsgs": 2583, "Alt": -250, "GAlt": 92, "InHg": 30.26245, "AltT": 0, "TAlt": 3008, "Call": "JBU429", "Lat": 40.632534, "Long": -73.767502, "PosTime": 1544403068424, "Mlat": false, "PosStale": true, "Tisb": false, "Spd": 0.0, "Trak": 199.7, "TrkH": false, "TTrk": 0.0, "Type": "A320", "Mdl": "2001 AIRBUS INDUSTRIE A320-232", "Man": "Airbus", "CNum": "1650", "From": "KBOS General Edward Lawrence Logan, Boston, United States", "To": "KSMF Sacramento, United States", "Op": "JetBlue Airways", "OpIcao": "JBU", "Sqk": "2000", "Help": false, "Vsi": -128, "VsiT": 0, "Dst": 1.61, "Brng": 133.6, "WTC": 2, "Species": 1, "Engines": "2", "EngType": 3, "EngMount": 0, "Mil": false, "Cou": "United States", "HasPic": false, "Interested": false, "FlightsCount": 0, "Gnd": true, "SpdTyp": 0, "CallSus": false, "Trt": 5, "Year": "2001"}, {"Id": 10957529, "Rcvr": 1, "HasSig": true, "Sig": 94, "Icao": "A732D9", "Bad": false, "Reg": "N563JB", "FSeen": "/Date(1544399788545)/", "TSecs": 5841, "CMsgs": 2776, "Alt": -225, "GAlt": 94, "InHg": 30.2388229, "AltT": 0, "TAlt": 2016, "Call": "JBU1042", "Lat": 40.629398, "Long": -73.769943, "PosTime": 1544405433412, "Mlat": false, "PosStale": true, "Tisb": false, "Spd": 9.5, "Trak": 300.9, "TrkH": false, "TTrk": 279.84375, "Type": "A320", "Mdl": "2003 AIRBUS A320-232", "Man": "Airbus", "CNum": "2006", "From": "KSAV Savannah Hilton Head, United States", "To": "KJFK John F Kennedy, New York, United States", "Op": "JetBlue Airways", "OpIcao": "JBU", "Sqk": "0726", "Help": false, "Vsi": -576, "VsiT": 0, "Dst": 1.74, "Brng": 146.7, "WTC": 2, "Species": 1, "Engines": "2", "EngType": 3, "EngMount": 0, "Mil": false, "Cou": "United States", "HasPic": false, "Interested": false, "FlightsCount": 0, "Gnd": true, "SpdTyp": 0, "CallSus": true, "Trt": 5, "Year": "2003"}, {"Id": 10900683, "Rcvr": 1, "HasSig": false, "Icao": "A654CB", "Bad": false, "Reg": "N507JT", "FSeen": "/Date(1544399563489)/", "TSecs": 6066, "CMsgs": 3229, "Alt": 1700, "GAlt": 1990, "InHg": 30.2303143, "AltT": 0, "TAlt": 18016, "Call": "JBU720", "Lat": 40.751225, "Long": -73.671631, "PosTime": 1544405628238, "Mlat": false, "Tisb": false, "Spd": 158.0, "Trak": 210.8, "TrkH": false, "Type": "A320", "Mdl": "2000 AIRBUS INDUSTRIE A320-232", "Man": "Airbus", "CNum": "1240", "From": "MYNN Lynden Pindling, Nassau, Bahamas", "To": "KJFK John F Kennedy, New York, United States", "Op": "JetBlue Airways", "OpIcao": "JBU", "Sqk": "2575", "Help": false, "Vsi": 0, "VsiT": 0, "Dst": 15.22, "Brng": 37.4, "WTC": 2, "Species": 1, "Engines": "2", "EngType": 3, "EngMount": 0, "Mil": false, "Cou": "United States", "HasPic": false, "Interested": false, "FlightsCount": 0, "Gnd": false, "SpdTyp": 0, "CallSus": false, "Trt": 2, "Year": "2000"}, {"Id": 10651666, "Rcvr": 1, "HasSig": true, "Sig": 164, "Icao": "A28812", "Bad": false, "Reg": "N262SY", "FSeen": "/Date(1544399257419)/", "TSecs": 6372, "CMsgs": 3432, "Alt": -250, "GAlt": 45, "InHg": 30.2151985, "AltT": 0, "TAlt": 2016, "Call": "SKW3790", "Lat": 40.775198, "Long": -73.879124, "PosTime": 1544405557735, "Mlat": false, "Tisb": false, "Spd": 8.5, "Trak": 42.2, "TrkH": false, "Type": "E75L", "Mdl": "Embraer EMB-175 LL", "Man": "Embraer", "CNum": "17000714", "Op": "Delta Connection", "OpIcao": "SKW", "Sqk": "3145", "Help": false, "Vsi": -128, "VsiT": 0, "Dst": 16.91, "Brng": 330.8, "WTC": 2, "Species": 1, "Engines": "2", "EngType": 3, "EngMount": 0, "Mil": false, "Cou": "United States", "HasPic": false, "Interested": false, "FlightsCount": 0, "Gnd": true, "SpdTyp": 0, "CallSus": false, "Trt": 5, "Year": "2018"}, {"Id": 10761484, "Rcvr": 1, "HasSig": true, "Sig": 214, "Icao": "A4350C", "Bad": false, "Reg": "N370NW", "FSeen": "/Date(1544399201479)/", "TSecs": 6428, "CMsgs": 2449, "Alt": 3700, "GAlt": 4019, "InHg": 30.2388229, "AltT": 0, "TAlt": 4000, "Call": "DAL799", "Lat": 40.560173, "Long": -73.450345, "PosTime": 1544405628241, "Mlat": false, "Tisb": false, "Spd": 229.8, "Trak": 49.6, "TrkH": false, "TTrk": 59.765625, "Type": "A320", "Mdl": "1999 AIRBUS INDUSTRIE A320-212", "Man": "Airbus", "CNum": "1037", "From": "KMCO Orlando, United States", "To": "KJFK John F Kennedy, New York, United States", "Op": "Delta Air Lines", "OpIcao": "DAL", "Sqk": "3745", "Help": false, "Vsi": 0, "VsiT": 0, "Dst": 29.4, "Brng": 108.0, "WTC": 2, "Species": 1, "Engines": "2", "EngType": 3, "EngMount": 0, "Mil": false, "Cou": "United States", "HasPic": false, "Interested": false, "FlightsCount": 0, "Gnd": false, "SpdTyp": 0, "CallSus": false, "Trt": 5, "Year": "1999"}, {"Id": 11376657, "Rcvr": 1, "HasSig": false, "Icao": "AD9811", "Bad": false, "Reg": "N975UY", "FSeen": "/Date(1544398803288)/", "TSecs": 6826, "CMsgs": 2819, "Alt": 1425, "GAlt": 1735, "InHg": 30.2303143, "AltT": 0, "TAlt": 7008, "Call": "AAL824", "Lat": 40.853359, "Long": -73.814514, "PosTime": 1544405628239, "Mlat": false, "Tisb": false, "Spd": 125.0, "Trak": 212.3, "TrkH": false, "TTrk": 340.3125, "Type": "A321", "Mdl": "Airbus A321 231", "Man": "Airbus", "CNum": "4935", "From": "KPHL Philadelphia, United States", "To": "TXKF L.F. Wade International, Hamilton, Bermuda", "Op": "American Airlines", "OpIcao": "AAL", "Sqk": "7212", "Help": false, "Vsi": -640, "VsiT": 0, "Dst": 23.61, "Brng": 353.2, "WTC": 2, "Species": 1, "Engines": "2", "EngType": 3, "EngMount": 0, "Mil": false, "Cou": "United States", "HasPic": false, "Interested": false, "FlightsCount": 0, "Gnd": false, "SpdTyp": 0, "CallSus": false, "Trt": 2, "Year": "2011"}, {"Id": 10498932, "Rcvr": 1, "HasSig": false, "Icao": "A03374", "Bad": false, "Reg": "N11181", "FSeen": "/Date(1544398287743)/", "TSecs": 7341, "CMsgs": 3730, "Alt": 175, "GAlt": 465, "InHg": 30.2096462, "AltT": 0, "Call": "UCA4999", "Lat": 40.710351, "Long": -74.157902, "PosTime": 1544405593345, "Mlat": true, "Tisb": false, "Spd": 306.0, "Trak": 214.0, "TrkH": false, "Type": "E45X", "Mdl": "EMB-145XR", "Man": "Embraer", "CNum": "14500904", "Op": "Commutair", "OpIcao": "UCA", "Sqk": "1736", "Help": false, "Vsi": -1002, "VsiT": 0, "Dst": 32.64, "Brng": 283.5, "WTC": 2, "Species": 1, "Engines": "2", "EngType": 3, "EngMount": 1, "Mil": false, "Cou": "United States", "HasPic": false, "Interested": false, "FlightsCount": 0, "Gnd": false, "SpdTyp": 0, "CallSus": true, "Trt": 2, "Year": "2005"}, {"Id": 11399464, "Rcvr": 1, "HasSig": true, "Sig": 81, "Icao": "ADF128", "Bad": false, "Reg": "N998JE", "FSeen": "/Date(1544398159625)/", "TSecs": 7470, "CMsgs": 3859, "Alt": -250, "GAlt": 45, "InHg": 30.2151985, "AltT": 0, "TAlt": 4000, "Call": "JBU1184", "Lat": 40.632981, "Long": -73.777064, "PosTime": 1544405626764, "Mlat": false, "Tisb": false, "Spd": 121.1, "Trak": 210.8, "TrkH": false, "TTrk": 0.0, "Type": "A321", "Mdl": "Airbus A321 231SL", "Man": "Airbus", "CNum": "8525", "From": "KMCO Orlando, United States", "To": "KJFK John F Kennedy, New York, United States", "Op": "JetBlue Airways", "OpIcao": "JBU", "Sqk": "0776", "Help": false, "Vsi": -64, "VsiT": 1, "Dst": 1.12, "Brng": 161.4, "WTC": 2, "Species": 1, "Engines": "2", "EngType": 3, "EngMount": 0, "Mil": false, "Cou": "United States", "HasPic": false, "Interested": false, "FlightsCount": 0, "Gnd": false, "SpdTyp": 0, "CallSus": false, "Trt": 5, "Year": "2018"}, {"Id": 11060119, "Rcvr": 1, "HasSig": false, "Icao": "A8C397", "Bad": false, "Reg": "N664FE", "FSeen": "/Date(1544397944081)/", "TSecs": 7685, "CMsgs": 3701, "Alt": 2025, "GAlt": 2320, "InHg": 30.2151985, "AltT": 0, "TAlt": 7008, "Call": "FDX909", "Lat": 40.796722, "Long": -74.098694, "PosTime": 1544405628237, "Mlat": false, "Tisb": false, "Spd": 174.0, "Trak": 206.1, "TrkH": false, "TTrk": 123.046875, "Type": "A306", "Mdl": "1996 AIRBUS INDUSTRIE A300F4-605R", "Man": "Airbus", "CNum": "768", "Op": "FedEx", "OpIcao": "FDX", "Sqk": "5643", "Help": false, "Vsi": -1024, "VsiT": 1, "Dst": 31.78, "Brng": 302.8, "WTC": 3, "Species": 1, "Engines": "2", "EngType": 3, "EngMount": 0, "Mil": false, "Cou": "United States", "HasPic": false, "Interested": false, "FlightsCount": 0, "Gnd": false, "SpdTyp": 0, "CallSus": false, "Trt": 5, "Year": "1996"}, {"Id": 11121263, "Rcvr": 1, "HasSig": true, "Sig": 91, "Icao": "A9B26F", "Bad": false, "Reg": "N724AG", "FSeen": "/Date(1544397797496)/", "TSecs": 7832, "CMsgs": 3872, "Alt": 3750, "GAlt": 4040, "InHg": 30.2096462, "AltT": 0, "Call": "N724AG", "Lat": 40.752228, "Long": -73.827026, "PosTime": 1544405626786, "Mlat": false, "Tisb": false, "Spd": 244.7, "Trak": 59.6, "TrkH": false, "Type": "GLF6", "Mdl": "2001 GULFSTREAM AEROSPACE G-V", "Man": "Gulfstream Aerospace", "CNum": "656", "Op": "EDAN LIMITED LLC EDAN LIMITED II LLC    - MORRISTOWN, NJ", "Sqk": "1446", "Help": false, "Vsi": 0, "VsiT": 1, "Dst": 12.8, "Brng": 342.5, "WTC": 2, "Species": 1, "Engines": "2", "EngType": 3, "EngMount": 1, "Mil": false, "Cou": "United States", "HasPic": false, "Interested": false, "FlightsCount": 0, "Gnd": false, "SpdTyp": 0, "CallSus": false, "Trt": 4, "Year": "2001"}, {"Id": 11384411, "Rcvr": 1, "HasSig": false, "Icao": "ADB65B", "Bad": false, "Reg": "N983AT", "FSeen": "/Date(1544397498026)/", "TSecs": 8131, "CMsgs": 3066, "Alt": -250, "GAlt": -160, "InHg": 30.0088577, "AltT": 0, "Lat": 40.687913, "Long": -73.722319, "PosTime": 1544405010383, "Mlat": true, "PosStale": true, "Tisb": false, "Spd": 530.2, "Trak": 210.7, "TrkH": false, "Type": "B712", "Mdl": "BOEING 717-200", "Man": "Boeing", "CNum": "55052", "Op": "Delta Air Lines", "OpIcao": "DAL", "Sqk": "3545", "Help": false, "Vsi": 1216, "VsiT": 0, "Dst": 7.09, "Brng": 44.5, "WTC": 2, "Species": 1, "Engines": "2", "EngType": 3, "EngMount": 1, "Mil": false, "Cou": "United States", "HasPic": false, "Interested": false, "FlightsCount": 0, "Gnd": true, "SpdTyp": 0, "CallSus": false, "Trt": 2}, {"Id": 10544977, "Rcvr": 1, "HasSig": true, "Sig": 171, "Icao": "A0E751", "Bad": false, "Reg": "N15751", "FSeen": "/Date(1544397225335)/", "TSecs": 8404, "CMsgs": 4064, "Alt": 575, "GAlt": 865, "InHg": 30.2096462, "AltT": 0, "Lat": 40.746662, "Long": -74.1295, "PosTime": 1544405618064, "Mlat": true, "Tisb": false, "Spd": 385.0, "Trak": 56.1, "TrkH": false, "Type": "B737", "Mdl": "1999 BOEING 737-71Q", "Man": "Boeing", "CNum": "29047", "Op": "United Airlines", "OpIcao": "UAL", "Sqk": "1765", "Help": false, "Vsi": -1536, "VsiT": 0, "Dst": 31.56, "Brng": 291.6, "WTC": 2, "Species": 1, "Engines": "2", "EngType": 3, "EngMount": 0, "Mil": false, "Cou": "United States", "HasPic": false, "Interested": false, "FlightsCount": 0, "Gnd": false, "SpdTyp": 0, "CallSus": false, "Trt": 2, "Year": "1999"}, {"Id": 11259928, "Rcvr": 1, "HasSig": true, "Sig": 147, "Icao": "ABD018", "Bad": false, "Reg": "N860NW", "FSeen": "/Date(1544396768160)/", "TSecs": 8861, "CMsgs": 4578, "Alt": 1750, "GAlt": 2069, "InHg": 30.2388229, "AltT": 0, "TAlt": 2016, "Call": "DAL4", "Lat": 40.806702, "Long": -73.618103, "PosTime": 1544405628239, "Mlat": false, "Tisb": false, "Spd": 166.4, "Trak": 236.0, "TrkH": false, "TTrk": 250.3125, "Type": "A332", "Mdl": "2006 AIRBUS A330-223", "Man": "Airbus", "CNum": "0778", "From": "EGLL London Heathrow, United Kingdom", "To": "KJFK John F Kennedy, New York, United States", "Op": "DELTA AIR LINES INC     - ATLANTA, GA", "OpIcao": "DAL", "Sqk": "2516", "Help": false, "Vsi": -384, "VsiT": 1, "Dst": 22.86, "Brng": 36.9, "WTC": 3, "Species": 1, "Engines": "2", "EngType": 3, "EngMount": 0, "Mil": false, "Cou": "United States", "HasPic": false, "Interested": false, "FlightsCount": 0, "Gnd": false, "SpdTyp": 0, "CallSus": false, "Trt": 5, "Year": "2006"}, {"Id": 4704474, "Rcvr": 1, "HasSig": true, "Sig": 67, "Icao": "47C8DA", "Bad": false, "Reg": "LN-LNN", "FSeen": "/Date(1544396729670)/", "TSecs": 8899, "CMsgs": 4431, "Alt": -250, "GAlt": 45, "InHg": 30.2151985, "AltT": 0, "TAlt": 3008, "Call": "NAX9V", "Lat": 40.62992, "Long": -73.76756, "PosTime": 1544405596999, "Mlat": false, "Tisb": false, "Spd": 20.0, "Trak": 247.5, "TrkH": false, "TTrk": 224.296875, "Type": "B789", "Mdl": "Boeing 787 9", "Man": "Boeing", "CNum": "38891", "Op": "Norwegian", "OpIcao": "NAX", "Sqk": "0736", "Help": false, "Vsi": -448, "VsiT": 1, "Dst": 1.81, "Brng": 140.4, "WTC": 3, "Species": 1, "Engines": "2", "EngType": 3, "EngMount": 0, "Mil": false, "Cou": "Norway", "HasPic": false, "Interested": false, "FlightsCount": 0, "Gnd": true, "SpdTyp": 0, "CallSus": false, "Trt": 5, "Year": "2017"}, {"Id": 10703690, "Rcvr": 1, "HasSig": true, "Sig": 36, "Icao": "A3534A", "Bad": false, "Reg": "N313PQ", "FSeen": "/Date(1544396637623)/", "TSecs": 8992, "CMsgs": 4030, "Alt": 6750, "GAlt": 7040, "InHg": 30.2096462, "AltT": 0, "Call": "00000000", "Lat": 40.578189, "Long": -74.085118, "PosTime": 1544405623571, "Mlat": true, "Tisb": false, "Spd": 333.2, "Trak": 39.0, "TrkH": false, "Type": "CRJ9", "Mdl": "2014 BOMBARDIER INC CL-600-2D24", "Man": "Bombardier", "CNum": "15313", "Op": "DELTA AIR LINES INC     - ATLANTA, GA", "OpIcao": "EDV", "Sqk": "1776", "Help": false, "Vsi": 128, "VsiT": 0, "Dst": 26.63, "Brng": 254.5, "WTC": 2, "Species": 1, "Engines": "2", "EngType": 3, "EngMount": 1, "Mil": false, "Cou": "United States", "HasPic": false, "Interested": false, "FlightsCount": 0, "Gnd": false, "SpdTyp": 0, "CallSus": true, "Trt": 2, "Year": "2014"}, {"Id": 11273198, "Rcvr": 1, "HasSig": true, "Sig": 122, "Icao": "AC03EE", "Bad": false, "Reg": "N87302", "FSeen": "/Date(1544396325787)/", "TSecs": 9303, "CMsgs": 4713, "Alt": 21350, "GAlt": 21660, "InHg": 30.2303143, "AltT": 0, "TAlt": 19008, "Call": "ASH6137", "Lat": 40.706115, "Long": -73.472255, "PosTime": 1544405626773, "Mlat": false, "Tisb": false, "Spd": 437.1, "Trak": 56.4, "TrkH": false, "Type": "E75L", "Mdl": "2014 EMBRAER S A ERJ170-200LR", "Man": "Embraer", "CNum": "17000394", "Op": "Mesa Airlines", "OpIcao": "ASH", "Sqk": "7444", "Help": false, "Vsi": -1856, "VsiT": 0, "Dst": 27.0, "Brng": 74.7, "WTC": 2, "Species": 1, "Engines": "2", "EngType": 3, "EngMount": 0, "Mil": false, "Cou": "United States", "HasPic": false, "Interested": false, "FlightsCount": 0, "Gnd": false, "SpdTyp": 0, "CallSus": false, "Trt": 5, "Year": "2014"}, {"Id": 10554300, "Rcvr": 1, "HasSig": true, "Sig": 190, "Icao": "A10BBC", "Bad": false, "Reg": "N167AN", "FSeen": "/Date(1544396025374)/", "TSecs": 9604, "CMsgs": 4971, "Alt": 3150, "GAlt": 3440, "InHg": 30.2096462, "AltT": 0, "Call": "AAL1011", "Lat": 40.839935, "Long": -73.740967, "PosTime": 1544405628234, "Mlat": false, "Tisb": false, "Spd": 189.0, "Trak": 31.6, "TrkH": false, "Type": "A321", "Mdl": "Airbus A321 231SL", "Man": "Airbus", "CNum": "7013", "From": "KMIA Miami, United States", "To": "KLGA La Guardia, New York, United States", "Op": "American Airlines", "OpIcao": "AAL", "Sqk": "0532", "Help": false, "Vsi": -1280, "VsiT": 0, "Dst": 22.22, "Brng": 8.8, "WTC": 2, "Species": 1, "Engines": "2", "EngType": 3, "EngMount": 0, "Mil": false, "Cou": "United States", "HasPic": false, "Interested": false, "FlightsCount": 0, "Gnd": false, "SpdTyp": 0, "CallSus": false, "Trt": 2, "Year": "2016"}, {"Id": 10811218, "Rcvr": 1, "HasSig": false, "Icao": "A4F752", "Bad": false, "Reg": "N419UA", "FSeen": "/Date(1544395684018)/", "TSecs": 9945, "CMsgs": 4994, "Alt": -250, "GAlt": 40, "InHg": 30.2096462, "AltT": 0, "TAlt": 10016, "Call": "UAL2094", "Lat": 40.777897, "Long": -73.873978, "PosTime": 1544405607010, "Mlat": false, "Tisb": false, "Spd": 4.0, "Trak": 165.9, "TrkH": false, "TTrk": 70.3125, "Type": "A320", "Mdl": "1994 AIRBUS INDUSTRIE A320-232", "Man": "Airbus", "CNum": "487", "Op": "US BANK NA TRUSTEE     - BOSTON, MA", "OpIcao": "UAL", "Sqk": "2437", "Help": false, "Vsi": -64, "VsiT": 0, "Dst": 16.96, "Brng": 332.6, "WTC": 2, "Species": 1, "Engines": "2", "EngType": 3, "EngMount": 0, "Mil": false, "Cou": "United States", "HasPic": false, "Interested": false, "FlightsCount": 0, "Gnd": true, "SpdTyp": 0, "CallSus": false, "Trt": 5, "Year": "1994"}, {"Id": 10673790, "Rcvr": 1, "HasSig": false, "Icao": "A2DE7E", "Bad": false, "Reg": "N284SY", "FSeen": "/Date(1544395205930)/", "TSecs": 10423, "CMsgs": 5355, "Alt": 175, "GAlt": 465, "InHg": 30.2096462, "AltT": 0, "TAlt": 10016, "Call": "SKW3815", "Lat": 40.801346, "Long": -73.857483, "PosTime": 1544405628234, "Mlat": false, "Tisb": false, "Spd": 127.0, "Trak": 211.8, "TrkH": false, "Type": "E75L", "Mdl": "Embraer EMB-175 LR", "Man": "Embraer", "CNum": "17000750", "Op": "Delta Connection", "OpIcao": "SKW", "Sqk": "2241", "Help": false, "Vsi": -640, "VsiT": 0, "Dst": 18.8, "Brng": 340.0, "WTC": 2, "Species": 1, "Engines": "2", "EngType": 3, "EngMount": 0, "Mil": false, "Cou": "United States", "HasPic": false, "Interested": false, "FlightsCount": 0, "Gnd": false, "SpdTyp": 0, "CallSus": false, "Trt": 5, "Year": "2018"}, {"Id": 11373549, "Rcvr": 1, "HasSig": true, "Sig": 127, "Icao": "AD8BED", "Bad": false, "Reg": "N972JT", "FSeen": "/Date(1544394186034)/", "TSecs": 11443, "CMsgs": 3478, "Alt": -250, "GAlt": 92, "InHg": 30.26245, "AltT": 0, "TAlt": 4000, "Call": "JBU2809", "Lat": 40.658432, "Long": -73.791809, "PosTime": 1544396608291, "Mlat": false, "PosStale": true, "Tisb": false, "Spd": 0.0, "Trak": 191.3, "TrkH": false, "TTrk": 0.0, "Type": "A321", "Mdl": "Airbus A321 231SL", "Man": "Airbus", "CNum": "7455", "Op": "JetBlue Airways", "OpIcao": "JBU", "Sqk": "3022", "Help": false, "Vsi": -576, "VsiT": 0, "Dst": 1.98, "Brng": 333.4, "WTC": 2, "Species": 1, "Engines": "2", "EngType": 3, "EngMount": 0, "Mil": false, "Cou": "United States", "HasPic": false, "Interested": false, "FlightsCount": 0, "Gnd": true, "SpdTyp": 0, "CallSus": false, "Trt": 5, "Year": "2016"}, {"Id": 11358066, "Rcvr": 1, "HasSig": false, "Icao": "AD4F72", "Bad": false, "Reg": "N957JB", "FSeen": "/Date(1544393963924)/", "TSecs": 11665, "CMsgs": 4364, "Alt": -250, "GAlt": 69, "InHg": 30.2388229, "AltT": 0, "TAlt": 3008, "Call": "JBU1452", "Lat": 40.630293, "Long": -73.770197, "PosTime": 1544404270225, "Mlat": false, "PosStale": true, "Tisb": false, "Spd": 0.0, "Trak": 210.9, "TrkH": false, "TTrk": 260.15625, "Type": "A321", "Mdl": "Airbus A321 231SL", "Man": "Airbus", "CNum": "6809", "From": "KMCO Orlando, United States", "To": "KBOS General Edward Lawrence Logan, Boston, United States", "Op": "JetBlue Airways", "OpIcao": "JBU", "Sqk": "2000", "Help": false, "Vsi": -64, "VsiT": 0, "Dst": 1.65, "Brng": 145.4, "WTC": 2, "Species": 1, "Engines": "2", "EngType": 3, "EngMount": 0, "Mil": false, "Cou": "United States", "HasPic": false, "Interested": false, "FlightsCount": 0, "Gnd": true, "SpdTyp": 0, "CallSus": false, "Trt": 5, "Year": "2015"}, {"Id": 10918036, "Rcvr": 1, "HasSig": true, "Sig": 176, "Icao": "A69894", "Bad": false, "Reg": "N524JB", "FSeen": "/Date(1544393565350)/", "TSecs": 12064, "CMsgs": 5250, "Alt": -250, "GAlt": -237, "InHg": 29.93171, "AltT": 0, "TAlt": 35008, "Call": "JBU1677", "Lat": 40.63262, "Long": -73.767653, "PosTime": 1544402499326, "Mlat": false, "PosStale": true, "Tisb": false, "Spd": 0.0, "Trak": 199.7, "TrkH": false, "TTrk": 0.0, "Type": "A320", "Mdl": "2001 AIRBUS INDUSTRIE A320-232", "Man": "Airbus", "CNum": "1528", "From": "KJFK John F Kennedy, New York, United States", "To": "KJAX Jacksonville, United States", "Op": "JetBlue Airways", "OpIcao": "JBU", "Sqk": "2000", "Help": false, "Vsi": -704, "VsiT": 0, "Dst": 1.59, "Brng": 133.6, "WTC": 2, "Species": 1, "Engines": "2", "EngType": 3, "EngMount": 0, "Mil": false, "Cou": "United States", "HasPic": false, "Interested": false, "FlightsCount": 0, "Gnd": true, "SpdTyp": 0, "CallSus": false, "Trt": 5, "Year": "2001"}, {"Id": 11103138, "Rcvr": 1, "HasSig": true, "Sig": 121, "Icao": "A96BA2", "Bad": false, "Reg": "N706JB", "FSeen": "/Date(1544393442870)/", "TSecs": 12186, "CMsgs": 3649, "Alt": 100400, "GAlt": 100742, "InHg": 30.26245, "AltT": 0, "TAlt": 4000, "Call": "JBU950", "Lat": 40.651291, "Long": -73.775894, "PosTime": 1544395940330, "Mlat": false, "PosStale": true, "Tisb": false, "Spd": 0.0, "Trak": 202.5, "TrkH": false, "TTrk": 0.0, "Type": "A320", "Mdl": "2008 AIRBUS A320-232", "Man": "Airbus", "CNum": "3451", "From": "KMCO Orlando, United States", "To": "KBOS General Edward Lawrence Logan, Boston, United States", "Op": "JetBlue Airways", "OpIcao": "JBU", "Sqk": "2000", "Help": false, "Vsi": -960, "VsiT": 0, "Dst": 1.08, "Brng": 24.9, "WTC": 2, "Species": 1, "Engines": "2", "EngType": 3, "EngMount": 0, "Mil": false, "Cou": "United States", "HasPic": false, "Interested": false, "FlightsCount": 0, "Gnd": true, "SpdTyp": 0, "CallSus": false, "Trt": 5, "Year": "2008"}, {"Id": 11205603, "Rcvr": 1, "HasSig": true, "Sig": 40, "Icao": "AAFBE3", "Bad": false, "Reg": "N807AE", "FSeen": "/Date(1544391268720)/", "TSecs": 14360, "CMsgs": 5483, "Alt": 1725, "GAlt": 2044, "InHg": 30.239172, "AltT": 0, "Call": "ENY3688", "Lat": 40.8887, "Long": -73.7673, "PosTime": 1544405625194, "Mlat": true, "Tisb": false, "Spd": 361.0, "Trak": 246.4, "TrkH": false, "Type": "E135", "Mdl": "2001 EMBRAER EMB-135KL", "Man": "Embraer", "CNum": "145506", "From": "KLGA La Guardia, New York, United States", "To": "KCMH Port Columbus, United States", "Op": "AMERICAN AIRLINES INC     - FORT WORTH, TX", "OpIcao": "ENY", "Sqk": "6735", "Help": false, "Vsi": -472, "VsiT": 0, "Dst": 27.4, "Brng": 2.5, "WTC": 2, "Species": 1, "Engines": "2", "EngType": 3, "EngMount": 1, "Mil": false, "Cou": "United States", "HasPic": false, "Interested": false, "FlightsCount": 0, "Gnd": false, "SpdTyp": 0, "CallSus": true, "Trt": 2, "Year": "2001"}, {"Id": 3754477, "Rcvr": 1, "HasSig": true, "Sig": 204, "Icao": "3949ED", "Bad": false, "Reg": "F-GSPN", "FSeen": "/Date(1544388961267)/", "TSecs": 16668, "CMsgs": 4642, "Alt": 200, "GAlt": 510, "InHg": 30.2303143, "AltT": 0, "Call": "AFR008", "Lat": 40.664886, "Long": -73.73938, "PosTime": 1544405625193, "Mlat": false, "Tisb": false, "Spd": 128.8, "Trak": 211.3, "TrkH": false, "Type": "B772", "Mdl": "Boeing 777 228ER", "Man": "Boeing", "CNum": "29011", "From": "LFPG Charles de Gaulle, Paris, France", "To": "KJFK John F Kennedy, New York, United States", "Op": "Air France", "OpIcao": "AFR", "Sqk": "2576", "Help": false, "Vsi": -640, "VsiT": 0, "Dst": 4.32, "Brng": 54.8, "WTC": 3, "Species": 1, "Engines": "2", "EngType": 3, "EngMount": 0, "Mil": false, "Cou": "France", "HasPic": false, "Interested": false, "FlightsCount": 0, "Gnd": false, "SpdTyp": 0, "CallSus": false, "Trt": 2, "Year": "2000", "Sat": true}, {"Id": 10763141, "Rcvr": 1, "HasSig": false, "Icao": "A43B85", "Bad": false, "Reg": "N372DA", "FSeen": "/Date(1544387838604)/", "TSecs": 17791, "CMsgs": 8207, "Alt": 14650, "GAlt": 14940, "InHg": 30.2096462, "AltT": 0, "TAlt": 16000, "Call": "DAL1455", "Lat": 40.648392, "Long": -74.026131, "PosTime": 1544405628233, "Mlat": false, "Tisb": false, "Spd": 318.0, "Trak": 164.5, "TrkH": false, "TTrk": 180.0, "Type": "B738", "Mdl": "BOEING 737-832", "Man": "Boeing", "CNum": "29620", "From": "KATL Hartsfield Jackson Atlanta, United States", "To": "KLAX Los Angeles, United States", "Op": "Delta Air Lines", "OpIcao": "DAL", "Sqk": "3725", "Help": false, "Vsi": -1984, "VsiT": 0, "Dst": 20.67, "Brng": 271.9, "WTC": 2, "Species": 1, "Engines": "2", "EngType": 3, "EngMount": 0, "Mil": false, "Cou": "United States", "HasPic": false, "Interested": false, "FlightsCount": 0, "Gnd": false, "SpdTyp": 0, "CallSus": false, "Trt": 5, "Year": "1998"}, {"Id": 11329635, "Rcvr": 1, "HasSig": true, "Sig": 152, "Icao": "ACE063", "Bad": false, "Reg": "N929JB", "FSeen": "/Date(1544387829229)/", "TSecs": 17800, "CMsgs": 8588, "Alt": -225, "GAlt": 94, "InHg": 30.2388229, "AltT": 0, "TAlt": 4000, "Call": "JBU424", "Lat": 40.631927, "Long": -73.780167, "PosTime": 1544405578514, "Mlat": false, "Tisb": false, "Spd": 13.5, "Trak": 2.8, "TrkH": false, "TTrk": 19.6875, "Type": "A321", "Mdl": "2014 AIRBUS INDUSTRIE A321-231", "Man": "Airbus", "CNum": "6031", "From": "KLAX Los Angeles, United States", "To": "KJFK John F Kennedy, New York, United States", "Op": "JetBlue Airways", "OpIcao": "JBU", "Sqk": "3066", "Help": false, "Vsi": -64, "VsiT": 1, "Dst": 1.18, "Brng": 175.4, "WTC": 2, "Species": 1, "Engines": "2", "EngType": 3, "EngMount": 0, "Mil": false, "Cou": "United States", "HasPic": false, "Interested": false, "FlightsCount": 0, "Gnd": true, "SpdTyp": 0, "CallSus": false, "Trt": 5, "Year": "2014"}, {"Id": 11335942, "Rcvr": 1, "HasSig": true, "Sig": 174, "Icao": "ACF906", "Bad": false, "Reg": "N935JB", "FSeen": "/Date(1544387826909)/", "TSecs": 17802, "CMsgs": 8295, "Alt": 3700, "GAlt": 4010, "InHg": 30.2303143, "AltT": 0, "TAlt": 12000, "Call": "JBU748", "Lat": 40.458755, "Long": -73.538208, "PosTime": 1544405626759, "Mlat": false, "Tisb": false, "Spd": 222.5, "Trak": 29.3, "TrkH": false, "TTrk": 40.0, "Type": "A321", "Mdl": "2014 AIRBUS INDUSTRIE A321-231", "Man": "Airbus", "CNum": "6185", "From": "KLAS McCarran, Las Vegas, United States", "To": "KJFK John F Kennedy, New York, United States", "Op": "JetBlue Airways", "OpIcao": "JBU", "Sqk": "7362", "Help": false, "Vsi": 0, "VsiT": 0, "Dst": 28.97, "Brng": 134.8, "WTC": 2, "Species": 1, "Engines": "2", "EngType": 3, "EngMount": 0, "Mil": false, "Cou": "United States", "HasPic": false, "Interested": false, "FlightsCount": 0, "Gnd": false, "SpdTyp": 0, "CallSus": false, "Trt": 4, "Year": "2014"}], "totalAc": 5491, "lastDv": "636799846263004496", "shtTrlSec": 65, "stm": 1544405629579}