{"src": 1, "feeds": [{"id": 1, "name": "From Cons", "polarPlot": false}], "srcFeed": 1, "showSil": true, "showFlg": true, "showPic": true, "flgH": 20, "flgW": 85, "acList": [{"Id": 5276239, "Rcvr": 1, "HasSig": true, "Sig": 115, "Icao": "50824F", "Bad": false, "Reg": "UR-GEB", "FSeen": "/Date(1544421000969)/", "TSecs": 163, "CMsgs": 112, "Alt": 7175, "GAlt": 7385, "InHg": 30.129921, "AltT": 0, "Call": "AUI232", "Lat": 40.590619, "Long": -73.765078, "PosTime": 1544421162819, "Mlat": true, "Tisb": false, "Trak": 90.0, "TrkH": false, "Type": "B763", "Mdl": "Boeing 767 33AER/W", "Man": "Boeing", "CNum": "25530", "From": "KJFK John F Kennedy, New York, United States", "To": "UKBB Boryspil, Kiev, Ukraine", "Op": "Ukraine International Airlines", "OpIcao": "AUI", "Sqk": "3316", "Help": false, "VsiT": 0, "Dst": 5.93, "Brng": 166.7, "WTC": 3, "Species": 1, "Engines": "2", "EngType": 3, "EngMount": 0, "Mil": false, "Cou": "Ukraine", "HasPic": false, "Interested": false, "FlightsCount": 0, "Gnd": false, "SpdTyp": 0, "CallSus": true, "Trt": 2, "Year": "1992"}, {"Id": 9015329, "Rcvr": 1, "HasSig": false, "Icao": "899021", "Bad": false, "Reg": "B-18051", "FSeen": "/Date(1544420759521)/", "TSecs": 405, "CMsgs": 276, "Alt": 12900, "GAlt": 13110, "InHg": 30.129921, "AltT": 0, "Call": "CAL011", "Lat": 40.880081, "Long": -73.603821, "PosTime": 1544421164092, "Mlat": false, "Tisb": false, "Spd": 367.0, "Trak": 19.9, "TrkH": false, "Type": "B773", "Mdl": "Boeing 777 36NER", "Man": "Boeing", "CNum": "41821", "From": "KJFK John F Kennedy, New York, United States", "To": "RCTP Taiwan Taoyuan, Taipei, Taiwan", "Op": "China Airlines", "OpIcao": "CAL", "Sqk": "3050", "Help": false, "Vsi": 1856, "VsiT": 0, "Dst": 30.35, "Brng": 29.4, "WTC": 3, "Species": 1, "Engines": "2", "EngType": 3, "EngMount": 0, "Mil": false, "Cou": "Taiwan", "HasPic": false, "Interested": false, "FlightsCount": 0, "Gnd": false, "SpdTyp": 0, "CallSus": false, "Trt": 2, "Year": "2014"}, {"Id": 9015523, "Rcvr": 1, "HasSig": true, "Sig": 200, "Icao": "8990E3", "Bad": false, "Reg": "B-16721", "FSeen": "/Date(1544420186639)/", "TSecs": 977, "CMsgs": 113, "Alt": 1875, "GAlt": 2099, "InHg": 30.1443272, "AltT": 0, "TAlt": 11008, "Call": "EVA031", "Lat": 40.632422, "Long": -73.869261, "PosTime": 1544421164095, "Mlat": false, "Tisb": false, "Spd": 241.1, "Trak": 225.8, "TrkH": false, "TTrk": 241.875, "Type": "B773", "Mdl": "Boeing 777 35EER", "Man": "Boeing", "CNum": "43290", "From": "KJFK John F Kennedy, New York, United States", "To": "RCTP Taiwan Taoyuan, Taipei, Taiwan", "Op": "EVA Air", "OpIcao": "EVA", "Sqk": "7126", "Help": false, "Vsi": 1600, "VsiT": 1, "Dst": 7.51, "Brng": 261.5, "WTC": 3, "Species": 1, "Engines": "2", "EngType": 3, "EngMount": 0, "Mil": false, "Cou": "Taiwan", "HasPic": false, "Interested": false, "FlightsCount": 0, "Gnd": false, "SpdTyp": 0, "CallSus": false, "Trt": 5, "Year": "2015"}, {"Id": 10803672, "Rcvr": 1, "HasSig": true, "Sig": 136, "Icao": "A4D9D8", "Bad": false, "Reg": "N411WN", "FSeen": "/Date(1544415234926)/", "TSecs": 5929, "CMsgs": 3333, "Alt": 25000, "GAlt": 25080, "InHg": 30.0, "AltT": 0, "Lat": 40.359673, "Long": -73.840547, "PosTime": 1544421162794, "Mlat": true, "Tisb": false, "Spd": 515.0, "Trak": 46.4, "TrkH": false, "Type": "B737", "Mdl": "2001 BOEING 737-7H4", "Man": "Boeing", "CNum": "29821", "Op": "Southwest Airlines", "OpIcao": "SWA", "Sqk": "0722", "Help": false, "Vsi": 64, "VsiT": 0, "Dst": 31.84, "Brng": 189.1, "WTC": 2, "Species": 1, "Engines": "2", "EngType": 3, "EngMount": 0, "Mil": false, "Cou": "United States", "HasPic": false, "Interested": false, "FlightsCount": 0, "Gnd": false, "SpdTyp": 0, "CallSus": false, "Trt": 2, "Year": "2001"}, {"Id": 11334991, "Rcvr": 1, "HasSig": false, "Icao": "ACF54F", "Bad": false, "Reg": "N934JB", "FSeen": "/Date(1544403282153)/", "TSecs": 17882, "CMsgs": 11229, "Alt": 1825, "GAlt": 2044, "InHg": 30.1387787, "AltT": 0, "TAlt": 3000, "Call": "JBU1224", "Lat": 40.584778, "Long": -73.63147, "PosTime": 1544421164076, "Mlat": false, "Tisb": false, "Spd": 173.0, "Trak": 304.9, "TrkH": false, "TTrk": 130.0, "Type": "A321", "Mdl": "2014 AIRBUS INDUSTRIE A321-231", "Man": "Airbus", "CNum": "6130", "From": "KLAX Los Angeles, United States", "To": "KJFK John F Kennedy, New York, United States", "Op": "JetBlue Airways", "OpIcao": "JBU", "Sqk": "7370", "Help": false, "Vsi": 0, "VsiT": 0, "Dst": 14.18, "Brng": 116.9, "WTC": 2, "Species": 1, "Engines": "2", "EngType": 3, "EngMount": 0, "Mil": false, "Cou": "United States", "HasPic": false, "Interested": false, "FlightsCount": 0, "Gnd": false, "SpdTyp": 0, "CallSus": false, "Trt": 4, "Year": "2014"}, {"Id": 11309223, "Rcvr": 1, "HasSig": false, "Icao": "AC90A7", "Bad": false, "Reg": "N909AM", "FSeen": "/Date(1544402272219)/", "TSecs": 18892, "CMsgs": 6585, "Alt": -225, "GAlt": 56, "InHg": 30.129921, "AltT": 0, "TAlt": 3008, "Call": "AAL1207", "Lat": 40.776745, "Long": -73.874802, "PosTime": 1544421068597, "Mlat": false, "Tisb": false, "Spd": 0.0, "Trak": 141.4, "TrkH": false, "TTrk": 70.3125, "Type": "A321", "Mdl": "Airbus A321 231SL", "Man": "Airbus", "CNum": "7756", "From": "KDFW Dallas Fort Worth, Dallas-Fort Worth, United States", "To": "KSAN San Diego, United States", "Op": "American Airlines", "OpIcao": "AAL", "Sqk": "6211", "Help": false, "Vsi": -896, "VsiT": 0, "Dst": 16.88, "Brng": 332.2, "WTC": 2, "Species": 1, "Engines": "2", "EngType": 3, "EngMount": 0, "Mil": false, "Cou": "United States", "HasPic": false, "Interested": false, "FlightsCount": 0, "Gnd": true, "SpdTyp": 0, "CallSus": false, "Trt": 5, "Year": "2017"}], "totalAc": 4213, "lastDv": "636796354156985151", "shtTrlSec": 65, "stm": 1544421164538}