{"src": 1, "feeds": [{"id": 1, "name": "From Cons", "polarPlot": false}], "srcFeed": 1, "showSil": true, "showFlg": true, "showPic": true, "flgH": 20, "flgW": 85, "acList": [{"Id": 11073955, "Rcvr": 1, "HasSig": true, "Sig": 11, "Icao": "A8F9A3", "Bad": false, "Reg": "N678CA", "FSeen": "/Date(1544411941608)/", "TSecs": 123, "CMsgs": 72, "Alt": 4600, "GAlt": 4881, "InHg": 30.2007866, "AltT": 0, "Lat": 40.871282, "Long": -73.91483, "PosTime": 1544412063498, "Mlat": true, "Tisb": false, "Trak": 343.6, "TrkH": false, "Type": "CRJ9", "Mdl": "2007 BOMBARDIER INC CL-600-2D24", "Man": "Bombardier", "CNum": "15125", "Op": "DELTA AIR LINES INC     - ATLANTA, GA", "OpIcao": "EDV", "Sqk": "2634", "Help": false, "VsiT": 0, "Dst": 27.82, "Brng": 336.2, "WTC": 2, "Species": 1, "Engines": "2", "EngType": 3, "EngMount": 1, "Mil": false, "Cou": "United States", "HasPic": false, "Interested": false, "FlightsCount": 0, "Gnd": false, "SpdTyp": 0, "CallSus": false, "Trt": 2, "Year": "2007"}, {"Id": 11164562, "Rcvr": 1, "HasSig": false, "Icao": "AA5B92", "Bad": false, "Reg": "N767AJ", "FSeen": "/Date(1544411926475)/", "TSecs": 138, "CMsgs": 40, "Alt": -225, "GAlt": 65, "InHg": 30.2096462, "AltT": 0, "Call": "AAL104", "Lat": 40.648392, "Long": -73.791824, "PosTime": 1544412034989, "Mlat": false, "Tisb": false, "Spd": 0.0, "Trak": 194.5, "TrkH": false, "Type": "B772", "Mdl": "2006 BOEING 777-223", "Man": "Boeing", "CNum": "33539", "From": "KJFK John F Kennedy, New York, United States", "To": "EGLL London Heathrow, United Kingdom", "Op": "AMERICAN AIRLINES INC     - FORT WORTH, TX", "OpIcao": "AAL", "Sqk": "1630", "Help": false, "VsiT": 0, "Dst": 1.11, "Brng": 306.4, "WTC": 3, "Species": 1, "Engines": "2", "EngType": 3, "EngMount": 0, "Mil": false, "Cou": "United States", "HasPic": false, "Interested": false, "FlightsCount": 0, "Gnd": true, "SpdTyp": 0, "CallSus": false, "Trt": 2, "Year": "2006"}, {"Id": 4703690, "Rcvr": 1, "HasSig": true, "Sig": 52, "Icao": "47C5CA", "Bad": false, "Reg": "LN-LNG", "FSeen": "/Date(1544411508758)/", "TSecs": 555, "CMsgs": 125, "Alt": -225, "GAlt": 209, "InHg": 30.2096462, "AltT": 0, "Call": "NAX2J", "Lat": 40.637936, "Long": -73.790863, "PosTime": 1544412013993, "Mlat": false, "Tisb": false, "Spd": 18.0, "Trak": 135.0, "TrkH": false, "Type": "B788", "Mdl": "Boeing 787 8", "Man": "Boeing", "CNum": "35314", "Op": "Norwegian", "OpIcao": "NAX", "Sqk": "2603", "Help": false, "VsiT": 0, "Dst": 0.95, "Brng": 238.0, "WTC": 3, "Species": 1, "Engines": "2", "EngType": 3, "EngMount": 0, "Mil": false, "Cou": "Norway", "HasPic": false, "Interested": false, "FlightsCount": 0, "Gnd": true, "SpdTyp": 0, "CallSus": false, "Trt": 5, "Year": "2014"}, {"Id": 11370095, "Rcvr": 1, "HasSig": true, "Sig": 190, "Icao": "AD7E6F", "Bad": false, "Reg": "N969JT", "FSeen": "/Date(1544410877142)/", "TSecs": 1187, "CMsgs": 506, "Alt": 35300, "GAlt": 35595, "InHg": 30.2151985, "AltT": 0, "TAlt": 4000, "Call": "JBU516", "Lat": 40.649002, "Long": -73.770874, "PosTime": 1544411327019, "Mlat": false, "PosStale": true, "Tisb": false, "Spd": 0.0, "Trak": 188.4, "TrkH": false, "TTrk": 0.0, "Type": "A321", "Mdl": "Airbus A321 231SL", "Man": "Airbus", "CNum": "7353", "From": "KSFO San Francisco, United States", "To": "KJFK John F Kennedy, New York, United States", "Op": "JetBlue Airways", "OpIcao": "JBU", "Sqk": "1200", "Help": false, "Vsi": -64, "VsiT": 0, "Dst": 1.14, "Brng": 50.5, "WTC": 2, "Species": 1, "Engines": "2", "EngType": 3, "EngMount": 0, "Mil": false, "Cou": "United States", "HasPic": false, "Interested": false, "FlightsCount": 0, "Gnd": true, "SpdTyp": 0, "CallSus": false, "Trt": 5, "Year": "2016"}, {"Id": 11382611, "Rcvr": 1, "HasSig": true, "Sig": 201, "Icao": "ADAF53", "Bad": false, "Reg": "N981EV", "FSeen": "/Date(1544410874415)/", "TSecs": 1190, "CMsgs": 552, "Alt": 8775, "GAlt": 9065, "InHg": 30.2096462, "AltT": 0, "Lat": 40.643738, "Long": -73.855713, "PosTime": 1544411927823, "Mlat": false, "PosStale": true, "Tisb": false, "Spd": 223.2, "Trak": 217.5, "TrkH": false, "Type": "CRJ2", "Mdl": "2003 BOMBARDIER INC CL-600-2B19", "Man": "Bombardier", "CNum": "7768", "Op": "US BANK NA TRUSTEE     - WILMINGTON, DE", "OpIcao": "EDV", "Sqk": "1134", "Help": false, "Vsi": 704, "VsiT": 1, "Dst": 6.28, "Brng": 271.3, "WTC": 2, "Species": 1, "Engines": "2", "EngType": 3, "EngMount": 1, "Mil": false, "Cou": "United States", "HasPic": false, "Interested": false, "FlightsCount": 0, "Gnd": false, "SpdTyp": 0, "CallSus": false, "Trt": 2, "Year": "2003"}, {"Id": 11400425, "Rcvr": 1, "HasSig": true, "Sig": 109, "Icao": "ADF4E9", "Bad": false, "Reg": "N999JQ", "FSeen": "/Date(1544410874341)/", "TSecs": 1190, "CMsgs": 223, "Alt": -225, "GAlt": 65, "InHg": 30.2096462, "AltT": 0, "Call": "JBU1804", "Lat": 40.646819, "Long": -73.772819, "PosTime": 1544410957154, "Mlat": false, "PosStale": true, "Tisb": false, "Spd": 0.0, "Trak": 177.2, "TrkH": false, "Type": "A321", "Mdl": "Airbus A321 231SL", "Man": "Airbus", "CNum": "8538", "Op": "JetBlue Airways", "OpIcao": "JBU", "Sqk": "1422", "Help": false, "VsiT": 0, "Dst": 0.86, "Brng": 56.0, "WTC": 2, "Species": 1, "Engines": "2", "EngType": 3, "EngMount": 0, "Mil": false, "Cou": "United States", "HasPic": false, "Interested": false, "FlightsCount": 0, "Gnd": true, "SpdTyp": 0, "CallSus": false, "Trt": 5}, {"Id": 10766833, "Rcvr": 1, "HasSig": false, "Icao": "A449F1", "Bad": false, "Reg": "N3759", "FSeen": "/Date(1544410872879)/", "TSecs": 1191, "CMsgs": 715, "Alt": 350, "GAlt": 631, "InHg": 30.2007866, "AltT": 0, "Lat": 40.807983, "Long": -73.852173, "PosTime": 1544412063465, "Mlat": false, "Tisb": false, "Spd": 139.0, "Trak": 211.5, "TrkH": false, "Type": "B738", "Mdl": "2001 BOEING 737-832", "Man": "Boeing", "CNum": "30815", "Op": "Delta Air Lines", "OpIcao": "DAL", "Sqk": "", "Vsi": -768, "VsiT": 0, "Dst": 19.35, "Brng": 342.0, "WTC": 2, "Species": 1, "Engines": "2", "EngType": 3, "EngMount": 0, "Mil": false, "Cou": "United States", "HasPic": false, "Interested": false, "FlightsCount": 0, "SpdTyp": 0, "CallSus": false, "Trt": 2, "Year": "2001"}, {"Id": 11400476, "Rcvr": 1, "HasSig": false, "Icao": "ADF51C", "Bad": false, "Reg": "N999LR", "FSeen": "/Date(1544410871153)/", "TSecs": 1193, "CMsgs": 702, "Alt": -225, "GAlt": 44, "InHg": 30.1889763, "AltT": 0, "Lat": 40.840931, "Long": -74.060196, "PosTime": 1544412049867, "Mlat": false, "Tisb": false, "Spd": 17.0, "Trak": 182.8, "TrkH": false, "Type": "GLF5", "Mdl": "2014 GULFSTREAM AEROSPACE GV-SP (G550)", "Man": "Gulfstream Aerospace", "CNum": "5481", "Op": "BEAUTY CENTRAL LLC     - STAMFORD, CT", "Sqk": "", "Vsi": -64, "VsiT": 0, "Dst": 32.23, "Brng": 313.3, "WTC": 2, "Species": 1, "Engines": "2", "EngType": 3, "EngMount": 1, "Mil": false, "Cou": "United States", "HasPic": false, "Interested": false, "FlightsCount": 0, "Gnd": true, "SpdTyp": 0, "CallSus": false, "Trt": 2, "Year": "2014"}, {"Id": 811032, "Rcvr": 1, "HasSig": true, "Sig": 71, "Icao": "0C6018", "Bad": false, "Reg": "9Y-ANU", "FSeen": "/Date(1544410870926)/", "TSecs": 1193, "CMsgs": 722, "Alt": -225, "GAlt": 65, "InHg": 30.2096462, "AltT": 0, "Lat": 40.6083, "Long": -73.6816, "PosTime": 1544411917781, "Mlat": true, "PosStale": true, "Tisb": false, "Trak": 292.4, "TrkH": false, "Type": "B738", "Mdl": "Boeing 737NG 8Q8/W", "Man": "Boeing", "CNum": "28235", "Op": "Caribbean Airlines", "OpIcao": "BWA", "Sqk": "1017", "Help": false, "VsiT": 0, "Dst": 9.23, "Brng": 114.3, "WTC": 2, "Species": 1, "Engines": "2", "EngType": 3, "EngMount": 0, "Mil": false, "Cou": "Trinidad and Tobago", "HasPic": false, "Interested": false, "FlightsCount": 0, "Gnd": true, "SpdTyp": 0, "CallSus": false, "Trt": 2, "Year": "2000"}, {"Id": 11077243, "Rcvr": 1, "HasSig": false, "Icao": "A9067B", "Bad": false, "Reg": "N68061", "FSeen": "/Date(1544410870897)/", "TSecs": 1193, "CMsgs": 723, "Alt": 775, "GAlt": 1026, "InHg": 30.1712589, "AltT": 0, "Lat": 40.739445, "Long": -74.134865, "PosTime": 1544412063474, "Mlat": false, "Tisb": false, "Spd": 158.0, "Trak": 205.8, "TrkH": false, "Type": "B764", "Mdl": "2002 BOEING 767-424ER", "Man": "Boeing", "CNum": "29456", "Op": "United Airlines", "OpIcao": "UAL", "Sqk": "6072", "Help": false, "Vsi": -960, "VsiT": 0, "Dst": 31.7, "Brng": 290.0, "WTC": 3, "Species": 1, "Engines": "2", "EngType": 3, "EngMount": 0, "Mil": false, "Cou": "United States", "HasPic": false, "Interested": false, "FlightsCount": 0, "SpdTyp": 0, "CallSus": false, "Trt": 2, "Year": "2002"}, {"Id": 11353311, "Rcvr": 1, "HasSig": false, "Icao": "AD3CDF", "Bad": false, "Reg": "N952JB", "FSeen": "/Date(1544410870884)/", "TSecs": 1193, "CMsgs": 728, "Alt": 700, "GAlt": 990, "InHg": 30.2096462, "AltT": 0, "Lat": 40.622177, "Long": -73.711853, "PosTime": 1544412063473, "Mlat": false, "Tisb": false, "Spd": 132.0, "Trak": 300.8, "TrkH": false, "Type": "A321", "Mdl": "2015 AIRBUS A321-231", "Man": "Airbus", "CNum": "6663", "Op": "JET BLUE AIRWAYS CORP     - LONG ISLAND CITY, NY", "OpIcao": "JBU", "Sqk": "", "Vsi": -768, "VsiT": 0, "Dst": 6.28, "Brng": 111.1, "WTC": 2, "Species": 1, "Engines": "2", "EngType": 3, "EngMount": 0, "Mil": false, "Cou": "United States", "HasPic": false, "Interested": false, "FlightsCount": 0, "SpdTyp": 0, "CallSus": false, "Trt": 2, "Year": "2015"}, {"Id": 11367242, "Rcvr": 1, "HasSig": false, "Icao": "AD734A", "Bad": false, "Reg": "N966JT", "FSeen": "/Date(1544410870843)/", "TSecs": 1193, "CMsgs": 716, "Alt": 2775, "GAlt": 3070, "InHg": 30.2151985, "AltT": 0, "TAlt": 3008, "Lat": 40.446213, "Long": -73.565262, "PosTime": 1544412063472, "Mlat": false, "Tisb": false, "Spd": 245.0, "Trak": 9.2, "TrkH": false, "TTrk": 40.078125, "Type": "A321", "Mdl": "Airbus A321 231SL", "Man": "Airbus", "CNum": "7230", "Op": "JetBlue Airways", "OpIcao": "JBU", "Sqk": "3012", "Help": false, "Vsi": -128, "VsiT": 0, "Dst": 28.45, "Brng": 140.0, "WTC": 2, "Species": 1, "Engines": "2", "EngType": 3, "EngMount": 0, "Mil": false, "Cou": "United States", "HasPic": false, "Interested": false, "FlightsCount": 0, "SpdTyp": 0, "CallSus": false, "Trt": 2, "Year": "2016"}, {"Id": 11181852, "Rcvr": 1, "HasSig": false, "Icao": "AA9F1C", "Bad": false, "Reg": "N7838A", "FSeen": "/Date(1544410870841)/", "TSecs": 1193, "CMsgs": 725, "Alt": 1675, "GAlt": 1956, "InHg": 30.2007866, "AltT": 0, "Lat": 40.856106, "Long": -73.804527, "PosTime": 1544412063472, "Mlat": false, "Tisb": false, "Spd": 146.0, "Trak": 246.8, "TrkH": false, "Type": "B737", "Mdl": "Boeing 737NG 73V/W", "Man": "Boeing", "CNum": "30235", "Op": "Southwest Airlines", "OpIcao": "SWA", "Sqk": "", "Vsi": -320, "VsiT": 0, "Dst": 23.83, "Brng": 355.3, "WTC": 2, "Species": 1, "Engines": "2", "EngType": 3, "EngMount": 0, "Mil": false, "Cou": "United States", "HasPic": false, "Interested": false, "FlightsCount": 0, "SpdTyp": 0, "CallSus": false, "Trt": 2, "Year": "2000"}, {"Id": 10735887, "Rcvr": 1, "HasSig": false, "Icao": "A3D10F", "Bad": false, "Reg": "N345NB", "FSeen": "/Date(1544410870795)/", "TSecs": 1193, "CMsgs": 585, "Alt": -225, "GAlt": 65, "InHg": 30.2096462, "AltT": 0, "TAlt": 1600, "Call": "DAL2083", "Lat": 40.635857, "Long": -73.786301, "PosTime": 1544411971234, "Mlat": false, "Tisb": false, "Spd": 11.5, "Trak": 123.8, "TrkH": false, "Type": "A319", "Mdl": " AIRBUS A319-114", "Man": "Airbus", "CNum": "1774", "From": "KBOS General Edward Lawrence Logan, Boston, United States", "To": "KSLC Salt Lake City, United States", "Op": "DELTA AIR LINES INC     - ATLANTA, GA", "OpIcao": "DAL", "Sqk": "2747", "Help": false, "Vsi": -128, "VsiT": 0, "Dst": 0.85, "Brng": 209.9, "WTC": 2, "Species": 1, "Engines": "2", "EngType": 3, "EngMount": 0, "Mil": false, "Cou": "United States", "HasPic": false, "Interested": false, "FlightsCount": 0, "Gnd": true, "SpdTyp": 0, "CallSus": false, "Trt": 5}, {"Id": 10626178, "Rcvr": 1, "HasSig": false, "Icao": "A22482", "Bad": false, "Reg": "N237WN", "FSeen": "/Date(1544410870795)/", "TSecs": 1193, "CMsgs": 623, "Alt": -225, "GAlt": 56, "InHg": 30.2007866, "AltT": 0, "Lat": 40.825475, "Long": -73.857027, "PosTime": 1544411838109, "Mlat": true, "PosStale": true, "Tisb": false, "Trak": 320.8, "TrkH": false, "Type": "B737", "Mdl": "2006 BOEING 737-7H4", "Man": "Boeing", "CNum": "34632", "Op": "Southwest Airlines", "OpIcao": "SWA", "Sqk": "", "VsiT": 0, "Dst": 21.32, "Brng": 342.6, "WTC": 2, "Species": 1, "Engines": "2", "EngType": 3, "EngMount": 0, "Mil": false, "Cou": "United States", "HasPic": false, "Interested": false, "FlightsCount": 0, "Gnd": true, "SpdTyp": 0, "CallSus": false, "Trt": 2, "Year": "2006"}, {"Id": 853555, "Rcvr": 1, "HasSig": true, "Sig": 157, "Icao": "0D0633", "Bad": false, "Reg": "XA-ECO", "FSeen": "/Date(1544410870793)/", "TSecs": 1193, "CMsgs": 712, "Alt": 2050, "GAlt": 2340, "InHg": 30.2096462, "AltT": 0, "Lat": 40.588165, "Long": -73.637207, "PosTime": 1544412063468, "Mlat": false, "Tisb": false, "Spd": 149.4, "Trak": 301.0, "TrkH": false, "Type": "A320", "Mdl": "Airbus A320 214", "Man": "Airbus", "CNum": "4733", "Op": "Interjet", "OpIcao": "AIJ", "Sqk": "0572", "Help": false, "Vsi": -960, "VsiT": 0, "Dst": 13.58, "Brng": 116.4, "WTC": 2, "Species": 1, "Engines": "2", "EngType": 3, "EngMount": 0, "Mil": false, "Cou": "Mexico", "HasPic": false, "Interested": false, "FlightsCount": 0, "Gnd": false, "SpdTyp": 0, "CallSus": false, "Trt": 2, "Year": "2011"}, {"Id": 10693619, "Rcvr": 1, "HasSig": false, "Icao": "A32BF3", "Bad": false, "Reg": "N303RE", "FSeen": "/Date(1544410870782)/", "TSecs": 1193, "CMsgs": 715, "Alt": 4425, "GAlt": 4715, "InHg": 30.2096462, "AltT": 0, "Lat": 40.627441, "Long": -74.016953, "PosTime": 1544412063468, "Mlat": false, "Tisb": false, "Spd": 262.0, "Trak": 35.7, "TrkH": false, "Type": "B38M", "Mdl": "Boeing 737MAX 8", "Man": "Boeing", "CNum": "44447", "Op": "American Airlines", "OpIcao": "AAL", "Sqk": "", "Vsi": -1472, "VsiT": 0, "Dst": 19.96, "Brng": 265.3, "WTC": 2, "Species": 1, "Engines": "2", "EngType": 3, "EngMount": 0, "Mil": false, "Cou": "United States", "HasPic": false, "Interested": false, "FlightsCount": 0, "SpdTyp": 0, "CallSus": false, "Trt": 2, "Year": "2018"}, {"Id": 11309223, "Rcvr": 1, "HasSig": true, "Sig": 139, "Icao": "AC90A7", "Bad": false, "Reg": "N909AM", "FSeen": "/Date(1544410870762)/", "TSecs": 1193, "CMsgs": 673, "Alt": -225, "GAlt": 44, "InHg": 30.1889763, "AltT": 0, "TAlt": 3008, "Lat": 40.773422, "Long": -73.88063, "PosTime": 1544412028551, "Mlat": false, "Tisb": false, "Spd": 31.0, "Trak": 210.9, "TrkH": false, "TTrk": 70.3125, "Type": "A321", "Mdl": "Airbus A321 231SL", "Man": "Airbus", "CNum": "7756", "Op": "American Airlines", "OpIcao": "AAL", "Sqk": "6306", "Help": false, "Vsi": -896, "VsiT": 0, "Dst": 16.8, "Brng": 330.1, "WTC": 2, "Species": 1, "Engines": "2", "EngType": 3, "EngMount": 0, "Mil": false, "Cou": "United States", "HasPic": false, "Interested": false, "FlightsCount": 0, "Gnd": true, "SpdTyp": 0, "CallSus": false, "Trt": 2, "Year": "2017"}, {"Id": 10768141, "Rcvr": 1, "HasSig": true, "Sig": 67, "Icao": "A44F0D", "Bad": false, "Reg": "N377NW", "FSeen": "/Date(1544410870754)/", "TSecs": 1193, "CMsgs": 494, "Alt": -225, "GAlt": 65, "InHg": 30.2096462, "AltT": 0, "TAlt": 4000, "Call": "DAL1076", "Lat": 40.634785, "Long": -73.78334, "PosTime": 1544412007588, "Mlat": false, "Tisb": false, "Spd": 8.5, "Trak": 329.1, "TrkH": false, "TTrk": 0.0, "Type": "A320", "Mdl": "2003 AIRBUS A320-211", "Man": "Airbus", "CNum": "2082", "From": "KPDX Portland, United States", "To": "KATL Hartsfield Jackson Atlanta, United States", "Op": "Delta Air Lines", "OpIcao": "DAL", "Sqk": "7450", "Help": false, "Vsi": -576, "VsiT": 0, "Dst": 0.87, "Brng": 191.5, "WTC": 2, "Species": 1, "Engines": "2", "EngType": 3, "EngMount": 0, "Mil": false, "Cou": "United States", "HasPic": false, "Interested": false, "FlightsCount": 0, "Gnd": true, "SpdTyp": 0, "CallSus": false, "Trt": 5, "Year": "2003"}, {"Id": 11036439, "Rcvr": 1, "HasSig": true, "Sig": 88, "Icao": "A86717", "Bad": false, "Reg": "N640VA", "FSeen": "/Date(1544410870747)/", "TSecs": 1193, "CMsgs": 621, "Alt": -225, "GAlt": 65, "InHg": 30.2096462, "AltT": 0, "Call": "ASA1024", "Lat": 40.650636, "Long": -73.774489, "PosTime": 1544411961823, "Mlat": false, "Tisb": false, "Spd": 5.5, "Trak": 180.0, "TrkH": false, "Type": "A320", "Mdl": "2007 AIRBUS A320-214", "Man": "Airbus", "CNum": "3349", "From": "KSFO San Francisco, United States", "To": "KJFK John F Kennedy, New York, United States", "Op": "Virgin America", "OpIcao": "ASA", "Sqk": "3717", "Help": false, "Vsi": 0, "VsiT": 0, "Dst": 1.07, "Brng": 32.3, "WTC": 2, "Species": 1, "Engines": "2", "EngType": 3, "EngMount": 0, "Mil": false, "Cou": "United States", "HasPic": false, "Interested": false, "FlightsCount": 0, "Gnd": true, "SpdTyp": 0, "CallSus": false, "Trt": 2, "Year": "2007"}, {"Id": 10502143, "Rcvr": 1, "HasSig": true, "Sig": 34, "Icao": "A03FFF", "Bad": false, "Reg": "N115NN", "FSeen": "/Date(1544410870747)/", "TSecs": 1193, "CMsgs": 730, "Alt": 7700, "GAlt": 7990, "InHg": 30.2096462, "AltT": 0, "TAlt": 3008, "Lat": 40.438156, "Long": -73.840637, "PosTime": 1544412057140, "Mlat": false, "Tisb": false, "Spd": 290.8, "Trak": 118.3, "TrkH": false, "TTrk": 130.078125, "Type": "A321", "Mdl": "2014 AIRBUS INDUSTRIE A321-231", "Man": "Airbus", "CNum": "6063", "Op": "American Airlines", "OpIcao": "AAL", "Sqk": "2023", "Help": false, "Vsi": -2496, "VsiT": 0, "Dst": 23.27, "Brng": 192.5, "WTC": 2, "Species": 1, "Engines": "2", "EngType": 3, "EngMount": 0, "Mil": false, "Cou": "United States", "HasPic": false, "Interested": false, "FlightsCount": 0, "SpdTyp": 0, "CallSus": false, "Trt": 2, "Year": "2014"}, {"Id": 11337844, "Rcvr": 1, "HasSig": true, "Sig": 141, "Icao": "AD0074", "Bad": false, "Reg": "N937JB", "FSeen": "/Date(1544410870746)/", "TSecs": 1193, "CMsgs": 620, "Alt": -225, "GAlt": 65, "InHg": 30.2096462, "AltT": 0, "TAlt": 4000, "Call": "JBU624", "Lat": 40.651508, "Long": -73.781235, "PosTime": 1544412037192, "Mlat": false, "Tisb": false, "Spd": 8.5, "Trak": 345.9, "TrkH": false, "TTrk": 330.0, "Type": "A321", "Mdl": "2014 AIRBUS A321-231", "Man": "Airbus", "CNum": "6245", "From": "KLAX Los Angeles, United States", "To": "KJFK John F Kennedy, New York, United States", "Op": "JetBlue Airways", "OpIcao": "JBU", "Sqk": "7202", "Help": false, "Vsi": 0, "VsiT": 0, "Dst": 1.0, "Brng": 0.2, "WTC": 2, "Species": 1, "Engines": "2", "EngType": 3, "EngMount": 0, "Mil": false, "Cou": "United States", "HasPic": false, "Interested": false, "FlightsCount": 0, "Gnd": true, "SpdTyp": 0, "CallSus": false, "Trt": 4, "Year": "2014"}], "totalAc": 4828, "lastDv": "636800076693317525", "shtTrlSec": 65, "stm": 1544412064583}