{"src": 1, "feeds": [{"id": 1, "name": "From Cons", "polarPlot": false}], "srcFeed": 1, "showSil": true, "showFlg": true, "showPic": true, "flgH": 20, "flgW": 85, "acList": [{"Id": 7785844, "Rcvr": 1, "HasSig": true, "Sig": 216, "Icao": "76CD74", "Bad": false, "Reg": "9V-SKT", "FSeen": "/Date(1544406396482)/", "TSecs": 403, "CMsgs": 109, "Alt": 5375, "GAlt": 5694, "InHg": 30.2388229, "AltT": 0, "TAlt": 11008, "Call": "SIA25", "Lat": 40.563629, "Long": -73.646667, "PosTime": 1544406798251, "Mlat": false, "Tisb": false, "Spd": 271.0, "Trak": 90.8, "TrkH": false, "TTrk": 101.25, "Type": "A388", "Mdl": "Airbus A380 841", "Man": "Airbus", "CNum": "92", "From": "KJFK John F Kennedy, New York, United States", "To": "WSSS Singapore Changi, Singapore", "Stops": ["EDDF Frankfurt am Main, Frankfurt-am-Main, Germany"], "Op": "Singapore Airlines", "OpIcao": "SIA", "Sqk": "1767", "Help": false, "Vsi": 3008, "VsiT": 1, "Dst": 14.35, "Brng": 127.6, "WTC": 3, "Species": 1, "Engines": "4", "EngType": 3, "EngMount": 0, "Mil": false, "Cou": "Singapore", "HasPic": false, "Interested": false, "FlightsCount": 0, "Gnd": false, "SpdTyp": 0, "CallSus": false, "Trt": 5, "Year": "2012"}, {"Id": 10617658, "Rcvr": 1, "HasSig": true, "Sig": 40, "Icao": "A2033A", "Bad": false, "Reg": "N229JB", "FSeen": "/Date(1544406322002)/", "TSecs": 477, "CMsgs": 267, "Alt": 11775, "GAlt": 12065, "InHg": 30.2214565, "AltT": 0, "Call": "JBU2167", "Lat": 40.556123, "Long": -74.069949, "PosTime": 1544406798250, "Mlat": true, "Tisb": false, "Trak": 354.3, "TrkH": false, "Type": "E190", "Mdl": "2006 EMBRAER ERJ 190-100 IGW", "Man": "Embraer", "CNum": "19000032", "Op": "JetBlue Airways", "OpIcao": "JBU", "Sqk": "1655", "Help": false, "VsiT": 0, "Dst": 26.2, "Brng": 248.6, "WTC": 2, "Species": 1, "Engines": "2", "EngType": 3, "EngMount": 0, "Mil": false, "Cou": "United States", "HasPic": false, "Interested": false, "FlightsCount": 0, "Gnd": false, "SpdTyp": 0, "CallSus": true, "Trt": 2, "Year": "2006"}, {"Id": 4224449, "Rcvr": 1, "HasSig": false, "Icao": "4075C1", "Bad": false, "Reg": "G-CKWN", "FSeen": "/Date(1544406310759)/", "TSecs": 488, "CMsgs": 53, "Alt": -250, "GAlt": 60, "InHg": 30.2303143, "AltT": 0, "Call": "NRS18U", "Lat": 40.649273, "Long": -73.766609, "PosTime": 1544406772912, "Mlat": false, "Tisb": false, "Spd": 0.0, "Trak": 42.2, "TrkH": false, "Type": "B789", "Mdl": "Boeing 787 9", "Man": "Boeing", "CNum": "63317", "Op": "Norwegian Air UK", "OpIcao": "NRS", "Sqk": "7146", "Help": false, "VsiT": 0, "Dst": 1.45, "Brng": 58.6, "WTC": 3, "Species": 1, "Engines": "2", "EngType": 3, "EngMount": 0, "Mil": false, "Cou": "United Kingdom", "HasPic": false, "Interested": false, "FlightsCount": 0, "Gnd": true, "SpdTyp": 0, "CallSus": false, "Trt": 2, "Year": "2018"}, {"Id": 11049883, "Rcvr": 1, "HasSig": false, "Icao": "A89B9B", "Bad": false, "Reg": "N654AE", "FSeen": "/Date(1544405471258)/", "TSecs": 1328, "CMsgs": 705, "Alt": 25900, "GAlt": 26201, "InHg": 30.2214565, "AltT": 0, "Call": "PDT4971", "Lat": 40.751503, "Long": -73.935616, "PosTime": 1544406798245, "Mlat": false, "Tisb": false, "Spd": 442.0, "Trak": 27.0, "TrkH": false, "Type": "E145", "Mdl": "2001 EMBRAER EMB-145LR", "Man": "Embraer", "CNum": "145437", "From": "KPHL Philadelphia, United States", "To": "CYOW Ottawa Macdonald-Cartier, Canada", "Op": "American Eagle - Envoy Air", "OpIcao": "PDT", "Sqk": "3322", "Help": false, "Vsi": 960, "VsiT": 1, "Dst": 17.78, "Brng": 313.0, "WTC": 2, "Species": 1, "Engines": "2", "EngType": 3, "EngMount": 1, "Mil": false, "Cou": "United States", "HasPic": false, "Interested": false, "FlightsCount": 0, "Gnd": false, "SpdTyp": 0, "CallSus": false, "Trt": 5, "Year": "2001"}, {"Id": 10491081, "Rcvr": 1, "HasSig": false, "Icao": "A014C9", "Bad": false, "Reg": "N104NN", "FSeen": "/Date(1544405423476)/", "TSecs": 1376, "CMsgs": 111, "Alt": 525, "GAlt": 835, "InHg": 30.2303143, "AltT": 0, "Call": "AAL177", "Lat": 40.632562, "Long": -73.777438, "PosTime": 1544406785973, "Mlat": false, "Tisb": false, "Spd": 170.8, "Trak": 210.6, "TrkH": false, "Type": "A321", "Mdl": "2013 AIRBUS A321-231", "Man": "Airbus", "CNum": "5895", "From": "KJFK John F Kennedy, New York, United States", "To": "KSFO San Francisco, United States", "Op": "American Airlines", "OpIcao": "AAL", "Sqk": "2632", "Help": false, "Vsi": 2624, "VsiT": 0, "Dst": 1.15, "Brng": 163.6, "WTC": 2, "Species": 1, "Engines": "2", "EngType": 3, "EngMount": 0, "Mil": false, "Cou": "United States", "HasPic": false, "Interested": false, "FlightsCount": 0, "Gnd": false, "SpdTyp": 0, "CallSus": false, "Trt": 2, "Year": "2013"}, {"Id": 10613425, "Rcvr": 1, "HasSig": false, "Icao": "A1F2B1", "Bad": false, "Reg": "N2243U", "FSeen": "/Date(1544405204038)/", "TSecs": 1595, "CMsgs": 512, "Alt": 9725, "GAlt": 10015, "InHg": 30.2096462, "AltT": 0, "Call": "UAL48", "Lat": 40.908478, "Long": -73.812645, "PosTime": 1544406787759, "Mlat": false, "Tisb": false, "Spd": 349.0, "Trak": 47.1, "TrkH": false, "Type": "B77W", "Mdl": "Boeing 777 300ER", "Man": "Boeing", "CNum": "63723", "From": "KEWR Newark Liberty, United States", "To": "VABB Chhatrapati Shivaji, Mumbai, India", "Op": "United Airlines", "OpIcao": "UAL", "Sqk": "1120", "Help": false, "Vsi": 0, "VsiT": 0, "Dst": 29.69, "Brng": 354.9, "WTC": 3, "Species": 1, "Engines": "2", "EngType": 3, "EngMount": 0, "Mil": false, "Cou": "United States", "HasPic": false, "Interested": false, "FlightsCount": 0, "Gnd": false, "SpdTyp": 0, "CallSus": false, "Trt": 2, "Year": "2017"}, {"Id": 10739486, "Rcvr": 1, "HasSig": false, "Icao": "A3DF1E", "Bad": false, "Reg": "N349DX", "FSeen": "/Date(1544404671231)/", "TSecs": 2128, "CMsgs": 242, "Alt": 11400, "GAlt": 11690, "InHg": 30.2096462, "AltT": 0, "Call": "DAL2958", "Lat": 40.880825, "Long": -73.591232, "PosTime": 1544406798250, "Mlat": false, "Tisb": false, "Spd": 348.0, "Trak": 354.6, "TrkH": false, "Type": "A321", "Mdl": "Airbus A321 211SL", "Man": "Airbus", "CNum": "8233", "Op": "Delta Air Lines", "OpIcao": "DAL", "Sqk": "2613", "Help": false, "Vsi": 576, "VsiT": 1, "Dst": 30.96, "Brng": 31.1, "WTC": 2, "Species": 1, "Engines": "2", "EngType": 3, "EngMount": 0, "Mil": false, "Cou": "United States", "HasPic": false, "Interested": false, "FlightsCount": 0, "Gnd": false, "SpdTyp": 0, "CallSus": false, "Trt": 5, "Year": "2018"}, {"Id": 11355213, "Rcvr": 1, "HasSig": true, "Sig": 197, "Icao": "AD444D", "Bad": false, "Reg": "N954JB", "FSeen": "/Date(1544404305562)/", "TSecs": 2494, "CMsgs": 1331, "Alt": 2275, "GAlt": 2594, "InHg": 30.2388229, "AltT": 0, "TAlt": 2016, "Call": "JBU410", "Lat": 40.803176, "Long": -73.56464, "PosTime": 1544406798241, "Mlat": false, "Tisb": false, "Spd": 175.6, "Trak": 253.1, "TrkH": false, "TTrk": 270.0, "Type": "A321", "Mdl": "2015 AIRBUS A321-231", "Man": "Airbus", "CNum": "6725", "From": "MDSD Las Am\u00e9ricas, Santo Domingo, Dominican Republic", "To": "KJFK John F Kennedy, New York, United States", "Op": "JET BLUE AIRWAYS CORP     - LONG ISLAND CITY, NY", "OpIcao": "JBU", "Sqk": "1726", "Help": false, "Vsi": -512, "VsiT": 1, "Dst": 25.55, "Brng": 45.5, "WTC": 2, "Species": 1, "Engines": "2", "EngType": 3, "EngMount": 0, "Mil": false, "Cou": "United States", "HasPic": false, "Interested": false, "FlightsCount": 0, "Gnd": false, "SpdTyp": 0, "CallSus": false, "Trt": 5, "Year": "2015"}, {"Id": 11379350, "Rcvr": 1, "HasSig": true, "Sig": 117, "Icao": "ADA296", "Bad": false, "Reg": "N978NN", "FSeen": "/Date(1544403819505)/", "TSecs": 2980, "CMsgs": 265, "Alt": 3375, "GAlt": 3670, "InHg": 30.2151985, "AltT": 0, "TAlt": 8992, "Call": "AAL196", "Lat": 40.852661, "Long": -73.910461, "PosTime": 1544406798252, "Mlat": false, "Tisb": false, "Spd": 236.8, "Trak": 344.3, "TrkH": false, "TTrk": 355.078125, "Type": "B738", "Mdl": " BOEING 737-823", "Man": "Boeing", "CNum": "31226", "From": "KLAX Los Angeles, United States", "To": "KBOS General Edward Lawrence Logan, Boston, United States", "Op": "American Airlines", "OpIcao": "AAL", "Sqk": "1626", "Help": false, "Vsi": 2496, "VsiT": 1, "Dst": 25.78, "Brng": 335.1, "WTC": 2, "Species": 1, "Engines": "2", "EngType": 3, "EngMount": 0, "Mil": false, "Cou": "United States", "HasPic": false, "Interested": false, "FlightsCount": 0, "Gnd": false, "SpdTyp": 0, "CallSus": false, "Trt": 5, "Year": "2015"}, {"Id": 10956578, "Rcvr": 1, "HasSig": true, "Sig": 137, "Icao": "A72F22", "Bad": false, "Reg": "N562JB", "FSeen": "/Date(1544403419178)/", "TSecs": 3380, "CMsgs": 1870, "Alt": -225, "GAlt": 94, "InHg": 30.2388229, "AltT": 0, "TAlt": 3008, "Call": "JBU1818", "Lat": 40.632411, "Long": -73.767216, "PosTime": 1544406798230, "Mlat": false, "Tisb": false, "Spd": 18.0, "Trak": 284.1, "TrkH": false, "TTrk": 0.0, "Type": "A320", "Mdl": "2003 AIRBUS A320-232", "Man": "Airbus", "CNum": "1948", "From": "TTPP Piarco, Port of Spain, Trinidad and Tobago", "To": "KJFK John F Kennedy, New York, United States", "Op": "JetBlue Airways", "OpIcao": "JBU", "Sqk": "", "Vsi": -640, "VsiT": 1, "Dst": 1.63, "Brng": 133.3, "WTC": 2, "Species": 1, "Engines": "2", "EngType": 3, "EngMount": 0, "Mil": false, "Cou": "United States", "HasPic": false, "Interested": false, "FlightsCount": 0, "Gnd": true, "SpdTyp": 0, "CallSus": false, "Trt": 5, "Year": "2003"}, {"Id": 11244145, "Rcvr": 1, "HasSig": false, "Icao": "AB9271", "Bad": false, "Reg": "N845AE", "FSeen": "/Date(1544403349751)/", "TSecs": 3449, "CMsgs": 1934, "Alt": 400, "GAlt": 690, "InHg": 30.2096462, "AltT": 0, "Call": "ENY3874", "Lat": 40.809402, "Long": -73.850952, "PosTime": 1544406798230, "Mlat": false, "Tisb": false, "Spd": 131.0, "Trak": 211.6, "TrkH": false, "Type": "E135", "Mdl": "2003 EMBRAER EMB-135KL", "Man": "Embraer", "CNum": "145685", "Op": "American Eagle - Envoy Air", "OpIcao": "ENY", "Sqk": "2432", "Help": false, "Vsi": -896, "VsiT": 1, "Dst": 19.47, "Brng": 342.5, "WTC": 2, "Species": 1, "Engines": "2", "EngType": 3, "EngMount": 1, "Mil": false, "Cou": "United States", "HasPic": false, "Interested": false, "FlightsCount": 0, "Gnd": false, "SpdTyp": 0, "CallSus": false, "Trt": 5, "Year": "2003"}, {"Id": 11249501, "Rcvr": 1, "HasSig": true, "Sig": 126, "Icao": "ABA75D", "Bad": false, "Reg": "N850AE", "FSeen": "/Date(1544402727182)/", "TSecs": 4072, "CMsgs": 1965, "Alt": -225, "GAlt": 56, "InHg": 30.2007866, "AltT": 0, "Call": "ENY3531", "Lat": 40.805, "Long": -73.8534, "PosTime": 1544406730148, "Mlat": true, "Tisb": false, "Spd": 161.4, "Trak": 213.6, "TrkH": false, "Type": "E135", "Mdl": "2003 EMBRAER EMB-135KL", "Man": "Embraer", "CNum": "145722", "From": "KLGA La Guardia, New York, United States", "To": "KLGA La Guardia, New York, United States", "Stops": ["KRDU Raleigh Durham, Raleigh/Durham, United States"], "Op": "AMERICAN AIRLINES INC     - FORT WORTH, TX", "OpIcao": "ENY", "Sqk": "0511", "Help": false, "Vsi": -896, "VsiT": 1, "Dst": 19.07, "Brng": 341.4, "WTC": 2, "Species": 1, "Engines": "2", "EngType": 3, "EngMount": 1, "Mil": false, "Cou": "United States", "HasPic": false, "Interested": false, "FlightsCount": 0, "Gnd": true, "SpdTyp": 0, "CallSus": true, "Trt": 2, "Year": "2003"}, {"Id": 10537886, "Rcvr": 1, "HasSig": false, "Icao": "A0CB9E", "Bad": false, "Reg": "N150QS", "FSeen": "/Date(1544402705582)/", "TSecs": 4094, "CMsgs": 2155, "Alt": -275, "GAlt": 15, "InHg": 30.2096462, "AltT": 0, "TAlt": 18016, "Call": "EJA150", "Lat": 40.841011, "Long": -74.061661, "PosTime": 1544406718450, "Mlat": false, "Tisb": false, "Spd": 11.0, "Trak": 2.8, "TrkH": false, "TTrk": 125.15625, "Type": "GLEX", "Mdl": "2014 BOMBARDIER INC BD-700-1A10", "Man": "Bombardier", "CNum": "9657", "Op": "NETJETS SALES INC SIMPSON LOUIS A TRUSTEE QUERREY KIMBERLY K TRUSTEE DELAWARE TRUST CO TRUSTEE TROY-CSL LIGHTING INC EMBARCADERO CORP- OKLAHOMA CITY, OK", "OpIcao": "EJA", "Sqk": "4116", "Help": false, "Vsi": -384, "VsiT": 0, "Dst": 32.33, "Brng": 313.2, "WTC": 2, "Species": 1, "Engines": "2", "EngType": 3, "EngMount": 1, "Mil": false, "Cou": "United States", "HasPic": false, "Interested": false, "FlightsCount": 0, "Gnd": true, "SpdTyp": 0, "CallSus": false, "Trt": 5, "Year": "2014"}, {"Id": 11043967, "Rcvr": 1, "HasSig": true, "Sig": 182, "Icao": "A8847F", "Bad": false, "Reg": "N648RW", "FSeen": "/Date(1544402144055)/", "TSecs": 4655, "CMsgs": 2444, "Alt": 800, "GAlt": 1101, "InHg": 30.2214565, "AltT": 0, "Call": "RPA3444", "Lat": 40.7464, "Long": -74.1304, "PosTime": 1544406798227, "Mlat": true, "Tisb": false, "Spd": 240.0, "Trak": 85.3, "TrkH": false, "Type": "E170", "Mdl": "2005 EMBRAER ERJ 170-100 SE", "Man": "Embraer", "CNum": "17000068", "Op": "WELLS FARGO BANK NORTHWEST NA TRUSTEE     - SALT LAKE CITY, UT", "OpIcao": "RPA", "Sqk": "6762", "Help": false, "Vsi": 20, "VsiT": 0, "Dst": 31.62, "Brng": 291.5, "WTC": 2, "Species": 1, "Engines": "2", "EngType": 3, "EngMount": 0, "Mil": false, "Cou": "United States", "HasPic": false, "Interested": false, "FlightsCount": 0, "Gnd": false, "SpdTyp": 0, "CallSus": false, "Trt": 2, "Year": "2005"}, {"Id": 5276239, "Rcvr": 1, "HasSig": true, "Sig": 58, "Icao": "50824F", "Bad": false, "Reg": "UR-GEB", "FSeen": "/Date(1544401771339)/", "TSecs": 5028, "CMsgs": 2334, "Alt": 1200, "GAlt": 1401, "InHg": 30.1210632, "AltT": 0, "Call": "AUI231", "Lat": 40.6922, "Long": -73.7179, "PosTime": 1544406798226, "Mlat": true, "Tisb": false, "Spd": 357.0, "Trak": 307.6, "TrkH": false, "Type": "B763", "Mdl": "Boeing 767 33AER/W", "Man": "Boeing", "CNum": "25530", "From": "UKBB Boryspil, Kiev, Ukraine", "To": "KJFK John F Kennedy, New York, United States", "Op": "Ukraine International Airlines", "OpIcao": "AUI", "Sqk": "2572", "Help": false, "Vsi": -64, "VsiT": 0, "Dst": 7.69, "Brng": 44.0, "WTC": 3, "Species": 1, "Engines": "2", "EngType": 3, "EngMount": 0, "Mil": false, "Cou": "Ukraine", "HasPic": false, "Interested": false, "FlightsCount": 0, "Gnd": false, "SpdTyp": 0, "CallSus": true, "Trt": 2, "Year": "1992"}, {"Id": 10522172, "Rcvr": 1, "HasSig": true, "Sig": 13, "Icao": "A08E3C", "Bad": false, "Reg": "N135EV", "FSeen": "/Date(1544401290872)/", "TSecs": 5508, "CMsgs": 2663, "Alt": 29325, "GAlt": 29313, "InHg": 29.9080849, "AltT": 0, "TAlt": 27008, "Call": "EDV5068", "Lat": 40.758998, "Long": -73.605964, "PosTime": 1544406798226, "Mlat": false, "Tisb": false, "Spd": 550.4, "Trak": 51.7, "TrkH": false, "TTrk": 64.6875, "Type": "CRJ9", "Mdl": "2009 BOMBARDIER INC CL-600-2D24", "Man": "Bombardier", "CNum": "15225", "Op": "DELTA AIR LINES INC     - ATLANTA, GA", "OpIcao": "EDV", "Sqk": "1361", "Help": false, "Vsi": -2304, "VsiT": 0, "Dst": 19.65, "Brng": 48.7, "WTC": 2, "Species": 1, "Engines": "2", "EngType": 3, "EngMount": 1, "Mil": false, "Cou": "United States", "HasPic": false, "Interested": false, "FlightsCount": 0, "Gnd": false, "SpdTyp": 0, "CallSus": false, "Trt": 5, "Year": "2009"}, {"Id": 11105991, "Rcvr": 1, "HasSig": true, "Sig": 145, "Icao": "A976C7", "Bad": false, "Reg": "N709JB", "FSeen": "/Date(1544401008441)/", "TSecs": 5791, "CMsgs": 2803, "Alt": -225, "GAlt": 85, "InHg": 30.2303143, "AltT": 0, "TAlt": 35008, "Call": "JBU1374", "Lat": 40.632591, "Long": -73.767609, "PosTime": 1544406220996, "Mlat": false, "PosStale": true, "Tisb": false, "Spd": 11.5, "Trak": 205.3, "TrkH": false, "TTrk": 0.0, "Type": "A320", "Mdl": "2008 AIRBUS A320-232", "Man": "Airbus", "CNum": "3488", "From": "KCHS Charleston Air Force Base-International, United States", "To": "KJFK John F Kennedy, New York, United States", "Op": "JetBlue Airways", "OpIcao": "JBU", "Sqk": "2662", "Help": false, "Vsi": -128, "VsiT": 0, "Dst": 1.59, "Brng": 133.6, "WTC": 2, "Species": 1, "Engines": "2", "EngType": 3, "EngMount": 0, "Mil": false, "Cou": "United States", "HasPic": false, "Interested": false, "FlightsCount": 0, "Gnd": true, "SpdTyp": 0, "CallSus": false, "Trt": 5, "Year": "2008"}, {"Id": 10766767, "Rcvr": 1, "HasSig": false, "Icao": "A449AF", "Bad": false, "Reg": "N3757D", "FSeen": "/Date(1544400728089)/", "TSecs": 6071, "CMsgs": 3166, "Alt": -225, "GAlt": -212, "InHg": 30.2096462, "AltT": 0, "TAlt": 18016, "Call": "DAL1704", "Lat": 40.777576, "Long": -73.872345, "PosTime": 1544406748019, "Mlat": false, "Tisb": false, "Spd": 7.0, "Trak": 115.3, "TrkH": false, "TTrk": 115.3125, "Type": "B738", "Mdl": "BOEING 737-832", "Man": "Boeing", "CNum": "30813", "From": "KDTW Detroit Metropolitan Wayne County, United States", "To": "KDTW Detroit Metropolitan Wayne County, United States", "Stops": ["KFLL Fort Lauderdale Hollywood, United States"], "Op": "Delta Air Lines", "OpIcao": "DAL", "Sqk": "4055", "Help": false, "Vsi": -768, "VsiT": 0, "Dst": 16.87, "Brng": 333.0, "WTC": 2, "Species": 1, "Engines": "2", "EngType": 3, "EngMount": 0, "Mil": false, "Cou": "United States", "HasPic": false, "Interested": false, "FlightsCount": 0, "Gnd": true, "SpdTyp": 0, "CallSus": false, "Trt": 5, "Year": "2001"}, {"Id": 11278673, "Rcvr": 1, "HasSig": true, "Sig": 23, "Icao": "AC1951", "Bad": false, "Reg": "N879RW", "FSeen": "/Date(1544400681276)/", "TSecs": 6118, "CMsgs": 3164, "Alt": 3725, "GAlt": 4015, "InHg": 30.2096462, "AltT": 0, "Call": "RPA6047", "Lat": 40.792888, "Long": -73.767638, "PosTime": 1544406798224, "Mlat": true, "Tisb": false, "Spd": 360.4, "Trak": 40.1, "TrkH": false, "Type": "E170", "Mdl": "Embraer EMB-170 LR", "Man": "Embraer", "CNum": "17000227", "Op": "Republic Airlines", "OpIcao": "RPA", "Sqk": "3327", "Help": false, "Vsi": 64, "VsiT": 0, "Dst": 16.76, "Brng": 3.9, "WTC": 2, "Species": 1, "Engines": "2", "EngType": 3, "EngMount": 0, "Mil": false, "Cou": "United States", "HasPic": false, "Interested": false, "FlightsCount": 0, "Gnd": false, "SpdTyp": 0, "CallSus": true, "Trt": 2, "Year": "2008"}, {"Id": 11305671, "Rcvr": 1, "HasSig": true, "Sig": 226, "Icao": "AC82C7", "Bad": false, "Reg": "N905LP", "FSeen": "/Date(1544400661006)/", "TSecs": 6138, "CMsgs": 1664, "Alt": 10750, "GAlt": 11060, "InHg": 30.2303143, "AltT": 0, "TAlt": 11008, "Call": "N905LP", "Lat": 40.764631, "Long": -73.474503, "PosTime": 1544406779508, "Mlat": false, "Tisb": false, "Spd": 357.3, "Trak": 26.1, "TrkH": false, "Type": "GLF4", "Mdl": "1997 GULFSTREAM AEROSPACE G-IV", "Man": "Gulfstream Aerospace", "CNum": "1321", "Op": "THOMAS H LEE MANAGEMENT CO LLC     - BOSTON, MA", "Sqk": "1665", "Help": false, "Vsi": 64, "VsiT": 0, "Dst": 29.21, "Brng": 62.2, "WTC": 2, "Species": 1, "Engines": "2", "EngType": 3, "EngMount": 1, "Mil": false, "Cou": "United States", "HasPic": false, "Interested": false, "FlightsCount": 0, "Gnd": false, "SpdTyp": 0, "CallSus": false, "Trt": 5, "Year": "1997"}, {"Id": 10925303, "Rcvr": 1, "HasSig": false, "Icao": "A6B4F7", "Bad": false, "Reg": "N531JL", "FSeen": "/Date(1544400040000)/", "TSecs": 6759, "CMsgs": 3072, "Alt": -225, "GAlt": 117, "InHg": 30.26245, "AltT": 0, "TAlt": 3008, "Call": "JBU429", "Lat": 40.632534, "Long": -73.767502, "PosTime": 1544403068500, "Mlat": false, "PosStale": true, "Tisb": false, "Spd": 0.0, "Trak": 199.7, "TrkH": false, "TTrk": 0.0, "Type": "A320", "Mdl": "2001 AIRBUS INDUSTRIE A320-232", "Man": "Airbus", "CNum": "1650", "From": "KBOS General Edward Lawrence Logan, Boston, United States", "To": "KSMF Sacramento, United States", "Op": "JetBlue Airways", "OpIcao": "JBU", "Sqk": "3337", "Help": false, "Vsi": -128, "VsiT": 0, "Dst": 1.61, "Brng": 133.6, "WTC": 2, "Species": 1, "Engines": "2", "EngType": 3, "EngMount": 0, "Mil": false, "Cou": "United States", "HasPic": false, "Interested": false, "FlightsCount": 0, "Gnd": true, "SpdTyp": 0, "CallSus": false, "Trt": 5, "Year": "2001"}, {"Id": 10957529, "Rcvr": 1, "HasSig": true, "Sig": 164, "Icao": "A732D9", "Bad": false, "Reg": "N563JB", "FSeen": "/Date(1544399788601)/", "TSecs": 7011, "CMsgs": 3134, "Alt": -225, "GAlt": 94, "InHg": 30.2388229, "AltT": 0, "TAlt": 2016, "Call": "JBU1042", "Lat": 40.629398, "Long": -73.769943, "PosTime": 1544405433727, "Mlat": false, "PosStale": true, "Tisb": false, "Spd": 0.0, "Trak": 239.1, "TrkH": false, "TTrk": 279.84375, "Type": "A320", "Mdl": "2003 AIRBUS A320-232", "Man": "Airbus", "CNum": "2006", "From": "KSAV Savannah Hilton Head, United States", "To": "KJFK John F Kennedy, New York, United States", "Op": "JetBlue Airways", "OpIcao": "JBU", "Sqk": "0726", "Help": false, "Vsi": -576, "VsiT": 0, "Dst": 1.74, "Brng": 146.7, "WTC": 2, "Species": 1, "Engines": "2", "EngType": 3, "EngMount": 0, "Mil": false, "Cou": "United States", "HasPic": false, "Interested": false, "FlightsCount": 0, "Gnd": true, "SpdTyp": 0, "CallSus": false, "Trt": 5, "Year": "2003"}, {"Id": 10761484, "Rcvr": 1, "HasSig": true, "Sig": 48, "Icao": "A4350C", "Bad": false, "Reg": "N370NW", "FSeen": "/Date(1544399201615)/", "TSecs": 7597, "CMsgs": 2907, "Alt": -225, "GAlt": 94, "InHg": 30.2388229, "AltT": 0, "TAlt": 3008, "Call": "DAL799", "Lat": 40.632562, "Long": -73.767497, "PosTime": 1544406518518, "Mlat": false, "PosStale": true, "Tisb": false, "Spd": 26.0, "Trak": 295.3, "TrkH": false, "TTrk": 250.3125, "Type": "A320", "Mdl": "1999 AIRBUS INDUSTRIE A320-212", "Man": "Airbus", "CNum": "1037", "From": "KMCO Orlando, United States", "To": "KJFK John F Kennedy, New York, United States", "Op": "Delta Air Lines", "OpIcao": "DAL", "Sqk": "3745", "Help": false, "Vsi": -128, "VsiT": 0, "Dst": 1.6, "Brng": 133.5, "WTC": 2, "Species": 1, "Engines": "2", "EngType": 3, "EngMount": 0, "Mil": false, "Cou": "United States", "HasPic": false, "Interested": false, "FlightsCount": 0, "Gnd": true, "SpdTyp": 0, "CallSus": false, "Trt": 5, "Year": "1999"}, {"Id": 10711861, "Rcvr": 1, "HasSig": false, "Icao": "A37335", "Bad": false, "Reg": "N321NB", "FSeen": "/Date(1544399173247)/", "TSecs": 7626, "CMsgs": 3963, "Alt": 1625, "GAlt": 1920, "InHg": 30.2151985, "AltT": 0, "TAlt": 7008, "Call": "DAL1940", "Lat": 40.885162, "Long": -73.775513, "PosTime": 1544406798223, "Mlat": false, "Tisb": false, "Spd": 158.0, "Trak": 238.9, "TrkH": false, "TTrk": 0.0, "Type": "A319", "Mdl": "2001 AIRBUS INDUSTRIE A319-114", "Man": "Airbus", "CNum": "1414", "From": "KSFO San Francisco, United States", "To": "KJFK John F Kennedy, New York, United States", "Op": "Delta Air Lines", "OpIcao": "DAL", "Sqk": "5021", "Help": false, "Vsi": -384, "VsiT": 0, "Dst": 26.99, "Brng": 1.0, "WTC": 2, "Species": 1, "Engines": "2", "EngType": 3, "EngMount": 0, "Mil": false, "Cou": "United States", "HasPic": false, "Interested": false, "FlightsCount": 0, "Gnd": false, "SpdTyp": 0, "CallSus": false, "Trt": 5, "Year": "2001"}, {"Id": 10755177, "Rcvr": 1, "HasSig": false, "Icao": "A41C69", "Bad": false, "Reg": "N364NW", "FSeen": "/Date(1544399136819)/", "TSecs": 7662, "CMsgs": 3953, "Alt": 5700, "GAlt": 6001, "InHg": 30.2214565, "AltT": 0, "TAlt": 18016, "Call": "DAL2296", "Lat": 40.567978, "Long": -74.103333, "PosTime": 1544406798223, "Mlat": false, "Tisb": false, "Spd": 269.0, "Trak": 39.4, "TrkH": false, "TTrk": 0.0, "Type": "A320", "Mdl": "AIRBUS INDUSTRIE A320-212", "Man": "Airbus", "CNum": "0962", "From": "KMSP Minneapolis-St Paul International/Wold-Chamberlain, Minneapolis, United States", "To": "KLGA La Guardia, New York, United States", "Op": "Delta Air Lines", "OpIcao": "DAL", "Sqk": "2720", "Help": false, "Vsi": -1664, "VsiT": 1, "Dst": 28.42, "Brng": 253.2, "WTC": 2, "Species": 1, "Engines": "2", "EngType": 3, "EngMount": 0, "Mil": false, "Cou": "United States", "HasPic": false, "Interested": false, "FlightsCount": 0, "Gnd": false, "SpdTyp": 0, "CallSus": false, "Trt": 5, "Year": "1999"}, {"Id": 11121263, "Rcvr": 1, "HasSig": true, "Sig": 151, "Icao": "A9B26F", "Bad": false, "Reg": "N724AG", "FSeen": "/Date(1544397797914)/", "TSecs": 9001, "CMsgs": 4168, "Alt": -250, "GAlt": 40, "InHg": 30.2096462, "AltT": 0, "Call": "N724AG", "Lat": 40.775974, "Long": -73.87854, "PosTime": 1544406053530, "Mlat": false, "PosStale": true, "Tisb": false, "Spd": 0.0, "Trak": 14.1, "TrkH": false, "Type": "GLF6", "Mdl": "2001 GULFSTREAM AEROSPACE G-V", "Man": "Gulfstream Aerospace", "CNum": "656", "Op": "EDAN LIMITED LLC EDAN LIMITED II LLC    - MORRISTOWN, NJ", "Sqk": "1446", "Help": false, "Vsi": -128, "VsiT": 0, "Dst": 16.96, "Brng": 331.1, "WTC": 2, "Species": 1, "Engines": "2", "EngType": 3, "EngMount": 1, "Mil": false, "Cou": "United States", "HasPic": false, "Interested": false, "FlightsCount": 0, "Gnd": true, "SpdTyp": 0, "CallSus": false, "Trt": 4, "Year": "2001"}, {"Id": 3958020, "Rcvr": 1, "HasSig": true, "Sig": 118, "Icao": "3C6504", "Bad": false, "Reg": "D-AIHD", "FSeen": "/Date(1544396997954)/", "TSecs": 9801, "CMsgs": 5141, "Alt": -225, "GAlt": 85, "InHg": 30.2303143, "AltT": 0, "Call": "DLH404", "Lat": 40.637272, "Long": -73.78746, "PosTime": 1544406798221, "Mlat": false, "Tisb": false, "Spd": 15.7, "Trak": 296.6, "TrkH": true, "Type": "A346", "Mdl": "Airbus A340 642", "Man": "Airbus", "CNum": "537", "From": "EDDF Frankfurt am Main, Frankfurt-am-Main, Germany", "To": "KJFK John F Kennedy, New York, United States", "Op": "Lufthansa", "OpIcao": "DLH", "Sqk": "2440", "Help": false, "Vsi": 0, "VsiT": 1, "Dst": 0.78, "Brng": 222.0, "WTC": 3, "Species": 1, "Engines": "4", "EngType": 3, "EngMount": 0, "Mil": false, "Cou": "Germany", "HasPic": false, "Interested": false, "FlightsCount": 0, "Gnd": true, "SpdTyp": 3, "CallSus": false, "Trt": 2, "Year": "2003"}, {"Id": 11033662, "Rcvr": 1, "HasSig": false, "Icao": "A85C3E", "Bad": false, "Reg": "N638JB", "FSeen": "/Date(1544396969110)/", "TSecs": 9830, "CMsgs": 5073, "Alt": 3700, "GAlt": 4019, "InHg": 30.2388229, "AltT": 0, "TAlt": 4000, "Call": "JBU1094", "Lat": 40.51511, "Long": -73.495789, "PosTime": 1544406798221, "Mlat": false, "Tisb": false, "Spd": 265.0, "Trak": 29.3, "TrkH": false, "TTrk": 40.078125, "Type": "A320", "Mdl": "2006 AIRBUS A320-232", "Man": "Airbus", "CNum": "2802", "From": "KAUS Austin Bergstrom, United States", "To": "KJFK John F Kennedy, New York, United States", "Op": "JetBlue Airways", "OpIcao": "JBU", "Sqk": "0621", "Help": false, "Vsi": 0, "VsiT": 0, "Dst": 27.96, "Brng": 120.3, "WTC": 2, "Species": 1, "Engines": "2", "EngType": 3, "EngMount": 0, "Mil": false, "Cou": "United States", "HasPic": false, "Interested": false, "FlightsCount": 0, "Gnd": false, "SpdTyp": 0, "CallSus": false, "Trt": 5, "Year": "2006"}, {"Id": 10763870, "Rcvr": 1, "HasSig": false, "Icao": "A43E5E", "Bad": false, "Reg": "N37255", "FSeen": "/Date(1544396142866)/", "TSecs": 10656, "CMsgs": 4795, "Alt": -250, "GAlt": 81, "InHg": 30.2509861, "AltT": 0, "Lat": 40.711701, "Long": -74.153345, "PosTime": 1544406649011, "Mlat": true, "PosStale": true, "Tisb": false, "Spd": 538.0, "Trak": 203.1, "TrkH": false, "Type": "B738", "Mdl": "BOEING 737-824", "Man": "Boeing", "CNum": "30610", "Op": "United Airlines", "OpIcao": "UAL", "Sqk": "7452", "Help": false, "Vsi": 89, "VsiT": 0, "Dst": 32.31, "Brng": 283.9, "WTC": 2, "Species": 1, "Engines": "2", "EngType": 3, "EngMount": 0, "Mil": false, "Cou": "United States", "HasPic": false, "Interested": false, "FlightsCount": 0, "Gnd": true, "SpdTyp": 0, "CallSus": false, "Trt": 2, "Year": "2000"}, {"Id": 11308794, "Rcvr": 1, "HasSig": false, "Icao": "AC8EFA", "Bad": false, "Reg": "N908XJ", "FSeen": "/Date(1544395936647)/", "TSecs": 10862, "CMsgs": 3883, "Alt": 1075, "GAlt": 1385, "InHg": 30.2303143, "AltT": 0, "TAlt": 4000, "Call": "EDV5380", "Lat": 40.834972, "Long": -73.821198, "PosTime": 1544406797672, "Mlat": false, "Tisb": false, "Spd": 121.0, "Trak": 238.8, "TrkH": false, "TTrk": 49.921875, "Type": "CRJ9", "Mdl": "2007 BOMBARDIER INC CL-600-2D24", "Man": "Bombardier", "CNum": "15140", "Op": "DELTA AIR LINES INC     - ATLANTA, GA", "OpIcao": "EDV", "Sqk": "4106", "Help": false, "Vsi": -512, "VsiT": 0, "Dst": 21.67, "Brng": 351.1, "WTC": 2, "Species": 1, "Engines": "2", "EngType": 3, "EngMount": 1, "Mil": false, "Cou": "United States", "HasPic": false, "Interested": false, "FlightsCount": 0, "Gnd": false, "SpdTyp": 0, "CallSus": false, "Trt": 5, "Year": "2007"}, {"Id": 7868223, "Rcvr": 1, "HasSig": true, "Sig": 168, "Icao": "780F3F", "Bad": false, "Reg": "B-7367", "FSeen": "/Date(1544395889764)/", "TSecs": 10909, "CMsgs": 3831, "Alt": 2750, "GAlt": 3045, "InHg": 30.2151985, "AltT": 0, "TAlt": 3008, "Call": "CES297", "Lat": 40.595507, "Long": -73.436737, "PosTime": 1544406798227, "Mlat": false, "Tisb": false, "Spd": 219.5, "Trak": 30.1, "TrkH": false, "TTrk": 40.078125, "Type": "B77W", "Mdl": "777-39PER", "Man": "Boeing", "CNum": "43281", "From": "ZSPD Shanghai Pudong, China", "To": "KJFK John F Kennedy, New York, United States", "Op": "China Eastern Airlines", "OpIcao": "CES", "Sqk": "1757", "Help": false, "Vsi": 0, "VsiT": 1, "Dst": 29.55, "Brng": 100.1, "WTC": 3, "Species": 1, "Engines": "2", "EngType": 3, "EngMount": 0, "Mil": false, "Cou": "China", "HasPic": false, "Interested": false, "FlightsCount": 0, "Gnd": false, "SpdTyp": 0, "CallSus": false, "Tag": "GT", "Trt": 5, "Year": "2016"}, {"Id": 11238284, "Rcvr": 1, "HasSig": true, "Sig": 69, "Icao": "AB7B8C", "Bad": false, "Reg": "N839UA", "FSeen": "/Date(1544395818359)/", "TSecs": 10981, "CMsgs": 4822, "Alt": 2725, "GAlt": 3026, "InHg": 30.2214565, "AltT": 0, "Call": "UAL2025", "Lat": 40.8459, "Long": -74.0662, "PosTime": 1544406798223, "Mlat": true, "Tisb": false, "Spd": 317.9, "Trak": 222.0, "TrkH": false, "Type": "A319", "Mdl": "2001 AIRBUS INDUSTRIE A319-131", "Man": "Airbus", "CNum": "1507", "From": "KMCO Orlando, United States", "To": "KEWR Newark Liberty, United States", "Op": "United Airlines", "OpIcao": "UAL", "Sqk": "7476", "Help": false, "Vsi": -1088, "VsiT": 1, "Dst": 32.98, "Brng": 313.4, "WTC": 2, "Species": 1, "Engines": "2", "EngType": 3, "EngMount": 0, "Mil": false, "Cou": "United States", "HasPic": false, "Interested": false, "FlightsCount": 0, "Gnd": false, "SpdTyp": 0, "CallSus": true, "Trt": 2, "Year": "2001"}, {"Id": 11084920, "Rcvr": 1, "HasSig": false, "Icao": "A92478", "Bad": false, "Reg": "N68880", "FSeen": "/Date(1544394785323)/", "TSecs": 12014, "CMsgs": 6000, "Alt": 1875, "GAlt": 2165, "InHg": 30.2096462, "AltT": 0, "TAlt": 18016, "Lat": 40.789303, "Long": -74.103287, "PosTime": 1544406798220, "Mlat": false, "Tisb": false, "Spd": 150.0, "Trak": 205.5, "TrkH": false, "TTrk": 123.75, "Type": "B739", "Mdl": "2015 BOEING 737-924ER", "Man": "Boeing", "CNum": "42199", "Op": "United Airlines", "OpIcao": "UAL", "Sqk": "2745", "Help": false, "Vsi": -960, "VsiT": 0, "Dst": 31.67, "Brng": 301.1, "WTC": 2, "Species": 1, "Engines": "2", "EngType": 3, "EngMount": 0, "Mil": false, "Cou": "United States", "HasPic": false, "Interested": false, "FlightsCount": 0, "Gnd": false, "SpdTyp": 0, "CallSus": false, "Trt": 2, "Year": "2015"}, {"Id": 11373549, "Rcvr": 1, "HasSig": true, "Sig": 115, "Icao": "AD8BED", "Bad": false, "Reg": "N972JT", "FSeen": "/Date(1544394186477)/", "TSecs": 12613, "CMsgs": 3746, "Alt": -225, "GAlt": 117, "InHg": 30.26245, "AltT": 0, "TAlt": 4000, "Call": "JBU2809", "Lat": 40.658432, "Long": -73.791809, "PosTime": 1544396610166, "Mlat": false, "PosStale": true, "Tisb": false, "Spd": 0.0, "Trak": 191.3, "TrkH": false, "TTrk": 0.0, "Type": "A321", "Mdl": "Airbus A321 231SL", "Man": "Airbus", "CNum": "7455", "Op": "JetBlue Airways", "OpIcao": "JBU", "Sqk": "3022", "Help": false, "Vsi": -576, "VsiT": 0, "Dst": 1.98, "Brng": 333.4, "WTC": 2, "Species": 1, "Engines": "2", "EngType": 3, "EngMount": 0, "Mil": false, "Cou": "United States", "HasPic": false, "Interested": false, "FlightsCount": 0, "Gnd": true, "SpdTyp": 0, "CallSus": false, "Trt": 5, "Year": "2016"}, {"Id": 11358066, "Rcvr": 1, "HasSig": true, "Sig": 146, "Icao": "AD4F72", "Bad": false, "Reg": "N957JB", "FSeen": "/Date(1544393963723)/", "TSecs": 12835, "CMsgs": 4699, "Alt": -250, "GAlt": 69, "InHg": 30.2388229, "AltT": 0, "TAlt": 3008, "Call": "JBU1452", "Lat": 40.630293, "Long": -73.770197, "PosTime": 1544404270295, "Mlat": false, "PosStale": true, "Tisb": false, "Spd": 0.0, "Trak": 210.9, "TrkH": false, "TTrk": 260.15625, "Type": "A321", "Mdl": "Airbus A321 231SL", "Man": "Airbus", "CNum": "6809", "From": "KMCO Orlando, United States", "To": "KBOS General Edward Lawrence Logan, Boston, United States", "Op": "JetBlue Airways", "OpIcao": "JBU", "Sqk": "2000", "Help": false, "Vsi": -64, "VsiT": 0, "Dst": 1.65, "Brng": 145.4, "WTC": 2, "Species": 1, "Engines": "2", "EngType": 3, "EngMount": 0, "Mil": false, "Cou": "United States", "HasPic": false, "Interested": false, "FlightsCount": 0, "Gnd": true, "SpdTyp": 0, "CallSus": false, "Trt": 5, "Year": "2015"}, {"Id": 10918036, "Rcvr": 1, "HasSig": true, "Sig": 153, "Icao": "A69894", "Bad": false, "Reg": "N524JB", "FSeen": "/Date(1544393565188)/", "TSecs": 13234, "CMsgs": 5617, "Alt": -225, "GAlt": -212, "InHg": 29.93171, "AltT": 0, "TAlt": 35008, "Call": "JBU1677", "Lat": 40.63262, "Long": -73.767653, "PosTime": 1544402499494, "Mlat": false, "PosStale": true, "Tisb": false, "Spd": 0.1, "Trak": 199.7, "TrkH": false, "TTrk": 0.0, "Type": "A320", "Mdl": "2001 AIRBUS INDUSTRIE A320-232", "Man": "Airbus", "CNum": "1528", "From": "KJFK John F Kennedy, New York, United States", "To": "KJAX Jacksonville, United States", "Op": "JetBlue Airways", "OpIcao": "JBU", "Sqk": "1575", "Help": false, "Vsi": -704, "VsiT": 0, "Dst": 1.59, "Brng": 133.6, "WTC": 2, "Species": 1, "Engines": "2", "EngType": 3, "EngMount": 0, "Mil": false, "Cou": "United States", "HasPic": false, "Interested": false, "FlightsCount": 0, "Gnd": true, "SpdTyp": 0, "CallSus": false, "Trt": 5, "Year": "2001"}, {"Id": 11103138, "Rcvr": 1, "HasSig": true, "Sig": 125, "Icao": "A96BA2", "Bad": false, "Reg": "N706JB", "FSeen": "/Date(1544393443889)/", "TSecs": 13355, "CMsgs": 3927, "Alt": -225, "GAlt": 117, "InHg": 30.26245, "AltT": 0, "TAlt": 4000, "Call": "JBU2989", "Lat": 40.651291, "Long": -73.775894, "PosTime": 1544395940305, "Mlat": false, "PosStale": true, "Tisb": false, "Spd": 0.0, "Trak": 177.2, "TrkH": false, "TTrk": 0.0, "Type": "A320", "Mdl": "2008 AIRBUS A320-232", "Man": "Airbus", "CNum": "3451", "From": "KBOS General Edward Lawrence Logan, Boston, United States", "To": "KDCA Ronald Reagan Washington National, United States", "Op": "JetBlue Airways", "OpIcao": "JBU", "Sqk": "2000", "Help": false, "Vsi": -960, "VsiT": 0, "Dst": 1.08, "Brng": 24.9, "WTC": 2, "Species": 1, "Engines": "2", "EngType": 3, "EngMount": 0, "Mil": false, "Cou": "United States", "HasPic": false, "Interested": false, "FlightsCount": 0, "Gnd": true, "SpdTyp": 0, "CallSus": false, "Trt": 5, "Year": "2008"}, {"Id": 11351678, "Rcvr": 1, "HasSig": true, "Sig": 73, "Icao": "AD367E", "Bad": false, "Reg": "N950UW", "FSeen": "/Date(1544392210014)/", "TSecs": 14589, "CMsgs": 5084, "Alt": 3725, "GAlt": 4015, "InHg": 30.2096462, "AltT": 0, "Call": "1655D4", "Lat": 40.7348, "Long": -73.8429, "PosTime": 1544406798244, "Mlat": true, "Tisb": false, "Spd": 14.0, "Trak": 301.0, "TrkH": false, "Type": "E190", "Mdl": "2007 EMBRAER ERJ 190-100 IGW", "Man": "Embraer", "CNum": "19000106", "Op": "US AIRWAYS INC     - FORT WORTH, TX", "OpIcao": "AAL", "Sqk": "4203", "Help": false, "Vsi": -816, "VsiT": 0, "Dst": 11.5, "Brng": 333.2, "WTC": 2, "Species": 1, "Engines": "2", "EngType": 3, "EngMount": 0, "Mil": false, "Cou": "United States", "HasPic": false, "Interested": false, "FlightsCount": 0, "Gnd": false, "SpdTyp": 0, "CallSus": true, "Trt": 2, "Year": "2007"}, {"Id": 11363438, "Rcvr": 1, "HasSig": true, "Sig": 114, "Icao": "AD646E", "Bad": false, "Reg": "N962JT", "FSeen": "/Date(1544389404313)/", "TSecs": 17395, "CMsgs": 8511, "Alt": 1750, "GAlt": 2040, "InHg": 30.2096462, "AltT": 0, "TAlt": 2000, "Call": "JBU190", "Lat": 40.766647, "Long": -73.631592, "PosTime": 1544406798219, "Mlat": false, "Tisb": false, "Spd": 160.1, "Trak": 257.0, "TrkH": false, "TTrk": 270.0, "Type": "A321", "Mdl": "Airbus A321 231SL", "Man": "Airbus", "CNum": "6988", "From": "KSAN San Diego, United States", "To": "KJFK John F Kennedy, New York, United States", "Op": "JetBlue Airways", "OpIcao": "JBU", "Sqk": "1366", "Help": false, "Vsi": 0, "VsiT": 1, "Dst": 18.7, "Brng": 42.4, "WTC": 2, "Species": 1, "Engines": "2", "EngType": 3, "EngMount": 0, "Mil": false, "Cou": "United States", "HasPic": false, "Interested": false, "FlightsCount": 0, "Gnd": false, "SpdTyp": 0, "CallSus": false, "Trt": 4, "Year": "2016"}, {"Id": 3754477, "Rcvr": 1, "HasSig": true, "Sig": 103, "Icao": "3949ED", "Bad": false, "Reg": "F-GSPN", "FSeen": "/Date(1544388964547)/", "TSecs": 17835, "CMsgs": 5116, "Alt": -225, "GAlt": 85, "InHg": 30.2303143, "AltT": 0, "Call": "AFR008", "Lat": 40.638474, "Long": -73.775643, "PosTime": 1544406798223, "Mlat": false, "Tisb": false, "Spd": 9.9, "Trak": 225.0, "TrkH": false, "Type": "B772", "Mdl": "Boeing 777 228ER", "Man": "Boeing", "CNum": "29011", "From": "LFPG Charles de Gaulle, Paris, France", "To": "KJFK John F Kennedy, New York, United States", "Op": "Air France", "OpIcao": "AFR", "Sqk": "2576", "Help": false, "Vsi": 0, "VsiT": 1, "Dst": 0.65, "Brng": 133.2, "WTC": 3, "Species": 1, "Engines": "2", "EngType": 3, "EngMount": 0, "Mil": false, "Cou": "France", "HasPic": false, "Interested": false, "FlightsCount": 0, "Gnd": true, "SpdTyp": 0, "CallSus": false, "Trt": 2, "Year": "2000", "Sat": true}, {"Id": 10502794, "Rcvr": 1, "HasSig": true, "Sig": 90, "Icao": "A0428A", "Bad": false, "Reg": "N116AN", "FSeen": "/Date(1544385988032)/", "TSecs": 20811, "CMsgs": 8724, "Alt": -225, "GAlt": 85, "InHg": 30.2303143, "AltT": 0, "TAlt": 3008, "Call": "AAL16", "Lat": 40.633713, "Long": -73.770081, "PosTime": 1544405313779, "Mlat": false, "PosStale": true, "Tisb": false, "Spd": 0.0, "Trak": 149.1, "TrkH": false, "TTrk": 0.0, "Type": "A321", "Mdl": "2014 AIRBUS INDUSTRIE A321-231", "Man": "Airbus", "CNum": "6070", "From": "KSFO San Francisco, United States", "To": "KJFK John F Kennedy, New York, United States", "Op": "American Airlines", "OpIcao": "AAL", "Sqk": "3213", "Help": false, "Vsi": -64, "VsiT": 0, "Dst": 1.36, "Brng": 135.9, "WTC": 2, "Species": 1, "Engines": "2", "EngType": 3, "EngMount": 0, "Mil": false, "Cou": "United States", "HasPic": false, "Interested": false, "FlightsCount": 0, "Gnd": true, "SpdTyp": 0, "CallSus": false, "Trt": 5, "Year": "2014"}, {"Id": 4195777, "Rcvr": 1, "HasSig": false, "Icao": "4005C1", "Bad": false, "Reg": "G-RAES", "FSeen": "/Date(1544379356660)/", "TSecs": 27442, "CMsgs": 5531, "Alt": 3600, "GAlt": 3890, "InHg": 30.2096462, "AltT": 0, "Call": "BAW179", "Lat": 40.811462, "Long": -73.507874, "PosTime": 1544406798222, "Mlat": false, "Tisb": false, "Spd": 174.0, "Trak": 297.0, "TrkH": false, "Type": "B772", "Mdl": "Boeing 777 236ER", "Man": "Boeing", "CNum": "27491", "From": "EGLL London Heathrow, United Kingdom", "To": "KJFK John F Kennedy, New York, United States", "Op": "British Airways", "OpIcao": "BAW", "Sqk": "2505", "Help": false, "Vsi": -448, "VsiT": 0, "Dst": 29.73, "Brng": 50.7, "WTC": 3, "Species": 1, "Engines": "2", "EngType": 3, "EngMount": 0, "Mil": false, "Cou": "United Kingdom", "HasPic": false, "Interested": false, "FlightsCount": 0, "Gnd": false, "SpdTyp": 0, "CallSus": false, "Trt": 2, "Year": "1997", "Sat": true}, {"Id": 10763141, "Rcvr": 1, "HasSig": true, "Sig": 205, "Icao": "A43B85", "Bad": false, "Reg": "N372DA", "FSeen": "/Date(1544370893196)/", "TSecs": 35906, "CMsgs": 11824, "Alt": 75, "GAlt": 385, "InHg": 30.2303143, "AltT": 0, "TAlt": 1600, "Call": "DAL1455", "Lat": 40.657607, "Long": -73.745228, "PosTime": 1544406798219, "Mlat": false, "Tisb": false, "Spd": 153.7, "Trak": 213.6, "TrkH": false, "TTrk": 224.296875, "Type": "B738", "Mdl": "BOEING 737-832", "Man": "Boeing", "CNum": "29620", "From": "KATL Hartsfield Jackson Atlanta, United States", "To": "KLAX Los Angeles, United States", "Op": "Delta Air Lines", "OpIcao": "DAL", "Sqk": "3725", "Help": false, "Vsi": -704, "VsiT": 0, "Dst": 3.48, "Brng": 61.1, "WTC": 2, "Species": 1, "Engines": "2", "EngType": 3, "EngMount": 0, "Mil": false, "Cou": "United States", "HasPic": false, "Interested": false, "FlightsCount": 0, "Gnd": false, "SpdTyp": 0, "CallSus": false, "Trt": 5, "Year": "1998"}], "totalAc": 5342, "lastDv": "636796447417688979", "shtTrlSec": 65, "stm": 1544406799546}