{"src": 1, "feeds": [{"id": 1, "name": "From Cons", "polarPlot": false}], "srcFeed": 1, "showSil": true, "showFlg": true, "showPic": true, "flgH": 20, "flgW": 85, "acList": [{"Id": 10681916, "Rcvr": 1, "HasSig": true, "Sig": 204, "Icao": "A2FE3C", "Bad": false, "Reg": "N292PQ", "FSeen": "/Date(1544409888351)/", "TSecs": 96, "CMsgs": 56, "Alt": 2300, "GAlt": 2590, "InHg": 30.2096462, "AltT": 0, "Lat": 40.646249, "Long": -73.847726, "PosTime": 1544409982511, "Mlat": false, "Tisb": false, "Spd": 201.9, "Trak": 221.6, "TrkH": false, "Type": "CRJ9", "Mdl": "2013 BOMBARDIER INC CL-600-2D24", "Man": "Bombardier", "CNum": "15292", "Op": "DELTA AIR LINES INC     - ATLANTA, GA", "OpIcao": "EDV", "Sqk": "7175", "Help": false, "Vsi": 1664, "VsiT": 1, "Dst": 5.62, "Brng": 274.3, "WTC": 2, "Species": 1, "Engines": "2", "EngType": 3, "EngMount": 1, "Mil": false, "Cou": "United States", "HasPic": false, "Interested": false, "FlightsCount": 0, "Gnd": false, "SpdTyp": 0, "CallSus": false, "Trt": 2, "Year": "2013"}, {"Id": 7604258, "Rcvr": 1, "HasSig": false, "Icao": "740822", "Bad": false, "Reg": "JY-BAB", "FSeen": "/Date(1544409589070)/", "TSecs": 395, "CMsgs": 232, "Alt": 11075, "GAlt": 11370, "InHg": 30.2151985, "AltT": 0, "TAlt": 6016, "Call": "RJA262", "Lat": 40.764954, "Long": -73.565247, "PosTime": 1544409982471, "Mlat": false, "Tisb": false, "Spd": 349.0, "Trak": 14.9, "TrkH": false, "TTrk": 225.0, "Type": "B788", "Mdl": "Boeing 787 8", "Man": "Boeing", "CNum": "35319", "From": "KJFK John F Kennedy, New York, United States", "To": "OJAI Queen Alia, Amman, Jordan", "Op": "Royal Jordanian Airlines", "OpIcao": "RJA", "Sqk": "2610", "Help": false, "Vsi": 1216, "VsiT": 0, "Dst": 22.74, "Brng": 53.1, "WTC": 3, "Species": 1, "Engines": "2", "EngType": 3, "EngMount": 0, "Mil": false, "Cou": "Jordan", "HasPic": false, "Interested": false, "FlightsCount": 0, "Gnd": false, "SpdTyp": 0, "CallSus": false, "Trt": 5, "Year": "2014"}, {"Id": 4739594, "Rcvr": 1, "HasSig": true, "Sig": 10, "Icao": "48520A", "Bad": false, "Reg": "PH-HXB", "FSeen": "/Date(1544409539105)/", "TSecs": 445, "CMsgs": 248, "Alt": 16725, "GAlt": 16973, "InHg": 30.16795, "AltT": 0, "TAlt": 16992, "Call": "SCX248", "Lat": 40.92572, "Long": -73.673706, "PosTime": 1544409984075, "Mlat": false, "Tisb": false, "Spd": 358.6, "Trak": 307.6, "TrkH": false, "TTrk": 319.921875, "Type": "B738", "Mdl": "Boeing 737NG 8K2/W", "Man": "Boeing", "CNum": "41340", "From": "KJFK John F Kennedy, New York, United States", "To": "KMSP Minneapolis-St Paul International/Wold-Chamberlain, Minneapolis, United States", "Op": "Transavia", "OpIcao": "TRA", "Sqk": "2640", "Help": false, "Vsi": 0, "VsiT": 1, "Dst": 32.77, "Brng": 16.0, "WTC": 2, "Species": 1, "Engines": "2", "EngType": 3, "EngMount": 0, "Mil": false, "Cou": "Netherlands", "HasPic": false, "Interested": false, "FlightsCount": 0, "Gnd": false, "SpdTyp": 0, "CallSus": false, "Trt": 5, "Year": "2016"}, {"Id": 11205603, "Rcvr": 1, "HasSig": true, "Sig": 173, "Icao": "AAFBE3", "Bad": false, "Reg": "N807AE", "FSeen": "/Date(1544409421327)/", "TSecs": 563, "CMsgs": 343, "Alt": 6750, "GAlt": 7019, "InHg": 30.1889763, "AltT": 0, "Call": "ENY3797", "Lat": 40.433691, "Long": -73.92026, "PosTime": 1544409984071, "Mlat": true, "Tisb": false, "Trak": 208.0, "TrkH": false, "Type": "E135", "Mdl": "2001 EMBRAER EMB-135KL", "Man": "Embraer", "CNum": "145506", "Op": "AMERICAN AIRLINES INC     - FORT WORTH, TX", "OpIcao": "ENY", "Sqk": "1643", "Help": false, "VsiT": 0, "Dst": 26.02, "Brng": 206.9, "WTC": 2, "Species": 1, "Engines": "2", "EngType": 3, "EngMount": 1, "Mil": false, "Cou": "United States", "HasPic": false, "Interested": false, "FlightsCount": 0, "Gnd": false, "SpdTyp": 0, "CallSus": true, "Trt": 2, "Year": "2001"}, {"Id": 5025724, "Rcvr": 1, "HasSig": true, "Sig": 215, "Icao": "4CAFBC", "Bad": false, "Reg": "EI-GGP", "FSeen": "/Date(1544409178340)/", "TSecs": 806, "CMsgs": 295, "Alt": 10225, "GAlt": 10515, "InHg": 30.2096462, "AltT": 0, "Call": "ISS9BG", "Lat": 40.508826, "Long": -73.627937, "PosTime": 1544409979763, "Mlat": false, "Tisb": false, "Spd": 297.2, "Trak": 121.7, "TrkH": false, "Type": "A332", "Mdl": "A330-200", "Man": "Airbus", "CNum": "521", "Op": "Air Italy", "OpIcao": "ISS", "Sqk": "1173", "Help": false, "Vsi": 2432, "VsiT": 0, "Dst": 19.71, "Brng": 138.9, "WTC": 3, "Species": 1, "Engines": "2", "EngType": 3, "EngMount": 0, "Mil": false, "Cou": "Ireland", "HasPic": false, "Interested": false, "FlightsCount": 0, "Gnd": false, "SpdTyp": 0, "CallSus": false, "Trt": 2, "Year": "2003"}, {"Id": 3754520, "Rcvr": 1, "HasSig": false, "Icao": "394A18", "Bad": false, "Reg": "F-GSQY", "FSeen": "/Date(1544408694177)/", "TSecs": 1290, "CMsgs": 257, "Alt": 7000, "GAlt": 7290, "InHg": 30.2096462, "AltT": 0, "Call": "AFR011", "Lat": 40.571393, "Long": -73.734679, "PosTime": 1544409984086, "Mlat": false, "Tisb": false, "Spd": 280.2, "Trak": 84.7, "TrkH": false, "Type": "B773", "Mdl": "Boeing 777 328ER", "Man": "Boeing", "CNum": "35678", "From": "KJFK John F Kennedy, New York, United States", "To": "LFPG Charles de Gaulle, Paris, France", "Op": "Air France", "OpIcao": "AFR", "Sqk": "1750", "Help": false, "Vsi": 2432, "VsiT": 0, "Dst": 8.83, "Brng": 153.5, "WTC": 3, "Species": 1, "Engines": "2", "EngType": 3, "EngMount": 0, "Mil": false, "Cou": "France", "HasPic": false, "Interested": false, "FlightsCount": 0, "Gnd": false, "SpdTyp": 0, "CallSus": false, "Trt": 2, "Year": "2007"}, {"Id": 10691361, "Rcvr": 1, "HasSig": false, "Icao": "A32321", "Bad": false, "Reg": "N301AZ", "FSeen": "/Date(1544407926822)/", "TSecs": 2058, "CMsgs": 1123, "Alt": -250, "GAlt": 31, "InHg": 30.2007866, "AltT": 0, "TAlt": 4000, "Call": "N301AZ", "Lat": 40.84726, "Long": -74.062195, "PosTime": 1544409984112, "Mlat": false, "Tisb": false, "Spd": 16.0, "Trak": 320.6, "TrkH": false, "TTrk": 129.375, "Type": "E55P", "Mdl": "Embraer Phenom 300", "Man": "Embraer", "CNum": "50500377", "Op": "Phenom 300 LLC", "Sqk": "3417", "Help": false, "Vsi": -768, "VsiT": 0, "Dst": 32.84, "Brng": 314.0, "WTC": 2, "Species": 1, "Engines": "2", "EngType": 3, "EngMount": 1, "Mil": false, "Cou": "United States", "HasPic": false, "Interested": false, "FlightsCount": 0, "Gnd": true, "SpdTyp": 0, "CallSus": false, "Trt": 5, "Year": "2016"}, {"Id": 811027, "Rcvr": 1, "HasSig": true, "Sig": 69, "Icao": "0C6013", "Bad": false, "Reg": "9Y-GEO", "FSeen": "/Date(1544407397746)/", "TSecs": 2587, "CMsgs": 1225, "Alt": 2725, "GAlt": 3026, "InHg": 30.2214565, "AltT": 0, "Lat": 40.4562, "Long": -73.5373, "PosTime": 1544409982273, "Mlat": true, "Tisb": false, "Spd": 295.0, "Trak": 28.0, "TrkH": false, "Type": "B738", "Mdl": "Boeing 737NG 8Q8/W", "Man": "Boeing", "CNum": "28225", "Op": "Caribbean Airlines", "OpIcao": "BWA", "Sqk": "5263", "Help": false, "Vsi": -1024, "VsiT": 0, "Dst": 29.22, "Brng": 135.1, "WTC": 2, "Species": 1, "Engines": "2", "EngType": 3, "EngMount": 0, "Mil": false, "Cou": "Trinidad and Tobago", "HasPic": false, "Interested": false, "FlightsCount": 0, "Gnd": false, "SpdTyp": 0, "CallSus": false, "Trt": 2, "Year": "1999"}, {"Id": 11376402, "Rcvr": 1, "HasSig": true, "Sig": 163, "Icao": "AD9712", "Bad": false, "Reg": "N975JT", "FSeen": "/Date(1544407247437)/", "TSecs": 2737, "CMsgs": 1495, "Alt": -225, "GAlt": 70, "InHg": 30.2151985, "AltT": 0, "TAlt": 8992, "Call": "JBU2836", "Lat": 40.647709, "Long": -73.77739, "PosTime": 1544409984021, "Mlat": false, "Tisb": false, "Spd": 1.8, "Trak": 202.5, "TrkH": false, "TTrk": 0.0, "Type": "A321", "Mdl": "Airbus A321 231SL", "Man": "Airbus", "CNum": "7520", "Op": "JetBlue Airways", "OpIcao": "JBU", "Sqk": "1360", "Help": false, "Vsi": -128, "VsiT": 0, "Dst": 0.67, "Brng": 29.5, "WTC": 2, "Species": 1, "Engines": "2", "EngType": 3, "EngMount": 0, "Mil": false, "Cou": "United States", "HasPic": false, "Interested": false, "FlightsCount": 0, "Gnd": true, "SpdTyp": 0, "CallSus": false, "Trt": 5, "Year": "2016"}, {"Id": 10673569, "Rcvr": 1, "HasSig": true, "Sig": 44, "Icao": "A2DDA1", "Bad": false, "Reg": "N284JB", "FSeen": "/Date(1544406687024)/", "TSecs": 3297, "CMsgs": 1798, "Alt": 1725, "GAlt": 1985, "InHg": 30.1801186, "AltT": 0, "Call": "JBU1001", "Lat": 40.494535, "Long": -73.568386, "PosTime": 1544409964246, "Mlat": true, "Tisb": false, "Spd": 456.0, "Trak": 180.0, "TrkH": false, "Type": "E190", "Mdl": "2008 EMBRAER ERJ 190-100 IGW", "Man": "Embraer", "CNum": "19000144", "From": "KBOS General Edward Lawrence Logan, Boston, United States", "To": "KJFK John F Kennedy, New York, United States", "Op": "WELLS FARGO BANK NORTHWEST NA TRUSTEE     - SALT LAKE CITY, UT", "OpIcao": "JBU", "Sqk": "4147", "Help": false, "Vsi": 64, "VsiT": 0, "Dst": 24.37, "Brng": 132.4, "WTC": 2, "Species": 1, "Engines": "2", "EngType": 3, "EngMount": 0, "Mil": false, "Cou": "United States", "HasPic": false, "Interested": false, "FlightsCount": 0, "Gnd": false, "SpdTyp": 0, "CallSus": true, "Trt": 2, "Year": "2008"}, {"Id": 10491909, "Rcvr": 1, "HasSig": true, "Sig": 109, "Icao": "A01805", "Bad": false, "Reg": "N105HQ", "FSeen": "/Date(1544406246658)/", "TSecs": 3738, "CMsgs": 2071, "Alt": -225, "GAlt": -212, "InHg": 30.1889763, "AltT": 0, "TAlt": 25024, "Call": "RPA4600", "Lat": 40.776187, "Long": -73.876019, "PosTime": 1544409940226, "Mlat": false, "Tisb": false, "Spd": 9.5, "Trak": 50.6, "TrkH": false, "Type": "E75S", "Mdl": "2007 EMBRAER ERJ170-200LR", "Man": "Embraer", "CNum": "17000163", "Op": "Republic Airlines", "OpIcao": "RPA", "Sqk": "5715", "Help": false, "Vsi": -192, "VsiT": 0, "Dst": 16.88, "Brng": 331.8, "WTC": 2, "Species": 1, "Engines": "2", "EngType": 3, "EngMount": 0, "Mil": false, "Cou": "United States", "HasPic": false, "Interested": false, "FlightsCount": 0, "Gnd": true, "SpdTyp": 0, "CallSus": false, "Trt": 5, "Year": "2007"}, {"Id": 11200931, "Rcvr": 1, "HasSig": false, "Icao": "AAE9A3", "Bad": false, "Reg": "N802DN", "FSeen": "/Date(1544405636620)/", "TSecs": 4348, "CMsgs": 2431, "Alt": 1750, "GAlt": 2019, "InHg": 30.1889763, "AltT": 0, "TAlt": 18016, "Call": "DAL973", "Lat": 40.871098, "Long": -73.798286, "PosTime": 1544409984000, "Mlat": false, "Tisb": false, "Spd": 170.0, "Trak": 225.2, "TrkH": false, "TTrk": 113.203125, "Type": "B739", "Mdl": "2013 BOEING 737-932ER", "Man": "Boeing", "CNum": "31917", "From": "KJFK John F Kennedy, New York, United States", "To": "KLAX Los Angeles, United States", "Op": "Delta Air Lines", "OpIcao": "DAL", "Sqk": "4123", "Help": false, "Vsi": -128, "VsiT": 1, "Dst": 25.46, "Brng": 356.8, "WTC": 2, "Species": 1, "Engines": "2", "EngType": 3, "EngMount": 0, "Mil": false, "Cou": "United States", "HasPic": false, "Interested": false, "FlightsCount": 0, "Gnd": false, "SpdTyp": 0, "CallSus": false, "Trt": 5, "Year": "2013"}, {"Id": 11209373, "Rcvr": 1, "HasSig": true, "Sig": 183, "Icao": "AB0A9D", "Bad": false, "Reg": "N810NW", "FSeen": "/Date(1544405334360)/", "TSecs": 4650, "CMsgs": 2605, "Alt": 35000, "GAlt": 35310, "InHg": 30.2303143, "AltT": 0, "Call": "DAL74", "Lat": 40.730713, "Long": -73.704834, "PosTime": 1544409983992, "Mlat": false, "Tisb": false, "Spd": 558.6, "Trak": 58.2, "TrkH": false, "Type": "A333", "Mdl": "2005 AIRBUS A330-323", "Man": "Airbus", "CNum": "0674", "From": "KMIA Miami, United States", "To": "EHAM Amsterdam Airport Schiphol, Netherlands", "Stops": ["KATL Hartsfield Jackson Atlanta, United States"], "Op": "DELTA AIR LINES INC     - ATLANTA, GA", "OpIcao": "DAL", "Sqk": "2502", "Help": false, "Vsi": 0, "VsiT": 0, "Dst": 11.74, "Brng": 33.3, "WTC": 3, "Species": 1, "Engines": "2", "EngType": 3, "EngMount": 0, "Mil": false, "Cou": "United States", "HasPic": false, "Interested": false, "FlightsCount": 0, "Gnd": false, "SpdTyp": 0, "CallSus": false, "Trt": 2, "Year": "2005"}, {"Id": 4221599, "Rcvr": 1, "HasSig": true, "Sig": 150, "Icao": "406A9F", "Bad": false, "Reg": "G-ZBJH", "FSeen": "/Date(1544405216349)/", "TSecs": 4768, "CMsgs": 2703, "Alt": 40975, "GAlt": 40963, "InHg": 29.9080849, "AltT": 0, "TAlt": 40992, "Call": "BAW222", "Lat": 40.517113, "Long": -73.622506, "PosTime": 1544409983991, "Mlat": false, "Tisb": false, "Spd": 588.4, "Trak": 69.2, "TrkH": false, "TTrk": 78.046875, "Type": "B788", "Mdl": "Boeing 787 8", "Man": "Boeing", "CNum": "38615", "From": "KBNA Nashville, United States", "To": "EGLL London Heathrow, United Kingdom", "Op": "British Airways", "OpIcao": "BAW", "Sqk": "3331", "Help": false, "Vsi": 0, "VsiT": 0, "Dst": 19.34, "Brng": 136.1, "WTC": 3, "Species": 1, "Engines": "2", "EngType": 3, "EngMount": 0, "Mil": false, "Cou": "United Kingdom", "HasPic": false, "Interested": false, "FlightsCount": 0, "Gnd": false, "SpdTyp": 0, "CallSus": false, "Trt": 5, "Year": "2014"}, {"Id": 10810094, "Rcvr": 1, "HasSig": true, "Sig": 205, "Icao": "A4F2EE", "Bad": false, "Reg": "N418MC", "FSeen": "/Date(1544405149549)/", "TSecs": 4835, "CMsgs": 2634, "Alt": 1750, "GAlt": 2051, "InHg": 30.2214565, "AltT": 0, "Call": "QFA7589", "Lat": 40.595306, "Long": -73.652588, "PosTime": 1544409983989, "Mlat": false, "Tisb": false, "Spd": 164.1, "Trak": 300.8, "TrkH": false, "Type": "B744", "Mdl": "2002 BOEING 747-47UF", "Man": "Boeing", "CNum": "32840", "From": "YSSY Sydney Kingsford Smith, Australia", "To": "KJFK John F Kennedy, New York, United States", "Stops": ["ZSPD Shanghai Pudong, China", "PANC Ted Stevens Anchorage, United States"], "Op": "ATLAS AIR", "OpIcao": "GTI", "Sqk": "7201", "Help": false, "Vsi": 0, "VsiT": 0, "Dst": 12.06, "Brng": 115.7, "WTC": 3, "Species": 1, "Engines": "4", "EngType": 3, "EngMount": 0, "Mil": false, "Cou": "United States", "HasPic": false, "Interested": false, "FlightsCount": 0, "Gnd": false, "SpdTyp": 0, "CallSus": false, "Trt": 2, "Year": "2002"}, {"Id": 11225320, "Rcvr": 1, "HasSig": true, "Sig": 188, "Icao": "AB48E8", "Bad": false, "Reg": "N826UA", "FSeen": "/Date(1544404599036)/", "TSecs": 5385, "CMsgs": 2842, "Alt": 3175, "GAlt": 3444, "InHg": 30.1889763, "AltT": 0, "Call": "UAL1823", "Lat": 40.776548, "Long": -73.795416, "PosTime": 1544409982128, "Mlat": true, "Tisb": false, "Spd": 448.8, "Trak": 45.2, "TrkH": false, "Type": "A319", "Mdl": "1999 AIRBUS INDUSTRIE A319-131", "Man": "Airbus", "CNum": "0989", "From": "KSEA Seattle Tacoma, United States", "To": "KSFO San Francisco, United States", "Op": "United Airlines", "OpIcao": "UAL", "Sqk": "7233", "Help": false, "Vsi": -2048, "VsiT": 0, "Dst": 14.95, "Brng": 355.4, "WTC": 2, "Species": 1, "Engines": "2", "EngType": 3, "EngMount": 0, "Mil": false, "Cou": "United States", "HasPic": false, "Interested": false, "FlightsCount": 0, "Gnd": false, "SpdTyp": 0, "CallSus": true, "Trt": 2, "Year": "1999"}, {"Id": 10509012, "Rcvr": 1, "HasSig": true, "Sig": 59, "Icao": "A05AD4", "Bad": false, "Reg": "N12175", "FSeen": "/Date(1544404507523)/", "TSecs": 5477, "CMsgs": 2589, "Alt": -250, "GAlt": 51, "InHg": 30.2214565, "AltT": 0, "Call": "UCA4987", "Lat": 40.706161, "Long": -74.160711, "PosTime": 1544409501079, "Mlat": true, "PosStale": true, "Tisb": false, "Spd": 302.2, "Trak": 219.7, "TrkH": false, "Type": "E45X", "Mdl": "2004 EMBRAER EMB-145XR", "Man": "Embraer", "CNum": "14500878", "Op": "WELLS FARGO BANK NORTHWEST NA TRUSTEE     - SALT LAKE CITY, UT", "OpIcao": "UCA", "Sqk": "6212", "Help": false, "Vsi": -1024, "VsiT": 0, "Dst": 32.77, "Brng": 282.6, "WTC": 2, "Species": 1, "Engines": "2", "EngType": 3, "EngMount": 1, "Mil": false, "Cou": "United States", "HasPic": false, "Interested": false, "FlightsCount": 0, "Gnd": true, "SpdTyp": 0, "CallSus": false, "Trt": 2, "Year": "2004"}, {"Id": 10985960, "Rcvr": 1, "HasSig": true, "Sig": 9, "Icao": "A7A1E8", "Bad": false, "Reg": "N591JB", "FSeen": "/Date(1544403672835)/", "TSecs": 6312, "CMsgs": 3447, "Alt": 3725, "GAlt": 4020, "InHg": 30.2151985, "AltT": 0, "TAlt": 4000, "Call": "JBU698", "Lat": 40.639435, "Long": -74.005737, "PosTime": 1544409978410, "Mlat": false, "Tisb": false, "Spd": 266.4, "Trak": 35.8, "TrkH": false, "TTrk": 0.0, "Type": "A320", "Mdl": "2004 AIRBUS A320-232", "Man": "Airbus", "CNum": "2246", "From": "KMCO Orlando, United States", "To": "KLGA La Guardia, New York, United States", "Op": "JetBlue Airways", "OpIcao": "JBU", "Sqk": "7322", "Help": false, "Vsi": 0, "VsiT": 0, "Dst": 18.94, "Brng": 269.0, "WTC": 2, "Species": 1, "Engines": "2", "EngType": 3, "EngMount": 0, "Mil": false, "Cou": "United States", "HasPic": false, "Interested": false, "FlightsCount": 0, "Gnd": false, "SpdTyp": 0, "CallSus": false, "Trt": 2, "Year": "2004"}, {"Id": 10956578, "Rcvr": 1, "HasSig": true, "Sig": 93, "Icao": "A72F22", "Bad": false, "Reg": "N562JB", "FSeen": "/Date(1544403419239)/", "TSecs": 6565, "CMsgs": 2886, "Alt": -250, "GAlt": 69, "InHg": 30.2388229, "AltT": 0, "TAlt": 3008, "Call": "JBU1818", "Lat": 40.633186, "Long": -73.768875, "PosTime": 1544406818351, "Mlat": false, "PosStale": true, "Tisb": false, "Spd": 0.0, "Trak": 210.9, "TrkH": false, "TTrk": 0.0, "Type": "A320", "Mdl": "2003 AIRBUS A320-232", "Man": "Airbus", "CNum": "1948", "From": "TTPP Piarco, Port of Spain, Trinidad and Tobago", "To": "KJFK John F Kennedy, New York, United States", "Op": "JetBlue Airways", "OpIcao": "JBU", "Sqk": "2666", "Help": false, "Vsi": -640, "VsiT": 0, "Dst": 1.47, "Brng": 134.6, "WTC": 2, "Species": 1, "Engines": "2", "EngType": 3, "EngMount": 0, "Mil": false, "Cou": "United States", "HasPic": false, "Interested": false, "FlightsCount": 0, "Gnd": true, "SpdTyp": 0, "CallSus": false, "Trt": 5, "Year": "2003"}, {"Id": 11236382, "Rcvr": 1, "HasSig": true, "Sig": 80, "Icao": "AB741E", "Bad": false, "Reg": "N837UA", "FSeen": "/Date(1544402095021)/", "TSecs": 7889, "CMsgs": 4299, "Alt": 0, "GAlt": 295, "InHg": 30.2151985, "AltT": 0, "TAlt": 3008, "Call": "UAL1935", "Lat": 40.709606, "Long": -74.153907, "PosTime": 1544409978389, "Mlat": false, "Tisb": false, "Spd": 135.1, "Trak": 206.4, "TrkH": false, "TTrk": 189.84375, "Type": "A319", "Mdl": "2001 AIRBUS INDUSTRIE A319-131", "Man": "Airbus", "CNum": "1474", "From": "KMSP Minneapolis-St Paul International/Wold-Chamberlain, Minneapolis, United States", "To": "KDEN Denver, United States", "Op": "United Airlines", "OpIcao": "UAL", "Sqk": "7024", "Help": false, "Vsi": -832, "VsiT": 1, "Dst": 32.3, "Brng": 283.5, "WTC": 2, "Species": 1, "Engines": "2", "EngType": 3, "EngMount": 0, "Mil": false, "Cou": "United States", "HasPic": false, "Interested": false, "FlightsCount": 0, "Gnd": false, "SpdTyp": 0, "CallSus": false, "Trt": 5, "Year": "2001"}, {"Id": 10716703, "Rcvr": 1, "HasSig": true, "Sig": 23, "Icao": "A3861F", "Bad": false, "Reg": "N326RP", "FSeen": "/Date(1544401665874)/", "TSecs": 8319, "CMsgs": 4543, "Alt": 1097, "GAlt": 1366, "InHg": 30.1889763, "AltT": 0, "TAlt": 2016, "Call": "AAL2352", "Lat": 40.776723, "Long": -73.877938, "PosTime": 1544409928083, "Mlat": false, "Tisb": false, "Spd": 90.0, "Trak": 213.5, "TrkH": false, "TTrk": 227.8125, "Type": "B38M", "Mdl": "Boeing 737MAX 8", "Man": "Boeing", "CNum": "44456", "From": "KDFW Dallas Fort Worth, Dallas-Fort Worth, United States", "To": "KDFW Dallas Fort Worth, Dallas-Fort Worth, United States", "Stops": ["KSFO San Francisco, United States"], "Op": "American Airlines", "OpIcao": "AAL", "Sqk": "1315", "Help": false, "Vsi": -192, "VsiT": 0, "Dst": 17.01, "Brng": 331.4, "WTC": 2, "Species": 1, "Engines": "2", "EngType": 3, "EngMount": 0, "Mil": false, "Cou": "United States", "HasPic": false, "Interested": false, "FlightsCount": 0, "Gnd": true, "SpdTyp": 0, "CallSus": false, "Trt": 5, "Year": "2018"}, {"Id": 11105991, "Rcvr": 1, "HasSig": true, "Sig": 90, "Icao": "A976C7", "Bad": false, "Reg": "N709JB", "FSeen": "/Date(1544401007411)/", "TSecs": 8977, "CMsgs": 3931, "Alt": -250, "GAlt": 60, "InHg": 30.2303143, "AltT": 0, "TAlt": 35008, "Call": "JBU1295", "Lat": 40.632591, "Long": -73.767609, "PosTime": 1544406221112, "Mlat": false, "PosStale": true, "Tisb": false, "Spd": 0.0, "Trak": 120.9, "TrkH": false, "TTrk": 0.0, "Type": "A320", "Mdl": "2008 AIRBUS A320-232", "Man": "Airbus", "CNum": "3488", "From": "KJFK John F Kennedy, New York, United States", "To": "KAUS Austin Bergstrom, United States", "Op": "JetBlue Airways", "OpIcao": "JBU", "Sqk": "1553", "Help": false, "Vsi": -128, "VsiT": 0, "Dst": 1.59, "Brng": 133.6, "WTC": 2, "Species": 1, "Engines": "2", "EngType": 3, "EngMount": 0, "Mil": false, "Cou": "United States", "HasPic": false, "Interested": false, "FlightsCount": 0, "Gnd": true, "SpdTyp": 0, "CallSus": false, "Trt": 5, "Year": "2008"}, {"Id": 11346164, "Rcvr": 1, "HasSig": false, "Icao": "AD20F4", "Bad": false, "Reg": "N945NN", "FSeen": "/Date(1544400325371)/", "TSecs": 9659, "CMsgs": 4171, "Alt": 450, "GAlt": 760, "InHg": 30.2303143, "AltT": 0, "TAlt": 4992, "Call": "AAL1434", "Lat": 40.628468, "Long": -73.725815, "PosTime": 1544409983949, "Mlat": false, "Tisb": false, "Spd": 141.0, "Trak": 300.5, "TrkH": false, "TTrk": 51.328125, "Type": "B738", "Mdl": "2014 BOEING 737-823", "Man": "Boeing", "CNum": "33233", "From": "KBOS General Edward Lawrence Logan, Boston, United States", "To": "PANC Ted Stevens Anchorage, United States", "Stops": ["KPHX Phoenix Sky Harbor, United States"], "Op": "American Airlines", "OpIcao": "AAL", "Sqk": "6113", "Help": false, "Vsi": -896, "VsiT": 0, "Dst": 4.93, "Brng": 108.4, "WTC": 2, "Species": 1, "Engines": "2", "EngType": 3, "EngMount": 0, "Mil": false, "Cou": "United States", "HasPic": false, "Interested": false, "FlightsCount": 0, "Gnd": false, "SpdTyp": 0, "CallSus": false, "Trt": 2, "Year": "2014"}, {"Id": 10957529, "Rcvr": 1, "HasSig": true, "Sig": 152, "Icao": "A732D9", "Bad": false, "Reg": "N563JB", "FSeen": "/Date(1544399788581)/", "TSecs": 10196, "CMsgs": 4370, "Alt": 5739, "GAlt": 6058, "InHg": 30.2388229, "AltT": 0, "TAlt": 2016, "Call": "JBU135", "Lat": 40.629398, "Long": -73.769943, "PosTime": 1544405433708, "Mlat": false, "PosStale": true, "Tisb": false, "Spd": 0.0, "Trak": 239.1, "TrkH": false, "TTrk": 279.84375, "Type": "A320", "Mdl": "2003 AIRBUS A320-232", "Man": "Airbus", "CNum": "2006", "From": "KJFK John F Kennedy, New York, United States", "To": "KRSW Southwest Florida, Fort Myers, United States", "Op": "JetBlue Airways", "OpIcao": "JBU", "Sqk": "7165", "Help": false, "Vsi": -576, "VsiT": 0, "Dst": 1.74, "Brng": 146.7, "WTC": 2, "Species": 1, "Engines": "2", "EngType": 3, "EngMount": 0, "Mil": false, "Cou": "United States", "HasPic": false, "Interested": false, "FlightsCount": 0, "Gnd": true, "SpdTyp": 0, "CallSus": false, "Trt": 5, "Year": "2003"}, {"Id": 10725814, "Rcvr": 1, "HasSig": false, "Icao": "A3A9B6", "Bad": false, "Reg": "N335PQ", "FSeen": "/Date(1544395928937)/", "TSecs": 14056, "CMsgs": 5747, "Alt": 325, "GAlt": 615, "InHg": 30.2096462, "AltT": 0, "TAlt": 27008, "Call": "EDV5198", "Lat": 40.80476, "Long": -73.854591, "PosTime": 1544409983997, "Mlat": false, "Tisb": false, "Spd": 127.0, "Trak": 213.2, "TrkH": false, "TTrk": 60.46875, "Type": "CRJ9", "Mdl": "2014 BOMBARDIER INC CL-600-2D24", "Man": "Bombardier", "CNum": "15335", "Op": "WELLS FARGO BANK NORTHWEST NA TRUSTEE     - SALT LAKE CITY, UT", "OpIcao": "EDV", "Sqk": "4175", "Help": false, "Vsi": -640, "VsiT": 0, "Dst": 19.07, "Brng": 341.1, "WTC": 2, "Species": 1, "Engines": "2", "EngType": 3, "EngMount": 1, "Mil": false, "Cou": "United States", "HasPic": false, "Interested": false, "FlightsCount": 0, "Gnd": false, "SpdTyp": 0, "CallSus": false, "Trt": 5, "Year": "2014"}, {"Id": 10958480, "Rcvr": 1, "HasSig": true, "Sig": 80, "Icao": "A73690", "Bad": false, "Reg": "N564JB", "FSeen": "/Date(1544395614359)/", "TSecs": 14370, "CMsgs": 5586, "Alt": -250, "GAlt": 60, "InHg": 30.2303143, "AltT": 0, "TAlt": 18016, "Call": "JBU922", "Lat": 40.633633, "Long": -73.769897, "PosTime": 1544408021116, "Mlat": false, "PosStale": true, "Tisb": false, "Spd": 9.5, "Trak": 210.9, "TrkH": false, "TTrk": 0.0, "Type": "A320", "Mdl": "2003 AIRBUS A320-232", "Man": "Airbus", "CNum": "2020", "From": "KORD Chicago O'Hare, United States", "To": "KBOS General Edward Lawrence Logan, Boston, United States", "Op": "JetBlue Airways", "OpIcao": "JBU", "Sqk": "2000", "Help": false, "Vsi": 256, "VsiT": 0, "Dst": 1.38, "Brng": 135.7, "WTC": 2, "Species": 1, "Engines": "2", "EngType": 3, "EngMount": 0, "Mil": false, "Cou": "United States", "HasPic": false, "Interested": false, "FlightsCount": 0, "Gnd": true, "SpdTyp": 0, "CallSus": false, "Trt": 5, "Year": "2003"}, {"Id": 10600684, "Rcvr": 1, "HasSig": true, "Sig": 24, "Icao": "A1C0EC", "Bad": false, "Reg": "N21197", "FSeen": "/Date(1544394335308)/", "TSecs": 15649, "CMsgs": 6157, "Alt": 47500, "GAlt": 47801, "InHg": 30.2214565, "AltT": 0, "Call": "UCA4897", "Lat": 40.714122, "Long": -74.151223, "PosTime": 1544409405693, "Mlat": true, "PosStale": true, "Tisb": false, "Spd": 269.0, "Trak": 207.1, "TrkH": false, "Type": "E45X", "Mdl": "EMB-145XR", "Man": "Embraer", "CNum": "14500947", "Op": "Commutair", "OpIcao": "UCA", "Sqk": "1301", "Help": false, "Vsi": 36, "VsiT": 0, "Dst": 32.2, "Brng": 284.4, "WTC": 2, "Species": 1, "Engines": "2", "EngType": 3, "EngMount": 1, "Mil": false, "Cou": "United States", "HasPic": true, "PicX": 1024, "PicY": 683, "Interested": false, "FlightsCount": 0, "Gnd": true, "SpdTyp": 0, "CallSus": false, "Trt": 2, "Year": "2006"}, {"Id": 10565200, "Rcvr": 1, "HasSig": false, "Icao": "A13650", "Bad": false, "Reg": "N17752", "FSeen": "/Date(1544393703052)/", "TSecs": 16281, "CMsgs": 5437, "Alt": -250, "GAlt": 69, "InHg": 30.239172, "AltT": 0, "Lat": 40.714867, "Long": -74.150973, "PosTime": 1544409291963, "Mlat": true, "PosStale": true, "Tisb": false, "Spd": 493.0, "Trak": 42.7, "TrkH": false, "Type": "B737", "Mdl": "1999 BOEING 737-71Q", "Man": "Boeing", "CNum": "29048", "Op": "United Airlines", "OpIcao": "UAL", "Sqk": "3351", "Help": false, "Vsi": 0, "VsiT": 0, "Dst": 32.2, "Brng": 284.6, "WTC": 2, "Species": 1, "Engines": "2", "EngType": 3, "EngMount": 0, "Mil": false, "Cou": "United States", "HasPic": false, "Interested": false, "FlightsCount": 0, "Gnd": true, "SpdTyp": 0, "CallSus": false, "Trt": 2, "Year": "1999"}, {"Id": 10508801, "Rcvr": 1, "HasSig": false, "Icao": "A05A01", "Bad": false, "Reg": "N12114", "FSeen": "/Date(1544393607897)/", "TSecs": 16377, "CMsgs": 8143, "Alt": 1975, "GAlt": 2256, "InHg": 30.2007866, "AltT": 0, "TAlt": 2496, "Call": "UAL2133", "Lat": 40.791538, "Long": -74.101906, "PosTime": 1544409983929, "Mlat": false, "Tisb": false, "Spd": 187.0, "Trak": 204.9, "TrkH": false, "TTrk": 189.84375, "Type": "B752", "Mdl": "1995 BOEING 757-224", "Man": "Boeing", "CNum": "27556", "From": "KEWR Newark Liberty, United States", "To": "VHHH Chek Lap Kok, Hong Kong, Hong Kong", "Op": "United Airlines", "OpIcao": "UAL", "Sqk": "7636", "Help": false, "Vsi": -1216, "VsiT": 0, "Dst": 31.7, "Brng": 301.6, "WTC": 2, "Species": 1, "Engines": "2", "EngType": 3, "EngMount": 0, "Mil": false, "Cou": "United States", "HasPic": false, "Interested": false, "FlightsCount": 0, "Gnd": false, "SpdTyp": 0, "CallSus": false, "Trt": 5, "Year": "1995"}, {"Id": 11370095, "Rcvr": 1, "HasSig": true, "Sig": 189, "Icao": "AD7E6F", "Bad": false, "Reg": "N969JT", "FSeen": "/Date(1544391134106)/", "TSecs": 18850, "CMsgs": 8426, "Alt": 15950, "GAlt": 16245, "InHg": 30.2151985, "AltT": 0, "TAlt": 16000, "Call": "JBU516", "Lat": 40.748803, "Long": -74.091173, "PosTime": 1544409983935, "Mlat": false, "Tisb": false, "Spd": 331.7, "Trak": 164.1, "TrkH": false, "TTrk": 180.0, "Type": "A321", "Mdl": "Airbus A321 231SL", "Man": "Airbus", "CNum": "7353", "From": "KSFO San Francisco, United States", "To": "KJFK John F Kennedy, New York, United States", "Op": "JetBlue Airways", "OpIcao": "JBU", "Sqk": "1341", "Help": false, "Vsi": -1408, "VsiT": 1, "Dst": 28.68, "Brng": 294.4, "WTC": 2, "Species": 1, "Engines": "2", "EngType": 3, "EngMount": 0, "Mil": false, "Cou": "United States", "HasPic": false, "Interested": false, "FlightsCount": 0, "Gnd": false, "SpdTyp": 0, "CallSus": false, "Trt": 5, "Year": "2016"}, {"Id": 11120751, "Rcvr": 1, "HasSig": false, "Icao": "A9B06F", "Bad": false, "Reg": "N723TW", "FSeen": "/Date(1544389849194)/", "TSecs": 20135, "CMsgs": 8695, "Alt": 5775, "GAlt": 6070, "InHg": 30.2151985, "AltT": 0, "TAlt": 3008, "Call": "DAL1164", "Lat": 40.645364, "Long": -73.762894, "PosTime": 1544409346612, "Mlat": false, "PosStale": true, "Tisb": false, "Spd": 25.0, "Trak": 120.9, "TrkH": false, "TTrk": 314.296875, "Type": "B752", "Mdl": "2000 BOEING 757-231", "Man": "Boeing", "CNum": "29378", "From": "KJFK John F Kennedy, New York, United States", "To": "KBOS General Edward Lawrence Logan, Boston, United States", "Op": "DELTA AIR LINES INC     - ATLANTA, GA", "OpIcao": "DAL", "Sqk": "3704", "Help": false, "Vsi": -448, "VsiT": 0, "Dst": 1.58, "Brng": 78.3, "WTC": 2, "Species": 1, "Engines": "2", "EngType": 3, "EngMount": 0, "Mil": false, "Cou": "United States", "HasPic": false, "Interested": false, "FlightsCount": 0, "Gnd": false, "SpdTyp": 0, "CallSus": false, "Trt": 5, "Year": "2000"}, {"Id": 11363438, "Rcvr": 1, "HasSig": true, "Sig": 165, "Icao": "AD646E", "Bad": false, "Reg": "N962JT", "FSeen": "/Date(1544389410137)/", "TSecs": 20574, "CMsgs": 8977, "Alt": -250, "GAlt": 60, "InHg": 30.2303143, "AltT": 0, "TAlt": 4000, "Call": "JBU190", "Lat": 40.642769, "Long": -73.771088, "PosTime": 1544407308757, "Mlat": false, "PosStale": true, "Tisb": false, "Spd": 0.0, "Trak": 199.7, "TrkH": false, "TTrk": 250.0, "Type": "A321", "Mdl": "Airbus A321 231SL", "Man": "Airbus", "CNum": "6988", "From": "KSAN San Diego, United States", "To": "KJFK John F Kennedy, New York, United States", "Op": "JetBlue Airways", "OpIcao": "JBU", "Sqk": "2000", "Help": false, "Vsi": -1280, "VsiT": 0, "Dst": 0.86, "Brng": 87.9, "WTC": 2, "Species": 1, "Engines": "2", "EngType": 3, "EngMount": 0, "Mil": false, "Cou": "United States", "HasPic": false, "Interested": false, "FlightsCount": 0, "Gnd": true, "SpdTyp": 0, "CallSus": false, "Trt": 4, "Year": "2016"}, {"Id": 11039969, "Rcvr": 1, "HasSig": true, "Sig": 186, "Icao": "A874E1", "Bad": false, "Reg": "N644JB", "FSeen": "/Date(1544388012197)/", "TSecs": 21972, "CMsgs": 9960, "Alt": -250, "GAlt": 69, "InHg": 30.2388229, "AltT": 0, "TAlt": 3008, "Call": "JBU514", "Lat": 40.63262, "Long": -73.767653, "PosTime": 1544406726283, "Mlat": false, "PosStale": true, "Tisb": false, "Spd": 0.0, "Trak": 188.4, "TrkH": false, "TTrk": 0.0, "Type": "A320", "Mdl": "2006 AIRBUS A320-232", "Man": "Airbus", "CNum": "2880", "From": "KLGB Long Beach /Daugherty Field/, United States", "To": "KJFK John F Kennedy, New York, United States", "Op": "JetBlue Airways", "OpIcao": "JBU", "Sqk": "2000", "Help": false, "Vsi": -128, "VsiT": 0, "Dst": 1.59, "Brng": 133.6, "WTC": 2, "Species": 1, "Engines": "2", "EngType": 3, "EngMount": 0, "Mil": false, "Cou": "United States", "HasPic": false, "Interested": false, "FlightsCount": 0, "Gnd": true, "SpdTyp": 0, "CallSus": false, "Trt": 5, "Year": "2006"}, {"Id": 10502794, "Rcvr": 1, "HasSig": true, "Sig": 95, "Icao": "A0428A", "Bad": false, "Reg": "N116AN", "FSeen": "/Date(1544385987556)/", "TSecs": 23997, "CMsgs": 9331, "Alt": -225, "GAlt": 65, "InHg": 30.2096462, "AltT": 0, "TAlt": 3008, "Call": "AAL185", "Lat": 40.633286, "Long": -73.779747, "PosTime": 1544409717640, "Mlat": false, "PosStale": true, "Tisb": false, "Spd": 8.0, "Trak": 210.9, "TrkH": false, "TTrk": 0.0, "Type": "A321", "Mdl": "2014 AIRBUS INDUSTRIE A321-231", "Man": "Airbus", "CNum": "6070", "From": "KJFK John F Kennedy, New York, United States", "To": "KLAX Los Angeles, United States", "Op": "American Airlines", "OpIcao": "AAL", "Sqk": "3041", "Help": false, "Vsi": -64, "VsiT": 0, "Dst": 1.03, "Brng": 172.8, "WTC": 2, "Species": 1, "Engines": "2", "EngType": 3, "EngMount": 0, "Mil": false, "Cou": "United States", "HasPic": false, "Interested": false, "FlightsCount": 0, "Gnd": true, "SpdTyp": 0, "CallSus": false, "Trt": 5, "Year": "2014"}, {"Id": 4704458, "Rcvr": 1, "HasSig": true, "Sig": 97, "Icao": "47C8CA", "Bad": false, "Reg": "LN-LNT", "FSeen": "/Date(1544379975297)/", "TSecs": 30009, "CMsgs": 5969, "Alt": -250, "GAlt": 60, "InHg": 30.2303143, "AltT": 0, "TAlt": 4992, "Call": "NAX3RV", "Lat": 40.633884, "Long": -73.772995, "PosTime": 1544409212133, "Mlat": false, "Tisb": false, "Spd": 14.5, "Trak": 315.0, "TrkH": false, "TTrk": 350.15625, "Type": "B789", "Mdl": "Boeing 787 9", "Man": "Boeing", "CNum": "38774", "Op": "Norwegian", "OpIcao": "NAX", "Sqk": "6037", "Help": false, "Vsi": 0, "VsiT": 0, "Dst": 1.18, "Brng": 143.8, "WTC": 3, "Species": 1, "Engines": "2", "EngType": 3, "EngMount": 0, "Mil": false, "Cou": "Norway", "HasPic": false, "Interested": false, "FlightsCount": 0, "Gnd": true, "SpdTyp": 0, "CallSus": false, "Trt": 5, "Year": "2017", "Sat": true}], "totalAc": 4931, "lastDv": "636797564769858983", "shtTrlSec": 65, "stm": 1544409984562}