{"src": 1, "feeds": [{"id": 1, "name": "From Cons", "polarPlot": false}], "srcFeed": 1, "showSil": true, "showFlg": true, "showPic": true, "flgH": 20, "flgW": 85, "acList": [{"Id": 4224449, "Rcvr": 1, "HasSig": false, "Icao": "4075C1", "Bad": false, "Reg": "G-CKWN", "FSeen": "/Date(1544406310700)/", "TSecs": 34, "CMsgs": 4, "InHg": 30.2303143, "AltT": 0, "Call": "NRS18U", "Lat": 40.651978, "Long": -73.774597, "PosTime": 1544406310700, "Mlat": false, "Tisb": false, "Spd": 11.0, "Trak": 135.0, "TrkH": false, "Type": "B789", "Mdl": "Boeing 787 9", "Man": "Boeing", "CNum": "63317", "Op": "Norwegian Air UK", "OpIcao": "NRS", "Sqk": "", "VsiT": 0, "Dst": 1.2, "Brng": 28.1, "WTC": 3, "Species": 1, "Engines": "2", "EngType": 3, "EngMount": 0, "Mil": false, "Cou": "United Kingdom", "HasPic": false, "Interested": false, "FlightsCount": 0, "Gnd": true, "SpdTyp": 0, "CallSus": false, "Trt": 2, "Year": "2018"}, {"Id": 11260646, "Rcvr": 1, "HasSig": true, "Sig": 204, "Icao": "ABD2E6", "Bad": false, "Reg": "N861DN", "FSeen": "/Date(1544406157644)/", "TSecs": 187, "CMsgs": 107, "Alt": 8375, "GAlt": 8694, "InHg": 30.2388229, "AltT": 0, "TAlt": 11008, "Call": "DAL2992", "Lat": 40.498489, "Long": -73.988281, "PosTime": 1544406344506, "Mlat": false, "Tisb": false, "Spd": 282.3, "Trak": 211.4, "TrkH": false, "TTrk": 225.703125, "Type": "B739", "Mdl": "Boeing 737NG 932ER/W", "Man": "Boeing", "CNum": "31973", "From": "KSAN San Diego, United States", "To": "KFLL Fort Lauderdale Hollywood, United States", "Stops": ["KATL Hartsfield Jackson Atlanta, United States"], "Op": "Delta Air Lines", "OpIcao": "DAL", "Sqk": "1654", "Help": false, "Vsi": 3072, "VsiT": 1, "Dst": 23.71, "Brng": 227.6, "WTC": 2, "Species": 1, "Engines": "2", "EngType": 3, "EngMount": 0, "Mil": false, "Cou": "United States", "HasPic": false, "Interested": false, "FlightsCount": 0, "Gnd": false, "SpdTyp": 0, "CallSus": false, "Trt": 5}, {"Id": 10753275, "Rcvr": 1, "HasSig": false, "Icao": "A414FB", "Bad": false, "Reg": "N362NW", "FSeen": "/Date(1544405915381)/", "TSecs": 429, "CMsgs": 26, "Alt": 325, "GAlt": 667, "InHg": 30.26245, "AltT": 0, "TAlt": 4992, "Call": "DAL2747", "Lat": 40.632562, "Long": -73.777376, "PosTime": 1544406335426, "Mlat": false, "Tisb": false, "Spd": 165.0, "Trak": 210.6, "TrkH": false, "TTrk": 225.0, "Type": "A320", "Mdl": "1998 AIRBUS INDUSTRIE A320-212", "Man": "Airbus", "CNum": "0911", "From": "KLGA La Guardia, New York, United States", "To": "KATL Hartsfield Jackson Atlanta, United States", "Op": "Delta Air Lines", "OpIcao": "DAL", "Sqk": "1141", "Help": false, "Vsi": 3136, "VsiT": 1, "Dst": 1.15, "Brng": 163.4, "WTC": 2, "Species": 1, "Engines": "2", "EngType": 3, "EngMount": 0, "Mil": false, "Cou": "United States", "HasPic": false, "Interested": false, "FlightsCount": 0, "Gnd": false, "SpdTyp": 0, "CallSus": false, "Trt": 5, "Year": "1998"}, {"Id": 11237165, "Rcvr": 1, "HasSig": false, "Icao": "AB772D", "Bad": false, "Reg": "N838MH", "FSeen": "/Date(1544405270431)/", "TSecs": 1074, "CMsgs": 10, "Alt": 1254, "GAlt": 1564, "InHg": 30.2303143, "AltT": 0, "Lat": 40.65041, "Long": -73.771194, "PosTime": 1544406335425, "Mlat": false, "Tisb": false, "Spd": 2.0, "Trak": 123.4, "TrkH": false, "Type": "B764", "Mdl": "2001 BOEING 767-432ER", "Man": "Boeing", "CNum": "29711", "Op": "Delta Air Lines", "OpIcao": "DAL", "Sqk": "7116", "Help": false, "VsiT": 0, "Dst": 1.22, "Brng": 44.0, "WTC": 3, "Species": 1, "Engines": "2", "EngType": 3, "EngMount": 0, "Mil": false, "Cou": "United States", "HasPic": false, "Interested": false, "FlightsCount": 0, "Gnd": true, "SpdTyp": 0, "CallSus": false, "Trt": 2, "Year": "2001"}, {"Id": 10518677, "Rcvr": 1, "HasSig": true, "Sig": 196, "Icao": "A08095", "Bad": false, "Reg": "N131TD", "FSeen": "/Date(1544405191841)/", "TSecs": 1152, "CMsgs": 619, "Alt": 1250, "GAlt": 1540, "InHg": 30.2096462, "AltT": 0, "Call": "N131TD", "Lat": 40.691544, "Long": -74.10709, "PosTime": 1544406340659, "Mlat": true, "Tisb": false, "Spd": 91.0, "Trak": 270.7, "TrkH": false, "Type": "EC30", "Mdl": "Airbus Helicopters EC130 T2", "Man": "Airbus Helicopters", "CNum": "8159", "Op": "Airbus Helicopters Inc", "Sqk": "4121", "Help": false, "Vsi": -256, "VsiT": 0, "Dst": 28.02, "Brng": 281.3, "WTC": 1, "Species": 4, "Engines": "1", "EngType": 2, "EngMount": 0, "Mil": false, "Cou": "United States", "HasPic": false, "Interested": false, "FlightsCount": 0, "Gnd": false, "SpdTyp": 0, "CallSus": false, "Trt": 2, "Year": "2015"}, {"Id": 10738778, "Rcvr": 1, "HasSig": true, "Sig": 102, "Icao": "A3DC5A", "Bad": false, "Reg": "N348PQ", "FSeen": "/Date(1544405166447)/", "TSecs": 1178, "CMsgs": 617, "Alt": 21000, "GAlt": 21290, "InHg": 30.2096462, "AltT": 0, "TAlt": 12000, "Call": "EDV3434", "Lat": 40.562548, "Long": -73.836802, "PosTime": 1544406344486, "Mlat": false, "Tisb": false, "Spd": 432.1, "Trak": 45.5, "TrkH": false, "TTrk": 57.65625, "Type": "CRJ9", "Mdl": "2015 BOMBARDIER INC CL-600-2D24", "Man": "Bombardier", "CNum": "15348", "Op": "DELTA AIR LINES INC     - ATLANTA, GA", "OpIcao": "EDV", "Sqk": "3302", "Help": false, "Vsi": -64, "VsiT": 0, "Dst": 10.05, "Brng": 207.8, "WTC": 2, "Species": 1, "Engines": "2", "EngType": 3, "EngMount": 1, "Mil": false, "Cou": "United States", "HasPic": false, "Interested": false, "FlightsCount": 0, "Gnd": false, "SpdTyp": 0, "CallSus": false, "Trt": 2, "Year": "2015"}, {"Id": 4196158, "Rcvr": 1, "HasSig": false, "Icao": "40073E", "Bad": false, "Reg": "G-BYGF", "FSeen": "/Date(1544405138087)/", "TSecs": 1206, "CMsgs": 68, "Alt": 3425, "GAlt": 3735, "InHg": 30.2303143, "AltT": 0, "Call": "BAW116", "Lat": 40.535065, "Long": -73.788635, "PosTime": 1544406344507, "Mlat": false, "Tisb": false, "Spd": 267.0, "Trak": 130.6, "TrkH": false, "Type": "B744", "Mdl": "Boeing 747 436", "Man": "Boeing", "CNum": "25824", "From": "KJFK John F Kennedy, New York, United States", "To": "EGLL London Heathrow, United Kingdom", "Op": "British Airways", "OpIcao": "BAW", "Sqk": "2761", "Help": false, "Vsi": 3328, "VsiT": 0, "Dst": 11.96, "Brng": 183.0, "WTC": 3, "Species": 1, "Engines": "4", "EngType": 3, "EngMount": 0, "Mil": false, "Cou": "United Kingdom", "HasPic": false, "Interested": false, "FlightsCount": 0, "Gnd": false, "SpdTyp": 0, "CallSus": false, "Trt": 2, "Year": "1999"}, {"Id": 11152321, "Rcvr": 1, "HasSig": true, "Sig": 54, "Icao": "AA2BC1", "Bad": false, "Reg": "N75432", "FSeen": "/Date(1544405051299)/", "TSecs": 1293, "CMsgs": 453, "Alt": 10025, "GAlt": 10459, "InHg": 30.35433, "AltT": 0, "Call": "UAL421", "Lat": 40.865929, "Long": -73.942233, "PosTime": 1544406344487, "Mlat": false, "Tisb": false, "Spd": 346.1, "Trak": 49.5, "TrkH": false, "Type": "B739", "Mdl": "2009 BOEING 737-924ER", "Man": "Boeing", "CNum": "32835", "From": "KATL Hartsfield Jackson Atlanta, United States", "To": "KEWR Newark Liberty, United States", "Op": "United Airlines", "OpIcao": "UAL", "Sqk": "7103", "Help": false, "Vsi": 1536, "VsiT": 1, "Dst": 28.3, "Brng": 331.4, "WTC": 2, "Species": 1, "Engines": "2", "EngType": 3, "EngMount": 0, "Mil": false, "Cou": "United States", "HasPic": false, "Interested": false, "FlightsCount": 0, "Gnd": false, "SpdTyp": 0, "CallSus": false, "Trt": 2, "Year": "2009"}, {"Id": 5031192, "Rcvr": 1, "HasSig": false, "Icao": "4CC518", "Bad": false, "Reg": "TF-ISX", "FSeen": "/Date(1544405038816)/", "TSecs": 1306, "CMsgs": 124, "Alt": 5625, "GAlt": 5935, "InHg": 30.2303143, "AltT": 0, "Call": "ICE614", "Lat": 40.550304, "Long": -73.670006, "PosTime": 1544406344506, "Mlat": false, "Tisb": false, "Spd": 275.0, "Trak": 86.9, "TrkH": false, "Type": "B753", "Mdl": "Boeing 757 3E7/W", "Man": "Boeing", "CNum": "30179", "From": "KJFK John F Kennedy, New York, United States", "To": "BIKF Keflavik, Reykjav\u00edk, Iceland", "Op": "Icelandair", "OpIcao": "ICE", "Sqk": "1642", "Help": false, "Vsi": 2176, "VsiT": 0, "Dst": 13.9, "Brng": 137.5, "WTC": 2, "Species": 1, "Engines": "2", "EngType": 3, "EngMount": 0, "Mil": false, "Cou": "Iceland", "HasPic": false, "Interested": false, "FlightsCount": 0, "Gnd": false, "SpdTyp": 0, "CallSus": false, "Trt": 2, "Year": "2000"}, {"Id": 10509082, "Rcvr": 1, "HasSig": true, "Sig": 79, "Icao": "A05B1A", "Bad": false, "Reg": "N12195", "FSeen": "/Date(1544404851140)/", "TSecs": 1493, "CMsgs": 725, "Alt": 7250, "GAlt": 7540, "InHg": 30.2096462, "AltT": 0, "Call": "UCA4897", "Lat": 40.782578, "Long": -74.008118, "PosTime": 1544406208716, "Mlat": false, "PosStale": true, "Tisb": false, "Spd": 331.0, "Trak": 348.3, "TrkH": false, "Type": "E45X", "Mdl": "2005 EMBRAER EMB-145XR", "Man": "Embraer", "CNum": "14500943", "Op": "WELLS FARGO BANK NORTHWEST NA TRUSTEE     - SALT LAKE CITY, UT", "OpIcao": "UCA", "Sqk": "", "Vsi": 18, "VsiT": 0, "Dst": 24.66, "Brng": 309.2, "WTC": 2, "Species": 1, "Engines": "2", "EngType": 3, "EngMount": 1, "Mil": false, "Cou": "United States", "HasPic": false, "Interested": false, "FlightsCount": 0, "Gnd": false, "SpdTyp": 0, "CallSus": false, "Trt": 2, "Year": "2005"}, {"Id": 10494885, "Rcvr": 1, "HasSig": false, "Icao": "A023A5", "Bad": false, "Reg": "N108NN", "FSeen": "/Date(1544404695525)/", "TSecs": 1649, "CMsgs": 230, "Alt": 13650, "GAlt": 13940, "InHg": 30.2096462, "AltT": 0, "Call": "AAL300", "Lat": 40.874821, "Long": -73.571632, "PosTime": 1544406340664, "Mlat": false, "Tisb": false, "Spd": 345.0, "Trak": 326.7, "TrkH": false, "Type": "A321", "Mdl": "2014 AIRBUS INDUSTRIE A321-231", "Man": "Airbus", "CNum": "5946", "From": "KORD Chicago O'Hare, United States", "To": "KLAS McCarran, Las Vegas, United States", "Op": "American Airlines", "OpIcao": "AAL", "Sqk": "1142", "Help": false, "Vsi": 1984, "VsiT": 0, "Dst": 31.29, "Brng": 34.3, "WTC": 2, "Species": 1, "Engines": "2", "EngType": 3, "EngMount": 0, "Mil": false, "Cou": "United States", "HasPic": false, "Interested": false, "FlightsCount": 0, "Gnd": false, "SpdTyp": 0, "CallSus": false, "Trt": 2, "Year": "2014"}, {"Id": 11355213, "Rcvr": 1, "HasSig": true, "Sig": 84, "Icao": "AD444D", "Bad": false, "Reg": "N954JB", "FSeen": "/Date(1544404305601)/", "TSecs": 2039, "CMsgs": 1071, "Alt": 4075, "GAlt": 4394, "InHg": 30.2388229, "AltT": 0, "TAlt": 4000, "Call": "JBU410", "Lat": 40.413953, "Long": -73.571881, "PosTime": 1544406344475, "Mlat": false, "Tisb": false, "Spd": 262.0, "Trak": 29.5, "TrkH": false, "TTrk": 40.078125, "Type": "A321", "Mdl": "2015 AIRBUS A321-231", "Man": "Airbus", "CNum": "6725", "From": "MDSD Las Am\u00e9ricas, Santo Domingo, Dominican Republic", "To": "KJFK John F Kennedy, New York, United States", "Op": "JET BLUE AIRWAYS CORP     - LONG ISLAND CITY, NY", "OpIcao": "JBU", "Sqk": "1726", "Help": false, "Vsi": -1024, "VsiT": 1, "Dst": 30.97, "Brng": 145.1, "WTC": 2, "Species": 1, "Engines": "2", "EngType": 3, "EngMount": 0, "Mil": false, "Cou": "United States", "HasPic": false, "Interested": false, "FlightsCount": 0, "Gnd": false, "SpdTyp": 0, "CallSus": false, "Trt": 5, "Year": "2015"}, {"Id": 11335323, "Rcvr": 1, "HasSig": true, "Sig": 207, "Icao": "ACF69B", "Bad": false, "Reg": "N934XJ", "FSeen": "/Date(1544404065266)/", "TSecs": 2279, "CMsgs": 1275, "Alt": 21000, "GAlt": 20988, "InHg": 29.9080849, "AltT": 0, "TAlt": 20992, "Call": "EDV5284", "Lat": 40.66832, "Long": -73.637146, "PosTime": 1544406344462, "Mlat": false, "Tisb": false, "Spd": 445.6, "Trak": 38.4, "TrkH": false, "Type": "CRJ9", "Mdl": "2008 BOMBARDIER INC CL-600-2D24", "Man": "Bombardier", "CNum": "15198", "Op": "DELTA AIR LINES INC     - ATLANTA, GA", "OpIcao": "EDV", "Sqk": "2450", "Help": false, "Vsi": -64, "VsiT": 0, "Dst": 12.49, "Brng": 76.7, "WTC": 2, "Species": 1, "Engines": "2", "EngType": 3, "EngMount": 1, "Mil": false, "Cou": "United States", "HasPic": false, "Interested": false, "FlightsCount": 0, "Gnd": false, "SpdTyp": 0, "CallSus": false, "Trt": 5, "Year": "2008"}, {"Id": 10956578, "Rcvr": 1, "HasSig": true, "Sig": 200, "Icao": "A72F22", "Bad": false, "Reg": "N562JB", "FSeen": "/Date(1544403419123)/", "TSecs": 2925, "CMsgs": 1618, "Alt": 2725, "GAlt": 3044, "InHg": 30.2388229, "AltT": 0, "TAlt": 3008, "Call": "JBU1818", "Lat": 40.818026, "Long": -73.513704, "PosTime": 1544406344459, "Mlat": false, "Tisb": false, "Spd": 170.1, "Trak": 308.6, "TrkH": false, "TTrk": 319.921875, "Type": "A320", "Mdl": "2003 AIRBUS A320-232", "Man": "Airbus", "CNum": "1948", "From": "TTPP Piarco, Port of Spain, Trinidad and Tobago", "To": "KJFK John F Kennedy, New York, United States", "Op": "JetBlue Airways", "OpIcao": "JBU", "Sqk": "", "Vsi": -64, "VsiT": 1, "Dst": 29.82, "Brng": 49.0, "WTC": 2, "Species": 1, "Engines": "2", "EngType": 3, "EngMount": 0, "Mil": false, "Cou": "United States", "HasPic": false, "Interested": false, "FlightsCount": 0, "Gnd": false, "SpdTyp": 0, "CallSus": false, "Trt": 5, "Year": "2003"}, {"Id": 11308794, "Rcvr": 1, "HasSig": false, "Icao": "AC8EFA", "Bad": false, "Reg": "N908XJ", "FSeen": "/Date(1544403355323)/", "TSecs": 2989, "CMsgs": 1672, "Alt": 3750, "GAlt": 4060, "InHg": 30.2303143, "AltT": 0, "TAlt": 4000, "Call": "EDV5380", "Lat": 40.689835, "Long": -73.945984, "PosTime": 1544406340652, "Mlat": false, "Tisb": false, "Spd": 215.0, "Trak": 32.5, "TrkH": false, "TTrk": 49.921875, "Type": "CRJ9", "Mdl": "2007 BOMBARDIER INC CL-600-2D24", "Man": "Bombardier", "CNum": "15140", "Op": "DELTA AIR LINES INC     - ATLANTA, GA", "OpIcao": "EDV", "Sqk": "4106", "Help": false, "Vsi": 0, "VsiT": 0, "Dst": 14.86, "Brng": 290.8, "WTC": 2, "Species": 1, "Engines": "2", "EngType": 3, "EngMount": 1, "Mil": false, "Cou": "United States", "HasPic": false, "Interested": false, "FlightsCount": 0, "Gnd": false, "SpdTyp": 0, "CallSus": false, "Trt": 5, "Year": "2007"}, {"Id": 11244145, "Rcvr": 1, "HasSig": false, "Icao": "AB9271", "Bad": false, "Reg": "N845AE", "FSeen": "/Date(1544403349695)/", "TSecs": 2995, "CMsgs": 1677, "Alt": 3750, "GAlt": 4040, "InHg": 30.2096462, "AltT": 0, "Call": "ENY3874", "Lat": 40.752686, "Long": -73.831665, "PosTime": 1544406344450, "Mlat": false, "Tisb": false, "Spd": 199.0, "Trak": 59.8, "TrkH": false, "Type": "E135", "Mdl": "2003 EMBRAER EMB-135KL", "Man": "Embraer", "CNum": "145685", "Op": "American Eagle - Envoy Air", "OpIcao": "ENY", "Sqk": "2432", "Help": false, "Vsi": -128, "VsiT": 1, "Dst": 12.97, "Brng": 340.9, "WTC": 2, "Species": 1, "Engines": "2", "EngType": 3, "EngMount": 1, "Mil": false, "Cou": "United States", "HasPic": false, "Interested": false, "FlightsCount": 0, "Gnd": false, "SpdTyp": 0, "CallSus": false, "Trt": 5, "Year": "2003"}, {"Id": 11240619, "Rcvr": 1, "HasSig": true, "Sig": 207, "Icao": "AB84AB", "Bad": false, "Reg": "N841MH", "FSeen": "/Date(1544403291716)/", "TSecs": 3053, "CMsgs": 1032, "Alt": 10625, "GAlt": 10935, "InHg": 30.2303143, "AltT": 0, "Call": "DAL444", "Lat": 40.521442, "Long": -73.484428, "PosTime": 1544406344475, "Mlat": false, "Tisb": false, "Spd": 328.3, "Trak": 109.2, "TrkH": false, "Type": "B764", "Mdl": "2001 BOEING 767-432ER", "Man": "Boeing", "CNum": "29714", "From": "KJFK John F Kennedy, New York, United States", "To": "LIRF Leonardo Da Vinci (Fiumicino), Rome, Italy", "Op": "Delta Air Lines", "OpIcao": "DAL", "Sqk": "1170", "Help": false, "Vsi": 512, "VsiT": 1, "Dst": 28.45, "Brng": 118.1, "WTC": 3, "Species": 1, "Engines": "2", "EngType": 3, "EngMount": 0, "Mil": false, "Cou": "United States", "HasPic": false, "Interested": false, "FlightsCount": 0, "Gnd": false, "SpdTyp": 0, "CallSus": false, "Trt": 2, "Year": "2001"}, {"Id": 10498938, "Rcvr": 1, "HasSig": true, "Sig": 31, "Icao": "A0337A", "Bad": false, "Reg": "N11187", "FSeen": "/Date(1544403141002)/", "TSecs": 3203, "CMsgs": 1478, "Alt": -250, "GAlt": 51, "InHg": 30.2214565, "AltT": 0, "Call": "UCA4912", "Lat": 40.715704, "Long": -74.150724, "PosTime": 1544406282406, "Mlat": true, "Tisb": false, "Spd": 273.0, "Trak": 209.6, "TrkH": false, "Type": "E45X", "Mdl": "2005 EMBRAER EMB-145XR", "Man": "Embraer", "CNum": "14500927", "Op": "WELLS FARGO BANK NORTHWEST NA TRUSTEE     - SALT LAKE CITY, UT", "OpIcao": "UCA", "Sqk": "5753", "Help": false, "Vsi": 39, "VsiT": 0, "Dst": 32.2, "Brng": 284.8, "WTC": 2, "Species": 1, "Engines": "2", "EngType": 3, "EngMount": 1, "Mil": false, "Cou": "United States", "HasPic": false, "Interested": false, "FlightsCount": 0, "Gnd": false, "SpdTyp": 0, "CallSus": true, "Trt": 2, "Year": "2005"}, {"Id": 10508972, "Rcvr": 1, "HasSig": true, "Sig": 202, "Icao": "A05AAC", "Bad": false, "Reg": "N12160", "FSeen": "/Date(1544403120765)/", "TSecs": 3224, "CMsgs": 1745, "Alt": 325, "GAlt": 626, "InHg": 30.2214565, "AltT": 0, "Call": "UCA4965", "Lat": 40.727668, "Long": -74.141922, "PosTime": 1544406337614, "Mlat": true, "Tisb": false, "Trak": 204.9, "TrkH": false, "Type": "E45X", "Mdl": "2004 EMBRAER EMB-145XR", "Man": "Embraer", "CNum": "145799", "Op": "WELLS FARGO BANK NORTHWEST NA TRUSTEE     - SALT LAKE CITY, UT", "OpIcao": "UCA", "Sqk": "3647", "Help": false, "VsiT": 0, "Dst": 31.85, "Brng": 287.4, "WTC": 2, "Species": 1, "Engines": "2", "EngType": 3, "EngMount": 1, "Mil": false, "Cou": "United States", "HasPic": false, "Interested": false, "FlightsCount": 0, "Gnd": false, "SpdTyp": 0, "CallSus": true, "Trt": 2, "Year": "2004"}, {"Id": 11268098, "Rcvr": 1, "HasSig": true, "Sig": 92, "Icao": "ABF002", "Bad": false, "Reg": "N8688C", "FSeen": "/Date(1544403096945)/", "TSecs": 3247, "CMsgs": 1658, "Alt": -250, "GAlt": 60, "InHg": 30.2303143, "AltT": 0, "Lat": 40.799099, "Long": -73.859299, "PosTime": 1544406155955, "Mlat": false, "PosStale": true, "Tisb": false, "Spd": 137.0, "Trak": 212.2, "TrkH": false, "Type": "CRJ2", "Mdl": "2002 BOMBARDIER INC CL-600-2B19", "Man": "Bombardier", "CNum": "7688", "Op": "WELLS FARGO BANK NORTHWEST NA TRUSTEE     - SALT LAKE CITY, UT", "OpIcao": "EDV", "Sqk": "2476", "Help": false, "Vsi": -878, "VsiT": 0, "Dst": 18.61, "Brng": 339.3, "WTC": 2, "Species": 1, "Engines": "2", "EngType": 3, "EngMount": 1, "Mil": false, "Cou": "United States", "HasPic": false, "Interested": false, "FlightsCount": 0, "Gnd": true, "SpdTyp": 0, "CallSus": false, "Trt": 2, "Year": "2002"}, {"Id": 12585851, "Rcvr": 1, "HasSig": false, "Icao": "C00B7B", "Bad": false, "Reg": "C-FEJA", "FSeen": "/Date(1544402853537)/", "TSecs": 3491, "CMsgs": 1919, "Alt": 2675, "GAlt": 2906, "InHg": 30.15059, "AltT": 0, "TAlt": 18016, "Call": "ADSBTEST", "Lat": 40.821442, "Long": -74.082764, "PosTime": 1544406344448, "Mlat": false, "Tisb": false, "Spd": 173.0, "Trak": 206.4, "TrkH": false, "Type": "CRJ2", "Mdl": "Bombardier CRJ 200ER", "Man": "Bombardier", "CNum": "7983", "Op": "Air Canada Express", "OpIcao": "JZA", "Sqk": "0654", "Help": false, "Vsi": -832, "VsiT": 0, "Dst": 32.27, "Brng": 308.2, "WTC": 2, "Species": 1, "Engines": "2", "EngType": 3, "EngMount": 1, "Mil": false, "Cou": "Canada", "HasPic": false, "Interested": false, "FlightsCount": 0, "Gnd": false, "SpdTyp": 0, "CallSus": false, "Trt": 5}, {"Id": 11255207, "Rcvr": 1, "HasSig": true, "Sig": 155, "Icao": "ABBDA7", "Bad": false, "Reg": "N856AE", "FSeen": "/Date(1544402812245)/", "TSecs": 3532, "CMsgs": 1779, "Alt": -225, "GAlt": 56, "InHg": 30.2007866, "AltT": 0, "Call": "ENY3903", "Lat": 40.8031, "Long": -73.8564, "PosTime": 1544406297282, "Mlat": true, "Tisb": false, "Spd": 228.0, "Trak": 180.5, "TrkH": false, "Type": "E135", "Mdl": "2003 EMBRAER EMB-135KL", "Man": "Embraer", "CNum": "145748", "Op": "American Airlines", "OpIcao": "ENY", "Sqk": "6222", "Help": false, "Vsi": 0, "VsiT": 0, "Dst": 18.95, "Brng": 340.5, "WTC": 2, "Species": 1, "Engines": "2", "EngType": 3, "EngMount": 1, "Mil": false, "Cou": "United States", "HasPic": false, "Interested": false, "FlightsCount": 0, "Gnd": true, "SpdTyp": 0, "CallSus": true, "Trt": 2, "Year": "2003"}, {"Id": 12590837, "Rcvr": 1, "HasSig": true, "Sig": 36, "Icao": "C01EF5", "Bad": false, "Reg": "C-FLSU", "FSeen": "/Date(1544402519586)/", "TSecs": 3825, "CMsgs": 1838, "Alt": 1100, "GAlt": 1381, "InHg": 30.2007866, "AltT": 0, "Call": "ACAC24", "Lat": 40.8468, "Long": -73.8193, "PosTime": 1544406335389, "Mlat": true, "Tisb": false, "Spd": 181.1, "Trak": 211.9, "TrkH": false, "Type": "A320", "Mdl": "Airbus A320 211", "Man": "Airbus", "CNum": "309", "Op": "Air Canada", "OpIcao": "ACA", "Sqk": "0546", "Help": false, "Vsi": -1152, "VsiT": 1, "Dst": 22.94, "Brng": 352.0, "WTC": 2, "Species": 1, "Engines": "2", "EngType": 3, "EngMount": 0, "Mil": false, "Cou": "Canada", "HasPic": false, "Interested": false, "FlightsCount": 0, "Gnd": false, "SpdTyp": 0, "CallSus": true, "Trt": 2, "Year": "1992"}, {"Id": 11201814, "Rcvr": 1, "HasSig": false, "Icao": "AAED16", "Bad": false, "Reg": "N803AV", "FSeen": "/Date(1544402297867)/", "TSecs": 4046, "CMsgs": 1549, "Alt": 1725, "GAlt": 2035, "InHg": 30.2303143, "AltT": 0, "Call": "AVA244", "Lat": 40.629385, "Long": -73.768777, "PosTime": 1544405498002, "Mlat": false, "PosStale": true, "Tisb": false, "Spd": 18.0, "Trak": 244.7, "TrkH": false, "Type": "A333", "Mdl": "Airbus A330 343E", "Man": "Airbus", "CNum": "1357", "From": "SKBO El Dorado, Bogota, Colombia", "To": "KJFK John F Kennedy, New York, United States", "Op": "Avianca", "OpIcao": "AVA", "Sqk": "5454", "Help": false, "Vsi": -640, "VsiT": 0, "Dst": 1.8, "Brng": 144.1, "WTC": 3, "Species": 1, "Engines": "2", "EngType": 3, "EngMount": 0, "Mil": false, "Cou": "United States", "HasPic": false, "Interested": false, "FlightsCount": 0, "Gnd": false, "SpdTyp": 0, "CallSus": false, "Trt": 2, "Year": "2012"}, {"Id": 10766767, "Rcvr": 1, "HasSig": false, "Icao": "A449AF", "Bad": false, "Reg": "N3757D", "FSeen": "/Date(1544400727612)/", "TSecs": 5617, "CMsgs": 3060, "Alt": 1750, "GAlt": 2040, "InHg": 30.2096462, "AltT": 0, "TAlt": 7008, "Call": "DAL1704", "Lat": 40.884109, "Long": -73.789246, "PosTime": 1544406344430, "Mlat": false, "Tisb": false, "Spd": 146.0, "Trak": 216.4, "TrkH": false, "TTrk": 47.8125, "Type": "B738", "Mdl": "BOEING 737-832", "Man": "Boeing", "CNum": "30813", "From": "KDTW Detroit Metropolitan Wayne County, United States", "To": "KDTW Detroit Metropolitan Wayne County, United States", "Stops": ["KFLL Fort Lauderdale Hollywood, United States"], "Op": "Delta Air Lines", "OpIcao": "DAL", "Sqk": "4055", "Help": false, "Vsi": -64, "VsiT": 1, "Dst": 26.88, "Brng": 358.6, "WTC": 2, "Species": 1, "Engines": "2", "EngType": 3, "EngMount": 0, "Mil": false, "Cou": "United States", "HasPic": false, "Interested": false, "FlightsCount": 0, "Gnd": false, "SpdTyp": 0, "CallSus": false, "Trt": 5, "Year": "2001"}, {"Id": 10936920, "Rcvr": 1, "HasSig": true, "Sig": 169, "Icao": "A6E258", "Bad": false, "Reg": "N54241", "FSeen": "/Date(1544400720250)/", "TSecs": 5624, "CMsgs": 2883, "Alt": 2025, "GAlt": 2326, "InHg": 30.2214565, "AltT": 0, "Lat": 40.8927, "Long": -73.7194, "PosTime": 1544406344430, "Mlat": true, "Tisb": false, "Spd": 385.2, "Trak": 282.0, "TrkH": false, "Type": "B738", "Mdl": "1999 BOEING 737-824", "Man": "Boeing", "CNum": "28953", "Op": "WELLS FARGO BANK NORTHWEST NA TRUSTEE     - SALT LAKE CITY, UT", "OpIcao": "UAL", "Sqk": "5603", "Help": false, "Vsi": 64, "VsiT": 0, "Dst": 28.31, "Brng": 10.6, "WTC": 2, "Species": 1, "Engines": "2", "EngType": 3, "EngMount": 0, "Mil": false, "Cou": "United States", "HasPic": false, "Interested": false, "FlightsCount": 0, "Gnd": false, "SpdTyp": 0, "CallSus": false, "Trt": 2, "Year": "1999"}, {"Id": 10758030, "Rcvr": 1, "HasSig": true, "Sig": 93, "Icao": "A4278E", "Bad": false, "Reg": "N367NW", "FSeen": "/Date(1544400358131)/", "TSecs": 5986, "CMsgs": 3232, "Alt": 275, "GAlt": 565, "InHg": 30.2096462, "AltT": 0, "TAlt": 1504, "Call": "DAL2652", "Lat": 40.806107, "Long": -73.853638, "PosTime": 1544406343093, "Mlat": false, "Tisb": false, "Spd": 132.6, "Trak": 212.4, "TrkH": false, "TTrk": 0.0, "Type": "A320", "Mdl": "1999 AIRBUS INDUSTRIE A320-212", "Man": "Airbus", "CNum": "0988", "From": "KTPA Tampa, United States", "To": "KLGA La Guardia, New York, United States", "Op": "Delta Air Lines", "OpIcao": "DAL", "Sqk": "3355", "Help": false, "Vsi": -704, "VsiT": 0, "Dst": 19.19, "Brng": 341.5, "WTC": 2, "Species": 1, "Engines": "2", "EngType": 3, "EngMount": 0, "Mil": false, "Cou": "United States", "HasPic": false, "Interested": false, "FlightsCount": 0, "Gnd": false, "SpdTyp": 0, "CallSus": false, "Trt": 2, "Year": "1999"}, {"Id": 10925303, "Rcvr": 1, "HasSig": true, "Sig": 196, "Icao": "A6B4F7", "Bad": false, "Reg": "N531JL", "FSeen": "/Date(1544400039571)/", "TSecs": 6305, "CMsgs": 2898, "Alt": -225, "GAlt": 117, "InHg": 30.26245, "AltT": 0, "TAlt": 3008, "Call": "JBU429", "Lat": 40.632534, "Long": -73.767502, "PosTime": 1544403068424, "Mlat": false, "PosStale": true, "Tisb": false, "Spd": 0.0, "Trak": 199.7, "TrkH": false, "TTrk": 0.0, "Type": "A320", "Mdl": "2001 AIRBUS INDUSTRIE A320-232", "Man": "Airbus", "CNum": "1650", "From": "KBOS General Edward Lawrence Logan, Boston, United States", "To": "KSMF Sacramento, United States", "Op": "JetBlue Airways", "OpIcao": "JBU", "Sqk": "2000", "Help": false, "Vsi": -128, "VsiT": 0, "Dst": 1.61, "Brng": 133.6, "WTC": 2, "Species": 1, "Engines": "2", "EngType": 3, "EngMount": 0, "Mil": false, "Cou": "United States", "HasPic": false, "Interested": false, "FlightsCount": 0, "Gnd": true, "SpdTyp": 0, "CallSus": false, "Trt": 5, "Year": "2001"}, {"Id": 10957529, "Rcvr": 1, "HasSig": true, "Sig": 155, "Icao": "A732D9", "Bad": false, "Reg": "N563JB", "FSeen": "/Date(1544399788545)/", "TSecs": 6556, "CMsgs": 2984, "Alt": -225, "GAlt": 94, "InHg": 30.2388229, "AltT": 0, "TAlt": 2016, "Call": "JBU1042", "Lat": 40.629398, "Long": -73.769943, "PosTime": 1544405433412, "Mlat": false, "PosStale": true, "Tisb": false, "Spd": 0.0, "Trak": 239.1, "TrkH": false, "TTrk": 279.84375, "Type": "A320", "Mdl": "2003 AIRBUS A320-232", "Man": "Airbus", "CNum": "2006", "From": "KSAV Savannah Hilton Head, United States", "To": "KJFK John F Kennedy, New York, United States", "Op": "JetBlue Airways", "OpIcao": "JBU", "Sqk": "0726", "Help": false, "Vsi": -576, "VsiT": 0, "Dst": 1.74, "Brng": 146.7, "WTC": 2, "Species": 1, "Engines": "2", "EngType": 3, "EngMount": 0, "Mil": false, "Cou": "United States", "HasPic": false, "Interested": false, "FlightsCount": 0, "Gnd": true, "SpdTyp": 0, "CallSus": false, "Trt": 5, "Year": "2003"}, {"Id": 10761484, "Rcvr": 1, "HasSig": true, "Sig": 56, "Icao": "A4350C", "Bad": false, "Reg": "N370NW", "FSeen": "/Date(1544399201479)/", "TSecs": 7143, "CMsgs": 2846, "Alt": 1225, "GAlt": 1544, "InHg": 30.2388229, "AltT": 0, "TAlt": 3008, "Call": "DAL799", "Lat": 40.705696, "Long": -73.7074, "PosTime": 1544406344440, "Mlat": false, "Tisb": false, "Spd": 142.2, "Trak": 210.9, "TrkH": false, "TTrk": 250.3125, "Type": "A320", "Mdl": "1999 AIRBUS INDUSTRIE A320-212", "Man": "Airbus", "CNum": "1037", "From": "KMCO Orlando, United States", "To": "KJFK John F Kennedy, New York, United States", "Op": "Delta Air Lines", "OpIcao": "DAL", "Sqk": "3745", "Help": false, "Vsi": -768, "VsiT": 1, "Dst": 9.39, "Brng": 41.5, "WTC": 2, "Species": 1, "Engines": "2", "EngType": 3, "EngMount": 0, "Mil": false, "Cou": "United States", "HasPic": false, "Interested": false, "FlightsCount": 0, "Gnd": false, "SpdTyp": 0, "CallSus": false, "Trt": 5, "Year": "1999"}, {"Id": 10711861, "Rcvr": 1, "HasSig": false, "Icao": "A37335", "Bad": false, "Reg": "N321NB", "FSeen": "/Date(1544399171286)/", "TSecs": 7173, "CMsgs": 3743, "Alt": 3800, "GAlt": 4095, "InHg": 30.2151985, "AltT": 0, "TAlt": 7008, "Call": "DAL1940", "Lat": 40.600937, "Long": -74.035034, "PosTime": 1544406344423, "Mlat": false, "Tisb": false, "Spd": 220.0, "Trak": 35.2, "TrkH": false, "TTrk": 0.0, "Type": "A319", "Mdl": "2001 AIRBUS INDUSTRIE A319-114", "Man": "Airbus", "CNum": "1414", "From": "KSFO San Francisco, United States", "To": "KJFK John F Kennedy, New York, United States", "Op": "Delta Air Lines", "OpIcao": "DAL", "Sqk": "5021", "Help": false, "Vsi": -384, "VsiT": 0, "Dst": 21.91, "Brng": 257.9, "WTC": 2, "Species": 1, "Engines": "2", "EngType": 3, "EngMount": 0, "Mil": false, "Cou": "United States", "HasPic": false, "Interested": false, "FlightsCount": 0, "Gnd": false, "SpdTyp": 0, "CallSus": false, "Trt": 5, "Year": "2001"}, {"Id": 11210316, "Rcvr": 1, "HasSig": true, "Sig": 188, "Icao": "AB0E4C", "Bad": false, "Reg": "N811NN", "FSeen": "/Date(1544398527195)/", "TSecs": 7817, "CMsgs": 4149, "Alt": 3100, "GAlt": 3372, "InHg": 30.191576, "AltT": 0, "TAlt": 3008, "Call": "AAL1311", "Lat": 40.83783, "Long": -73.743591, "PosTime": 1544406344413, "Mlat": false, "Tisb": false, "Spd": 188.3, "Trak": 30.7, "TrkH": false, "TTrk": 40.078125, "Type": "B738", "Mdl": "2009 BOEING 737-823", "Man": "Boeing", "CNum": "31079", "From": "KMIA Miami, United States", "To": "TJSJ Luis Munoz Marin, San Juan, Puerto Rico", "Op": "American Airlines", "OpIcao": "AAL", "Sqk": "3777", "Help": false, "Vsi": -1088, "VsiT": 0, "Dst": 21.95, "Brng": 8.3, "WTC": 2, "Species": 1, "Engines": "2", "EngType": 3, "EngMount": 0, "Mil": false, "Cou": "United States", "HasPic": false, "Interested": false, "FlightsCount": 0, "Gnd": false, "SpdTyp": 0, "CallSus": false, "Trt": 5, "Year": "2009"}, {"Id": 11121263, "Rcvr": 1, "HasSig": true, "Sig": 126, "Icao": "A9B26F", "Bad": false, "Reg": "N724AG", "FSeen": "/Date(1544397797496)/", "TSecs": 8547, "CMsgs": 4110, "Alt": -250, "GAlt": 40, "InHg": 30.2096462, "AltT": 0, "Call": "N724AG", "Lat": 40.775974, "Long": -73.87854, "PosTime": 1544406053496, "Mlat": false, "PosStale": true, "Tisb": false, "Spd": 3.0, "Trak": 185.6, "TrkH": false, "Type": "GLF6", "Mdl": "2001 GULFSTREAM AEROSPACE G-V", "Man": "Gulfstream Aerospace", "CNum": "656", "Op": "EDAN LIMITED LLC EDAN LIMITED II LLC    - MORRISTOWN, NJ", "Sqk": "1446", "Help": false, "Vsi": -128, "VsiT": 0, "Dst": 16.96, "Brng": 331.1, "WTC": 2, "Species": 1, "Engines": "2", "EngType": 3, "EngMount": 1, "Mil": false, "Cou": "United States", "HasPic": false, "Interested": false, "FlightsCount": 0, "Gnd": true, "SpdTyp": 0, "CallSus": false, "Trt": 4, "Year": "2001"}, {"Id": 3958020, "Rcvr": 1, "HasSig": true, "Sig": 126, "Icao": "3C6504", "Bad": false, "Reg": "D-AIHD", "FSeen": "/Date(1544396995765)/", "TSecs": 9349, "CMsgs": 5009, "Alt": -300, "GAlt": 10, "InHg": 30.2303143, "AltT": 0, "Call": "DLH404", "Lat": 40.632545, "Long": -73.76474, "PosTime": 1544406344411, "Mlat": false, "Tisb": false, "Spd": 44.0, "Trak": 210.9, "TrkH": true, "Type": "A346", "Mdl": "Airbus A340 642", "Man": "Airbus", "CNum": "537", "From": "EDDF Frankfurt am Main, Frankfurt-am-Main, Germany", "To": "KJFK John F Kennedy, New York, United States", "Op": "Lufthansa", "OpIcao": "DLH", "Sqk": "2440", "Help": false, "Vsi": 0, "VsiT": 1, "Dst": 1.78, "Brng": 128.4, "WTC": 3, "Species": 1, "Engines": "4", "EngType": 3, "EngMount": 0, "Mil": false, "Cou": "Germany", "HasPic": false, "Interested": false, "FlightsCount": 0, "Gnd": true, "SpdTyp": 3, "CallSus": false, "Trt": 2, "Year": "2003"}, {"Id": 11259928, "Rcvr": 1, "HasSig": true, "Sig": 73, "Icao": "ABD018", "Bad": false, "Reg": "N860NW", "FSeen": "/Date(1544396768160)/", "TSecs": 9576, "CMsgs": 4761, "Alt": -225, "GAlt": 94, "InHg": 30.2388229, "AltT": 0, "TAlt": 3008, "Call": "DAL4", "Lat": 40.62973, "Long": -73.76796, "PosTime": 1544405978059, "Mlat": false, "PosStale": true, "Tisb": false, "Spd": 12.5, "Trak": 298.1, "TrkH": false, "TTrk": 40.078125, "Type": "A332", "Mdl": "2006 AIRBUS A330-223", "Man": "Airbus", "CNum": "0778", "From": "EGLL London Heathrow, United Kingdom", "To": "KJFK John F Kennedy, New York, United States", "Op": "DELTA AIR LINES INC     - ATLANTA, GA", "OpIcao": "DAL", "Sqk": "2516", "Help": false, "Vsi": -192, "VsiT": 0, "Dst": 1.81, "Brng": 141.6, "WTC": 3, "Species": 1, "Engines": "2", "EngType": 3, "EngMount": 0, "Mil": false, "Cou": "United States", "HasPic": false, "Interested": false, "FlightsCount": 0, "Gnd": true, "SpdTyp": 0, "CallSus": false, "Trt": 5, "Year": "2006"}, {"Id": 4704474, "Rcvr": 1, "HasSig": false, "Icao": "47C8DA", "Bad": false, "Reg": "LN-LNN", "FSeen": "/Date(1544396729670)/", "TSecs": 9615, "CMsgs": 4449, "Alt": 14750, "GAlt": 15060, "InHg": 30.2303143, "AltT": 0, "TAlt": 3008, "Call": "NAX9V", "Lat": 40.640968, "Long": -73.794998, "PosTime": 1544406098775, "Mlat": false, "PosStale": true, "Tisb": false, "Spd": 12.5, "Trak": 8.4, "TrkH": false, "TTrk": 224.296875, "Type": "B789", "Mdl": "Boeing 787 9", "Man": "Boeing", "CNum": "38891", "Op": "Norwegian", "OpIcao": "NAX", "Sqk": "0736", "Help": false, "Vsi": -448, "VsiT": 0, "Dst": 1.17, "Brng": 261.7, "WTC": 3, "Species": 1, "Engines": "2", "EngType": 3, "EngMount": 0, "Mil": false, "Cou": "Norway", "HasPic": false, "Interested": false, "FlightsCount": 0, "Gnd": false, "SpdTyp": 0, "CallSus": false, "Trt": 5, "Year": "2017"}, {"Id": 10703690, "Rcvr": 1, "HasSig": true, "Sig": 127, "Icao": "A3534A", "Bad": false, "Reg": "N313PQ", "FSeen": "/Date(1544396637623)/", "TSecs": 9707, "CMsgs": 4372, "Alt": -250, "GAlt": 40, "InHg": 30.2096462, "AltT": 0, "Call": "00000000", "Lat": 40.802338, "Long": -73.857214, "PosTime": 1544406225050, "Mlat": true, "Tisb": false, "Spd": 333.2, "Trak": 221.0, "TrkH": false, "Type": "CRJ9", "Mdl": "2014 BOMBARDIER INC CL-600-2D24", "Man": "Bombardier", "CNum": "15313", "Op": "DELTA AIR LINES INC     - ATLANTA, GA", "OpIcao": "EDV", "Sqk": "0415", "Help": false, "Vsi": 128, "VsiT": 0, "Dst": 18.89, "Brng": 340.2, "WTC": 2, "Species": 1, "Engines": "2", "EngType": 3, "EngMount": 1, "Mil": false, "Cou": "United States", "HasPic": false, "Interested": false, "FlightsCount": 0, "Gnd": true, "SpdTyp": 0, "CallSus": true, "Trt": 2, "Year": "2014"}, {"Id": 10763870, "Rcvr": 1, "HasSig": false, "Icao": "A43E5E", "Bad": false, "Reg": "N37255", "FSeen": "/Date(1544396142974)/", "TSecs": 10201, "CMsgs": 4710, "Alt": 5357, "GAlt": 5688, "InHg": 30.2509861, "AltT": 0, "Lat": 40.711701, "Long": -74.153345, "PosTime": 1544406208687, "Mlat": true, "PosStale": true, "Tisb": false, "Spd": 538.0, "Trak": 203.1, "TrkH": false, "Type": "B738", "Mdl": "BOEING 737-824", "Man": "Boeing", "CNum": "30610", "Op": "United Airlines", "OpIcao": "UAL", "Sqk": "7452", "Help": false, "Vsi": 89, "VsiT": 0, "Dst": 32.31, "Brng": 283.9, "WTC": 2, "Species": 1, "Engines": "2", "EngType": 3, "EngMount": 0, "Mil": false, "Cou": "United States", "HasPic": false, "Interested": false, "FlightsCount": 0, "Gnd": true, "SpdTyp": 0, "CallSus": false, "Trt": 2, "Year": "2000"}, {"Id": 11373549, "Rcvr": 1, "HasSig": true, "Sig": 130, "Icao": "AD8BED", "Bad": false, "Reg": "N972JT", "FSeen": "/Date(1544394186034)/", "TSecs": 12158, "CMsgs": 3662, "Alt": -225, "GAlt": 117, "InHg": 30.26245, "AltT": 0, "TAlt": 4000, "Call": "JBU2809", "Lat": 40.658432, "Long": -73.791809, "PosTime": 1544396608291, "Mlat": false, "PosStale": true, "Tisb": false, "Spd": 0.0, "Trak": 191.3, "TrkH": false, "TTrk": 0.0, "Type": "A321", "Mdl": "Airbus A321 231SL", "Man": "Airbus", "CNum": "7455", "Op": "JetBlue Airways", "OpIcao": "JBU", "Sqk": "3022", "Help": false, "Vsi": -576, "VsiT": 0, "Dst": 1.98, "Brng": 333.4, "WTC": 2, "Species": 1, "Engines": "2", "EngType": 3, "EngMount": 0, "Mil": false, "Cou": "United States", "HasPic": false, "Interested": false, "FlightsCount": 0, "Gnd": true, "SpdTyp": 0, "CallSus": false, "Trt": 5, "Year": "2016"}, {"Id": 11358066, "Rcvr": 1, "HasSig": false, "Icao": "AD4F72", "Bad": false, "Reg": "N957JB", "FSeen": "/Date(1544393963924)/", "TSecs": 12380, "CMsgs": 4618, "Alt": -250, "GAlt": 69, "InHg": 30.2388229, "AltT": 0, "TAlt": 3008, "Call": "JBU1452", "Lat": 40.630293, "Long": -73.770197, "PosTime": 1544404270225, "Mlat": false, "PosStale": true, "Tisb": false, "Spd": 0.0, "Trak": 210.9, "TrkH": false, "TTrk": 260.15625, "Type": "A321", "Mdl": "Airbus A321 231SL", "Man": "Airbus", "CNum": "6809", "From": "KMCO Orlando, United States", "To": "KBOS General Edward Lawrence Logan, Boston, United States", "Op": "JetBlue Airways", "OpIcao": "JBU", "Sqk": "2000", "Help": false, "Vsi": -64, "VsiT": 0, "Dst": 1.65, "Brng": 145.4, "WTC": 2, "Species": 1, "Engines": "2", "EngType": 3, "EngMount": 0, "Mil": false, "Cou": "United States", "HasPic": false, "Interested": false, "FlightsCount": 0, "Gnd": true, "SpdTyp": 0, "CallSus": false, "Trt": 5, "Year": "2015"}, {"Id": 10918036, "Rcvr": 1, "HasSig": true, "Sig": 166, "Icao": "A69894", "Bad": false, "Reg": "N524JB", "FSeen": "/Date(1544393565350)/", "TSecs": 12779, "CMsgs": 5580, "Alt": -225, "GAlt": -212, "InHg": 29.93171, "AltT": 0, "TAlt": 35008, "Call": "JBU1677", "Lat": 40.63262, "Long": -73.767653, "PosTime": 1544402499326, "Mlat": false, "PosStale": true, "Tisb": false, "Spd": 0.0, "Trak": 199.7, "TrkH": false, "TTrk": 0.0, "Type": "A320", "Mdl": "2001 AIRBUS INDUSTRIE A320-232", "Man": "Airbus", "CNum": "1528", "From": "KJFK John F Kennedy, New York, United States", "To": "KJAX Jacksonville, United States", "Op": "JetBlue Airways", "OpIcao": "JBU", "Sqk": "1575", "Help": false, "Vsi": -704, "VsiT": 0, "Dst": 1.59, "Brng": 133.6, "WTC": 2, "Species": 1, "Engines": "2", "EngType": 3, "EngMount": 0, "Mil": false, "Cou": "United States", "HasPic": false, "Interested": false, "FlightsCount": 0, "Gnd": true, "SpdTyp": 0, "CallSus": false, "Trt": 5, "Year": "2001"}, {"Id": 11103138, "Rcvr": 1, "HasSig": true, "Sig": 139, "Icao": "A96BA2", "Bad": false, "Reg": "N706JB", "FSeen": "/Date(1544393442870)/", "TSecs": 12901, "CMsgs": 3870, "Alt": -225, "GAlt": 117, "InHg": 30.26245, "AltT": 0, "TAlt": 4000, "Call": "JBU2989", "Lat": 40.651291, "Long": -73.775894, "PosTime": 1544395940330, "Mlat": false, "PosStale": true, "Tisb": false, "Spd": 0.0, "Trak": 177.2, "TrkH": false, "TTrk": 0.0, "Type": "A320", "Mdl": "2008 AIRBUS A320-232", "Man": "Airbus", "CNum": "3451", "From": "KBOS General Edward Lawrence Logan, Boston, United States", "To": "KDCA Ronald Reagan Washington National, United States", "Op": "JetBlue Airways", "OpIcao": "JBU", "Sqk": "2000", "Help": false, "Vsi": -960, "VsiT": 0, "Dst": 1.08, "Brng": 24.9, "WTC": 2, "Species": 1, "Engines": "2", "EngType": 3, "EngMount": 0, "Mil": false, "Cou": "United States", "HasPic": false, "Interested": false, "FlightsCount": 0, "Gnd": true, "SpdTyp": 0, "CallSus": false, "Trt": 5, "Year": "2008"}, {"Id": 11363438, "Rcvr": 1, "HasSig": true, "Sig": 141, "Icao": "AD646E", "Bad": false, "Reg": "N962JT", "FSeen": "/Date(1544389403950)/", "TSecs": 16940, "CMsgs": 8572, "Alt": 3725, "GAlt": 4035, "InHg": 30.2303143, "AltT": 0, "TAlt": 4000, "Call": "JBU190", "Lat": 40.545696, "Long": -73.483803, "PosTime": 1544406344410, "Mlat": false, "Tisb": false, "Spd": 263.2, "Trak": 29.1, "TrkH": false, "TTrk": 40.0, "Type": "A321", "Mdl": "Airbus A321 231SL", "Man": "Airbus", "CNum": "6988", "From": "KSAN San Diego, United States", "To": "KJFK John F Kennedy, New York, United States", "Op": "JetBlue Airways", "OpIcao": "JBU", "Sqk": "1366", "Help": false, "Vsi": 0, "VsiT": 0, "Dst": 27.33, "Brng": 113.1, "WTC": 2, "Species": 1, "Engines": "2", "EngType": 3, "EngMount": 0, "Mil": false, "Cou": "United States", "HasPic": false, "Interested": false, "FlightsCount": 0, "Gnd": false, "SpdTyp": 0, "CallSus": false, "Trt": 4, "Year": "2016"}, {"Id": 3754477, "Rcvr": 1, "HasSig": true, "Sig": 125, "Icao": "3949ED", "Bad": false, "Reg": "F-GSPN", "FSeen": "/Date(1544388961267)/", "TSecs": 17383, "CMsgs": 4996, "Alt": -250, "GAlt": 60, "InHg": 30.2303143, "AltT": 0, "Call": "AFR008", "Lat": 40.636391, "Long": -73.770962, "PosTime": 1544406344423, "Mlat": false, "Tisb": false, "Spd": 0.0, "Trak": 0.0, "TrkH": false, "Type": "B772", "Mdl": "Boeing 777 228ER", "Man": "Boeing", "CNum": "29011", "From": "LFPG Charles de Gaulle, Paris, France", "To": "KJFK John F Kennedy, New York, United States", "Op": "Air France", "OpIcao": "AFR", "Sqk": "2576", "Help": false, "Vsi": 0, "VsiT": 1, "Dst": 1.1, "Brng": 127.9, "WTC": 3, "Species": 1, "Engines": "2", "EngType": 3, "EngMount": 0, "Mil": false, "Cou": "France", "HasPic": false, "Interested": false, "FlightsCount": 0, "Gnd": true, "SpdTyp": 0, "CallSus": false, "Trt": 2, "Year": "2000", "Sat": true}, {"Id": 10488282, "Rcvr": 1, "HasSig": false, "Icao": "A009DA", "Bad": false, "Reg": "N101QS", "FSeen": "/Date(1544388738856)/", "TSecs": 17605, "CMsgs": 8045, "Alt": -275, "GAlt": 15, "InHg": 30.2096462, "AltT": 0, "TAlt": 2016, "Call": "EJA101", "Lat": 40.847832, "Long": -74.063187, "PosTime": 1544406343168, "Mlat": false, "Tisb": false, "Spd": 18.0, "Trak": 306.6, "TrkH": false, "TTrk": 203.90625, "Type": "GL5T", "Mdl": "2012 BOMBARDIER INC BD-700-1A11", "Man": "Bombardier", "CNum": "9483", "Op": "WELLS FARGO BANK NORTHWEST NA TRUSTEE MOORE CAPITAL HOLDINGS LLC MAGICAL MILE LLC BENIOFF MARC SALESFORCE COM INC DLF AIRCRAFT LLC- SALT LAKE CITY, UT", "OpIcao": "EJA", "Sqk": "1104", "Help": false, "Vsi": -128, "VsiT": 0, "Dst": 32.94, "Brng": 314.0, "WTC": 2, "Species": 1, "Engines": "2", "EngType": 3, "EngMount": 1, "Mil": false, "Cou": "United States", "HasPic": false, "Interested": false, "FlightsCount": 0, "Gnd": true, "SpdTyp": 0, "CallSus": false, "Trt": 5, "Year": "2012"}, {"Id": 11107787, "Rcvr": 1, "HasSig": true, "Sig": 67, "Icao": "A97DCB", "Bad": false, "Reg": "N710TW", "FSeen": "/Date(1544388529013)/", "TSecs": 17815, "CMsgs": 8648, "Alt": -225, "GAlt": 70, "InHg": 30.2303143, "AltT": 0, "TAlt": 3008, "Call": "DAL1849", "Lat": 40.636208, "Long": -73.775543, "PosTime": 1544406337641, "Mlat": false, "Tisb": false, "Spd": 12.5, "Trak": 210.9, "TrkH": false, "TTrk": 224.296875, "Type": "B752", "Mdl": "1997 BOEING 757-2Q8", "Man": "Boeing", "CNum": "28169", "From": "KCMH Port Columbus, United States", "To": "KSRQ Sarasota Bradenton, Sarasota/Bradenton, United States", "Stops": ["KATL Hartsfield Jackson Atlanta, United States"], "Op": "Delta Air Lines", "OpIcao": "DAL", "Sqk": "7765", "Help": false, "Vsi": -192, "VsiT": 0, "Dst": 0.85, "Brng": 145.3, "WTC": 2, "Species": 1, "Engines": "2", "EngType": 3, "EngMount": 0, "Mil": false, "Cou": "United States", "HasPic": false, "Interested": false, "FlightsCount": 0, "Gnd": true, "SpdTyp": 0, "CallSus": false, "Trt": 5, "Year": "1997"}, {"Id": 11039969, "Rcvr": 1, "HasSig": true, "Sig": 200, "Icao": "A874E1", "Bad": false, "Reg": "N644JB", "FSeen": "/Date(1544388008881)/", "TSecs": 18335, "CMsgs": 8881, "Alt": 2450, "GAlt": 2769, "InHg": 30.2388229, "AltT": 0, "TAlt": 2016, "Call": "JBU514", "Lat": 40.815811, "Long": -73.596497, "PosTime": 1544406344409, "Mlat": false, "Tisb": false, "Spd": 173.2, "Trak": 232.3, "TrkH": false, "TTrk": 250.3125, "Type": "A320", "Mdl": "2006 AIRBUS A320-232", "Man": "Airbus", "CNum": "2880", "From": "KLGB Long Beach /Daugherty Field/, United States", "To": "KJFK John F Kennedy, New York, United States", "Op": "JetBlue Airways", "OpIcao": "JBU", "Sqk": "1311", "Help": false, "Vsi": -1024, "VsiT": 0, "Dst": 24.78, "Brng": 38.9, "WTC": 2, "Species": 1, "Engines": "2", "EngType": 3, "EngMount": 0, "Mil": false, "Cou": "United States", "HasPic": false, "Interested": false, "FlightsCount": 0, "Gnd": false, "SpdTyp": 0, "CallSus": false, "Trt": 5, "Year": "2006"}, {"Id": 10763141, "Rcvr": 1, "HasSig": true, "Sig": 138, "Icao": "A43B85", "Bad": false, "Reg": "N372DA", "FSeen": "/Date(1544387838604)/", "TSecs": 18506, "CMsgs": 8598, "Alt": 2750, "GAlt": 3040, "InHg": 30.2096462, "AltT": 0, "TAlt": 3008, "Call": "DAL1455", "Lat": 40.656967, "Long": -73.469727, "PosTime": 1544406344410, "Mlat": false, "Tisb": false, "Spd": 254.0, "Trak": 359.3, "TrkH": false, "TTrk": 9.84375, "Type": "B738", "Mdl": "BOEING 737-832", "Man": "Boeing", "CNum": "29620", "From": "KATL Hartsfield Jackson Atlanta, United States", "To": "KLAX Los Angeles, United States", "Op": "Delta Air Lines", "OpIcao": "DAL", "Sqk": "3725", "Help": false, "Vsi": -640, "VsiT": 0, "Dst": 26.33, "Brng": 86.4, "WTC": 2, "Species": 1, "Engines": "2", "EngType": 3, "EngMount": 0, "Mil": false, "Cou": "United States", "HasPic": false, "Interested": false, "FlightsCount": 0, "Gnd": false, "SpdTyp": 0, "CallSus": false, "Trt": 5, "Year": "1998"}, {"Id": 10502794, "Rcvr": 1, "HasSig": true, "Sig": 75, "Icao": "A0428A", "Bad": false, "Reg": "N116AN", "FSeen": "/Date(1544387833340)/", "TSecs": 18511, "CMsgs": 8342, "Alt": -250, "GAlt": 60, "InHg": 30.2303143, "AltT": 0, "TAlt": 3008, "Call": "AAL16", "Lat": 40.633713, "Long": -73.770081, "PosTime": 1544405313705, "Mlat": false, "PosStale": true, "Tisb": false, "Spd": 0.0, "Trak": 149.1, "TrkH": false, "TTrk": 0.0, "Type": "A321", "Mdl": "2014 AIRBUS INDUSTRIE A321-231", "Man": "Airbus", "CNum": "6070", "From": "KSFO San Francisco, United States", "To": "KJFK John F Kennedy, New York, United States", "Op": "American Airlines", "OpIcao": "AAL", "Sqk": "3213", "Help": false, "Vsi": -64, "VsiT": 0, "Dst": 1.36, "Brng": 135.9, "WTC": 2, "Species": 1, "Engines": "2", "EngType": 3, "EngMount": 0, "Mil": false, "Cou": "United States", "HasPic": false, "Interested": false, "FlightsCount": 0, "Gnd": true, "SpdTyp": 0, "CallSus": false, "Trt": 5, "Year": "2014"}, {"Id": 11394709, "Rcvr": 1, "HasSig": true, "Sig": 91, "Icao": "ADDE95", "Bad": false, "Reg": "N993JE", "FSeen": "/Date(1544387828639)/", "TSecs": 18516, "CMsgs": 8277, "Alt": -225, "GAlt": 94, "InHg": 30.2388229, "AltT": 0, "TAlt": 3008, "Call": "JBU416", "Lat": 40.630165, "Long": -73.770306, "PosTime": 1544406314520, "Mlat": false, "Tisb": false, "Spd": 20.0, "Trak": 2.8, "TrkH": false, "TTrk": 0.0, "Type": "A321", "Mdl": "Airbus A321 231SL", "Man": "Airbus", "CNum": "8143", "From": "KSFO San Francisco, United States", "To": "KJFK John F Kennedy, New York, United States", "Op": "JetBlue Airways", "OpIcao": "JBU", "Sqk": "3757", "Help": false, "Vsi": -64, "VsiT": 1, "Dst": 1.65, "Brng": 145.9, "WTC": 2, "Species": 1, "Engines": "2", "EngType": 3, "EngMount": 0, "Mil": false, "Cou": "United States", "HasPic": false, "Interested": false, "FlightsCount": 0, "Gnd": true, "SpdTyp": 0, "CallSus": false, "Trt": 5, "Year": "2018"}, {"Id": 11193750, "Rcvr": 1, "HasSig": false, "Icao": "AACD96", "Bad": false, "Reg": "N79541", "FSeen": "/Date(1544387826936)/", "TSecs": 18517, "CMsgs": 6086, "Alt": 1225, "GAlt": 1526, "InHg": 30.2214565, "AltT": 0, "TAlt": 27008, "Call": "UAL2340", "Lat": 40.761604, "Long": -74.120758, "PosTime": 1544406344440, "Mlat": false, "Tisb": false, "Spd": 140.0, "Trak": 205.7, "TrkH": false, "TTrk": 113.203125, "Type": "B738", "Mdl": "Boeing 737NG 800/W", "Man": "Boeing", "CNum": "63725", "Op": "United Airlines", "OpIcao": "UAL", "Sqk": "5106", "Help": false, "Vsi": -832, "VsiT": 1, "Dst": 31.53, "Brng": 294.9, "WTC": 2, "Species": 1, "Engines": "2", "EngType": 3, "EngMount": 0, "Mil": false, "Cou": "United States", "HasPic": false, "Interested": false, "FlightsCount": 0, "Gnd": false, "SpdTyp": 0, "CallSus": false, "Trt": 5, "Year": "2017"}, {"Id": 11335942, "Rcvr": 1, "HasSig": false, "Icao": "ACF906", "Bad": false, "Reg": "N935JB", "FSeen": "/Date(1544387826909)/", "TSecs": 18517, "CMsgs": 8691, "Alt": 1700, "GAlt": 1990, "InHg": 30.2096462, "AltT": 0, "TAlt": 3000, "Call": "JBU748", "Lat": 40.7691, "Long": -73.656654, "PosTime": 1544406344409, "Mlat": false, "Tisb": false, "Spd": 168.0, "Trak": 214.4, "TrkH": false, "TTrk": 270.0, "Type": "A321", "Mdl": "2014 AIRBUS INDUSTRIE A321-231", "Man": "Airbus", "CNum": "6185", "From": "KLAS McCarran, Las Vegas, United States", "To": "KJFK John F Kennedy, New York, United States", "Op": "JetBlue Airways", "OpIcao": "JBU", "Sqk": "7362", "Help": false, "Vsi": -192, "VsiT": 0, "Dst": 17.57, "Brng": 36.7, "WTC": 2, "Species": 1, "Engines": "2", "EngType": 3, "EngMount": 0, "Mil": false, "Cou": "United States", "HasPic": false, "Interested": false, "FlightsCount": 0, "Gnd": false, "SpdTyp": 0, "CallSus": false, "Trt": 4, "Year": "2014"}], "totalAc": 5383, "lastDv": "636799846264860706", "shtTrlSec": 65, "stm": 1544406344486}