{"src": 1, "feeds": [{"id": 1, "name": "From Cons", "polarPlot": false}], "srcFeed": 1, "showSil": true, "showFlg": true, "showPic": true, "flgH": 20, "flgW": 85, "acList": [{"Id": 7864489, "Rcvr": 1, "HasSig": true, "Sig": 102, "Icao": "7800A9", "Bad": false, "Reg": "B-2099", "FSeen": "/Date(1544426179077)/", "TSecs": 3761, "CMsgs": 2445, "Alt": 3300, "GAlt": 3501, "InHg": 30.1210632, "AltT": 0, "Call": "CSN399", "Lat": 40.452621, "Long": -73.69989, "PosTime": 1544429939070, "Mlat": false, "Tisb": false, "Spd": 250.8, "Trak": 52.1, "TrkH": false, "Type": "B773", "Mdl": "Boeing 777 31BER", "Man": "Boeing", "CNum": "43219", "From": "ZGGG Guangzhou Baiyun, China", "To": "KJFK John F Kennedy, New York, United States", "Op": "China Southern Airlines", "OpIcao": "CSN", "Sqk": "6135", "Help": false, "Vsi": -832, "VsiT": 0, "Dst": 22.2, "Brng": 161.9, "WTC": 3, "Species": 1, "Engines": "2", "EngType": 3, "EngMount": 0, "Mil": false, "Cou": "China", "HasPic": false, "Interested": false, "FlightsCount": 0, "Gnd": false, "SpdTyp": 0, "CallSus": false, "Trt": 2, "Year": "2014"}, {"Id": 11371631, "Rcvr": 1, "HasSig": true, "Sig": 199, "Icao": "AD846F", "Bad": false, "Reg": "N970JB", "FSeen": "/Date(1544424986469)/", "TSecs": 4953, "CMsgs": 2916, "Alt": 42050, "GAlt": 42251, "InHg": 30.1210632, "AltT": 0, "TAlt": 2016, "Call": "JBU4", "Lat": 40.646278, "Long": -73.774597, "PosTime": 1544429939058, "Mlat": false, "Tisb": false, "Spd": 0.0, "Trak": 311.6, "TrkH": false, "TTrk": 0.0, "Type": "A321", "Mdl": "Airbus A321 231SL", "Man": "Airbus", "CNum": "7415", "From": "TJSJ Luis Munoz Marin, San Juan, Puerto Rico", "To": "KJFK John F Kennedy, New York, United States", "Op": "JetBlue Airways", "OpIcao": "JBU", "Sqk": "2000", "Help": false, "Vsi": -192, "VsiT": 0, "Dst": 0.7, "Brng": 53.2, "WTC": 2, "Species": 1, "Engines": "2", "EngType": 3, "EngMount": 0, "Mil": false, "Cou": "United States", "HasPic": false, "Interested": false, "FlightsCount": 0, "Gnd": true, "SpdTyp": 0, "CallSus": false, "Trt": 5, "Year": "2016"}, {"Id": 11202765, "Rcvr": 1, "HasSig": true, "Sig": 80, "Icao": "AAF0CD", "Bad": false, "Reg": "N804AV", "FSeen": "/Date(1544421400373)/", "TSecs": 8539, "CMsgs": 3866, "Alt": -125, "GAlt": 76, "InHg": 30.1210632, "AltT": 0, "Call": "AVA020", "Lat": 40.644653, "Long": -73.770935, "PosTime": 1544429737462, "Mlat": false, "PosStale": true, "Tisb": false, "Spd": 1.3, "Trak": 8.4, "TrkH": false, "Type": "A333", "Mdl": "Airbus A330 343E", "Man": "Airbus", "CNum": "1378", "From": "SKBO El Dorado, Bogota, Colombia", "To": "KJFK John F Kennedy, New York, United States", "Op": "Avianca", "OpIcao": "AVA", "Sqk": "2257", "Help": false, "Vsi": -448, "VsiT": 0, "Dst": 0.91, "Brng": 74.6, "WTC": 3, "Species": 1, "Engines": "2", "EngType": 3, "EngMount": 0, "Mil": false, "Cou": "United States", "HasPic": false, "Interested": false, "FlightsCount": 0, "Gnd": true, "SpdTyp": 0, "CallSus": false, "Trt": 2, "Year": "2012"}, {"Id": 11334991, "Rcvr": 1, "HasSig": true, "Sig": 114, "Icao": "ACF54F", "Bad": false, "Reg": "N934JB", "FSeen": "/Date(1544403282164)/", "TSecs": 26658, "CMsgs": 14776, "Alt": 35200, "GAlt": 35401, "InHg": 30.1210632, "AltT": 0, "TAlt": 3000, "Call": "JBU1224", "Lat": 40.646982, "Long": -73.775784, "PosTime": 1544429934963, "Mlat": false, "Tisb": false, "Spd": 0.0, "Trak": 131.6, "TrkH": false, "TTrk": 130.0, "Type": "A321", "Mdl": "2014 AIRBUS INDUSTRIE A321-231", "Man": "Airbus", "CNum": "6130", "From": "KLAX Los Angeles, United States", "To": "KJFK John F Kennedy, New York, United States", "Op": "JetBlue Airways", "OpIcao": "JBU", "Sqk": "7370", "Help": false, "Vsi": -704, "VsiT": 0, "Dst": 0.68, "Brng": 42.9, "WTC": 2, "Species": 1, "Engines": "2", "EngType": 3, "EngMount": 0, "Mil": false, "Cou": "United States", "HasPic": false, "Interested": false, "FlightsCount": 0, "Gnd": true, "SpdTyp": 0, "CallSus": false, "Trt": 4, "Year": "2014"}, {"Id": 11309223, "Rcvr": 1, "HasSig": false, "Icao": "AC90A7", "Bad": false, "Reg": "N909AM", "FSeen": "/Date(1544402272435)/", "TSecs": 27667, "CMsgs": 7945, "Alt": -225, "GAlt": 56, "InHg": 30.1092529, "AltT": 0, "TAlt": 3008, "Call": "AAL1207", "Lat": 40.776756, "Long": -73.874817, "PosTime": 1544429939070, "Mlat": false, "Tisb": false, "Spd": 0.0, "Trak": 141.4, "TrkH": false, "TTrk": 70.3125, "Type": "A321", "Mdl": "Airbus A321 231SL", "Man": "Airbus", "CNum": "7756", "From": "KDFW Dallas Fort Worth, Dallas-Fort Worth, United States", "To": "KSAN San Diego, United States", "Op": "American Airlines", "OpIcao": "AAL", "Sqk": "6211", "Help": false, "Vsi": -896, "VsiT": 0, "Dst": 16.88, "Brng": 332.2, "WTC": 2, "Species": 1, "Engines": "2", "EngType": 3, "EngMount": 0, "Mil": false, "Cou": "United States", "HasPic": false, "Interested": false, "FlightsCount": 0, "Gnd": true, "SpdTyp": 0, "CallSus": false, "Trt": 5, "Year": "2017"}], "totalAc": 4751, "lastDv": "636799758944784608", "shtTrlSec": 65, "stm": 1544429939923}