{"src": 1, "feeds": [{"id": 1, "name": "From Cons", "polarPlot": false}], "srcFeed": 1, "showSil": true, "showFlg": true, "showPic": true, "flgH": 20, "flgW": 85, "acList": [{"Id": 11334991, "Rcvr": 1, "HasSig": true, "Sig": 110, "Icao": "ACF54F", "Bad": false, "Reg": "N934JB", "FSeen": "/Date(1544428875735)/", "TSecs": 2233, "CMsgs": 981, "Alt": 35200, "GAlt": 35401, "InHg": 30.1210632, "AltT": 0, "Lat": 40.646865, "Long": -73.775799, "PosTime": 1544431106900, "Mlat": false, "Tisb": false, "Trak": 198.3, "TrkH": false, "Type": "A321", "Mdl": "2014 AIRBUS INDUSTRIE A321-231", "Man": "Airbus", "CNum": "6130", "Op": "JetBlue Airways", "OpIcao": "JBU", "Sqk": "7370", "Help": false, "VsiT": 0, "Dst": 0.67, "Brng": 43.5, "WTC": 2, "Species": 1, "Engines": "2", "EngType": 3, "EngMount": 0, "Mil": false, "Cou": "United States", "HasPic": false, "Interested": false, "FlightsCount": 0, "SpdTyp": 0, "CallSus": false, "Trt": 2, "Year": "2014"}, {"Id": 11309223, "Rcvr": 1, "HasSig": false, "Icao": "AC90A7", "Bad": false, "Reg": "N909AM", "FSeen": "/Date(1544428874593)/", "TSecs": 2234, "CMsgs": 626, "InHg": 30.1092529, "AltT": 0, "Lat": 40.776745, "Long": -73.874802, "PosTime": 1544431065818, "Mlat": false, "Tisb": false, "Spd": 0.0, "TrkH": false, "Type": "A321", "Mdl": "Airbus A321 231SL", "Man": "Airbus", "CNum": "7756", "Op": "American Airlines", "OpIcao": "AAL", "Sqk": "6211", "Help": false, "VsiT": 0, "Dst": 16.88, "Brng": 332.2, "WTC": 2, "Species": 1, "Engines": "2", "EngType": 3, "EngMount": 0, "Mil": false, "Cou": "United States", "HasPic": false, "Interested": false, "FlightsCount": 0, "Gnd": true, "SpdTyp": 0, "CallSus": false, "Trt": 2, "Year": "2017"}, {"Id": 11371631, "Rcvr": 1, "HasSig": true, "Sig": 200, "Icao": "AD846F", "Bad": false, "Reg": "N970JB", "FSeen": "/Date(1544428874514)/", "TSecs": 2234, "CMsgs": 1277, "Alt": 7388, "GAlt": 7589, "InHg": 30.1210632, "AltT": 0, "Lat": 40.646221, "Long": -73.77449, "PosTime": 1544431108230, "Mlat": false, "Tisb": false, "Trak": 40.7, "TrkH": false, "Type": "A321", "Mdl": "Airbus A321 231SL", "Man": "Airbus", "CNum": "7415", "Op": "JetBlue Airways", "OpIcao": "JBU", "Sqk": "2000", "Help": false, "VsiT": 0, "Dst": 0.71, "Brng": 54.1, "WTC": 2, "Species": 1, "Engines": "2", "EngType": 3, "EngMount": 0, "Mil": false, "Cou": "United States", "HasPic": false, "Interested": false, "FlightsCount": 0, "SpdTyp": 0, "CallSus": false, "Trt": 2, "Year": "2016"}], "totalAc": 4856, "lastDv": "636800256734873756", "shtTrlSec": 65, "stm": 1544431109432}