{"src": 1, "feeds": [{"id": 1, "name": "From Cons", "polarPlot": false}], "srcFeed": 1, "showSil": true, "showFlg": true, "showPic": true, "flgH": 20, "flgW": 85, "acList": [{"Id": 10681048, "Rcvr": 1, "HasSig": true, "Sig": 176, "Icao": "A2FAD8", "Bad": false, "Reg": "N291SY", "FSeen": "/Date(1544408187092)/", "TSecs": 42, "CMsgs": 25, "Alt": 1050, "GAlt": 1322, "InHg": 30.191576, "AltT": 0, "TAlt": 5024, "Call": "SKW3879", "Lat": 40.79219, "Long": -73.887551, "PosTime": 1544408225250, "Mlat": false, "Tisb": false, "Spd": 130.7, "Trak": 330.7, "TrkH": false, "Type": "E75L", "Mdl": "Embraer EMB-175 LL", "Man": "Embraer", "CNum": "17000759", "Op": "Delta Connection", "OpIcao": "SKW", "Sqk": "1755", "Help": false, "Vsi": 1344, "VsiT": 1, "Dst": 18.9, "Brng": 331.8, "WTC": 2, "Species": 1, "Engines": "2", "EngType": 3, "EngMount": 0, "Mil": false, "Cou": "United States", "HasPic": false, "Interested": false, "FlightsCount": 0, "Gnd": false, "SpdTyp": 0, "CallSus": false, "Trt": 5, "Year": "2018"}, {"Id": 11326163, "Rcvr": 1, "HasSig": true, "Sig": 60, "Icao": "ACD2D3", "Bad": false, "Reg": "N925XJ", "FSeen": "/Date(1544408159957)/", "TSecs": 69, "CMsgs": 40, "Alt": 2600, "GAlt": 2890, "InHg": 30.2096462, "AltT": 0, "Lat": 40.740563, "Long": -74.023382, "PosTime": 1544408223809, "Mlat": true, "Tisb": false, "TrkH": false, "Type": "CRJ9", "Mdl": "2008 BOMBARDIER INC CL-600-2D24", "Man": "Bombardier", "CNum": "15183", "Op": "DELTA AIR LINES INC     - ATLANTA, GA", "OpIcao": "EDV", "Sqk": "1635", "Help": false, "VsiT": 0, "Dst": 23.14, "Brng": 298.2, "WTC": 2, "Species": 1, "Engines": "2", "EngType": 3, "EngMount": 1, "Mil": false, "Cou": "United States", "HasPic": false, "Interested": false, "FlightsCount": 0, "Gnd": false, "SpdTyp": 0, "CallSus": false, "Trt": 2, "Year": "2008"}, {"Id": 10584960, "Rcvr": 1, "HasSig": true, "Sig": 203, "Icao": "A18380", "Bad": false, "Reg": "N197PQ", "FSeen": "/Date(1544408086464)/", "TSecs": 143, "CMsgs": 84, "Alt": 4650, "GAlt": 4945, "InHg": 30.2151985, "AltT": 0, "TAlt": 16992, "Call": "EDV5542", "Lat": 40.584366, "Long": -73.711609, "PosTime": 1544408228274, "Mlat": false, "Tisb": false, "Spd": 263.9, "Trak": 62.0, "TrkH": false, "TTrk": 70.3125, "Type": "CRJ9", "Mdl": "2008 BOMBARDIER INC CL-600-2D24", "Man": "Bombardier", "CNum": "15197", "Op": "DELTA AIR LINES INC     - ATLANTA, GA", "OpIcao": "EDV", "Sqk": "1650", "Help": false, "Vsi": 3264, "VsiT": 0, "Dst": 8.74, "Brng": 137.7, "WTC": 2, "Species": 1, "Engines": "2", "EngType": 3, "EngMount": 1, "Mil": false, "Cou": "United States", "HasPic": false, "Interested": false, "FlightsCount": 0, "Gnd": false, "SpdTyp": 0, "CallSus": false, "Trt": 5, "Year": "2008"}, {"Id": 10909827, "Rcvr": 1, "HasSig": false, "Icao": "A67883", "Bad": false, "Reg": "N516JB", "FSeen": "/Date(1544408014225)/", "TSecs": 215, "CMsgs": 124, "Alt": 7700, "GAlt": 7995, "InHg": 30.2151985, "AltT": 0, "TAlt": 4992, "Call": "JBU65", "Lat": 40.505661, "Long": -73.980682, "PosTime": 1544408228273, "Mlat": false, "Tisb": false, "Spd": 279.0, "Trak": 213.2, "TrkH": false, "TTrk": 0.0, "Type": "A320", "Mdl": "2000 AIRBUS INDUSTRIE A320-232", "Man": "Airbus", "CNum": "1302", "From": "KJFK John F Kennedy, New York, United States", "To": "KABQ Albuquerque International Sunport, United States", "Op": "JetBlue Airways", "OpIcao": "JBU", "Sqk": "1572", "Help": false, "Vsi": 2368, "VsiT": 1, "Dst": 22.7, "Brng": 228.0, "WTC": 2, "Species": 1, "Engines": "2", "EngType": 3, "EngMount": 0, "Mil": false, "Cou": "United States", "HasPic": false, "Interested": false, "FlightsCount": 0, "Gnd": false, "SpdTyp": 0, "CallSus": false, "Trt": 5, "Year": "2000"}, {"Id": 11199915, "Rcvr": 1, "HasSig": true, "Sig": 212, "Icao": "AAE5AB", "Bad": false, "Reg": "N801AY", "FSeen": "/Date(1544407987613)/", "TSecs": 241, "CMsgs": 58, "Alt": 1550, "GAlt": 1984, "InHg": 30.35433, "AltT": 0, "Lat": 40.627116, "Long": -73.780996, "PosTime": 1544408210887, "Mlat": false, "Tisb": false, "Spd": 148.4, "Trak": 210.4, "TrkH": false, "Type": "CRJ2", "Mdl": "2004 BOMBARDIER INC CL-600-2B19", "Man": "Bombardier", "CNum": "8001", "Op": "WELLS FARGO BANK NORTHWEST NA TRUSTEE     - SALT LAKE CITY, UT", "OpIcao": "EDV", "Sqk": "1125", "Help": false, "Vsi": 320, "VsiT": 0, "Dst": 1.71, "Brng": 179.2, "WTC": 2, "Species": 1, "Engines": "2", "EngType": 3, "EngMount": 1, "Mil": false, "Cou": "United States", "HasPic": false, "Interested": false, "FlightsCount": 0, "Gnd": true, "SpdTyp": 0, "CallSus": false, "Trt": 2, "Year": "2004"}, {"Id": 11242243, "Rcvr": 1, "HasSig": true, "Sig": 81, "Icao": "AB8B03", "Bad": false, "Reg": "N843AE", "FSeen": "/Date(1544407938389)/", "TSecs": 291, "CMsgs": 176, "Alt": 10750, "GAlt": 11040, "InHg": 30.2096462, "AltT": 0, "Call": "ENY3513", "Lat": 40.684328, "Long": -74.098164, "PosTime": 1544408225246, "Mlat": true, "Tisb": false, "Trak": 205.1, "TrkH": false, "Type": "E135", "Mdl": "2003 EMBRAER EMB-135KL", "Man": "Embraer", "CNum": "145680", "From": "KDFW Dallas Fort Worth, Dallas-Fort Worth, United States", "To": "KGRR Gerald R. Ford, Grand Rapids, United States", "Op": "AMERICAN AIRLINES INC     - FORT WORTH, TX", "OpIcao": "ENY", "Sqk": "1614", "Help": false, "VsiT": 0, "Dst": 27.13, "Brng": 280.0, "WTC": 2, "Species": 1, "Engines": "2", "EngType": 3, "EngMount": 1, "Mil": false, "Cou": "United States", "HasPic": false, "Interested": false, "FlightsCount": 0, "Gnd": false, "SpdTyp": 0, "CallSus": true, "Trt": 2, "Year": "2003"}, {"Id": 11234034, "Rcvr": 1, "HasSig": true, "Sig": 64, "Icao": "AB6AF2", "Bad": false, "Reg": "N835AE", "FSeen": "/Date(1544407726086)/", "TSecs": 503, "CMsgs": 63, "Alt": 3825, "GAlt": 4115, "InHg": 30.2096462, "AltT": 0, "Call": "ENY3378", "Lat": 40.84782, "Long": -73.936178, "PosTime": 1544408228274, "Mlat": false, "Tisb": false, "Spd": 205.8, "Trak": 325.7, "TrkH": false, "Type": "E135", "Mdl": "EMB-135KL", "Man": "Embraer", "CNum": "145634", "Op": "Envoy Air", "OpIcao": "ENY", "Sqk": "", "Vsi": 1920, "VsiT": 1, "Dst": 26.3, "Brng": 330.3, "WTC": 2, "Species": 1, "Engines": "2", "EngType": 3, "EngMount": 1, "Mil": false, "Cou": "United States", "HasPic": false, "Interested": false, "FlightsCount": 0, "Gnd": false, "SpdTyp": 0, "CallSus": false, "Trt": 5, "Year": "2002"}, {"Id": 3432526, "Rcvr": 1, "HasSig": true, "Sig": 78, "Icao": "34604E", "Bad": false, "Reg": "EC-MXV", "FSeen": "/Date(1544407681317)/", "TSecs": 548, "CMsgs": 199, "Alt": 8700, "GAlt": 9019, "InHg": 30.2388229, "AltT": 0, "TAlt": 12000, "Call": "IBE6252", "Lat": 40.472702, "Long": -73.566263, "PosTime": 1544408228270, "Mlat": false, "Tisb": false, "Spd": 294.0, "Trak": 121.4, "TrkH": false, "TTrk": 133.59375, "Type": "A359", "Mdl": "Airbus A350 941", "Man": "Airbus", "CNum": "219", "From": "KJFK John F Kennedy, New York, United States", "To": "LEMD Madrid Barajas, Spain", "Op": "Iberia", "OpIcao": "IBE", "Sqk": "2717", "Help": false, "Vsi": 2432, "VsiT": 1, "Dst": 26.2, "Brng": 136.0, "WTC": 3, "Species": 1, "Engines": "2", "EngType": 3, "EngMount": 0, "Mil": false, "Cou": "Spain", "HasPic": false, "Interested": false, "FlightsCount": 0, "Gnd": false, "SpdTyp": 0, "CallSus": false, "Trt": 5, "Year": "2018"}, {"Id": 4704474, "Rcvr": 1, "HasSig": false, "Icao": "47C8DA", "Bad": false, "Reg": "LN-LNN", "FSeen": "/Date(1544407349901)/", "TSecs": 879, "CMsgs": 36, "Alt": -250, "GAlt": 60, "InHg": 30.2303143, "AltT": 0, "Lat": 40.64114, "Long": -73.795837, "PosTime": 1544408195895, "Mlat": false, "Tisb": false, "Spd": 11.0, "Trak": 317.8, "TrkH": false, "Type": "B789", "Mdl": "Boeing 787 9", "Man": "Boeing", "CNum": "38891", "Op": "Norwegian", "OpIcao": "NAX", "Sqk": "", "VsiT": 0, "Dst": 1.24, "Brng": 263.1, "WTC": 3, "Species": 1, "Engines": "2", "EngType": 3, "EngMount": 0, "Mil": false, "Cou": "Norway", "HasPic": false, "Interested": false, "FlightsCount": 0, "Gnd": true, "SpdTyp": 0, "CallSus": false, "Trt": 5, "Year": "2017"}, {"Id": 11363438, "Rcvr": 1, "HasSig": true, "Sig": 162, "Icao": "AD646E", "Bad": false, "Reg": "N962JT", "FSeen": "/Date(1544407305212)/", "TSecs": 924, "CMsgs": 71, "Alt": -225, "GAlt": 85, "InHg": 30.2303143, "AltT": 0, "Lat": 40.642769, "Long": -73.771088, "PosTime": 1544407306740, "Mlat": false, "PosStale": true, "Tisb": false, "Spd": 0.0, "Trak": 199.7, "TrkH": false, "Type": "A321", "Mdl": "Airbus A321 231SL", "Man": "Airbus", "CNum": "6988", "Op": "JetBlue Airways", "OpIcao": "JBU", "Sqk": "1366", "Help": false, "VsiT": 0, "Dst": 0.86, "Brng": 87.9, "WTC": 2, "Species": 1, "Engines": "2", "EngType": 3, "EngMount": 0, "Mil": false, "Cou": "United States", "HasPic": false, "Interested": false, "FlightsCount": 0, "Gnd": true, "SpdTyp": 0, "CallSus": false, "Trt": 4, "Year": "2016"}, {"Id": 10580067, "Rcvr": 1, "HasSig": true, "Sig": 28, "Icao": "A17063", "Bad": false, "Reg": "N192JB", "FSeen": "/Date(1544407277134)/", "TSecs": 952, "CMsgs": 532, "Alt": 28400, "GAlt": 28719, "InHg": 30.239172, "AltT": 0, "Lat": 40.7897, "Long": -73.5518, "PosTime": 1544408228265, "Mlat": true, "Tisb": false, "Spd": 493.0, "Trak": 50.8, "TrkH": false, "Type": "E190", "Mdl": "2005 EMBRAER ERJ 190-100 IGW", "Man": "Embraer", "CNum": "19000014", "Op": "JetBlue Airways", "OpIcao": "JBU", "Sqk": "4410", "Help": false, "Vsi": 55, "VsiT": 0, "Dst": 25.34, "Brng": 49.7, "WTC": 2, "Species": 1, "Engines": "2", "EngType": 3, "EngMount": 0, "Mil": false, "Cou": "United States", "HasPic": false, "Interested": false, "FlightsCount": 0, "SpdTyp": 0, "CallSus": true, "Trt": 2, "Year": "2005"}, {"Id": 10578165, "Rcvr": 1, "HasSig": true, "Sig": 73, "Icao": "A168F5", "Bad": false, "Reg": "N190JB", "FSeen": "/Date(1544407276771)/", "TSecs": 952, "CMsgs": 550, "Alt": 3725, "GAlt": 4035, "InHg": 30.2303143, "AltT": 0, "Lat": 40.4635, "Long": -73.5382, "PosTime": 1544408228262, "Mlat": true, "Tisb": false, "Spd": 286.0, "Trak": 44.0, "TrkH": false, "Type": "E190", "Mdl": "2005 EMBRAER ERJ 190-100 IGW", "Man": "Embraer", "CNum": "19000011", "Op": "JetBlue Airways", "OpIcao": "JBU", "Sqk": "", "Vsi": 16, "VsiT": 0, "Dst": 28.6, "Brng": 134.0, "WTC": 2, "Species": 1, "Engines": "2", "EngType": 3, "EngMount": 0, "Mil": false, "Cou": "United States", "HasPic": false, "Interested": false, "FlightsCount": 0, "SpdTyp": 0, "CallSus": false, "Trt": 2, "Year": "2005"}, {"Id": 10959431, "Rcvr": 1, "HasSig": true, "Sig": 140, "Icao": "A73A47", "Bad": false, "Reg": "N565JB", "FSeen": "/Date(1544407276614)/", "TSecs": 952, "CMsgs": 496, "Alt": -250, "GAlt": 60, "InHg": 30.2303143, "AltT": 0, "Lat": 40.629341, "Long": -73.769714, "PosTime": 1544408097184, "Mlat": false, "PosStale": true, "Tisb": false, "Spd": 15.0, "Trak": 300.9, "TrkH": false, "Type": "A320", "Mdl": "2003 AIRBUS A320-232", "Man": "Airbus", "CNum": "2031", "Op": "JetBlue Airways", "OpIcao": "JBU", "Sqk": "", "Vsi": -128, "VsiT": 0, "Dst": 1.76, "Brng": 146.3, "WTC": 2, "Species": 1, "Engines": "2", "EngType": 3, "EngMount": 0, "Mil": false, "Cou": "United States", "HasPic": false, "Interested": false, "FlightsCount": 0, "Gnd": true, "SpdTyp": 0, "CallSus": false, "Trt": 2, "Year": "2003"}, {"Id": 10604707, "Rcvr": 1, "HasSig": false, "Icao": "A1D0A3", "Bad": false, "Reg": "N216JQ", "FSeen": "/Date(1544407276534)/", "TSecs": 952, "CMsgs": 558, "Alt": 1425, "GAlt": 1715, "InHg": 30.2096462, "AltT": 0, "Lat": 40.856385, "Long": -73.801408, "PosTime": 1544408228260, "Mlat": true, "Tisb": false, "Trak": 260.4, "TrkH": false, "Type": "E75S", "Mdl": "2009 EMBRAER-EMPRESA BRASILEIRA DE ERJ 170-200 LR", "Man": "Embraer", "CNum": "17000273", "Op": "SHUTTLE AMERICA CORP     - INDIANAPOLIS, IN", "OpIcao": "RPA", "Sqk": "", "VsiT": 0, "Dst": 23.84, "Brng": 355.9, "WTC": 2, "Species": 1, "Engines": "2", "EngType": 3, "EngMount": 0, "Mil": false, "Cou": "United States", "HasPic": false, "Interested": false, "FlightsCount": 0, "SpdTyp": 0, "CallSus": false, "Trt": 2, "Year": "2009"}, {"Id": 10660736, "Rcvr": 1, "HasSig": false, "Icao": "A2AB80", "Bad": false, "Reg": "N271PH", "FSeen": "/Date(1544407276453)/", "TSecs": 953, "CMsgs": 447, "Alt": -250, "GAlt": 40, "InHg": 30.2096462, "AltT": 0, "TAlt": 18016, "Lat": 40.848827, "Long": -74.061066, "PosTime": 1544408225250, "Mlat": false, "Tisb": false, "Spd": 16.0, "Trak": 3.3, "TrkH": false, "Type": "C680", "Mdl": "Cessna Citation Sovereign", "Man": "Cessna", "CNum": "680-0151", "Op": "General Motors", "Sqk": "", "Vsi": -704, "VsiT": 0, "Dst": 32.89, "Brng": 314.3, "WTC": 2, "Species": 1, "Engines": "2", "EngType": 3, "EngMount": 1, "Mil": false, "Cou": "United States", "HasPic": false, "Interested": false, "FlightsCount": 0, "Gnd": true, "SpdTyp": 0, "CallSus": false, "Trt": 2, "Year": "2007"}, {"Id": 10661694, "Rcvr": 1, "HasSig": true, "Sig": 114, "Icao": "A2AF3E", "Bad": false, "Reg": "N272PQ", "FSeen": "/Date(1544407276451)/", "TSecs": 953, "CMsgs": 543, "Alt": 1775, "GAlt": 2065, "InHg": 30.2096462, "AltT": 0, "Lat": 40.7459, "Long": -73.677, "PosTime": 1544408228259, "Mlat": true, "Tisb": false, "Spd": 283.0, "Trak": 242.7, "TrkH": false, "Type": "CRJ9", "Mdl": "2013 BOMBARDIER INC CL-600-2D24", "Man": "Bombardier", "CNum": "15272", "Op": "Delta Air Lines", "OpIcao": "EDV", "Sqk": "", "Vsi": 94, "VsiT": 0, "Dst": 14.47, "Brng": 37.4, "WTC": 2, "Species": 1, "Engines": "2", "EngType": 3, "EngMount": 1, "Mil": false, "Cou": "United States", "HasPic": false, "Interested": false, "FlightsCount": 0, "SpdTyp": 0, "CallSus": false, "Trt": 2, "Year": "2013"}, {"Id": 11211993, "Rcvr": 1, "HasSig": false, "Icao": "AB14D9", "Bad": false, "Reg": "N813DN", "FSeen": "/Date(1544407276362)/", "TSecs": 953, "CMsgs": 546, "Alt": 3725, "GAlt": 4015, "InHg": 30.2096462, "AltT": 0, "Lat": 40.623856, "Long": -73.428307, "PosTime": 1544408228258, "Mlat": false, "Tisb": false, "Spd": 252.0, "Trak": 29.1, "TrkH": false, "Type": "B739", "Mdl": "2014 BOEING 737-932ER", "Man": "Boeing", "CNum": "31925", "Op": "Delta Air Lines", "OpIcao": "DAL", "Sqk": "", "Vsi": 0, "VsiT": 0, "Dst": 29.86, "Brng": 93.9, "WTC": 2, "Species": 1, "Engines": "2", "EngType": 3, "EngMount": 0, "Mil": false, "Cou": "United States", "HasPic": false, "Interested": false, "FlightsCount": 0, "SpdTyp": 0, "CallSus": false, "Trt": 2, "Year": "2014"}, {"Id": 10775846, "Rcvr": 1, "HasSig": true, "Sig": 149, "Icao": "A46D26", "Bad": false, "Reg": "N38443", "FSeen": "/Date(1544407276357)/", "TSecs": 953, "CMsgs": 549, "Alt": 100, "GAlt": 395, "InHg": 30.2151985, "AltT": 0, "TAlt": 3008, "Lat": 40.717613, "Long": -74.148788, "PosTime": 1544408218696, "Mlat": false, "Tisb": false, "Spd": 151.6, "Trak": 206.2, "TrkH": false, "TTrk": 222.890625, "Type": "B739", "Mdl": "2010 BOEING 737-924ER", "Man": "Boeing", "CNum": "31655", "Op": "United Airlines", "OpIcao": "UAL", "Sqk": "", "Vsi": -896, "VsiT": 0, "Dst": 32.1, "Brng": 285.2, "WTC": 2, "Species": 1, "Engines": "2", "EngType": 3, "EngMount": 0, "Mil": false, "Cou": "United States", "HasPic": false, "Interested": false, "FlightsCount": 0, "SpdTyp": 0, "CallSus": false, "Trt": 2, "Year": "2010"}, {"Id": 10735673, "Rcvr": 1, "HasSig": false, "Icao": "A3D039", "Bad": false, "Reg": "N345DN", "FSeen": "/Date(1544407276355)/", "TSecs": 953, "CMsgs": 556, "Alt": -275, "GAlt": 15, "InHg": 30.2096462, "AltT": 0, "TAlt": 4000, "Lat": 40.786972, "Long": -73.869385, "PosTime": 1544408217275, "Mlat": false, "Tisb": false, "Spd": 139.0, "Trak": 212.7, "TrkH": false, "Type": "A321", "Mdl": "Airbus A321 211SL", "Man": "Airbus", "CNum": "8191", "Op": "Delta Air Lines", "OpIcao": "DAL", "Sqk": "", "Vsi": -768, "VsiT": 0, "Dst": 17.7, "Brng": 335.2, "WTC": 2, "Species": 1, "Engines": "2", "EngType": 3, "EngMount": 0, "Mil": false, "Cou": "United States", "HasPic": false, "Interested": false, "FlightsCount": 0, "SpdTyp": 0, "CallSus": false, "Trt": 2, "Year": "2018"}, {"Id": 10507367, "Rcvr": 1, "HasSig": true, "Sig": 71, "Icao": "A05467", "Bad": false, "Reg": "N120HF", "FSeen": "/Date(1544407276346)/", "TSecs": 953, "CMsgs": 556, "Alt": 32200, "GAlt": 32510, "InHg": 30.2303143, "AltT": 0, "TAlt": 27008, "Lat": 40.660812, "Long": -73.744263, "PosTime": 1544408226777, "Mlat": false, "Tisb": false, "Spd": 460.2, "Trak": 49.3, "TrkH": false, "Type": "HDJT", "Mdl": "Honda Aircraft Company Honda Jet HA-420", "Man": "Honda Aircraft Company", "CNum": "42000050", "Op": "Honda Aircraft Company LLC", "Sqk": "", "Vsi": -576, "VsiT": 0, "Dst": 3.73, "Brng": 56.9, "WTC": 1, "Species": 1, "Engines": "2", "EngType": 3, "EngMount": 0, "Mil": false, "Cou": "United States", "HasPic": false, "Interested": false, "FlightsCount": 0, "SpdTyp": 0, "CallSus": false, "Trt": 2, "Year": "2016"}, {"Id": 10620161, "Rcvr": 1, "HasSig": true, "Sig": 216, "Icao": "A20D01", "Bad": false, "Reg": "N231JB", "FSeen": "/Date(1544407276339)/", "TSecs": 953, "CMsgs": 544, "Alt": 3725, "GAlt": 4020, "InHg": 30.2151985, "AltT": 0, "TAlt": 4000, "Lat": 40.74852, "Long": -73.484253, "PosTime": 1544408228256, "Mlat": false, "Tisb": false, "Spd": 210.6, "Trak": 349.3, "TrkH": false, "Type": "E190", "Mdl": "2006 EMBRAER ERJ 190-100 IGW", "Man": "Embraer", "CNum": "19000033", "Op": "JetBlue Airways", "OpIcao": "JBU", "Sqk": "", "Vsi": 0, "VsiT": 0, "Dst": 27.68, "Brng": 64.7, "WTC": 2, "Species": 1, "Engines": "2", "EngType": 3, "EngMount": 0, "Mil": false, "Cou": "United States", "HasPic": false, "Interested": false, "FlightsCount": 0, "SpdTyp": 0, "CallSus": false, "Trt": 2, "Year": "2006"}, {"Id": 11223923, "Rcvr": 1, "HasSig": true, "Sig": 139, "Icao": "AB4373", "Bad": false, "Reg": "N825AE", "FSeen": "/Date(1544407276330)/", "TSecs": 953, "CMsgs": 482, "Alt": -225, "GAlt": 65, "InHg": 30.2096462, "AltT": 0, "Call": "ENY3416", "Lat": 40.78125, "Long": -73.87413, "PosTime": 1544408195894, "Mlat": false, "Tisb": false, "Spd": 12.0, "Trak": 56.3, "TrkH": false, "Type": "E135", "Mdl": "2002 EMBRAER EMB-135KL", "Man": "Embraer", "CNum": "145589", "Op": "AMERICAN AIRLINES INC     - FORT WORTH, TX", "OpIcao": "ENY", "Sqk": "1150", "Help": false, "Vsi": -64, "VsiT": 1, "Dst": 17.3, "Brng": 333.1, "WTC": 2, "Species": 1, "Engines": "2", "EngType": 3, "EngMount": 1, "Mil": false, "Cou": "United States", "HasPic": false, "Interested": false, "FlightsCount": 0, "Gnd": true, "SpdTyp": 0, "CallSus": false, "Trt": 5, "Year": "2002"}, {"Id": 10589767, "Rcvr": 1, "HasSig": true, "Sig": 31, "Icao": "A19647", "Bad": false, "Reg": "N201FR", "FSeen": "/Date(1544407276308)/", "TSecs": 953, "CMsgs": 545, "Alt": 5225, "GAlt": 5526, "InHg": 30.2214565, "AltT": 0, "Lat": 40.537502, "Long": -74.107402, "PosTime": 1544408225217, "Mlat": false, "Tisb": false, "Spd": 268.4, "Trak": 36.1, "TrkH": false, "Type": "A320", "Mdl": "2008 AIRBUS A320-214", "Man": "Airbus", "CNum": "3389", "Op": "Frontier Airlines", "OpIcao": "FFT", "Sqk": "", "Vsi": -1536, "VsiT": 0, "Dst": 29.91, "Brng": 247.1, "WTC": 2, "Species": 1, "Engines": "2", "EngType": 3, "EngMount": 0, "Mil": false, "Cou": "United States", "HasPic": false, "Interested": false, "FlightsCount": 0, "SpdTyp": 0, "CallSus": false, "Trt": 2, "Year": "2008"}, {"Id": 10823953, "Rcvr": 1, "HasSig": true, "Sig": 156, "Icao": "A52911", "Bad": false, "Reg": "N431YX", "FSeen": "/Date(1544407276299)/", "TSecs": 953, "CMsgs": 554, "Alt": 2750, "GAlt": 3040, "InHg": 30.2096462, "AltT": 0, "TAlt": 3008, "Lat": 40.833069, "Long": -73.752258, "PosTime": 1544408228253, "Mlat": false, "Tisb": false, "Spd": 231.2, "Trak": 31.6, "TrkH": false, "Type": "E75L", "Mdl": "2014 EMBRAER S A ERJ170-200LR", "Man": "Embraer", "CNum": "17000413", "Op": "REPUBLIC AIRLINE INC     - INDIANAPOLIS, IN", "OpIcao": "RPA", "Sqk": "7114", "Help": false, "Vsi": -128, "VsiT": 0, "Dst": 21.33, "Brng": 6.6, "WTC": 2, "Species": 1, "Engines": "2", "EngType": 3, "EngMount": 0, "Mil": false, "Cou": "United States", "HasPic": false, "Interested": false, "FlightsCount": 0, "SpdTyp": 0, "CallSus": false, "Trt": 2, "Year": "2014"}, {"Id": 4805112, "Rcvr": 1, "HasSig": true, "Sig": 107, "Icao": "4951F8", "Bad": false, "Reg": "CS-TOX", "FSeen": "/Date(1544407276295)/", "TSecs": 953, "CMsgs": 515, "Alt": -225, "GAlt": 85, "InHg": 30.2303143, "AltT": 0, "Lat": 40.629269, "Long": -73.769214, "PosTime": 1544408183214, "Mlat": false, "Tisb": false, "Spd": 13.5, "Trak": 261.6, "TrkH": false, "Type": "A333", "Mdl": "Airbus A330 343E", "Man": "Airbus", "CNum": "1015", "Op": "TAP Portugal", "OpIcao": "TAP", "Sqk": "6016", "Help": false, "Vsi": -64, "VsiT": 0, "Dst": 1.79, "Brng": 145.3, "WTC": 3, "Species": 1, "Engines": "2", "EngType": 3, "EngMount": 0, "Mil": false, "Cou": "Portugal", "HasPic": false, "Interested": false, "FlightsCount": 0, "Gnd": true, "SpdTyp": 0, "CallSus": false, "Trt": 2, "Year": "2009"}, {"Id": 4704458, "Rcvr": 1, "HasSig": false, "Icao": "47C8CA", "Bad": false, "Reg": "LN-LNT", "FSeen": "/Date(1544407276288)/", "TSecs": 953, "CMsgs": 347, "Alt": -250, "GAlt": 60, "InHg": 30.2303143, "AltT": 0, "TAlt": 4992, "Lat": 40.632832, "Long": -73.773804, "PosTime": 1544408228274, "Mlat": false, "Tisb": false, "Spd": 0.0, "Trak": 63.4, "TrkH": false, "TTrk": 350.15625, "Type": "B789", "Mdl": "Boeing 787 9", "Man": "Boeing", "CNum": "38774", "Op": "Norwegian", "OpIcao": "NAX", "Sqk": "6037", "Help": false, "Vsi": 0, "VsiT": 0, "Dst": 1.25, "Brng": 149.6, "WTC": 3, "Species": 1, "Engines": "2", "EngType": 3, "EngMount": 0, "Mil": false, "Cou": "Norway", "HasPic": false, "Interested": false, "FlightsCount": 0, "Gnd": true, "SpdTyp": 0, "CallSus": false, "Trt": 2, "Year": "2017"}, {"Id": 4195777, "Rcvr": 1, "HasSig": true, "Sig": 92, "Icao": "4005C1", "Bad": false, "Reg": "G-RAES", "FSeen": "/Date(1544407276286)/", "TSecs": 953, "CMsgs": 387, "InHg": 30.2303143, "AltT": 0, "Lat": 40.652161, "Long": -73.783966, "PosTime": 1544408161198, "Mlat": false, "Tisb": false, "Spd": 4.0, "Trak": 206.8, "TrkH": false, "Type": "B772", "Mdl": "Boeing 777 236ER", "Man": "Boeing", "CNum": "27491", "Op": "British Airways", "OpIcao": "BAW", "Sqk": "", "VsiT": 0, "Dst": 1.1, "Brng": 348.1, "WTC": 3, "Species": 1, "Engines": "2", "EngType": 3, "EngMount": 0, "Mil": false, "Cou": "United Kingdom", "HasPic": false, "Interested": false, "FlightsCount": 0, "Gnd": true, "SpdTyp": 0, "CallSus": false, "Trt": 2, "Year": "1997"}, {"Id": 11248395, "Rcvr": 1, "HasSig": true, "Sig": 19, "Icao": "ABA30B", "Bad": false, "Reg": "N849UA", "FSeen": "/Date(1544407276273)/", "TSecs": 953, "CMsgs": 554, "Alt": 3725, "GAlt": 4015, "InHg": 30.2096462, "AltT": 0, "Lat": 40.709932, "Long": -73.903718, "PosTime": 1544408226775, "Mlat": true, "Tisb": false, "Spd": 264.0, "Trak": 76.0, "TrkH": false, "Type": "A319", "Mdl": "2002 AIRBUS INDUSTRIE A319-131", "Man": "Airbus", "CNum": "1649", "Op": "United Airlines", "OpIcao": "UAL", "Sqk": "0672", "Help": false, "Vsi": -977, "VsiT": 0, "Dst": 12.76, "Brng": 306.0, "WTC": 2, "Species": 1, "Engines": "2", "EngType": 3, "EngMount": 0, "Mil": false, "Cou": "United States", "HasPic": false, "Interested": false, "FlightsCount": 0, "SpdTyp": 0, "CallSus": false, "Trt": 2, "Year": "2002"}, {"Id": 11365340, "Rcvr": 1, "HasSig": false, "Icao": "AD6BDC", "Bad": false, "Reg": "N964JT", "FSeen": "/Date(1544407276262)/", "TSecs": 953, "CMsgs": 532, "Alt": 450, "GAlt": 760, "InHg": 30.2303143, "AltT": 0, "TAlt": 3000, "Lat": 40.674179, "Long": -73.732185, "PosTime": 1544408228251, "Mlat": false, "Tisb": false, "Spd": 136.0, "Trak": 210.9, "TrkH": false, "TTrk": 250.0, "Type": "A321", "Mdl": "Airbus A321 231SL", "Man": "Airbus", "CNum": "7018", "Op": "JetBlue Airways", "OpIcao": "JBU", "Sqk": "", "Vsi": -768, "VsiT": 0, "Dst": 5.44, "Brng": 49.6, "WTC": 2, "Species": 1, "Engines": "2", "EngType": 3, "EngMount": 0, "Mil": false, "Cou": "United States", "HasPic": false, "Interested": false, "FlightsCount": 0, "Gnd": false, "SpdTyp": 0, "CallSus": false, "Trt": 2, "Year": "2016"}, {"Id": 10540502, "Rcvr": 1, "HasSig": false, "Icao": "A0D5D6", "Bad": false, "Reg": "N153FE", "FSeen": "/Date(1544407276255)/", "TSecs": 953, "CMsgs": 395, "Alt": 7750, "GAlt": 8051, "InHg": 30.2214565, "AltT": 0, "TAlt": 15008, "Call": "FDX367", "Lat": 40.707138, "Long": -74.15834, "PosTime": 1544408228273, "Mlat": false, "Tisb": false, "Spd": 278.0, "Trak": 79.9, "TrkH": false, "TTrk": 120.9375, "Type": "B763", "Mdl": "Boeing 767 300F", "Man": "Boeing", "CNum": "63095", "From": "KMEM Memphis, United States", "To": "KBDL Bradley, Hartford, United States", "Op": "FedEx Express", "OpIcao": "FDX", "Sqk": "2764", "Help": false, "Vsi": 3968, "VsiT": 0, "Dst": 32.6, "Brng": 282.9, "WTC": 3, "Species": 1, "Engines": "2", "EngType": 3, "EngMount": 0, "Mil": false, "Cou": "United States", "HasPic": false, "Interested": false, "FlightsCount": 0, "Gnd": false, "SpdTyp": 0, "CallSus": false, "Trt": 5, "Year": "2017"}, {"Id": 11232410, "Rcvr": 1, "HasSig": false, "Icao": "AB649A", "Bad": false, "Reg": "N833MH", "FSeen": "/Date(1544407276254)/", "TSecs": 953, "CMsgs": 511, "Alt": 2100, "GAlt": 2395, "InHg": 30.2151985, "AltT": 0, "TAlt": 2016, "Lat": 40.791779, "Long": -73.606812, "PosTime": 1544408228250, "Mlat": false, "Tisb": false, "Spd": 166.8, "Trak": 249.3, "TrkH": false, "TTrk": 260.15625, "Type": "B764", "Mdl": "2000 BOEING 767-432ER", "Man": "Boeing", "CNum": "29706", "Op": "Delta Air Lines", "OpIcao": "DAL", "Sqk": "", "Vsi": -1408, "VsiT": 0, "Dst": 22.18, "Brng": 41.5, "WTC": 3, "Species": 1, "Engines": "2", "EngType": 3, "EngMount": 0, "Mil": false, "Cou": "United States", "HasPic": false, "Interested": false, "FlightsCount": 0, "SpdTyp": 0, "CallSus": false, "Trt": 2, "Year": "2000"}], "totalAc": 5189, "lastDv": "636800040735465205", "shtTrlSec": 65, "stm": 1544408229454}