{"src": 1, "feeds": [{"id": 1, "name": "From Cons", "polarPlot": false}], "srcFeed": 1, "showSil": true, "showFlg": true, "showPic": true, "flgH": 20, "flgW": 85, "acList": [{"Id": 10687484, "Rcvr": 1, "HasSig": true, "Sig": 59, "Icao": "A313FC", "Bad": false, "Reg": "N298JB", "FSeen": "/Date(1544414720048)/", "TSecs": 9, "CMsgs": 5, "Alt": -200, "GAlt": 60, "InHg": 30.1801186, "AltT": 0, "Call": "JBU108", "Lat": 40.633773, "Long": -73.784429, "PosTime": 1544414725915, "Mlat": false, "Tisb": false, "Trak": 300.7, "TrkH": false, "Type": "E190", "Mdl": "2009 EMBRAER ERJ 190-100 IGW", "Man": "Embraer", "CNum": "19000249", "From": "KJFK John F Kennedy, New York, United States", "To": "KBUF Buffalo Niagara, United States", "Op": "JetBlue Airways", "OpIcao": "JBU", "Sqk": "", "VsiT": 0, "Dst": 1.0, "Brng": 195.3, "WTC": 2, "Species": 1, "Engines": "2", "EngType": 3, "EngMount": 0, "Mil": false, "Cou": "United States", "HasPic": false, "Interested": false, "FlightsCount": 0, "Gnd": false, "SpdTyp": 0, "CallSus": false, "Trt": 2, "Year": "2009"}, {"Id": 2804973, "Rcvr": 1, "HasSig": false, "Icao": "2ACCED", "Bad": false, "FSeen": "/Date(1544414711110)/", "TSecs": 18, "CMsgs": 3, "Alt": 0, "GAlt": 239, "InHg": 30.1594486, "AltT": 0, "Lat": 40.780598, "Long": -73.874695, "PosTime": 1544414714703, "Mlat": false, "Tisb": false, "Trak": 212.1, "TrkH": false, "Sqk": "", "VsiT": 0, "Dst": 17.26, "Brng": 332.9, "WTC": 0, "Species": 0, "EngType": 0, "EngMount": 0, "Mil": false, "Cou": "Unknown or unassigned country", "HasPic": false, "Interested": false, "FlightsCount": 0, "Gnd": false, "SpdTyp": 0, "CallSus": false, "Trt": 2}, {"Id": 3958020, "Rcvr": 1, "HasSig": false, "Icao": "3C6504", "Bad": false, "Reg": "D-AIHD", "FSeen": "/Date(1544414608204)/", "TSecs": 121, "CMsgs": 6, "InHg": 30.1801186, "AltT": 0, "Call": "DLH405", "Lat": 40.638531, "Long": -73.790192, "PosTime": 1544414713342, "Mlat": false, "Tisb": false, "Spd": 14.0, "Trak": 120.9, "TrkH": false, "Type": "A346", "Mdl": "Airbus A340 642", "Man": "Airbus", "CNum": "537", "From": "KJFK John F Kennedy, New York, United States", "To": "EDDF Frankfurt am Main, Frankfurt-am-Main, Germany", "Op": "Lufthansa", "OpIcao": "DLH", "Sqk": "", "VsiT": 0, "Dst": 0.87, "Brng": 239.7, "WTC": 3, "Species": 1, "Engines": "4", "EngType": 3, "EngMount": 0, "Mil": false, "Cou": "Germany", "HasPic": false, "Interested": false, "FlightsCount": 0, "Gnd": true, "SpdTyp": 0, "CallSus": false, "Trt": 2, "Year": "2003"}, {"Id": 10729480, "Rcvr": 1, "HasSig": true, "Sig": 177, "Icao": "A3B808", "Bad": false, "Reg": "N339JB", "FSeen": "/Date(1544414463484)/", "TSecs": 266, "CMsgs": 143, "Alt": -200, "GAlt": 90, "InHg": 30.2096462, "AltT": 0, "Lat": 40.64029, "Long": -73.77363, "PosTime": 1544414521520, "Mlat": false, "PosStale": true, "Tisb": false, "Spd": 7.6, "Trak": 203.2, "TrkH": false, "Type": "E190", "Mdl": "2011 EMBRAER ERJ 190-100 IGW", "Man": "Embraer", "CNum": "19000490", "Op": "JetBlue Airways", "OpIcao": "JBU", "Sqk": "2776", "Help": false, "VsiT": 1, "Dst": 0.69, "Brng": 110.7, "WTC": 2, "Species": 1, "Engines": "2", "EngType": 3, "EngMount": 0, "Mil": false, "Cou": "United States", "HasPic": false, "Interested": false, "FlightsCount": 0, "Gnd": true, "SpdTyp": 0, "CallSus": false, "Trt": 2, "Year": "2011"}, {"Id": 10620161, "Rcvr": 1, "HasSig": true, "Sig": 215, "Icao": "A20D01", "Bad": false, "Reg": "N231JB", "FSeen": "/Date(1544414419828)/", "TSecs": 309, "CMsgs": 204, "Alt": 12775, "GAlt": 13070, "InHg": 30.2151985, "AltT": 0, "TAlt": 17024, "Call": "JBU2002", "Lat": 40.687261, "Long": -73.668886, "PosTime": 1544414727321, "Mlat": false, "Tisb": false, "Spd": 344.4, "Trak": 39.7, "TrkH": false, "Type": "E190", "Mdl": "2006 EMBRAER ERJ 190-100 IGW", "Man": "Embraer", "CNum": "19000033", "Op": "JetBlue Airways", "OpIcao": "JBU", "Sqk": "7174", "Help": false, "Vsi": 3008, "VsiT": 1, "Dst": 10.71, "Brng": 62.3, "WTC": 2, "Species": 1, "Engines": "2", "EngType": 3, "EngMount": 0, "Mil": false, "Cou": "United States", "HasPic": false, "Interested": false, "FlightsCount": 0, "Gnd": false, "SpdTyp": 0, "CallSus": false, "Trt": 5, "Year": "2006"}, {"Id": 11318700, "Rcvr": 1, "HasSig": false, "Icao": "ACB5AC", "Bad": false, "Reg": "N918PD", "FSeen": "/Date(1544414417370)/", "TSecs": 312, "CMsgs": 182, "Alt": 650, "GAlt": 931, "InHg": 30.2007866, "AltT": 0, "Call": "N918PD", "Lat": 40.606075, "Long": -74.061775, "PosTime": 1544414727321, "Mlat": false, "Tisb": false, "Spd": 47.0, "Trak": 9.7, "TrkH": false, "Type": "B429", "Mdl": "BELL HELICOPTER TEXTRON CANADA 429", "Man": "BELL", "CNum": "57188", "Op": "NEW YORK CITY POLICE DEPARTMENT", "Sqk": "0362", "Help": false, "Vsi": -64, "VsiT": 0, "Dst": 24.02, "Brng": 260.4, "WTC": 1, "Species": 4, "Engines": "2", "EngType": 2, "EngMount": 0, "Mil": false, "Cou": "United States", "HasPic": true, "PicX": 700, "PicY": 406, "Interested": false, "FlightsCount": 0, "Gnd": false, "SpdTyp": 0, "CallSus": false, "Tag": "LE", "Trt": 5, "Year": "2014"}, {"Id": 10745898, "Rcvr": 1, "HasSig": true, "Sig": 189, "Icao": "A3F82A", "Bad": false, "Reg": "N355JB", "FSeen": "/Date(1544414365669)/", "TSecs": 364, "CMsgs": 197, "Alt": 2475, "GAlt": 2765, "InHg": 30.2096462, "AltT": 0, "Call": "JBU234", "Lat": 40.638847, "Long": -73.843106, "PosTime": 1544414723267, "Mlat": false, "Tisb": false, "Spd": 164.2, "Trak": 242.0, "TrkH": false, "Type": "E190", "Mdl": "2013 EMBRAER ERJ 190-100 IGW", "Man": "Embraer", "CNum": "19000617", "From": "KJFK John F Kennedy, New York, United States", "To": "KBTV Burlington, United States", "Op": "JetBlue Airways", "OpIcao": "JBU", "Sqk": "1704", "Help": false, "Vsi": 1088, "VsiT": 1, "Dst": 5.23, "Brng": 265.6, "WTC": 2, "Species": 1, "Engines": "2", "EngType": 3, "EngMount": 0, "Mil": false, "Cou": "United States", "HasPic": false, "Interested": false, "FlightsCount": 0, "Gnd": false, "SpdTyp": 0, "CallSus": true, "Trt": 2, "Year": "2013"}, {"Id": 10673569, "Rcvr": 1, "HasSig": true, "Sig": 190, "Icao": "A2DDA1", "Bad": false, "Reg": "N284JB", "FSeen": "/Date(1544414358006)/", "TSecs": 371, "CMsgs": 254, "Alt": 12750, "GAlt": 13010, "InHg": 30.1801186, "AltT": 0, "Call": "JBU676", "Lat": 40.818678, "Long": -73.543854, "PosTime": 1544414729514, "Mlat": true, "Tisb": false, "Trak": 24.2, "TrkH": false, "Type": "E190", "Mdl": "2008 EMBRAER ERJ 190-100 IGW", "Man": "Embraer", "CNum": "19000144", "From": "KLAX Los Angeles, United States", "To": "KJFK John F Kennedy, New York, United States", "Op": "WELLS FARGO BANK NORTHWEST NA TRUSTEE     - SALT LAKE CITY, UT", "OpIcao": "JBU", "Sqk": "1612", "Help": false, "VsiT": 0, "Dst": 28.0, "Brng": 45.5, "WTC": 2, "Species": 1, "Engines": "2", "EngType": 3, "EngMount": 0, "Mil": false, "Cou": "United States", "HasPic": false, "Interested": false, "FlightsCount": 0, "Gnd": false, "SpdTyp": 0, "CallSus": true, "Trt": 2, "Year": "2008"}, {"Id": 10637069, "Rcvr": 1, "HasSig": true, "Sig": 202, "Icao": "A24F0D", "Bad": false, "Reg": "N248PS", "FSeen": "/Date(1544412922858)/", "TSecs": 1806, "CMsgs": 1138, "Alt": 23050, "GAlt": 23319, "InHg": 30.1889763, "AltT": 0, "Lat": 40.6027, "Long": -73.5134, "PosTime": 1544414729499, "Mlat": true, "Tisb": false, "Trak": 39.6, "TrkH": false, "Type": "CRJ2", "Mdl": "2004 BOMBARDIER INC CL-600-2B19", "Man": "Bombardier", "CNum": "7925", "Op": "AFS INVESTMENTS 71 LLC     - NORWALK, CT", "OpIcao": "JIA", "Sqk": "5646", "Help": false, "VsiT": 0, "Dst": 23.04, "Brng": 101.0, "WTC": 2, "Species": 1, "Engines": "2", "EngType": 3, "EngMount": 1, "Mil": false, "Cou": "United States", "HasPic": false, "Interested": false, "FlightsCount": 0, "Gnd": false, "SpdTyp": 0, "CallSus": false, "Trt": 2, "Year": "2004"}, {"Id": 11229725, "Rcvr": 1, "HasSig": true, "Sig": 73, "Icao": "AB5A1D", "Bad": false, "Reg": "N830UA", "FSeen": "/Date(1544412187278)/", "TSecs": 2542, "CMsgs": 1315, "Alt": 23000, "GAlt": 23269, "InHg": 30.1889763, "AltT": 0, "Call": "UAL399", "Lat": 40.4787, "Long": -73.7934, "PosTime": 1544414727303, "Mlat": true, "Tisb": false, "Spd": 407.0, "Trak": 51.0, "TrkH": false, "Type": "A319", "Mdl": "2000 AIRBUS INDUSTRIE A319-131", "Man": "Airbus", "CNum": "1243", "From": "KDEN Denver, United States", "To": "KLAX Los Angeles, United States", "Op": "United Airlines", "OpIcao": "UAL", "Sqk": "0552", "Help": false, "Vsi": 59, "VsiT": 0, "Dst": 18.24, "Brng": 183.2, "WTC": 2, "Species": 1, "Engines": "2", "EngType": 3, "EngMount": 0, "Mil": false, "Cou": "United States", "HasPic": false, "Interested": false, "FlightsCount": 0, "Gnd": false, "SpdTyp": 0, "CallSus": true, "Trt": 2, "Year": "2000"}, {"Id": 10828708, "Rcvr": 1, "HasSig": true, "Sig": 169, "Icao": "A53BA4", "Bad": false, "Reg": "N436YX", "FSeen": "/Date(1544411742944)/", "TSecs": 2986, "CMsgs": 1660, "Alt": -200, "GAlt": 81, "InHg": 30.2007866, "AltT": 0, "TAlt": 1920, "Call": "RPA4317", "Lat": 40.777313, "Long": -73.870438, "PosTime": 1544414583467, "Mlat": false, "PosStale": true, "Tisb": false, "Spd": 25.0, "Trak": 123.8, "TrkH": false, "Type": "E75L", "Mdl": "2014 EMBRAER S A ERJ170-200LR", "Man": "Embraer", "CNum": "17000424", "Op": "Republic Airlines", "OpIcao": "RPA", "Sqk": "3653", "Help": false, "Vsi": 0, "VsiT": 0, "Dst": 16.77, "Brng": 333.4, "WTC": 2, "Species": 1, "Engines": "2", "EngType": 3, "EngMount": 0, "Mil": false, "Cou": "United States", "HasPic": false, "Interested": false, "FlightsCount": 0, "Gnd": true, "SpdTyp": 0, "CallSus": false, "Trt": 5, "Year": "2014"}, {"Id": 11273918, "Rcvr": 1, "HasSig": false, "Icao": "AC06BE", "Bad": false, "Reg": "N874RW", "FSeen": "/Date(1544411046276)/", "TSecs": 3683, "CMsgs": 2252, "Alt": 1825, "GAlt": 2106, "InHg": 30.2007866, "AltT": 0, "TAlt": 4000, "Call": "RPA5965", "Lat": 40.887901, "Long": -73.752785, "PosTime": 1544414727299, "Mlat": false, "Tisb": false, "Spd": 165.0, "Trak": 267.2, "TrkH": false, "Type": "E170", "Mdl": "2006 EMBRAER ERJ 170-100SU", "Man": "Embraer", "CNum": "17000148", "Op": "Republic Airlines", "OpIcao": "RPA", "Sqk": "2445", "Help": false, "Vsi": -704, "VsiT": 1, "Dst": 27.39, "Brng": 5.0, "WTC": 2, "Species": 1, "Engines": "2", "EngType": 3, "EngMount": 0, "Mil": false, "Cou": "United States", "HasPic": false, "Interested": false, "FlightsCount": 0, "Gnd": false, "SpdTyp": 0, "CallSus": false, "Trt": 5, "Year": "2006"}, {"Id": 11170825, "Rcvr": 1, "HasSig": false, "Icao": "AA7409", "Bad": false, "Reg": "N7729A", "FSeen": "/Date(1544409421313)/", "TSecs": 5308, "CMsgs": 3215, "Alt": 3775, "GAlt": 4056, "InHg": 30.2007866, "AltT": 0, "Call": "SWA757", "Lat": 40.654999, "Long": -73.977478, "PosTime": 1544414727289, "Mlat": false, "Tisb": false, "Spd": 256.0, "Trak": 32.9, "TrkH": false, "Type": "B737", "Mdl": "2006 BOEING 737-76N", "Man": "Boeing", "CNum": "32675", "From": "KDEN Denver, United States", "To": "KMCO Orlando, United States", "Stops": ["KBWI Baltimore/Washington International Thurgood Marshal, Baltimore, United States"], "Op": "Southwest Airlines", "OpIcao": "SWA", "Sqk": "3126", "Help": false, "Vsi": 0, "VsiT": 0, "Dst": 16.61, "Brng": 274.9, "WTC": 2, "Species": 1, "Engines": "2", "EngType": 3, "EngMount": 0, "Mil": false, "Cou": "United States", "HasPic": false, "Interested": false, "FlightsCount": 0, "Gnd": false, "SpdTyp": 0, "CallSus": false, "Trt": 2, "Year": "2006"}, {"Id": 11322138, "Rcvr": 1, "HasSig": false, "Icao": "ACC31A", "Bad": false, "Reg": "N921NN", "FSeen": "/Date(1544409289679)/", "TSecs": 5439, "CMsgs": 3259, "Alt": 1300, "GAlt": 1569, "InHg": 30.1889763, "AltT": 0, "Call": "AAL2485", "Lat": 40.762302, "Long": -74.120323, "PosTime": 1544414727289, "Mlat": false, "Tisb": false, "Spd": 172.0, "Trak": 206.6, "TrkH": false, "Type": "B738", "Mdl": "2013 BOEING 737-823", "Man": "Boeing", "CNum": "33229", "From": "KDFW Dallas Fort Worth, Dallas-Fort Worth, United States", "To": "KPDX Portland, United States", "Op": "WELLS FARGO BANK NORTHWEST NA TRUSTEE     - SALT LAKE CITY, UT", "OpIcao": "AAL", "Sqk": "6271", "Help": false, "Vsi": -896, "VsiT": 0, "Dst": 31.53, "Brng": 295.1, "WTC": 2, "Species": 1, "Engines": "2", "EngType": 3, "EngMount": 0, "Mil": false, "Cou": "United States", "HasPic": false, "Interested": false, "FlightsCount": 0, "Gnd": false, "SpdTyp": 0, "CallSus": false, "Trt": 2, "Year": "2013"}, {"Id": 11400425, "Rcvr": 1, "HasSig": false, "Icao": "ADF4E9", "Bad": false, "Reg": "N999JQ", "FSeen": "/Date(1544408491118)/", "TSecs": 6238, "CMsgs": 2467, "Alt": -200, "GAlt": 95, "InHg": 30.2151985, "AltT": 0, "TAlt": 8992, "Call": "JBU1804", "Lat": 40.646819, "Long": -73.772819, "PosTime": 1544410957500, "Mlat": false, "PosStale": true, "Tisb": false, "Spd": 0.0, "Trak": 177.2, "TrkH": false, "TTrk": 0.0, "Type": "A321", "Mdl": "Airbus A321 231SL", "Man": "Airbus", "CNum": "8538", "Op": "JetBlue Airways", "OpIcao": "JBU", "Sqk": "2000", "Help": false, "Vsi": -64, "VsiT": 0, "Dst": 0.86, "Brng": 56.0, "WTC": 2, "Species": 1, "Engines": "2", "EngType": 3, "EngMount": 0, "Mil": false, "Cou": "United States", "HasPic": false, "Interested": false, "FlightsCount": 0, "Gnd": true, "SpdTyp": 0, "CallSus": false, "Trt": 5}, {"Id": 10668524, "Rcvr": 1, "HasSig": true, "Sig": 122, "Icao": "A2C9EC", "Bad": false, "Reg": "N279WN", "FSeen": "/Date(1544407588342)/", "TSecs": 7141, "CMsgs": 4197, "Alt": -250, "GAlt": 19, "InHg": 30.1889763, "AltT": 0, "Lat": 40.814098, "Long": -73.846397, "PosTime": 1544414656385, "Mlat": false, "Tisb": false, "Spd": 149.0, "Trak": 209.0, "TrkH": false, "Type": "B737", "Mdl": "2007 BOEING 737-7H4", "Man": "Boeing", "CNum": "32532", "Op": "Southwest Airlines", "OpIcao": "SWA", "Sqk": "5073", "Help": false, "Vsi": -716, "VsiT": 1, "Dst": 19.86, "Brng": 344.0, "WTC": 2, "Species": 1, "Engines": "2", "EngType": 3, "EngMount": 0, "Mil": false, "Cou": "United States", "HasPic": false, "Interested": false, "FlightsCount": 0, "Gnd": true, "SpdTyp": 0, "CallSus": false, "Trt": 2, "Year": "2007"}, {"Id": 11376402, "Rcvr": 1, "HasSig": false, "Icao": "AD9712", "Bad": false, "Reg": "N975JT", "FSeen": "/Date(1544407247437)/", "TSecs": 7482, "CMsgs": 3667, "Alt": 2245, "GAlt": 2540, "InHg": 30.2151985, "AltT": 0, "TAlt": 8992, "Call": "JBU2836", "Lat": 40.647692, "Long": -73.777391, "PosTime": 1544414454696, "Mlat": false, "PosStale": true, "Tisb": false, "Spd": 0.0, "Trak": 160.1, "TrkH": false, "TTrk": 0.0, "Type": "A321", "Mdl": "Airbus A321 231SL", "Man": "Airbus", "CNum": "7520", "Op": "JetBlue Airways", "OpIcao": "JBU", "Sqk": "2000", "Help": false, "Vsi": -128, "VsiT": 0, "Dst": 0.67, "Brng": 29.6, "WTC": 2, "Species": 1, "Engines": "2", "EngType": 3, "EngMount": 0, "Mil": false, "Cou": "United States", "HasPic": false, "Interested": false, "FlightsCount": 0, "Gnd": true, "SpdTyp": 0, "CallSus": false, "Trt": 5, "Year": "2016"}, {"Id": 10746968, "Rcvr": 1, "HasSig": false, "Icao": "A3FC58", "Bad": false, "Reg": "N356NW", "FSeen": "/Date(1544407233982)/", "TSecs": 7495, "CMsgs": 3652, "Alt": 3075, "GAlt": 3356, "InHg": 30.2007866, "AltT": 0, "TAlt": 19008, "Call": "DAL952", "Lat": 40.749363, "Long": -73.828247, "PosTime": 1544414727298, "Mlat": false, "Tisb": false, "Spd": 253.0, "Trak": 60.7, "TrkH": false, "TTrk": 59.765625, "Type": "A320", "Mdl": "1998 AIRBUS INDUSTRIE A320-212", "Man": "Airbus", "CNum": "818", "From": "KSLC Salt Lake City, United States", "To": "KSLC Salt Lake City, United States", "Stops": ["KPDX Portland, United States"], "Op": "Delta Air Lines", "OpIcao": "DAL", "Sqk": "1452", "Help": false, "Vsi": -704, "VsiT": 1, "Dst": 12.53, "Brng": 341.6, "WTC": 2, "Species": 1, "Engines": "2", "EngType": 3, "EngMount": 0, "Mil": false, "Cou": "United States", "HasPic": false, "Interested": false, "FlightsCount": 0, "Gnd": false, "SpdTyp": 0, "CallSus": false, "Trt": 5, "Year": "1998"}, {"Id": 11366291, "Rcvr": 1, "HasSig": true, "Sig": 127, "Icao": "AD6F93", "Bad": false, "Reg": "N965JT", "FSeen": "/Date(1544406473917)/", "TSecs": 8255, "CMsgs": 3835, "Alt": -200, "GAlt": 90, "InHg": 30.2096462, "AltT": 0, "TAlt": 4000, "Call": "JBU1802", "Lat": 40.650112, "Long": -73.778107, "PosTime": 1544414467002, "Mlat": false, "PosStale": true, "Tisb": false, "Spd": 0.0, "Trak": 210.9, "TrkH": false, "TTrk": 19.6875, "Type": "A321", "Mdl": "Airbus A321 231SL", "Man": "Airbus", "CNum": "6512", "From": "KFLL Fort Lauderdale Hollywood, United States", "To": "KJFK John F Kennedy, New York, United States", "Op": "JetBlue Airways", "OpIcao": "JBU", "Sqk": "2000", "Help": false, "Vsi": -192, "VsiT": 0, "Dst": 0.89, "Brng": 17.5, "WTC": 2, "Species": 1, "Engines": "2", "EngType": 3, "EngMount": 0, "Mil": false, "Cou": "United States", "HasPic": false, "Interested": false, "FlightsCount": 0, "Gnd": true, "SpdTyp": 0, "CallSus": false, "Trt": 5, "Year": "2016"}, {"Id": 10748637, "Rcvr": 1, "HasSig": false, "Icao": "A402DD", "Bad": false, "Reg": "N358DN", "FSeen": "/Date(1544406427421)/", "TSecs": 8302, "CMsgs": 4171, "Alt": -225, "GAlt": -212, "InHg": 29.93171, "AltT": 0, "TAlt": 35008, "Call": "DAL2820", "Lat": 40.777805, "Long": -73.876999, "PosTime": 1544414604747, "Mlat": false, "PosStale": true, "Tisb": false, "Spd": 147.0, "Trak": 212.5, "TrkH": false, "TTrk": 0.0, "Type": "A321", "Mdl": "Airbus A321 211SL", "Man": "Airbus", "CNum": "8316", "Op": "Delta Air Lines", "OpIcao": "DAL", "Sqk": "1040", "Help": false, "Vsi": -1024, "VsiT": 0, "Dst": 17.07, "Brng": 331.8, "WTC": 2, "Species": 1, "Engines": "2", "EngType": 3, "EngMount": 0, "Mil": false, "Cou": "United States", "HasPic": false, "Interested": false, "FlightsCount": 0, "Gnd": false, "SpdTyp": 0, "CallSus": false, "Trt": 5, "Year": "2018"}, {"Id": 10674741, "Rcvr": 1, "HasSig": true, "Sig": 111, "Icao": "A2E235", "Bad": false, "Reg": "N285SY", "FSeen": "/Date(1544404535993)/", "TSecs": 10193, "CMsgs": 5597, "Alt": -200, "GAlt": 81, "InHg": 30.2007866, "AltT": 0, "TAlt": 3008, "Call": "SKW3508", "Lat": 40.775978, "Long": -73.867623, "PosTime": 1544414716367, "Mlat": false, "Tisb": false, "Spd": 20.0, "Trak": 122.4, "TrkH": false, "Type": "E75L", "Mdl": "Embraer EMB-175 LR", "Man": "Embraer", "CNum": "17000751", "Op": "Delta Connection", "OpIcao": "SKW", "Sqk": "7134", "Help": false, "Vsi": -64, "VsiT": 0, "Dst": 16.53, "Brng": 333.9, "WTC": 2, "Species": 1, "Engines": "2", "EngType": 3, "EngMount": 0, "Mil": false, "Cou": "United States", "HasPic": false, "Interested": false, "FlightsCount": 0, "Gnd": true, "SpdTyp": 0, "CallSus": false, "Trt": 5, "Year": "2018"}, {"Id": 11019747, "Rcvr": 1, "HasSig": true, "Sig": 87, "Icao": "A825E3", "Bad": false, "Reg": "N624JB", "FSeen": "/Date(1544404300916)/", "TSecs": 10428, "CMsgs": 5329, "Alt": 3140, "GAlt": 3435, "InHg": 30.2151985, "AltT": 0, "TAlt": 4000, "Call": "JBU164", "Lat": 40.64967, "Long": -73.777173, "PosTime": 1544411993712, "Mlat": false, "PosStale": true, "Tisb": false, "Spd": 0.0, "Trak": 165.9, "TrkH": false, "TTrk": 0.0, "Type": "A320", "Mdl": "2005 AIRBUS A320-232", "Man": "Airbus", "CNum": "2520", "From": "KTPA Tampa, United States", "To": "KJFK John F Kennedy, New York, United States", "Op": "JetBlue Airways", "OpIcao": "JBU", "Sqk": "6657", "Help": false, "Vsi": -128, "VsiT": 0, "Dst": 0.87, "Brng": 23.5, "WTC": 2, "Species": 1, "Engines": "2", "EngType": 3, "EngMount": 0, "Mil": false, "Cou": "United States", "HasPic": true, "PicX": 1024, "PicY": 697, "Interested": false, "FlightsCount": 0, "Gnd": true, "SpdTyp": 0, "CallSus": false, "Trt": 5, "Year": "2005"}, {"Id": 10579878, "Rcvr": 1, "HasSig": true, "Sig": 36, "Icao": "A16FA6", "Bad": false, "Reg": "N192AN", "FSeen": "/Date(1544403783346)/", "TSecs": 10946, "CMsgs": 5872, "Alt": 400, "GAlt": 660, "InHg": 30.1801186, "AltT": 0, "TAlt": 4000, "Call": "AAL2292", "Lat": 40.629257, "Long": -73.727438, "PosTime": 1544414722309, "Mlat": false, "Tisb": false, "Spd": 126.4, "Trak": 300.4, "TrkH": false, "TTrk": 319.21875, "Type": "B752", "Mdl": "757-223", "Man": "Boeing", "CNum": "32386", "From": "KDFW Dallas Fort Worth, Dallas-Fort Worth, United States", "To": "KFAT Fresno Yosemite, United States", "Op": "American Airlines", "OpIcao": "AAL", "Sqk": "0551", "Help": false, "Vsi": -640, "VsiT": 1, "Dst": 4.78, "Brng": 107.9, "WTC": 2, "Species": 1, "Engines": "2", "EngType": 3, "EngMount": 0, "Mil": false, "Cou": "United States", "HasPic": false, "Interested": false, "FlightsCount": 0, "Gnd": false, "SpdTyp": 0, "CallSus": false, "Trt": 5, "Year": "2001"}, {"Id": 10956578, "Rcvr": 1, "HasSig": false, "Icao": "A72F22", "Bad": false, "Reg": "N562JB", "FSeen": "/Date(1544403419239)/", "TSecs": 11310, "CMsgs": 3967, "Alt": -200, "GAlt": 119, "InHg": 30.2388229, "AltT": 0, "TAlt": 3008, "Call": "JBU1818", "Lat": 40.633186, "Long": -73.768875, "PosTime": 1544406818351, "Mlat": false, "PosStale": true, "Tisb": false, "Spd": 0.0, "Trak": 210.9, "TrkH": false, "TTrk": 0.0, "Type": "A320", "Mdl": "2003 AIRBUS A320-232", "Man": "Airbus", "CNum": "1948", "From": "TTPP Piarco, Port of Spain, Trinidad and Tobago", "To": "KJFK John F Kennedy, New York, United States", "Op": "JetBlue Airways", "OpIcao": "JBU", "Sqk": "2666", "Help": false, "Vsi": -640, "VsiT": 0, "Dst": 1.47, "Brng": 134.6, "WTC": 2, "Species": 1, "Engines": "2", "EngType": 3, "EngMount": 0, "Mil": false, "Cou": "United States", "HasPic": false, "Interested": false, "FlightsCount": 0, "Gnd": true, "SpdTyp": 0, "CallSus": false, "Trt": 5, "Year": "2003"}, {"Id": 11094827, "Rcvr": 1, "HasSig": false, "Icao": "A94B2B", "Bad": false, "Reg": "N69826", "FSeen": "/Date(1544402873420)/", "TSecs": 11856, "CMsgs": 6891, "Alt": 975, "GAlt": 1223, "InHg": 30.16795, "AltT": 0, "TAlt": 4000, "Call": "UAL1013", "Lat": 40.833527, "Long": -73.831238, "PosTime": 1544414727282, "Mlat": false, "Tisb": false, "Spd": 141.0, "Trak": 211.4, "TrkH": false, "TTrk": 45.703125, "Type": "B739", "Mdl": "2014 BOEING 737-924ER", "Man": "Boeing", "CNum": "42180", "From": "KEWR Newark Liberty, United States", "To": "KAUS Austin Bergstrom, United States", "Op": "United Airlines", "OpIcao": "UAL", "Sqk": "5625", "Help": false, "Vsi": -832, "VsiT": 0, "Dst": 21.66, "Brng": 348.8, "WTC": 2, "Species": 1, "Engines": "2", "EngType": 3, "EngMount": 0, "Mil": false, "Cou": "United States", "HasPic": false, "Interested": false, "FlightsCount": 0, "Gnd": false, "SpdTyp": 0, "CallSus": false, "Trt": 2, "Year": "2014"}, {"Id": 11309223, "Rcvr": 1, "HasSig": false, "Icao": "AC90A7", "Bad": false, "Reg": "N909AM", "FSeen": "/Date(1544402272435)/", "TSecs": 12457, "CMsgs": 5533, "Alt": -225, "GAlt": 56, "InHg": 30.2007866, "AltT": 0, "TAlt": 3008, "Call": "AAL1207", "Lat": 40.776752, "Long": -73.874802, "PosTime": 1544414499470, "Mlat": false, "PosStale": true, "Tisb": false, "Spd": 0.0, "Trak": 78.8, "TrkH": false, "TTrk": 70.3125, "Type": "A321", "Mdl": "Airbus A321 231SL", "Man": "Airbus", "CNum": "7756", "From": "KDFW Dallas Fort Worth, Dallas-Fort Worth, United States", "To": "KSAN San Diego, United States", "Op": "American Airlines", "OpIcao": "AAL", "Sqk": "6211", "Help": false, "Vsi": -896, "VsiT": 0, "Dst": 16.88, "Brng": 332.2, "WTC": 2, "Species": 1, "Engines": "2", "EngType": 3, "EngMount": 0, "Mil": false, "Cou": "United States", "HasPic": false, "Interested": false, "FlightsCount": 0, "Gnd": true, "SpdTyp": 0, "CallSus": false, "Trt": 5, "Year": "2017"}, {"Id": 11302867, "Rcvr": 1, "HasSig": true, "Sig": 201, "Icao": "AC77D3", "Bad": false, "Reg": "N902NN", "FSeen": "/Date(1544397295437)/", "TSecs": 17434, "CMsgs": 8767, "Alt": 1775, "GAlt": 1944, "InHg": 30.088583, "AltT": 0, "TAlt": 19008, "Call": "AAL1388", "Lat": 40.518219, "Long": -73.630554, "PosTime": 1544414729442, "Mlat": false, "Tisb": false, "Spd": 148.5, "Trak": 349.5, "TrkH": false, "TTrk": 0.0, "Type": "B738", "Mdl": "2012 BOEING 737-823", "Man": "Boeing", "CNum": "31154", "From": "KMSP Minneapolis-St Paul International/Wold-Chamberlain, Minneapolis, United States", "To": "KPHX Phoenix Sky Harbor, United States", "Op": "American Airlines", "OpIcao": "AAL", "Sqk": "4160", "Help": false, "Vsi": -64, "VsiT": 1, "Dst": 18.79, "Brng": 137.3, "WTC": 2, "Species": 1, "Engines": "2", "EngType": 3, "EngMount": 0, "Mil": false, "Cou": "United States", "HasPic": false, "Interested": false, "FlightsCount": 0, "Gnd": false, "SpdTyp": 0, "CallSus": false, "Trt": 5, "Year": "2012"}, {"Id": 11235263, "Rcvr": 1, "HasSig": true, "Sig": 51, "Icao": "AB6FBF", "Bad": false, "Reg": "N836MH", "FSeen": "/Date(1544396960220)/", "TSecs": 17769, "CMsgs": 9624, "Alt": -200, "GAlt": 90, "InHg": 30.2096462, "AltT": 0, "TAlt": 1600, "Call": "DAL1077", "Lat": 40.643108, "Long": -73.801254, "PosTime": 1544414619293, "Mlat": false, "Tisb": false, "Spd": 22.0, "Trak": 120.9, "TrkH": false, "TTrk": 314.296875, "Type": "B764", "Mdl": "2000 BOEING 767-432ER", "Man": "Boeing", "CNum": "29709", "From": "KRIC Richmond, United States", "To": "KMSY Louis Armstrong New Orleans, United States", "Stops": ["KATL Hartsfield Jackson Atlanta, United States"], "Op": "Delta Air Lines", "OpIcao": "DAL", "Sqk": "6371", "Help": false, "Vsi": -64, "VsiT": 0, "Dst": 1.69, "Brng": 272.4, "WTC": 3, "Species": 1, "Engines": "2", "EngType": 3, "EngMount": 0, "Mil": false, "Cou": "United States", "HasPic": false, "Interested": false, "FlightsCount": 0, "Gnd": true, "SpdTyp": 0, "CallSus": false, "Trt": 5, "Year": "2000"}, {"Id": 10502143, "Rcvr": 1, "HasSig": true, "Sig": 105, "Icao": "A03FFF", "Bad": false, "Reg": "N115NN", "FSeen": "/Date(1544395090697)/", "TSecs": 19638, "CMsgs": 10213, "Alt": 4550, "GAlt": 4840, "InHg": 30.2096462, "AltT": 0, "TAlt": 4000, "Call": "AAL32", "Lat": 40.649551, "Long": -73.795166, "PosTime": 1544412873510, "Mlat": false, "PosStale": true, "Tisb": false, "Spd": 0.0, "Trak": 165.9, "TrkH": false, "TTrk": 0.0, "Type": "A321", "Mdl": "2014 AIRBUS INDUSTRIE A321-231", "Man": "Airbus", "CNum": "6063", "From": "KLAX Los Angeles, United States", "To": "KJFK John F Kennedy, New York, United States", "Op": "American Airlines", "OpIcao": "AAL", "Sqk": "2023", "Help": false, "Vsi": -128, "VsiT": 0, "Dst": 1.41, "Brng": 303.9, "WTC": 2, "Species": 1, "Engines": "2", "EngType": 3, "EngMount": 0, "Mil": false, "Cou": "United States", "HasPic": false, "Interested": false, "FlightsCount": 0, "Gnd": true, "SpdTyp": 0, "CallSus": false, "Trt": 5, "Year": "2014"}, {"Id": 11363438, "Rcvr": 1, "HasSig": true, "Sig": 118, "Icao": "AD646E", "Bad": false, "Reg": "N962JT", "FSeen": "/Date(1544389410137)/", "TSecs": 25319, "CMsgs": 10118, "Alt": 2545, "GAlt": 2855, "InHg": 30.2303143, "AltT": 0, "TAlt": 4000, "Call": "JBU190", "Lat": 40.642769, "Long": -73.771088, "PosTime": 1544407308757, "Mlat": false, "PosStale": true, "Tisb": false, "Spd": 0.0, "Trak": 199.7, "TrkH": false, "TTrk": 250.0, "Type": "A321", "Mdl": "Airbus A321 231SL", "Man": "Airbus", "CNum": "6988", "From": "KSAN San Diego, United States", "To": "KJFK John F Kennedy, New York, United States", "Op": "JetBlue Airways", "OpIcao": "JBU", "Sqk": "2000", "Help": false, "Vsi": -1280, "VsiT": 0, "Dst": 0.86, "Brng": 87.9, "WTC": 2, "Species": 1, "Engines": "2", "EngType": 3, "EngMount": 0, "Mil": false, "Cou": "United States", "HasPic": false, "Interested": false, "FlightsCount": 0, "Gnd": true, "SpdTyp": 0, "CallSus": false, "Trt": 4, "Year": "2016"}], "totalAc": 4414, "lastDv": "636797564781329088", "shtTrlSec": 65, "stm": 1544414729589}