{"src": 1, "feeds": [{"id": 1, "name": "From Cons", "polarPlot": false}], "srcFeed": 1, "showSil": true, "showFlg": true, "showPic": true, "flgH": 20, "flgW": 85, "acList": [{"Id": 854419, "Rcvr": 1, "HasSig": true, "Sig": 221, "Icao": "0D0993", "Bad": false, "Reg": "XA-VLN", "FSeen": "/Date(1544428100534)/", "TSecs": 84, "CMsgs": 56, "Alt": 1600, "GAlt": 1801, "InHg": 30.1207027, "AltT": 0, "TAlt": 4992, "Call": "VOI859", "Lat": 40.643005, "Long": -73.855469, "PosTime": 1544428184435, "Mlat": false, "Tisb": false, "Spd": 209.0, "Trak": 234.0, "TrkH": false, "Type": "A320", "Mdl": "Airbus A320 233SL", "Man": "Airbus", "CNum": "6948", "From": "KJFK John F Kennedy, New York, United States", "To": "MMMX Licenciado Benito Juarez, Mexico City, Mexico", "Op": "Volaris", "OpIcao": "VOI", "Sqk": "3335", "Help": false, "Vsi": 640, "VsiT": 1, "Dst": 6.26, "Brng": 270.6, "WTC": 2, "Species": 1, "Engines": "2", "EngType": 3, "EngMount": 0, "Mil": false, "Cou": "Mexico", "HasPic": false, "Interested": false, "FlightsCount": 0, "Gnd": false, "SpdTyp": 0, "CallSus": false, "Trt": 5, "Year": "2015"}, {"Id": 11309223, "Rcvr": 1, "HasSig": false, "Icao": "AC90A7", "Bad": false, "Reg": "N909AM", "FSeen": "/Date(1544425285504)/", "TSecs": 2899, "CMsgs": 506, "InHg": 30.1092529, "AltT": 0, "Lat": 40.776752, "Long": -73.874802, "PosTime": 1544428175517, "Mlat": false, "Tisb": false, "Spd": 0.0, "TrkH": false, "Type": "A321", "Mdl": "Airbus A321 231SL", "Man": "Airbus", "CNum": "7756", "Op": "American Airlines", "OpIcao": "AAL", "Sqk": "6211", "Help": false, "VsiT": 0, "Dst": 16.88, "Brng": 332.2, "WTC": 2, "Species": 1, "Engines": "2", "EngType": 3, "EngMount": 0, "Mil": false, "Cou": "United States", "HasPic": false, "Interested": false, "FlightsCount": 0, "Gnd": true, "SpdTyp": 0, "CallSus": false, "Trt": 2, "Year": "2017"}, {"Id": 11371631, "Rcvr": 1, "HasSig": true, "Sig": 90, "Icao": "AD846F", "Bad": false, "Reg": "N970JB", "FSeen": "/Date(1544425276582)/", "TSecs": 2908, "CMsgs": 1796, "Alt": -150, "GAlt": 51, "InHg": 30.1210632, "AltT": 0, "TAlt": 2016, "Lat": 40.651474, "Long": -73.781137, "PosTime": 1544428183061, "Mlat": false, "Tisb": false, "Spd": 17.0, "Trak": 120.9, "TrkH": false, "TTrk": 0.0, "Type": "A321", "Mdl": "Airbus A321 231SL", "Man": "Airbus", "CNum": "7415", "Op": "JetBlue Airways", "OpIcao": "JBU", "Sqk": "", "Vsi": -192, "VsiT": 0, "Dst": 1.0, "Brng": 0.7, "WTC": 2, "Species": 1, "Engines": "2", "EngType": 3, "EngMount": 0, "Mil": false, "Cou": "United States", "HasPic": false, "Interested": false, "FlightsCount": 0, "Gnd": true, "SpdTyp": 0, "CallSus": false, "Trt": 2, "Year": "2016"}, {"Id": 11334991, "Rcvr": 1, "HasSig": false, "Icao": "ACF54F", "Bad": false, "Reg": "N934JB", "FSeen": "/Date(1544425275821)/", "TSecs": 2908, "CMsgs": 1200, "Alt": 3188, "GAlt": 3389, "InHg": 30.1210632, "AltT": 0, "Lat": 40.646958, "Long": -73.775753, "PosTime": 1544428181706, "Mlat": false, "Tisb": false, "TrkH": false, "Type": "A321", "Mdl": "2014 AIRBUS INDUSTRIE A321-231", "Man": "Airbus", "CNum": "6130", "Op": "JetBlue Airways", "OpIcao": "JBU", "Sqk": "7370", "Help": false, "VsiT": 0, "Dst": 0.68, "Brng": 43.2, "WTC": 2, "Species": 1, "Engines": "2", "EngType": 3, "EngMount": 0, "Mil": false, "Cou": "United States", "HasPic": false, "Interested": false, "FlightsCount": 0, "SpdTyp": 0, "CallSus": false, "Trt": 2, "Year": "2014"}], "totalAc": 4644, "lastDv": "636800220740593341", "shtTrlSec": 65, "stm": 1544428184616}