{"src": 1, "feeds": [{"id": 1, "name": "From Cons", "polarPlot": false}], "srcFeed": 1, "showSil": true, "showFlg": true, "showPic": true, "flgH": 20, "flgW": 85, "acList": [{"Id": 4224211, "Rcvr": 1, "HasSig": false, "Icao": "4074D3", "Bad": false, "Reg": "G-CKWC", "FSeen": "/Date(1544412907780)/", "TSecs": 67, "CMsgs": 8, "InHg": 30.35433, "AltT": 0, "Call": "NRS16B", "Lat": 40.63979, "Long": -73.794952, "PosTime": 1544412963991, "Mlat": false, "Tisb": false, "Spd": 9.0, "Trak": 143.4, "TrkH": false, "Type": "B789", "Mdl": "Boeing 787 9", "Man": "Boeing", "CNum": "38893", "Op": "Norwegian Air UK", "OpIcao": "NRS", "Sqk": "3027", "Help": false, "VsiT": 0, "Dst": 1.19, "Brng": 255.4, "WTC": 3, "Species": 1, "Engines": "2", "EngType": 3, "EngMount": 0, "Mil": false, "Cou": "United Kingdom", "HasPic": false, "Interested": false, "FlightsCount": 0, "Gnd": true, "SpdTyp": 0, "CallSus": false, "Trt": 2, "Year": "2018"}, {"Id": 11335942, "Rcvr": 1, "HasSig": true, "Sig": 100, "Icao": "ACF906", "Bad": false, "Reg": "N935JB", "FSeen": "/Date(1544412723175)/", "TSecs": 251, "CMsgs": 154, "Alt": 9600, "GAlt": 9869, "InHg": 30.1889763, "AltT": 0, "TAlt": 11000, "Call": "JBU711", "Lat": 40.465579, "Long": -74.014518, "PosTime": 1544412972872, "Mlat": false, "Tisb": false, "Spd": 282.7, "Trak": 212.3, "TrkH": false, "Type": "A321", "Mdl": "2014 AIRBUS INDUSTRIE A321-231", "Man": "Airbus", "CNum": "6185", "From": "KBOS General Edward Lawrence Logan, Boston, United States", "To": "KLAS McCarran, Las Vegas, United States", "Stops": ["KJFK John F Kennedy, New York, United States"], "Op": "JetBlue Airways", "OpIcao": "JBU", "Sqk": "3332", "Help": false, "Vsi": 2880, "VsiT": 0, "Dst": 27.84, "Brng": 225.1, "WTC": 2, "Species": 1, "Engines": "2", "EngType": 3, "EngMount": 0, "Mil": false, "Cou": "United States", "HasPic": false, "Interested": false, "FlightsCount": 0, "Gnd": false, "SpdTyp": 0, "CallSus": false, "Trt": 4, "Year": "2014"}, {"Id": 11118416, "Rcvr": 1, "HasSig": false, "Icao": "A9A750", "Bad": false, "Reg": "N721AN", "FSeen": "/Date(1544412170615)/", "TSecs": 804, "CMsgs": 242, "Alt": -225, "GAlt": 65, "InHg": 30.2096462, "AltT": 0, "Call": "AAL951", "Lat": 40.648888, "Long": -73.790497, "PosTime": 1544412958641, "Mlat": false, "Tisb": false, "Spd": 0.0, "Trak": 171.6, "TrkH": false, "Type": "B77W", "Mdl": "2013 BOEING 777-323ER", "Man": "Boeing", "CNum": "31546", "From": "KJFK John F Kennedy, New York, United States", "To": "SBGR Guarulhos - Governador Andr\u00e9 Franco Montoro, S\u00e3o Paulo, Brazil", "Op": "American Airlines", "OpIcao": "AAL", "Sqk": "1616", "Help": false, "VsiT": 0, "Dst": 1.05, "Brng": 312.5, "WTC": 3, "Species": 1, "Engines": "2", "EngType": 3, "EngMount": 0, "Mil": false, "Cou": "United States", "HasPic": false, "Interested": false, "FlightsCount": 0, "Gnd": true, "SpdTyp": 0, "CallSus": false, "Trt": 2, "Year": "2013"}, {"Id": 11114129, "Rcvr": 1, "HasSig": true, "Sig": 198, "Icao": "A99691", "Bad": false, "Reg": "N717FF", "FSeen": "/Date(1544411684430)/", "TSecs": 1290, "CMsgs": 750, "Alt": 3750, "GAlt": 4040, "InHg": 30.2096462, "AltT": 0, "Lat": 40.649833, "Long": -73.882183, "PosTime": 1544412907761, "Mlat": false, "Tisb": false, "Spd": 194.0, "Trak": 227.9, "TrkH": false, "Type": "LJ60", "Mdl": "2001 LEARJET INC 60", "Man": "Bombardier", "CNum": "213", "Op": "DUTY FREE AVIATION LLC     - HOLLYWOOD, FL", "Sqk": "4257", "Help": false, "Vsi": 320, "VsiT": 1, "Dst": 8.55, "Brng": 275.5, "WTC": 2, "Species": 1, "Engines": "2", "EngType": 3, "EngMount": 1, "Mil": false, "Cou": "United States", "HasPic": false, "Interested": false, "FlightsCount": 0, "Gnd": false, "SpdTyp": 0, "CallSus": false, "Trt": 2, "Year": "2001"}, {"Id": 4703690, "Rcvr": 1, "HasSig": true, "Sig": 198, "Icao": "47C5CA", "Bad": false, "Reg": "LN-LNG", "FSeen": "/Date(1544411508874)/", "TSecs": 1465, "CMsgs": 264, "Alt": 225, "GAlt": 520, "InHg": 30.2151985, "AltT": 0, "TAlt": 4992, "Call": "NAX2J", "Lat": 40.644898, "Long": -73.808899, "PosTime": 1544412972873, "Mlat": false, "Tisb": false, "Spd": 171.8, "Trak": 301.2, "TrkH": false, "TTrk": 314.296875, "Type": "B788", "Mdl": "Boeing 787 8", "Man": "Boeing", "CNum": "35314", "Op": "Norwegian", "OpIcao": "NAX", "Sqk": "2603", "Help": false, "Vsi": 1728, "VsiT": 0, "Dst": 2.35, "Brng": 276.6, "WTC": 3, "Species": 1, "Engines": "2", "EngType": 3, "EngMount": 0, "Mil": false, "Cou": "Norway", "HasPic": false, "Interested": false, "FlightsCount": 0, "Gnd": false, "SpdTyp": 0, "CallSus": false, "Trt": 5, "Year": "2014"}, {"Id": 10645449, "Rcvr": 1, "HasSig": true, "Sig": 40, "Icao": "A26FC9", "Bad": false, "Reg": "N256WN", "FSeen": "/Date(1544411461563)/", "TSecs": 1513, "CMsgs": 940, "Alt": 29375, "GAlt": 29387, "InHg": 29.93171, "AltT": 0, "TAlt": 27008, "Call": "SWA2457", "Lat": 40.77681, "Long": -73.612305, "PosTime": 1544412972855, "Mlat": false, "Tisb": false, "Spd": 521.4, "Trak": 58.2, "TrkH": false, "TTrk": 73.125, "Type": "B737", "Mdl": "2006 BOEING 737-7H4", "Man": "Boeing", "CNum": "32514", "From": "KMDW Chicago Midway, United States", "To": "KIAD Washington Dulles, United States", "Op": "Southwest Airlines", "OpIcao": "SWA", "Sqk": "5606", "Help": false, "Vsi": -2176, "VsiT": 1, "Dst": 20.64, "Brng": 43.6, "WTC": 2, "Species": 1, "Engines": "2", "EngType": 3, "EngMount": 0, "Mil": false, "Cou": "United States", "HasPic": false, "Interested": false, "FlightsCount": 0, "Gnd": false, "SpdTyp": 0, "CallSus": false, "Trt": 5, "Year": "2006"}, {"Id": 10498967, "Rcvr": 1, "HasSig": true, "Sig": 77, "Icao": "A03397", "Bad": false, "Reg": "N11191", "FSeen": "/Date(1544410994577)/", "TSecs": 1980, "CMsgs": 1160, "Alt": 25325, "GAlt": 25615, "InHg": 30.2096462, "AltT": 0, "Call": "UCA4970", "Lat": 40.680371, "Long": -73.980748, "PosTime": 1544412974187, "Mlat": true, "Tisb": false, "Trak": 51.3, "TrkH": false, "Type": "E145", "Mdl": "EMB-145XR", "Man": "EMBRAER ", "CNum": "14500935", "Op": "United Express   CommutAir", "OpIcao": "UCA", "Sqk": "0574", "Help": false, "VsiT": 0, "Dst": 17.34, "Brng": 284.1, "WTC": 2, "Species": 1, "Engines": "2", "EngType": 3, "EngMount": 1, "Mil": false, "Cou": "United States", "HasPic": false, "Interested": false, "FlightsCount": 0, "Gnd": false, "SpdTyp": 0, "CallSus": true, "Trt": 2, "Year": "2005"}, {"Id": 11382611, "Rcvr": 1, "HasSig": false, "Icao": "ADAF53", "Bad": false, "Reg": "N981EV", "FSeen": "/Date(1544410049918)/", "TSecs": 2924, "CMsgs": 1135, "Alt": 27800, "GAlt": 28090, "InHg": 30.2096462, "AltT": 0, "Lat": 40.643738, "Long": -73.855713, "PosTime": 1544411927788, "Mlat": false, "PosStale": true, "Tisb": false, "Spd": 223.2, "Trak": 217.5, "TrkH": false, "Type": "CRJ2", "Mdl": "2003 BOMBARDIER INC CL-600-2B19", "Man": "Bombardier", "CNum": "7768", "Op": "US BANK NA TRUSTEE     - WILMINGTON, DE", "OpIcao": "EDV", "Sqk": "1134", "Help": false, "Vsi": 704, "VsiT": 1, "Dst": 6.28, "Brng": 271.3, "WTC": 2, "Species": 1, "Engines": "2", "EngType": 3, "EngMount": 1, "Mil": false, "Cou": "United States", "HasPic": false, "Interested": false, "FlightsCount": 0, "Gnd": false, "SpdTyp": 0, "CallSus": false, "Trt": 2, "Year": "2003"}, {"Id": 11400425, "Rcvr": 1, "HasSig": true, "Sig": 75, "Icao": "ADF4E9", "Bad": false, "Reg": "N999JQ", "FSeen": "/Date(1544408488897)/", "TSecs": 4485, "CMsgs": 1766, "Alt": -225, "GAlt": 70, "InHg": 30.2151985, "AltT": 0, "TAlt": 8992, "Call": "JBU1804", "Lat": 40.646819, "Long": -73.772819, "PosTime": 1544410957165, "Mlat": false, "PosStale": true, "Tisb": false, "Spd": 0.0, "Trak": 177.2, "TrkH": false, "TTrk": 0.0, "Type": "A321", "Mdl": "Airbus A321 231SL", "Man": "Airbus", "CNum": "8538", "Op": "JetBlue Airways", "OpIcao": "JBU", "Sqk": "1422", "Help": false, "Vsi": -64, "VsiT": 0, "Dst": 0.86, "Brng": 56.0, "WTC": 2, "Species": 1, "Engines": "2", "EngType": 3, "EngMount": 0, "Mil": false, "Cou": "United States", "HasPic": false, "Interested": false, "FlightsCount": 0, "Gnd": true, "SpdTyp": 0, "CallSus": false, "Trt": 5}, {"Id": 11376402, "Rcvr": 1, "HasSig": true, "Sig": 72, "Icao": "AD9712", "Bad": false, "Reg": "N975JT", "FSeen": "/Date(1544407246204)/", "TSecs": 5728, "CMsgs": 2823, "Alt": 2386, "GAlt": 2681, "InHg": 30.2151985, "AltT": 0, "TAlt": 8992, "Call": "JBU2836", "Lat": 40.647692, "Long": -73.777391, "PosTime": 1544410465681, "Mlat": false, "PosStale": true, "Tisb": false, "Spd": 0.0, "Trak": 160.1, "TrkH": false, "TTrk": 0.0, "Type": "A321", "Mdl": "Airbus A321 231SL", "Man": "Airbus", "CNum": "7520", "Op": "JetBlue Airways", "OpIcao": "JBU", "Sqk": "2000", "Help": false, "Vsi": -128, "VsiT": 0, "Dst": 0.67, "Brng": 29.6, "WTC": 2, "Species": 1, "Engines": "2", "EngType": 3, "EngMount": 0, "Mil": false, "Cou": "United States", "HasPic": false, "Interested": false, "FlightsCount": 0, "Gnd": true, "SpdTyp": 0, "CallSus": false, "Trt": 5, "Year": "2016"}, {"Id": 10813842, "Rcvr": 1, "HasSig": false, "Icao": "A50192", "Bad": false, "Reg": "N421YX", "FSeen": "/Date(1544407118913)/", "TSecs": 5855, "CMsgs": 3287, "Alt": -225, "GAlt": 56, "InHg": 30.2007866, "AltT": 0, "TAlt": 3008, "Call": "RPA4439", "Lat": 40.777805, "Long": -73.875381, "PosTime": 1544412819680, "Mlat": false, "PosStale": true, "Tisb": false, "Spd": 14.0, "Trak": 45.0, "TrkH": false, "Type": "E75L", "Mdl": "2014 EMBRAER S A ERJ170-200LR", "Man": "Embraer", "CNum": "17000386", "Op": "REPUBLIC AIRLINE INC     - INDIANAPOLIS, IN", "OpIcao": "RPA", "Sqk": "3176", "Help": false, "Vsi": -128, "VsiT": 0, "Dst": 17.01, "Brng": 332.2, "WTC": 2, "Species": 1, "Engines": "2", "EngType": 3, "EngMount": 0, "Mil": false, "Cou": "United States", "HasPic": false, "Interested": false, "FlightsCount": 0, "Gnd": true, "SpdTyp": 0, "CallSus": false, "Trt": 5, "Year": "2014"}, {"Id": 11244453, "Rcvr": 1, "HasSig": true, "Sig": 68, "Icao": "AB93A5", "Bad": false, "Reg": "N845NN", "FSeen": "/Date(1544406147118)/", "TSecs": 6827, "CMsgs": 3937, "Alt": 2125, "GAlt": 2415, "InHg": 30.2096462, "AltT": 0, "Call": "AAL279", "Lat": 40.844879, "Long": -73.757568, "PosTime": 1544412974179, "Mlat": false, "Tisb": false, "Spd": 169.0, "Trak": 346.0, "TrkH": false, "Type": "B738", "Mdl": "2010 BOEING 737-823", "Man": "Boeing", "CNum": "40579", "From": "EGPH Edinburgh, United Kingdom", "To": "KMCO Orlando, United States", "Stops": ["KJFK John F Kennedy, New York, United States"], "Op": "American Airlines", "OpIcao": "AAL", "Sqk": "2556", "Help": false, "Vsi": -1600, "VsiT": 0, "Dst": 22.59, "Brng": 5.1, "WTC": 2, "Species": 1, "Engines": "2", "EngType": 3, "EngMount": 0, "Mil": false, "Cou": "United States", "HasPic": true, "PicX": 3441, "PicY": 2271, "Interested": false, "FlightsCount": 0, "Gnd": false, "SpdTyp": 0, "CallSus": false, "Trt": 2, "Year": "2010"}, {"Id": 10533006, "Rcvr": 1, "HasSig": false, "Icao": "A0B88E", "Bad": false, "Reg": "N14568", "FSeen": "/Date(1544406008222)/", "TSecs": 6966, "CMsgs": 3758, "Alt": -225, "GAlt": 6, "InHg": 30.15059, "AltT": 0, "Call": "ASQ3993", "Lat": 40.711608, "Long": -74.15191, "PosTime": 1544412886952, "Mlat": true, "Tisb": false, "Spd": 525.4, "Trak": 206.2, "TrkH": false, "Type": "E145", "Mdl": "2002 EMBRAER EMB-145LR", "Man": "Embraer", "CNum": "145628", "Op": "WELLS FARGO BANK NORTHWEST NA TRUSTEE     - SALT LAKE CITY, UT", "OpIcao": "ASQ", "Sqk": "0542", "Help": false, "Vsi": 896, "VsiT": 0, "Dst": 32.19, "Brng": 283.9, "WTC": 2, "Species": 1, "Engines": "2", "EngType": 3, "EngMount": 1, "Mil": false, "Cou": "United States", "HasPic": false, "Interested": false, "FlightsCount": 0, "Gnd": true, "SpdTyp": 0, "CallSus": false, "Trt": 2, "Year": "2002"}, {"Id": 11353311, "Rcvr": 1, "HasSig": false, "Icao": "AD3CDF", "Bad": false, "Reg": "N952JB", "FSeen": "/Date(1544405199300)/", "TSecs": 7775, "CMsgs": 4114, "Alt": -225, "GAlt": 47, "InHg": 30.191576, "AltT": 0, "TAlt": 4000, "Call": "JBU1190", "Lat": 40.651823, "Long": -73.781932, "PosTime": 1544412398833, "Mlat": false, "PosStale": true, "Tisb": false, "Spd": 0.9, "Trak": 191.3, "TrkH": false, "TTrk": 54.84375, "Type": "A321", "Mdl": "2015 AIRBUS A321-231", "Man": "Airbus", "CNum": "6663", "From": "KMCO Orlando, United States", "To": "KJFK John F Kennedy, New York, United States", "Op": "JET BLUE AIRWAYS CORP     - LONG ISLAND CITY, NY", "OpIcao": "JBU", "Sqk": "2000", "Help": false, "Vsi": -64, "VsiT": 0, "Dst": 1.04, "Brng": 357.0, "WTC": 2, "Species": 1, "Engines": "2", "EngType": 3, "EngMount": 0, "Mil": false, "Cou": "United States", "HasPic": false, "Interested": false, "FlightsCount": 0, "Gnd": true, "SpdTyp": 0, "CallSus": false, "Trt": 5, "Year": "2015"}, {"Id": 10585572, "Rcvr": 1, "HasSig": false, "Icao": "A185E4", "Bad": false, "Reg": "N198AA", "FSeen": "/Date(1544405025653)/", "TSecs": 7949, "CMsgs": 4473, "Alt": -100, "GAlt": 190, "InHg": 30.2096462, "AltT": 0, "Call": "AAL2572", "Lat": 40.63121, "Long": -73.757027, "PosTime": 1544412966963, "Mlat": false, "Tisb": false, "Spd": 131.0, "Trak": 299.7, "TrkH": false, "Type": "B752", "Mdl": "2001 BOEING 757-223", "Man": "Boeing", "CNum": "32392", "From": "KORD Chicago O'Hare, United States", "To": "KLAX Los Angeles, United States", "Stops": ["KMIA Miami, United States"], "Op": "American Airlines", "OpIcao": "AAL", "Sqk": "5755", "Help": false, "Vsi": -832, "VsiT": 0, "Dst": 2.4, "Brng": 121.5, "WTC": 2, "Species": 1, "Engines": "2", "EngType": 3, "EngMount": 0, "Mil": false, "Cou": "United States", "HasPic": false, "Interested": false, "FlightsCount": 0, "Gnd": false, "SpdTyp": 0, "CallSus": false, "Trt": 2, "Year": "2001"}, {"Id": 11019747, "Rcvr": 1, "HasSig": true, "Sig": 86, "Icao": "A825E3", "Bad": false, "Reg": "N624JB", "FSeen": "/Date(1544404299835)/", "TSecs": 8674, "CMsgs": 4547, "Alt": -200, "GAlt": 95, "InHg": 30.2151985, "AltT": 0, "TAlt": 4000, "Call": "JBU164", "Lat": 40.64967, "Long": -73.777173, "PosTime": 1544411993285, "Mlat": false, "PosStale": true, "Tisb": false, "Spd": 2.5, "Trak": 165.9, "TrkH": false, "TTrk": 0.0, "Type": "A320", "Mdl": "2005 AIRBUS A320-232", "Man": "Airbus", "CNum": "2520", "From": "KTPA Tampa, United States", "To": "KJFK John F Kennedy, New York, United States", "Op": "JetBlue Airways", "OpIcao": "JBU", "Sqk": "6657", "Help": false, "Vsi": -128, "VsiT": 0, "Dst": 0.87, "Brng": 23.5, "WTC": 2, "Species": 1, "Engines": "2", "EngType": 3, "EngMount": 0, "Mil": false, "Cou": "United States", "HasPic": true, "PicX": 1024, "PicY": 697, "Interested": false, "FlightsCount": 0, "Gnd": true, "SpdTyp": 0, "CallSus": false, "Trt": 5, "Year": "2005"}, {"Id": 10956578, "Rcvr": 1, "HasSig": true, "Sig": 73, "Icao": "A72F22", "Bad": false, "Reg": "N562JB", "FSeen": "/Date(1544403419095)/", "TSecs": 9555, "CMsgs": 3308, "Alt": 33325, "GAlt": 33644, "InHg": 30.2388229, "AltT": 0, "TAlt": 3008, "Call": "JBU1818", "Lat": 40.633186, "Long": -73.768875, "PosTime": 1544406818368, "Mlat": false, "PosStale": true, "Tisb": false, "Spd": 0.0, "Trak": 210.9, "TrkH": false, "TTrk": 0.0, "Type": "A320", "Mdl": "2003 AIRBUS A320-232", "Man": "Airbus", "CNum": "1948", "From": "TTPP Piarco, Port of Spain, Trinidad and Tobago", "To": "KJFK John F Kennedy, New York, United States", "Op": "JetBlue Airways", "OpIcao": "JBU", "Sqk": "2666", "Help": false, "Vsi": -640, "VsiT": 0, "Dst": 1.47, "Brng": 134.6, "WTC": 2, "Species": 1, "Engines": "2", "EngType": 3, "EngMount": 0, "Mil": false, "Cou": "United States", "HasPic": false, "Interested": false, "FlightsCount": 0, "Gnd": true, "SpdTyp": 0, "CallSus": false, "Trt": 5, "Year": "2003"}, {"Id": 11231489, "Rcvr": 1, "HasSig": true, "Sig": 171, "Icao": "AB6101", "Bad": false, "Reg": "N832NN", "FSeen": "/Date(1544403278984)/", "TSecs": 9695, "CMsgs": 3711, "Alt": 1250, "GAlt": 1531, "InHg": 30.2007866, "AltT": 0, "Call": "AAL2461", "Lat": 40.793633, "Long": -73.895229, "PosTime": 1544412974207, "Mlat": false, "Tisb": false, "Spd": 170.9, "Trak": 327.4, "TrkH": false, "Type": "B738", "Mdl": "2010 BOEING 737-823", "Man": "Boeing", "CNum": "33521", "From": "KLAX Los Angeles, United States", "To": "KMIA Miami, United States", "Op": "American Airlines", "OpIcao": "AAL", "Sqk": "1505", "Help": false, "Vsi": 2560, "VsiT": 0, "Dst": 19.36, "Brng": 330.3, "WTC": 2, "Species": 1, "Engines": "2", "EngType": 3, "EngMount": 0, "Mil": false, "Cou": "United States", "HasPic": false, "Interested": false, "FlightsCount": 0, "Gnd": false, "SpdTyp": 0, "CallSus": false, "Trt": 2, "Year": "2010"}, {"Id": 10535980, "Rcvr": 1, "HasSig": true, "Sig": 178, "Icao": "A0C42C", "Bad": false, "Reg": "N149AN", "FSeen": "/Date(1544403083447)/", "TSecs": 9891, "CMsgs": 5532, "Alt": -225, "GAlt": 56, "InHg": 30.2007866, "AltT": 0, "Call": "AAL2708", "Lat": 40.780426, "Long": -73.874817, "PosTime": 1544412941167, "Mlat": false, "Tisb": false, "Spd": 9.0, "Trak": 33.8, "TrkH": false, "Type": "A321", "Mdl": "Airbus A321 231SL", "Man": "Airbus", "CNum": "6812", "From": "KDFW Dallas Fort Worth, Dallas-Fort Worth, United States", "To": "KEWR Newark Liberty, United States", "Op": "American Airlines", "OpIcao": "AAL", "Sqk": "6753", "Help": false, "Vsi": 0, "VsiT": 0, "Dst": 17.25, "Brng": 332.8, "WTC": 2, "Species": 1, "Engines": "2", "EngType": 3, "EngMount": 0, "Mil": false, "Cou": "United States", "HasPic": false, "Interested": false, "FlightsCount": 0, "Gnd": true, "SpdTyp": 0, "CallSus": false, "Trt": 2, "Year": "2015"}, {"Id": 10957529, "Rcvr": 1, "HasSig": true, "Sig": 141, "Icao": "A732D9", "Bad": false, "Reg": "N563JB", "FSeen": "/Date(1544399788612)/", "TSecs": 13186, "CMsgs": 5505, "Alt": -225, "GAlt": 94, "InHg": 30.2388229, "AltT": 0, "TAlt": 2016, "Call": "JBU135", "Lat": 40.629398, "Long": -73.769943, "PosTime": 1544405433448, "Mlat": false, "PosStale": true, "Tisb": false, "Spd": 0.0, "Trak": 239.1, "TrkH": false, "TTrk": 279.84375, "Type": "A320", "Mdl": "2003 AIRBUS A320-232", "Man": "Airbus", "CNum": "2006", "From": "KJFK John F Kennedy, New York, United States", "To": "KRSW Southwest Florida, Fort Myers, United States", "Op": "JetBlue Airways", "OpIcao": "JBU", "Sqk": "7165", "Help": false, "Vsi": -576, "VsiT": 0, "Dst": 1.74, "Brng": 146.7, "WTC": 2, "Species": 1, "Engines": "2", "EngType": 3, "EngMount": 0, "Mil": false, "Cou": "United States", "HasPic": false, "Interested": false, "FlightsCount": 0, "Gnd": true, "SpdTyp": 0, "CallSus": false, "Trt": 5, "Year": "2003"}, {"Id": 10502143, "Rcvr": 1, "HasSig": true, "Sig": 113, "Icao": "A03FFF", "Bad": false, "Reg": "N115NN", "FSeen": "/Date(1544395090209)/", "TSecs": 17884, "CMsgs": 9636, "Alt": -225, "GAlt": -212, "InHg": 30.2096462, "AltT": 0, "TAlt": 4000, "Call": "AAL32", "Lat": 40.649551, "Long": -73.795166, "PosTime": 1544412873417, "Mlat": false, "Tisb": false, "Spd": 0.0, "Trak": 167.8, "TrkH": false, "TTrk": 0.0, "Type": "A321", "Mdl": "2014 AIRBUS INDUSTRIE A321-231", "Man": "Airbus", "CNum": "6063", "From": "KLAX Los Angeles, United States", "To": "KJFK John F Kennedy, New York, United States", "Op": "American Airlines", "OpIcao": "AAL", "Sqk": "2023", "Help": false, "Vsi": -128, "VsiT": 0, "Dst": 1.41, "Brng": 303.9, "WTC": 2, "Species": 1, "Engines": "2", "EngType": 3, "EngMount": 0, "Mil": false, "Cou": "United States", "HasPic": false, "Interested": false, "FlightsCount": 0, "Gnd": true, "SpdTyp": 0, "CallSus": false, "Trt": 5, "Year": "2014"}, {"Id": 11337844, "Rcvr": 1, "HasSig": true, "Sig": 84, "Icao": "AD0074", "Bad": false, "Reg": "N937JB", "FSeen": "/Date(1544393615645)/", "TSecs": 19359, "CMsgs": 10115, "Alt": -225, "GAlt": 65, "InHg": 30.2096462, "AltT": 0, "TAlt": 4000, "Call": "JBU624", "Lat": 40.651508, "Long": -73.781235, "PosTime": 1544412253141, "Mlat": false, "PosStale": true, "Tisb": false, "Spd": 0.0, "Trak": 230.6, "TrkH": false, "TTrk": 330.0, "Type": "A321", "Mdl": "2014 AIRBUS A321-231", "Man": "Airbus", "CNum": "6245", "From": "KLAX Los Angeles, United States", "To": "KJFK John F Kennedy, New York, United States", "Op": "JetBlue Airways", "OpIcao": "JBU", "Sqk": "7202", "Help": false, "Vsi": 0, "VsiT": 0, "Dst": 1.0, "Brng": 0.2, "WTC": 2, "Species": 1, "Engines": "2", "EngType": 3, "EngMount": 0, "Mil": false, "Cou": "United States", "HasPic": false, "Interested": false, "FlightsCount": 0, "Gnd": true, "SpdTyp": 0, "CallSus": false, "Trt": 4, "Year": "2014"}, {"Id": 11363438, "Rcvr": 1, "HasSig": true, "Sig": 132, "Icao": "AD646E", "Bad": false, "Reg": "N962JT", "FSeen": "/Date(1544389476038)/", "TSecs": 23498, "CMsgs": 9719, "Alt": 2545, "GAlt": 2855, "InHg": 30.2303143, "AltT": 0, "TAlt": 4000, "Lat": 40.642769, "Long": -73.771088, "PosTime": 1544407306749, "Mlat": false, "PosStale": true, "Tisb": false, "Spd": 0.0, "Trak": 199.7, "TrkH": false, "TTrk": 250.0, "Type": "A321", "Mdl": "Airbus A321 231SL", "Man": "Airbus", "CNum": "6988", "Op": "JetBlue Airways", "OpIcao": "JBU", "Sqk": "2000", "Help": false, "Vsi": -1280, "VsiT": 0, "Dst": 0.86, "Brng": 87.9, "WTC": 2, "Species": 1, "Engines": "2", "EngType": 3, "EngMount": 0, "Mil": false, "Cou": "United States", "HasPic": false, "Interested": false, "FlightsCount": 0, "Gnd": true, "SpdTyp": 0, "CallSus": false, "Trt": 4, "Year": "2016"}, {"Id": 11039969, "Rcvr": 1, "HasSig": true, "Sig": 205, "Icao": "A874E1", "Bad": false, "Reg": "N644JB", "FSeen": "/Date(1544388071631)/", "TSecs": 24903, "CMsgs": 11481, "Alt": -225, "GAlt": 94, "InHg": 30.2388229, "AltT": 0, "TAlt": 3008, "Call": "JBU745", "Lat": 40.63262, "Long": -73.767653, "PosTime": 1544406725487, "Mlat": false, "PosStale": true, "Tisb": false, "Spd": 0.0, "Trak": 188.4, "TrkH": false, "TTrk": 0.0, "Type": "A320", "Mdl": "2006 AIRBUS A320-232", "Man": "Airbus", "CNum": "2880", "From": "KMCO Orlando, United States", "To": "TJSJ Luis Munoz Marin, San Juan, Puerto Rico", "Op": "JetBlue Airways", "OpIcao": "JBU", "Sqk": "3376", "Help": false, "Vsi": -128, "VsiT": 0, "Dst": 1.59, "Brng": 133.6, "WTC": 2, "Species": 1, "Engines": "2", "EngType": 3, "EngMount": 0, "Mil": false, "Cou": "United States", "HasPic": false, "Interested": false, "FlightsCount": 0, "Gnd": true, "SpdTyp": 0, "CallSus": false, "Trt": 5, "Year": "2006"}], "totalAc": 4768, "lastDv": "636796354138782038", "shtTrlSec": 65, "stm": 1544412974710}