{"src": 1, "feeds": [{"id": 1, "name": "From Cons", "polarPlot": false}], "srcFeed": 1, "showSil": true, "showFlg": true, "showPic": true, "flgH": 20, "flgW": 85, "acList": [{"Id": 11358827, "Rcvr": 1, "HasSig": false, "Icao": "AD526B", "Bad": false, "Reg": "N958AM", "FSeen": "/Date(1544424780919)/", "TSecs": 23, "CMsgs": 1, "InHg": 30.1210632, "AltT": 0, "Lat": 40.635902, "Long": -73.782539, "PosTime": 1544424780919, "Mlat": false, "Tisb": false, "Spd": 8.0, "Trak": 182.8, "TrkH": false, "Type": "B738", "Mdl": "737-852", "Man": "Boeing", "CNum": "39958 ", "Op": "Aerom\u00e9xico", "OpIcao": "AMX", "Sqk": "", "VsiT": 0, "Dst": 0.74, "Brng": 188.3, "WTC": 2, "Species": 1, "Engines": "2", "EngType": 3, "EngMount": 0, "Mil": false, "Cou": "United States", "HasPic": false, "Interested": false, "FlightsCount": 0, "Gnd": true, "SpdTyp": 0, "CallSus": false, "Trt": 2, "Year": "2015"}, {"Id": 11172782, "Rcvr": 1, "HasSig": true, "Sig": 119, "Icao": "AA7BAE", "Bad": false, "Reg": "N775AV", "FSeen": "/Date(1544424720054)/", "TSecs": 84, "CMsgs": 53, "Alt": 2300, "GAlt": 2501, "InHg": 30.1207027, "AltT": 0, "TAlt": 12000, "Call": "TAI503", "Lat": 40.630979, "Long": -73.874255, "PosTime": 1544424803784, "Mlat": false, "Tisb": false, "Spd": 237.1, "Trak": 222.4, "TrkH": false, "Type": "A20N", "Mdl": "Airbus A320 251NSL", "Man": "Airbus", "CNum": "8240", "Op": "Avianca", "OpIcao": "AVA", "Sqk": "1634", "Help": false, "Vsi": 2624, "VsiT": 1, "Dst": 7.95, "Brng": 260.8, "WTC": 2, "Species": 1, "Engines": "2", "EngType": 3, "EngMount": 0, "Mil": false, "Cou": "United States", "HasPic": false, "Interested": false, "FlightsCount": 0, "Gnd": false, "SpdTyp": 0, "CallSus": false, "Trt": 5, "Year": "2018"}, {"Id": 11334991, "Rcvr": 1, "HasSig": true, "Sig": 122, "Icao": "ACF54F", "Bad": false, "Reg": "N934JB", "FSeen": "/Date(1544403282128)/", "TSecs": 21522, "CMsgs": 12688, "Alt": 3062, "GAlt": 3281, "InHg": 30.1210632, "AltT": 0, "TAlt": 3000, "Call": "JBU1224", "Lat": 40.646958, "Long": -73.775753, "PosTime": 1544424793778, "Mlat": false, "Tisb": false, "Spd": 0.0, "Trak": 3.8, "TrkH": false, "TTrk": 130.0, "Type": "A321", "Mdl": "2014 AIRBUS INDUSTRIE A321-231", "Man": "Airbus", "CNum": "6130", "From": "KLAX Los Angeles, United States", "To": "KJFK John F Kennedy, New York, United States", "Op": "JetBlue Airways", "OpIcao": "JBU", "Sqk": "7370", "Help": false, "Vsi": -704, "VsiT": 0, "Dst": 0.68, "Brng": 43.2, "WTC": 2, "Species": 1, "Engines": "2", "EngType": 3, "EngMount": 0, "Mil": false, "Cou": "United States", "HasPic": false, "Interested": false, "FlightsCount": 0, "Gnd": true, "SpdTyp": 0, "CallSus": false, "Trt": 4, "Year": "2014"}, {"Id": 11309223, "Rcvr": 1, "HasSig": false, "Icao": "AC90A7", "Bad": false, "Reg": "N909AM", "FSeen": "/Date(1544402272209)/", "TSecs": 22532, "CMsgs": 7006, "Alt": -225, "GAlt": 56, "InHg": 30.1092529, "AltT": 0, "TAlt": 3008, "Call": "AAL1207", "Lat": 40.776752, "Long": -73.874802, "PosTime": 1544424770137, "Mlat": false, "Tisb": false, "Spd": 0.0, "Trak": 141.4, "TrkH": false, "TTrk": 70.3125, "Type": "A321", "Mdl": "Airbus A321 231SL", "Man": "Airbus", "CNum": "7756", "From": "KDFW Dallas Fort Worth, Dallas-Fort Worth, United States", "To": "KSAN San Diego, United States", "Op": "American Airlines", "OpIcao": "AAL", "Sqk": "6211", "Help": false, "Vsi": -896, "VsiT": 0, "Dst": 16.88, "Brng": 332.2, "WTC": 2, "Species": 1, "Engines": "2", "EngType": 3, "EngMount": 0, "Mil": false, "Cou": "United States", "HasPic": false, "Interested": false, "FlightsCount": 0, "Gnd": true, "SpdTyp": 0, "CallSus": false, "Trt": 5, "Year": "2017"}], "totalAc": 4595, "lastDv": "636799839392851408", "shtTrlSec": 65, "stm": 1544424804511}