{"src": 1, "feeds": [{"id": 1, "name": "From Cons", "polarPlot": false}], "srcFeed": 1, "showSil": true, "showFlg": true, "showPic": true, "flgH": 20, "flgW": 85, "acList": [{"Id": 11237165, "Rcvr": 1, "HasSig": false, "Icao": "AB772D", "Bad": false, "Reg": "N838MH", "FSeen": "/Date(1544405270540)/", "TSecs": 34, "CMsgs": 4, "Alt": 1254, "GAlt": 1564, "InHg": 30.2303143, "AltT": 0, "Lat": 40.64978, "Long": -73.797028, "PosTime": 1544405275974, "Mlat": false, "Tisb": false, "Spd": 10.0, "Trak": 2.8, "TrkH": false, "Type": "B764", "Mdl": "2001 BOEING 767-432ER", "Man": "Boeing", "CNum": "29711", "Op": "Delta Air Lines", "OpIcao": "DAL", "Sqk": "7116", "Help": false, "VsiT": 0, "Dst": 1.56, "Brng": 301.4, "WTC": 3, "Species": 1, "Engines": "2", "EngType": 3, "EngMount": 0, "Mil": false, "Cou": "United States", "HasPic": false, "Interested": false, "FlightsCount": 0, "Gnd": true, "SpdTyp": 0, "CallSus": false, "Trt": 2, "Year": "2001"}, {"Id": 11303707, "Rcvr": 1, "HasSig": false, "Icao": "AC7B1B", "Bad": false, "Reg": "N903JB", "FSeen": "/Date(1544405256982)/", "TSecs": 47, "CMsgs": 1, "InHg": 30.2303143, "AltT": 0, "Lat": 40.653946, "Long": -73.778961, "PosTime": 1544405256982, "Mlat": false, "Tisb": false, "Spd": 10.0, "Trak": 120.9, "TrkH": false, "Type": "A321", "Mdl": "2013 AIRBUS A321-231", "Man": "Airbus", "CNum": "5783", "Op": "JetBlue Airways", "OpIcao": "JBU", "Sqk": "", "VsiT": 0, "Dst": 1.29, "Brng": 8.7, "WTC": 2, "Species": 1, "Engines": "2", "EngType": 3, "EngMount": 0, "Mil": false, "Cou": "United States", "HasPic": false, "Interested": false, "FlightsCount": 0, "Gnd": true, "SpdTyp": 0, "CallSus": false, "Trt": 2, "Year": "2013"}, {"Id": 10518677, "Rcvr": 1, "HasSig": false, "Icao": "A08095", "Bad": false, "Reg": "N131TD", "FSeen": "/Date(1544405191770)/", "TSecs": 112, "CMsgs": 43, "Alt": 1200, "GAlt": 1501, "InHg": 30.2214565, "AltT": 0, "Lat": 40.693176, "Long": -74.135132, "PosTime": 1544405304126, "Mlat": false, "Tisb": false, "Spd": 130.0, "Trak": 108.7, "TrkH": false, "Type": "EC30", "Mdl": "Airbus Helicopters EC130 T2", "Man": "Airbus Helicopters", "CNum": "8159", "Op": "Airbus Helicopters Inc", "Sqk": "4331", "Help": false, "Vsi": 320, "VsiT": 0, "Dst": 30.37, "Brng": 280.8, "WTC": 1, "Species": 4, "Engines": "1", "EngType": 2, "EngMount": 0, "Mil": false, "Cou": "United States", "HasPic": false, "Interested": false, "FlightsCount": 0, "Gnd": false, "SpdTyp": 0, "CallSus": false, "Trt": 2, "Year": "2015"}, {"Id": 11235936, "Rcvr": 1, "HasSig": true, "Sig": 59, "Icao": "AB7260", "Bad": false, "Reg": "N837AE", "FSeen": "/Date(1544405164963)/", "TSecs": 139, "CMsgs": 76, "Alt": 5525, "GAlt": 5815, "InHg": 30.2096462, "AltT": 0, "Call": "ENY3431", "Lat": 40.875844, "Long": -73.953219, "PosTime": 1544405304126, "Mlat": false, "Tisb": false, "Spd": 204.7, "Trak": 326.2, "TrkH": false, "Type": "E135", "Mdl": "2002 EMBRAER EMB-135KL", "Man": "Embraer", "CNum": "145647", "Op": "AMERICAN AIRLINES INC     - FORT WORTH, TX", "OpIcao": "ENY", "Sqk": "1577", "Help": false, "Vsi": 3008, "VsiT": 1, "Dst": 29.72, "Brng": 330.9, "WTC": 2, "Species": 1, "Engines": "2", "EngType": 3, "EngMount": 1, "Mil": false, "Cou": "United States", "HasPic": false, "Interested": false, "FlightsCount": 0, "Gnd": false, "SpdTyp": 0, "CallSus": false, "Trt": 5, "Year": "2002"}, {"Id": 11358335, "Rcvr": 1, "HasSig": true, "Sig": 45, "Icao": "AD507F", "Bad": false, "Reg": "N957UW", "FSeen": "/Date(1544405122705)/", "TSecs": 181, "CMsgs": 99, "Alt": 5950, "GAlt": 6240, "InHg": 30.2096462, "AltT": 0, "Call": "2147", "Lat": 40.9143, "Long": -73.9135, "PosTime": 1544405302599, "Mlat": true, "Tisb": false, "Trak": 37.6, "TrkH": false, "Type": "E190", "Mdl": "2008 EMBRAER ERJ 190-100 IGW", "Man": "Embraer", "CNum": "19000161", "From": "KLGA La Guardia, New York, United States", "To": "KLGA La Guardia, New York, United States", "Stops": ["KDCA Ronald Reagan Washington National, United States"], "Op": "US AIRWAYS INC     - FORT WORTH, TX", "OpIcao": "AAL", "Sqk": "3374", "Help": false, "VsiT": 0, "Dst": 32.21, "Brng": 339.8, "WTC": 2, "Species": 1, "Engines": "2", "EngType": 3, "EngMount": 0, "Mil": false, "Cou": "United States", "HasPic": false, "Interested": false, "FlightsCount": 0, "Gnd": false, "SpdTyp": 0, "CallSus": true, "Trt": 2, "Year": "2008"}, {"Id": 10509082, "Rcvr": 1, "HasSig": true, "Sig": 5, "Icao": "A05B1A", "Bad": false, "Reg": "N12195", "FSeen": "/Date(1544404851215)/", "TSecs": 453, "CMsgs": 239, "Alt": 12750, "GAlt": 13051, "InHg": 30.2214565, "AltT": 0, "Lat": 40.771053, "Long": -74.018326, "PosTime": 1544405105047, "Mlat": false, "PosStale": true, "Tisb": false, "Spd": 1348.0, "Trak": 57.1, "TrkH": false, "Type": "E45X", "Mdl": "2005 EMBRAER EMB-145XR", "Man": "Embraer", "CNum": "14500943", "Op": "WELLS FARGO BANK NORTHWEST NA TRUSTEE     - SALT LAKE CITY, UT", "OpIcao": "UCA", "Sqk": "", "Vsi": 320, "VsiT": 0, "Dst": 24.57, "Brng": 305.7, "WTC": 2, "Species": 1, "Engines": "2", "EngType": 3, "EngMount": 1, "Mil": false, "Cou": "United States", "HasPic": false, "Interested": false, "FlightsCount": 0, "Gnd": false, "SpdTyp": 0, "CallSus": false, "Trt": 2, "Year": "2005"}, {"Id": 10739486, "Rcvr": 1, "HasSig": false, "Icao": "A3DF1E", "Bad": false, "Reg": "N349DX", "FSeen": "/Date(1544404671367)/", "TSecs": 633, "CMsgs": 17, "Alt": -250, "GAlt": 90, "InHg": 30.2598419, "AltT": 0, "Call": "DAL2958", "Lat": 40.650204, "Long": -73.770744, "PosTime": 1544405274591, "Mlat": false, "Tisb": false, "Spd": 5.0, "Trak": 118.1, "TrkH": false, "Type": "A321", "Mdl": "Airbus A321 211SL", "Man": "Airbus", "CNum": "8233", "Op": "Delta Air Lines", "OpIcao": "DAL", "Sqk": "", "VsiT": 0, "Dst": 1.24, "Brng": 46.0, "WTC": 2, "Species": 1, "Engines": "2", "EngType": 3, "EngMount": 0, "Mil": false, "Cou": "United States", "HasPic": false, "Interested": false, "FlightsCount": 0, "Gnd": true, "SpdTyp": 0, "CallSus": false, "Trt": 2, "Year": "2018"}, {"Id": 11256474, "Rcvr": 1, "HasSig": true, "Sig": 219, "Icao": "ABC29A", "Bad": false, "Reg": "N857NW", "FSeen": "/Date(1544404472391)/", "TSecs": 832, "CMsgs": 120, "Alt": 7150, "GAlt": 7492, "InHg": 30.26245, "AltT": 0, "TAlt": 11008, "Call": "DAL408", "Lat": 40.566513, "Long": -73.669434, "PosTime": 1544405302599, "Mlat": false, "Tisb": false, "Spd": 287.6, "Trak": 84.0, "TrkH": false, "TTrk": 0.0, "Type": "A332", "Mdl": "2004 AIRBUS A330-223", "Man": "Airbus", "CNum": "0633", "From": "LSZH Z\u00fcrich, Switzerland", "To": "KJFK John F Kennedy, New York, United States", "Op": "Delta Air Lines", "OpIcao": "DAL", "Sqk": "1151", "Help": false, "Vsi": 3200, "VsiT": 1, "Dst": 12.67, "Brng": 131.8, "WTC": 3, "Species": 1, "Engines": "2", "EngType": 3, "EngMount": 0, "Mil": false, "Cou": "United States", "HasPic": false, "Interested": false, "FlightsCount": 0, "Gnd": false, "SpdTyp": 0, "CallSus": false, "Trt": 5, "Year": "2004"}, {"Id": 4220978, "Rcvr": 1, "HasSig": false, "Icao": "406832", "Bad": false, "Reg": "G-VWAG", "FSeen": "/Date(1544404022877)/", "TSecs": 1281, "CMsgs": 98, "Alt": 2675, "GAlt": 2985, "InHg": 30.2303143, "AltT": 0, "Call": "VIR46Z", "Lat": 40.549942, "Long": -73.756042, "PosTime": 1544405302600, "Mlat": false, "Tisb": false, "Spd": 265.0, "Trak": 79.8, "TrkH": false, "Type": "A333", "Mdl": "Airbus A330 343E", "Man": "Airbus", "CNum": "1341", "From": "KJFK John F Kennedy, New York, United States", "To": "EGLL London Heathrow, United Kingdom", "Op": "Virgin Atlantic Airways", "OpIcao": "VIR", "Sqk": "1715", "Help": false, "Vsi": 1856, "VsiT": 1, "Dst": 10.51, "Brng": 168.3, "WTC": 3, "Species": 1, "Engines": "2", "EngType": 3, "EngMount": 0, "Mil": false, "Cou": "United Kingdom", "HasPic": false, "Interested": false, "FlightsCount": 0, "Gnd": false, "SpdTyp": 0, "CallSus": false, "Trt": 5, "Year": "2012"}, {"Id": 11094601, "Rcvr": 1, "HasSig": false, "Icao": "A94A49", "Bad": false, "Reg": "N698V", "FSeen": "/Date(1544404021092)/", "TSecs": 1283, "CMsgs": 585, "Alt": 1250, "GAlt": 1522, "InHg": 30.191576, "AltT": 0, "TAlt": 1504, "Call": "N698V", "Lat": 40.909313, "Long": -73.927376, "PosTime": 1544405302559, "Mlat": false, "Tisb": false, "Spd": 133.0, "Trak": 197.5, "TrkH": false, "Type": "A139", "Mdl": "2013 AGUSTAWESTLAND PHILADELPHIA AW139", "Man": "AgustaWestland", "CNum": "41328", "Op": "JPMORGAN CHASE BANK NA     - COLUMBUS, OH", "Sqk": "0236", "Help": false, "Vsi": 64, "VsiT": 0, "Dst": 32.12, "Brng": 337.5, "WTC": 1, "Species": 4, "Engines": "2", "EngType": 2, "EngMount": 0, "Mil": false, "Cou": "United States", "HasPic": false, "Interested": false, "FlightsCount": 0, "Gnd": false, "SpdTyp": 0, "CallSus": false, "Trt": 5, "Year": "2013"}, {"Id": 10552698, "Rcvr": 1, "HasSig": false, "Icao": "A1057A", "Bad": false, "Reg": "N165NN", "FSeen": "/Date(1544403978338)/", "TSecs": 1326, "CMsgs": 51, "Alt": 1825, "GAlt": 2115, "InHg": 30.2096462, "AltT": 0, "Call": "AAL2443", "Lat": 40.809998, "Long": -73.905396, "PosTime": 1544405304127, "Mlat": false, "Tisb": false, "Spd": 165.0, "Trak": 331.9, "TrkH": false, "Type": "A321", "Mdl": "Airbus A321 231SL", "Man": "Airbus", "CNum": "6956", "From": "KMCO Orlando, United States", "To": "KDEN Denver, United States", "Stops": ["KMIA Miami, United States"], "Op": "American Airlines", "OpIcao": "AAL", "Sqk": "1576", "Help": false, "Vsi": 1152, "VsiT": 0, "Dst": 21.36, "Brng": 330.7, "WTC": 2, "Species": 1, "Engines": "2", "EngType": 3, "EngMount": 0, "Mil": false, "Cou": "United States", "HasPic": false, "Interested": false, "FlightsCount": 0, "Gnd": false, "SpdTyp": 0, "CallSus": false, "Trt": 2}, {"Id": 10654519, "Rcvr": 1, "HasSig": true, "Sig": 215, "Icao": "A29337", "Bad": false, "Reg": "N265SY", "FSeen": "/Date(1544403836224)/", "TSecs": 1468, "CMsgs": 42, "Alt": 800, "GAlt": 1142, "InHg": 30.26245, "AltT": 0, "TAlt": 5024, "Call": "SKW3772", "Lat": 40.623138, "Long": -73.784485, "PosTime": 1544405302601, "Mlat": false, "Tisb": false, "Spd": 145.4, "Trak": 208.3, "TrkH": false, "Type": "E75L", "Mdl": "Embraer EMB-175 LL", "Man": "Embraer", "CNum": "17000717", "Op": "Delta Connection", "OpIcao": "SKW", "Sqk": "3303", "Help": false, "Vsi": 2176, "VsiT": 1, "Dst": 2.17, "Brng": 187.2, "WTC": 2, "Species": 1, "Engines": "2", "EngType": 3, "EngMount": 0, "Mil": false, "Cou": "United States", "HasPic": false, "Interested": false, "FlightsCount": 0, "Gnd": false, "SpdTyp": 0, "CallSus": false, "Trt": 5, "Year": "2018"}, {"Id": 11103382, "Rcvr": 1, "HasSig": true, "Sig": 189, "Icao": "A96C96", "Bad": false, "Reg": "N706TW", "FSeen": "/Date(1544403626661)/", "TSecs": 1677, "CMsgs": 205, "Alt": 10525, "GAlt": 10844, "InHg": 30.2388229, "AltT": 0, "TAlt": 16992, "Call": "DAL507", "Lat": 40.707465, "Long": -73.569572, "PosTime": 1544405298243, "Mlat": false, "Tisb": false, "Spd": 297.1, "Trak": 345.0, "TrkH": false, "TTrk": 353.671875, "Type": "B752", "Mdl": "1997 BOEING 757-2Q8", "Man": "Boeing", "CNum": "28165", "From": "KLGA La Guardia, New York, United States", "To": "KMCO Orlando, United States", "Op": "Delta Air Lines", "OpIcao": "DAL", "Sqk": "2726", "Help": false, "Vsi": 1216, "VsiT": 1, "Dst": 19.26, "Brng": 67.9, "WTC": 2, "Species": 1, "Engines": "2", "EngType": 3, "EngMount": 0, "Mil": false, "Cou": "United States", "HasPic": false, "Interested": false, "FlightsCount": 0, "Gnd": false, "SpdTyp": 0, "CallSus": false, "Trt": 5, "Year": "1997"}, {"Id": 5030505, "Rcvr": 1, "HasSig": true, "Sig": 141, "Icao": "4CC269", "Bad": false, "Reg": "TF-FIA", "FSeen": "/Date(1544403607063)/", "TSecs": 1697, "CMsgs": 950, "Alt": 35000, "GAlt": 35310, "InHg": 30.2303143, "AltT": 0, "Call": "ICE2B", "Lat": 40.652673, "Long": -74.00659, "PosTime": 1544405304099, "Mlat": false, "Tisb": false, "Spd": 564.8, "Trak": 47.4, "TrkH": false, "Type": "B752", "Mdl": "Boeing 757 256/W", "Man": "Boeing", "CNum": "29310", "From": "KIAD Washington Dulles, United States", "To": "BIKF Keflavik, Reykjav\u00edk, Iceland", "Op": "Icelandair", "OpIcao": "ICE", "Sqk": "7006", "Help": false, "Vsi": 64, "VsiT": 0, "Dst": 19.04, "Brng": 273.5, "WTC": 2, "Species": 1, "Engines": "2", "EngType": 3, "EngMount": 0, "Mil": false, "Cou": "Iceland", "HasPic": false, "Interested": false, "FlightsCount": 0, "Gnd": false, "SpdTyp": 0, "CallSus": false, "Trt": 2, "Year": "2000"}, {"Id": 10564497, "Rcvr": 1, "HasSig": false, "Icao": "A13391", "Bad": false, "Reg": "N177DZ", "FSeen": "/Date(1544402766708)/", "TSecs": 2537, "CMsgs": 347, "Alt": 13475, "GAlt": 13817, "InHg": 30.26245, "AltT": 0, "TAlt": 7008, "Call": "DAL714", "Lat": 40.859364, "Long": -73.591797, "PosTime": 1544405304122, "Mlat": false, "Tisb": false, "Spd": 349.0, "Trak": 336.9, "TrkH": false, "TTrk": 49.921875, "Type": "B763", "Mdl": "1999 BOEING 767-332", "Man": "Boeing", "CNum": "29698", "From": "KLAX Los Angeles, United States", "To": "KJFK John F Kennedy, New York, United States", "Op": "DELTA AIR LINES INC     - ATLANTA, GA", "OpIcao": "DAL", "Sqk": "3074", "Help": false, "Vsi": 4288, "VsiT": 1, "Dst": 28.92, "Brng": 33.4, "WTC": 3, "Species": 1, "Engines": "2", "EngType": 3, "EngMount": 0, "Mil": false, "Cou": "United States", "HasPic": false, "Interested": false, "FlightsCount": 0, "Gnd": false, "SpdTyp": 0, "CallSus": false, "Trt": 5, "Year": "1999"}, {"Id": 11201814, "Rcvr": 1, "HasSig": true, "Sig": 112, "Icao": "AAED16", "Bad": false, "Reg": "N803AV", "FSeen": "/Date(1544402298046)/", "TSecs": 3006, "CMsgs": 1446, "Alt": 1400, "GAlt": 1710, "InHg": 30.2303143, "AltT": 0, "Call": "AVA244", "Lat": 40.715836, "Long": -73.699524, "PosTime": 1544405304094, "Mlat": false, "Tisb": false, "Spd": 147.1, "Trak": 211.1, "TrkH": false, "Type": "A333", "Mdl": "Airbus A330 343E", "Man": "Airbus", "CNum": "1357", "From": "SKBO El Dorado, Bogota, Colombia", "To": "KJFK John F Kennedy, New York, United States", "Op": "Avianca", "OpIcao": "AVA", "Sqk": "5454", "Help": false, "Vsi": -1088, "VsiT": 0, "Dst": 10.68, "Brng": 40.2, "WTC": 3, "Species": 1, "Engines": "2", "EngType": 3, "EngMount": 0, "Mil": false, "Cou": "United States", "HasPic": false, "Interested": false, "FlightsCount": 0, "Gnd": false, "SpdTyp": 0, "CallSus": false, "Trt": 2, "Year": "2012"}, {"Id": 10768848, "Rcvr": 1, "HasSig": true, "Sig": 203, "Icao": "A451D0", "Bad": false, "Reg": "N378DB", "FSeen": "/Date(1544402212131)/", "TSecs": 3092, "CMsgs": 1604, "Alt": 26675, "GAlt": 26466, "InHg": 29.71063, "AltT": 0, "Lat": 40.636566, "Long": -73.452655, "PosTime": 1544405300940, "Mlat": true, "Tisb": false, "Spd": 523.5, "Trak": 35.9, "TrkH": false, "Type": "FA20", "Mdl": "1978 DASSAULT-BREGUET FALCON 20", "Man": "Dassault", "CNum": "378", "Op": "SKYVIEW LLC     - WILMINGTON, DE", "Sqk": "1672", "Help": false, "Vsi": 0, "VsiT": 1, "Dst": 27.74, "Brng": 91.3, "WTC": 2, "Species": 1, "Engines": "2", "EngType": 3, "EngMount": 1, "Mil": false, "Cou": "United States", "HasPic": false, "Interested": false, "FlightsCount": 0, "Gnd": false, "SpdTyp": 0, "CallSus": false, "Trt": 2, "Year": "1978"}, {"Id": 11157871, "Rcvr": 1, "HasSig": false, "Icao": "AA416F", "Bad": false, "Reg": "N76ZA", "FSeen": "/Date(1544401959078)/", "TSecs": 3345, "CMsgs": 858, "Alt": 0, "GAlt": 290, "InHg": 30.2096462, "AltT": 0, "Call": "N76ZA", "Lat": 40.765748, "Long": -74.011335, "PosTime": 1544405284486, "Mlat": false, "Tisb": false, "Spd": 85.1, "Trak": 203.6, "TrkH": false, "Type": "B407", "Mdl": "2014 BELL HELICOPTER TEXTRON CANADA 407", "Man": "Bell", "CNum": "54501", "Op": "N76ZA LLC     - NEW YORK, NY", "Sqk": "1200", "Help": false, "Vsi": -640, "VsiT": 1, "Dst": 23.75, "Brng": 305.3, "WTC": 1, "Species": 4, "Engines": "1", "EngType": 2, "EngMount": 0, "Mil": false, "Cou": "United States", "HasPic": false, "Interested": false, "FlightsCount": 0, "Gnd": false, "SpdTyp": 0, "CallSus": false, "Trt": 5, "Year": "2014"}, {"Id": 11220211, "Rcvr": 1, "HasSig": false, "Icao": "AB34F3", "Bad": false, "Reg": "N821DX", "FSeen": "/Date(1544401923994)/", "TSecs": 3380, "CMsgs": 1788, "Alt": 1200, "GAlt": 1519, "InHg": 30.2388229, "AltT": 0, "TAlt": 4000, "Call": "DAL332", "Lat": 40.702576, "Long": -73.725632, "PosTime": 1544405304091, "Mlat": false, "Tisb": false, "Spd": 134.0, "Trak": 210.0, "TrkH": false, "TTrk": 40.078125, "Type": "B752", "Mdl": "Boeing 757 26D", "Man": "Boeing", "CNum": "33961", "From": "TJSJ Luis Munoz Marin, San Juan, Puerto Rico", "To": "KJFK John F Kennedy, New York, United States", "Op": "Delta Air Lines", "OpIcao": "DAL", "Sqk": "7472", "Help": false, "Vsi": -1024, "VsiT": 1, "Dst": 8.17, "Brng": 35.1, "WTC": 2, "Species": 1, "Engines": "2", "EngType": 3, "EngMount": 0, "Mil": false, "Cou": "United States", "HasPic": false, "Interested": false, "FlightsCount": 0, "Gnd": false, "SpdTyp": 0, "CallSus": false, "Trt": 5, "Year": "2004"}, {"Id": 11105991, "Rcvr": 1, "HasSig": false, "Icao": "A976C7", "Bad": false, "Reg": "N709JB", "FSeen": "/Date(1544401007420)/", "TSecs": 4297, "CMsgs": 2293, "Alt": 3700, "GAlt": 4010, "InHg": 30.2303143, "AltT": 0, "TAlt": 35008, "Call": "JBU1374", "Lat": 40.524235, "Long": -73.485611, "PosTime": 1544405304089, "Mlat": false, "Tisb": false, "Spd": 222.0, "Trak": 29.9, "TrkH": false, "TTrk": 0.0, "Type": "A320", "Mdl": "2008 AIRBUS A320-232", "Man": "Airbus", "CNum": "3488", "From": "KCHS Charleston Air Force Base-International, United States", "To": "KJFK John F Kennedy, New York, United States", "Op": "JetBlue Airways", "OpIcao": "JBU", "Sqk": "2662", "Help": false, "Vsi": 64, "VsiT": 1, "Dst": 28.22, "Brng": 117.7, "WTC": 2, "Species": 1, "Engines": "2", "EngType": 3, "EngMount": 0, "Mil": false, "Cou": "United States", "HasPic": false, "Interested": false, "FlightsCount": 0, "Gnd": false, "SpdTyp": 0, "CallSus": false, "Trt": 5, "Year": "2008"}, {"Id": 10995785, "Rcvr": 1, "HasSig": true, "Sig": 58, "Icao": "A7C849", "Bad": false, "Reg": "N600LR", "FSeen": "/Date(1544400706645)/", "TSecs": 4597, "CMsgs": 2329, "Alt": -250, "GAlt": 45, "InHg": 30.2151985, "AltT": 0, "TAlt": 3008, "Call": "EDV3409", "Lat": 40.632841, "Long": -73.768168, "PosTime": 1544405111432, "Mlat": false, "PosStale": true, "Tisb": false, "Spd": 17.0, "Trak": 300.9, "TrkH": false, "TTrk": 225.703125, "Type": "CRJ9", "Mdl": "2007 BOMBARDIER INC CL-600-2D24", "Man": "Bombardier", "CNum": "15142", "Op": "DELTA AIR LINES INC     - ATLANTA, GA", "OpIcao": "EDV", "Sqk": "4147", "Help": false, "Vsi": -640, "VsiT": 0, "Dst": 1.54, "Brng": 134.1, "WTC": 2, "Species": 1, "Engines": "2", "EngType": 3, "EngMount": 1, "Mil": false, "Cou": "United States", "HasPic": false, "Interested": false, "FlightsCount": 0, "Gnd": true, "SpdTyp": 0, "CallSus": false, "Trt": 5, "Year": "2007"}, {"Id": 11086170, "Rcvr": 1, "HasSig": true, "Sig": 37, "Icao": "A9295A", "Bad": false, "Reg": "N69LC", "FSeen": "/Date(1544400701048)/", "TSecs": 4603, "CMsgs": 1580, "Alt": 800, "GAlt": 1090, "InHg": 30.2096462, "AltT": 0, "Call": "N69LC", "Lat": 40.7466, "Long": -73.4183, "PosTime": 1544405128332, "Mlat": true, "PosStale": true, "Tisb": false, "Spd": 124.3, "Trak": 175.4, "TrkH": false, "Type": "BE58", "Mdl": "1983 BEECH 58P", "Man": "Beech", "CNum": "TJ-438", "Op": "CONSOL AIR INC     - HILLSBOROUGH, NC", "Sqk": "3551", "Help": false, "Vsi": -256, "VsiT": 1, "Dst": 32.72, "Brng": 69.2, "WTC": 1, "Species": 1, "Engines": "2", "EngType": 1, "EngMount": 0, "Mil": false, "Cou": "United States", "HasPic": false, "Interested": false, "FlightsCount": 0, "Gnd": false, "SpdTyp": 0, "CallSus": false, "Trt": 2, "Year": "1983"}, {"Id": 11112567, "Rcvr": 1, "HasSig": true, "Sig": 43, "Icao": "A99077", "Bad": false, "Reg": "N715UW", "FSeen": "/Date(1544400695462)/", "TSecs": 4609, "CMsgs": 2105, "Alt": 28775, "GAlt": 28763, "InHg": 29.9080849, "AltT": 0, "TAlt": 27008, "Call": "AAL1978", "Lat": 40.649088, "Long": -73.846914, "PosTime": 1544405304090, "Mlat": false, "Tisb": false, "Spd": 492.3, "Trak": 55.8, "TrkH": false, "Type": "A319", "Mdl": "1999 AIRBUS INDUSTRIE A319-112", "Man": "Airbus", "CNum": "1051", "From": "KPVD Theodore Francis Green State, Providence, United States", "To": "KEWR Newark Liberty, United States", "Stops": ["KCLT Charlotte Douglas, United States"], "Op": "WELLS FARGO BANK NORTHWEST NA TRUSTEE     - SALT LAKE CITY, UT", "OpIcao": "AAL", "Sqk": "3040", "Help": false, "Vsi": -1024, "VsiT": 1, "Dst": 5.59, "Brng": 277.6, "WTC": 2, "Species": 1, "Engines": "2", "EngType": 3, "EngMount": 0, "Mil": false, "Cou": "United States", "HasPic": false, "Interested": false, "FlightsCount": 0, "Gnd": false, "SpdTyp": 0, "CallSus": false, "Trt": 5, "Year": "1999"}, {"Id": 10882170, "Rcvr": 1, "HasSig": false, "Icao": "A60C7A", "Bad": false, "Reg": "N48901", "FSeen": "/Date(1544400437094)/", "TSecs": 4867, "CMsgs": 2523, "Alt": 1950, "GAlt": 2071, "InHg": 30.041338, "AltT": 0, "Call": "ASQ4403", "Lat": 40.798567, "Long": -74.100349, "PosTime": 1544405304088, "Mlat": true, "Tisb": false, "Spd": 509.0, "Trak": 199.4, "TrkH": false, "Type": "E145", "Mdl": "2001 EMBRAER EMB-145LR", "Man": "Embraer", "CNum": "145501", "Op": "WELLS FARGO BANK NORTHWEST NA TRUSTEE     - SALT LAKE CITY, UT", "OpIcao": "ASQ", "Sqk": "0766", "Help": false, "Vsi": 0, "VsiT": 0, "Dst": 32.0, "Brng": 302.9, "WTC": 2, "Species": 1, "Engines": "2", "EngType": 3, "EngMount": 1, "Mil": false, "Cou": "United States", "HasPic": false, "Interested": false, "FlightsCount": 0, "Gnd": false, "SpdTyp": 0, "CallSus": false, "Trt": 2, "Year": "2001"}, {"Id": 11205603, "Rcvr": 1, "HasSig": true, "Sig": 58, "Icao": "AAFBE3", "Bad": false, "Reg": "N807AE", "FSeen": "/Date(1544400214534)/", "TSecs": 5090, "CMsgs": 2643, "Alt": 3725, "GAlt": 4044, "InHg": 30.239172, "AltT": 0, "Call": "ENY3688", "Lat": 40.665195, "Long": -73.986865, "PosTime": 1544405302484, "Mlat": true, "Tisb": false, "Spd": 361.0, "Trak": 112.0, "TrkH": false, "Type": "E135", "Mdl": "2001 EMBRAER EMB-135KL", "Man": "Embraer", "CNum": "145506", "From": "KLGA La Guardia, New York, United States", "To": "KCMH Port Columbus, United States", "Op": "AMERICAN AIRLINES INC     - FORT WORTH, TX", "OpIcao": "ENY", "Sqk": "6735", "Help": false, "Vsi": -472, "VsiT": 0, "Dst": 17.53, "Brng": 278.4, "WTC": 2, "Species": 1, "Engines": "2", "EngType": 3, "EngMount": 1, "Mil": false, "Cou": "United States", "HasPic": false, "Interested": false, "FlightsCount": 0, "Gnd": false, "SpdTyp": 0, "CallSus": true, "Trt": 2, "Year": "2001"}, {"Id": 10925303, "Rcvr": 1, "HasSig": true, "Sig": 195, "Icao": "A6B4F7", "Bad": false, "Reg": "N531JL", "FSeen": "/Date(1544400039350)/", "TSecs": 5265, "CMsgs": 2408, "Alt": -250, "GAlt": 92, "InHg": 30.26245, "AltT": 0, "TAlt": 3008, "Call": "JBU429", "Lat": 40.632534, "Long": -73.767502, "PosTime": 1544403068437, "Mlat": false, "PosStale": true, "Tisb": false, "Spd": 0.0, "Trak": 199.7, "TrkH": false, "TTrk": 0.0, "Type": "A320", "Mdl": "2001 AIRBUS INDUSTRIE A320-232", "Man": "Airbus", "CNum": "1650", "From": "KBOS General Edward Lawrence Logan, Boston, United States", "To": "KSMF Sacramento, United States", "Op": "JetBlue Airways", "OpIcao": "JBU", "Sqk": "2000", "Help": false, "Vsi": -128, "VsiT": 0, "Dst": 1.61, "Brng": 133.6, "WTC": 2, "Species": 1, "Engines": "2", "EngType": 3, "EngMount": 0, "Mil": false, "Cou": "United States", "HasPic": false, "Interested": false, "FlightsCount": 0, "Gnd": true, "SpdTyp": 0, "CallSus": false, "Trt": 5, "Year": "2001"}, {"Id": 10957529, "Rcvr": 1, "HasSig": true, "Sig": 137, "Icao": "A732D9", "Bad": false, "Reg": "N563JB", "FSeen": "/Date(1544399788617)/", "TSecs": 5515, "CMsgs": 2672, "Alt": 525, "GAlt": 844, "InHg": 30.2388229, "AltT": 0, "TAlt": 3008, "Call": "JBU1042", "Lat": 40.678602, "Long": -73.728686, "PosTime": 1544405302484, "Mlat": false, "Tisb": false, "Spd": 128.3, "Trak": 211.0, "TrkH": false, "TTrk": 0.0, "Type": "A320", "Mdl": "2003 AIRBUS A320-232", "Man": "Airbus", "CNum": "2006", "From": "KSAV Savannah Hilton Head, United States", "To": "KJFK John F Kennedy, New York, United States", "Op": "JetBlue Airways", "OpIcao": "JBU", "Sqk": "0726", "Help": false, "Vsi": -768, "VsiT": 0, "Dst": 5.98, "Brng": 47.8, "WTC": 2, "Species": 1, "Engines": "2", "EngType": 3, "EngMount": 0, "Mil": false, "Cou": "United States", "HasPic": false, "Interested": false, "FlightsCount": 0, "Gnd": false, "SpdTyp": 0, "CallSus": false, "Trt": 5, "Year": "2003"}, {"Id": 11034721, "Rcvr": 1, "HasSig": false, "Icao": "A86061", "Bad": false, "Reg": "N639NK", "FSeen": "/Date(1544399478985)/", "TSecs": 5825, "CMsgs": 3126, "Alt": 50, "GAlt": 340, "InHg": 30.2096462, "AltT": 0, "Call": "NKS630", "Lat": 40.797226, "Long": -73.861023, "PosTime": 1544405302483, "Mlat": false, "Tisb": false, "Spd": 129.0, "Trak": 212.3, "TrkH": false, "Type": "A320", "Mdl": "2015 AIRBUS A320-232", "Man": "Airbus", "CNum": "6487", "From": "KORD Chicago O'Hare, United States", "To": "KEWR Newark Liberty, United States", "Op": "Spirit Airlines", "OpIcao": "NKS", "Sqk": "6265", "Help": false, "Vsi": -640, "VsiT": 0, "Dst": 18.47, "Brng": 338.7, "WTC": 2, "Species": 1, "Engines": "2", "EngType": 3, "EngMount": 0, "Mil": false, "Cou": "United States", "HasPic": false, "Interested": false, "FlightsCount": 0, "Gnd": false, "SpdTyp": 0, "CallSus": false, "Trt": 2, "Year": "2015"}, {"Id": 11024291, "Rcvr": 1, "HasSig": false, "Icao": "A837A3", "Bad": false, "Reg": "N62892", "FSeen": "/Date(1544399468017)/", "TSecs": 5836, "CMsgs": 3147, "Alt": 550, "GAlt": 869, "InHg": 30.2388229, "AltT": 0, "TAlt": 4992, "Call": "UAL410", "Lat": 40.732269, "Long": -74.139465, "PosTime": 1544405304086, "Mlat": false, "Tisb": false, "Spd": 148.0, "Trak": 206.0, "TrkH": false, "TTrk": 59.765625, "Type": "B739", "Mdl": " BOEING 737-924ER", "Man": "Boeing", "CNum": "42195", "From": "KSMF Sacramento, United States", "To": "KEWR Newark Liberty, United States", "Stops": ["KDEN Denver, United States", "KATL Hartsfield Jackson Atlanta, United States"], "Op": "United Airlines", "OpIcao": "UAL", "Sqk": "7115", "Help": false, "Vsi": -832, "VsiT": 0, "Dst": 31.81, "Brng": 288.4, "WTC": 2, "Species": 1, "Engines": "2", "EngType": 3, "EngMount": 0, "Mil": false, "Cou": "United States", "HasPic": false, "Interested": false, "FlightsCount": 0, "Gnd": false, "SpdTyp": 0, "CallSus": false, "Trt": 2, "Year": "2015"}, {"Id": 10651666, "Rcvr": 1, "HasSig": true, "Sig": 125, "Icao": "A28812", "Bad": false, "Reg": "N262SY", "FSeen": "/Date(1544399257243)/", "TSecs": 6047, "CMsgs": 3289, "Alt": 3125, "GAlt": 3415, "InHg": 30.2096462, "AltT": 0, "TAlt": 2016, "Call": "SKW3790", "Lat": 40.876648, "Long": -73.733459, "PosTime": 1544405304086, "Mlat": false, "Tisb": false, "Spd": 168.0, "Trak": 308.2, "TrkH": false, "Type": "E75L", "Mdl": "Embraer EMB-175 LL", "Man": "Embraer", "CNum": "17000714", "Op": "Delta Connection", "OpIcao": "SKW", "Sqk": "3145", "Help": false, "Vsi": -1344, "VsiT": 1, "Dst": 26.35, "Brng": 8.8, "WTC": 2, "Species": 1, "Engines": "2", "EngType": 3, "EngMount": 0, "Mil": false, "Cou": "United States", "HasPic": false, "Interested": false, "FlightsCount": 0, "Gnd": false, "SpdTyp": 0, "CallSus": false, "Trt": 5, "Year": "2018"}, {"Id": 10583058, "Rcvr": 1, "HasSig": false, "Icao": "A17C12", "Bad": false, "Reg": "N195PQ", "FSeen": "/Date(1544399108625)/", "TSecs": 6195, "CMsgs": 3209, "Alt": -250, "GAlt": 1, "InHg": 30.1712589, "AltT": 0, "Lat": 40.806244, "Long": -73.854065, "PosTime": 1544405274392, "Mlat": true, "Tisb": false, "Spd": 552.3, "Trak": 82.2, "TrkH": false, "Type": "CRJ9", "Mdl": "2008 BOMBARDIER INC CL-600-2D24", "Man": "Bombardier", "CNum": "15195", "Op": "DELTA AIR LINES INC     - ATLANTA, GA", "OpIcao": "EDV", "Sqk": "2461", "Help": false, "Vsi": 64, "VsiT": 0, "Dst": 19.21, "Brng": 341.4, "WTC": 2, "Species": 1, "Engines": "2", "EngType": 3, "EngMount": 1, "Mil": false, "Cou": "United States", "HasPic": false, "Interested": false, "FlightsCount": 0, "Gnd": true, "SpdTyp": 0, "CallSus": false, "Trt": 2, "Year": "2008"}, {"Id": 11376657, "Rcvr": 1, "HasSig": false, "Icao": "AD9811", "Bad": false, "Reg": "N975UY", "FSeen": "/Date(1544398804088)/", "TSecs": 6500, "CMsgs": 2632, "Alt": 3725, "GAlt": 4035, "InHg": 30.2303143, "AltT": 0, "TAlt": 7008, "Call": "AAL824", "Lat": 40.72673, "Long": -73.883301, "PosTime": 1544405302486, "Mlat": false, "Tisb": false, "Spd": 267.0, "Trak": 60.2, "TrkH": false, "TTrk": 340.3125, "Type": "A321", "Mdl": "Airbus A321 231", "Man": "Airbus", "CNum": "4935", "From": "KPHL Philadelphia, United States", "To": "TXKF L.F. Wade International, Hamilton, Bermuda", "Op": "American Airlines", "OpIcao": "AAL", "Sqk": "7212", "Help": false, "Vsi": 0, "VsiT": 0, "Dst": 12.72, "Brng": 317.5, "WTC": 2, "Species": 1, "Engines": "2", "EngType": 3, "EngMount": 0, "Mil": false, "Cou": "United States", "HasPic": false, "Interested": false, "FlightsCount": 0, "Gnd": false, "SpdTyp": 0, "CallSus": false, "Trt": 2, "Year": "2011"}, {"Id": 10491152, "Rcvr": 1, "HasSig": true, "Sig": 215, "Icao": "A01510", "Bad": false, "Reg": "N104RJ", "FSeen": "/Date(1544398315674)/", "TSecs": 6988, "CMsgs": 3030, "Alt": 34275, "GAlt": 34263, "InHg": 29.9080849, "AltT": 0, "TAlt": 32000, "Call": "Z2999", "Lat": 40.416916, "Long": -73.914612, "PosTime": 1544405304092, "Mlat": false, "Tisb": false, "Spd": 543.8, "Trak": 26.4, "TrkH": false, "TTrk": 31.640625, "Type": "LJ60", "Mdl": "2012 LEARJET INC 60", "Man": "Bombardier", "CNum": "422", "Op": "HALRIVE AIR LLC     - BOCA RATON, FL", "Sqk": "3714", "Help": false, "Vsi": -1600, "VsiT": 0, "Dst": 27.5, "Brng": 204.2, "WTC": 2, "Species": 1, "Engines": "2", "EngType": 3, "EngMount": 1, "Mil": false, "Cou": "United States", "HasPic": false, "Interested": false, "FlightsCount": 0, "Gnd": false, "SpdTyp": 0, "CallSus": false, "Trt": 5, "Year": "2012"}, {"Id": 11399464, "Rcvr": 1, "HasSig": true, "Sig": 146, "Icao": "ADF128", "Bad": false, "Reg": "N998JE", "FSeen": "/Date(1544398159674)/", "TSecs": 7144, "CMsgs": 3677, "Alt": 2725, "GAlt": 3020, "InHg": 30.2151985, "AltT": 0, "TAlt": 3008, "Call": "JBU1184", "Lat": 40.827337, "Long": -73.626189, "PosTime": 1544405304085, "Mlat": false, "Tisb": false, "Spd": 204.6, "Trak": 233.7, "TrkH": false, "TTrk": 319.921875, "Type": "A321", "Mdl": "Airbus A321 231SL", "Man": "Airbus", "CNum": "8525", "From": "KMCO Orlando, United States", "To": "KJFK John F Kennedy, New York, United States", "Op": "JetBlue Airways", "OpIcao": "JBU", "Sqk": "0776", "Help": false, "Vsi": 0, "VsiT": 1, "Dst": 24.36, "Brng": 32.4, "WTC": 2, "Species": 1, "Engines": "2", "EngType": 3, "EngMount": 0, "Mil": false, "Cou": "United States", "HasPic": false, "Interested": false, "FlightsCount": 0, "Gnd": false, "SpdTyp": 0, "CallSus": false, "Trt": 5, "Year": "2018"}, {"Id": 4704474, "Rcvr": 1, "HasSig": true, "Sig": 105, "Icao": "47C8DA", "Bad": false, "Reg": "LN-LNN", "FSeen": "/Date(1544396732245)/", "TSecs": 8572, "CMsgs": 4249, "Alt": 1725, "GAlt": 2020, "InHg": 30.2151985, "AltT": 0, "TAlt": 2016, "Call": "NAX9V", "Lat": 40.790002, "Long": -73.641108, "PosTime": 1544405304087, "Mlat": false, "Tisb": false, "Spd": 167.4, "Trak": 211.3, "TrkH": false, "TTrk": 224.296875, "Type": "B789", "Mdl": "Boeing 787 9", "Man": "Boeing", "CNum": "38891", "Op": "Norwegian", "OpIcao": "NAX", "Sqk": "0736", "Help": false, "Vsi": 0, "VsiT": 0, "Dst": 20.21, "Brng": 35.7, "WTC": 3, "Species": 1, "Engines": "2", "EngType": 3, "EngMount": 0, "Mil": false, "Cou": "Norway", "HasPic": false, "Interested": false, "FlightsCount": 0, "Gnd": false, "SpdTyp": 0, "CallSus": false, "Trt": 5, "Year": "2017"}, {"Id": 10554300, "Rcvr": 1, "HasSig": true, "Sig": 106, "Icao": "A10BBC", "Bad": false, "Reg": "N167AN", "FSeen": "/Date(1544396028254)/", "TSecs": 9276, "CMsgs": 4749, "Alt": 3800, "GAlt": 4110, "InHg": 30.2303143, "AltT": 0, "Call": "AAL1011", "Lat": 40.590572, "Long": -74.046166, "PosTime": 1544405304081, "Mlat": false, "Tisb": false, "Spd": 262.7, "Trak": 35.1, "TrkH": false, "Type": "A321", "Mdl": "Airbus A321 231SL", "Man": "Airbus", "CNum": "7013", "From": "KMIA Miami, United States", "To": "KLGA La Guardia, New York, United States", "Op": "American Airlines", "OpIcao": "AAL", "Sqk": "0532", "Help": false, "Vsi": -1024, "VsiT": 0, "Dst": 23.09, "Brng": 255.6, "WTC": 2, "Species": 1, "Engines": "2", "EngType": 3, "EngMount": 0, "Mil": false, "Cou": "United States", "HasPic": false, "Interested": false, "FlightsCount": 0, "Gnd": false, "SpdTyp": 0, "CallSus": false, "Trt": 2, "Year": "2016"}, {"Id": 10811218, "Rcvr": 1, "HasSig": false, "Icao": "A4F752", "Bad": false, "Reg": "N419UA", "FSeen": "/Date(1544395690412)/", "TSecs": 9614, "CMsgs": 4849, "Alt": 1375, "GAlt": 1685, "InHg": 30.2303143, "AltT": 0, "TAlt": 10016, "Call": "UAL2094", "Lat": 40.851032, "Long": -73.8162, "PosTime": 1544405302467, "Mlat": false, "Tisb": false, "Spd": 141.0, "Trak": 211.7, "TrkH": false, "TTrk": 70.3125, "Type": "A320", "Mdl": "1994 AIRBUS INDUSTRIE A320-232", "Man": "Airbus", "CNum": "487", "Op": "US BANK NA TRUSTEE     - BOSTON, MA", "OpIcao": "UAL", "Sqk": "2437", "Help": false, "Vsi": -704, "VsiT": 0, "Dst": 23.38, "Brng": 352.8, "WTC": 2, "Species": 1, "Engines": "2", "EngType": 3, "EngMount": 0, "Mil": false, "Cou": "United States", "HasPic": false, "Interested": false, "FlightsCount": 0, "Gnd": false, "SpdTyp": 0, "CallSus": false, "Trt": 5, "Year": "1994"}, {"Id": 11358066, "Rcvr": 1, "HasSig": false, "Icao": "AD4F72", "Bad": false, "Reg": "N957JB", "FSeen": "/Date(1544395370784)/", "TSecs": 9933, "CMsgs": 4215, "Alt": -250, "GAlt": 69, "InHg": 30.2388229, "AltT": 0, "TAlt": 3008, "Call": "JBU1452", "Lat": 40.630293, "Long": -73.770197, "PosTime": 1544404270253, "Mlat": false, "PosStale": true, "Tisb": false, "Spd": 0.0, "Trak": 210.9, "TrkH": false, "TTrk": 260.15625, "Type": "A321", "Mdl": "Airbus A321 231SL", "Man": "Airbus", "CNum": "6809", "From": "KMCO Orlando, United States", "To": "KBOS General Edward Lawrence Logan, Boston, United States", "Op": "JetBlue Airways", "OpIcao": "JBU", "Sqk": "2000", "Help": false, "Vsi": -64, "VsiT": 0, "Dst": 1.65, "Brng": 145.4, "WTC": 2, "Species": 1, "Engines": "2", "EngType": 3, "EngMount": 0, "Mil": false, "Cou": "United States", "HasPic": false, "Interested": false, "FlightsCount": 0, "Gnd": true, "SpdTyp": 0, "CallSus": false, "Trt": 5, "Year": "2015"}, {"Id": 4224211, "Rcvr": 1, "HasSig": true, "Sig": 140, "Icao": "4074D3", "Bad": false, "Reg": "G-CKWC", "FSeen": "/Date(1544395252649)/", "TSecs": 10051, "CMsgs": 4463, "Alt": -250, "GAlt": 60, "InHg": 30.2303143, "AltT": 0, "TAlt": 4992, "Call": "NRS15Z", "Lat": 40.64716, "Long": -73.808014, "PosTime": 1544404988466, "Mlat": false, "PosStale": true, "Tisb": false, "Spd": 8.5, "Trak": 149.1, "TrkH": false, "TTrk": 310.078125, "Type": "B789", "Mdl": "Boeing 787 9", "Man": "Boeing", "CNum": "38893", "Op": "Norwegian Air UK", "OpIcao": "NRS", "Sqk": "0746", "Help": false, "Vsi": -128, "VsiT": 0, "Dst": 2.31, "Brng": 283.0, "WTC": 3, "Species": 1, "Engines": "2", "EngType": 3, "EngMount": 0, "Mil": false, "Cou": "United Kingdom", "HasPic": false, "Interested": false, "FlightsCount": 0, "Gnd": true, "SpdTyp": 0, "CallSus": false, "Trt": 5, "Year": "2018"}, {"Id": 10673790, "Rcvr": 1, "HasSig": false, "Icao": "A2DE7E", "Bad": false, "Reg": "N284SY", "FSeen": "/Date(1544395208703)/", "TSecs": 10095, "CMsgs": 5096, "Alt": 3725, "GAlt": 3855, "InHg": 30.0501976, "AltT": 0, "TAlt": 10016, "Call": "SKW3815", "Lat": 40.823181, "Long": -73.74292, "PosTime": 1544405302464, "Mlat": false, "Tisb": false, "Spd": 197.0, "Trak": 29.8, "TrkH": false, "Type": "E75L", "Mdl": "Embraer EMB-175 LR", "Man": "Embraer", "CNum": "17000750", "Op": "Delta Connection", "OpIcao": "SKW", "Sqk": "2241", "Help": false, "Vsi": -64, "VsiT": 0, "Dst": 20.35, "Brng": 9.1, "WTC": 2, "Species": 1, "Engines": "2", "EngType": 3, "EngMount": 0, "Mil": false, "Cou": "United States", "HasPic": false, "Interested": false, "FlightsCount": 0, "Gnd": false, "SpdTyp": 0, "CallSus": false, "Trt": 5, "Year": "2018"}, {"Id": 10870044, "Rcvr": 1, "HasSig": false, "Icao": "A5DD1C", "Bad": false, "Reg": "N477WN", "FSeen": "/Date(1544394330807)/", "TSecs": 10973, "CMsgs": 4712, "Alt": -250, "GAlt": 40, "InHg": 30.2096462, "AltT": 0, "Lat": 40.805271, "Long": -73.854779, "PosTime": 1544405061598, "Mlat": true, "PosStale": true, "Tisb": false, "Spd": 513.0, "Trak": 228.1, "TrkH": false, "Type": "B737", "Mdl": "2004 BOEING 737-7H4", "Man": "Boeing", "CNum": "33988", "Op": "Southwest Airlines", "OpIcao": "SWA", "Sqk": "0531", "Help": false, "Vsi": 40, "VsiT": 0, "Dst": 19.13, "Brng": 341.1, "WTC": 2, "Species": 1, "Engines": "2", "EngType": 3, "EngMount": 0, "Mil": false, "Cou": "United States", "HasPic": false, "Interested": false, "FlightsCount": 0, "Gnd": true, "SpdTyp": 0, "CallSus": false, "Trt": 2, "Year": "2004"}, {"Id": 11373549, "Rcvr": 1, "HasSig": true, "Sig": 126, "Icao": "AD8BED", "Bad": false, "Reg": "N972JT", "FSeen": "/Date(1544394254578)/", "TSecs": 11050, "CMsgs": 3327, "Alt": -250, "GAlt": 92, "InHg": 30.26245, "AltT": 0, "TAlt": 4000, "Call": "JBU2809", "Lat": 40.658432, "Long": -73.791809, "PosTime": 1544396608212, "Mlat": false, "PosStale": true, "Tisb": false, "Spd": 0.0, "Trak": 191.3, "TrkH": false, "TTrk": 0.0, "Type": "A321", "Mdl": "Airbus A321 231SL", "Man": "Airbus", "CNum": "7455", "Op": "JetBlue Airways", "OpIcao": "JBU", "Sqk": "3022", "Help": false, "Vsi": -576, "VsiT": 0, "Dst": 1.98, "Brng": 333.4, "WTC": 2, "Species": 1, "Engines": "2", "EngType": 3, "EngMount": 0, "Mil": false, "Cou": "United States", "HasPic": false, "Interested": false, "FlightsCount": 0, "Gnd": true, "SpdTyp": 0, "CallSus": false, "Trt": 5, "Year": "2016"}, {"Id": 10918036, "Rcvr": 1, "HasSig": true, "Sig": 169, "Icao": "A69894", "Bad": false, "Reg": "N524JB", "FSeen": "/Date(1544393624164)/", "TSecs": 11680, "CMsgs": 4956, "Alt": -250, "GAlt": -237, "InHg": 29.93171, "AltT": 0, "TAlt": 35008, "Call": "JBU1677", "Lat": 40.63262, "Long": -73.767653, "PosTime": 1544402499370, "Mlat": false, "PosStale": true, "Tisb": false, "Spd": 2.5, "Trak": 199.7, "TrkH": false, "TTrk": 0.0, "Type": "A320", "Mdl": "2001 AIRBUS INDUSTRIE A320-232", "Man": "Airbus", "CNum": "1528", "From": "KJFK John F Kennedy, New York, United States", "To": "KJAX Jacksonville, United States", "Op": "JetBlue Airways", "OpIcao": "JBU", "Sqk": "2000", "Help": false, "Vsi": -704, "VsiT": 0, "Dst": 1.59, "Brng": 133.6, "WTC": 2, "Species": 1, "Engines": "2", "EngType": 3, "EngMount": 0, "Mil": false, "Cou": "United States", "HasPic": false, "Interested": false, "FlightsCount": 0, "Gnd": true, "SpdTyp": 0, "CallSus": false, "Trt": 5, "Year": "2001"}, {"Id": 11103138, "Rcvr": 1, "HasSig": true, "Sig": 117, "Icao": "A96BA2", "Bad": false, "Reg": "N706JB", "FSeen": "/Date(1544393522677)/", "TSecs": 11781, "CMsgs": 3494, "Alt": 100400, "GAlt": 100742, "InHg": 30.26245, "AltT": 0, "TAlt": 4000, "Call": "JBU950", "Lat": 40.651291, "Long": -73.775894, "PosTime": 1544395940339, "Mlat": false, "PosStale": true, "Tisb": false, "Spd": 0.0, "Trak": 202.5, "TrkH": false, "TTrk": 0.0, "Type": "A320", "Mdl": "2008 AIRBUS A320-232", "Man": "Airbus", "CNum": "3451", "From": "KMCO Orlando, United States", "To": "KBOS General Edward Lawrence Logan, Boston, United States", "Op": "JetBlue Airways", "OpIcao": "JBU", "Sqk": "2000", "Help": false, "Vsi": -960, "VsiT": 0, "Dst": 1.08, "Brng": 24.9, "WTC": 2, "Species": 1, "Engines": "2", "EngType": 3, "EngMount": 0, "Mil": false, "Cou": "United States", "HasPic": false, "Interested": false, "FlightsCount": 0, "Gnd": true, "SpdTyp": 0, "CallSus": false, "Trt": 5, "Year": "2008"}, {"Id": 3754477, "Rcvr": 1, "HasSig": true, "Sig": 186, "Icao": "3949ED", "Bad": false, "Reg": "F-GSPN", "FSeen": "/Date(1544389049462)/", "TSecs": 16255, "CMsgs": 4424, "Alt": 1725, "GAlt": 2015, "InHg": 30.2096462, "AltT": 0, "Call": "AFR008", "Lat": 40.866348, "Long": -73.576965, "PosTime": 1544405304087, "Mlat": false, "Tisb": false, "Spd": 167.3, "Trak": 228.9, "TrkH": false, "Type": "B772", "Mdl": "Boeing 777 228ER", "Man": "Boeing", "CNum": "29011", "From": "LFPG Charles de Gaulle, Paris, France", "To": "KJFK John F Kennedy, New York, United States", "Op": "Air France", "OpIcao": "AFR", "Sqk": "2576", "Help": false, "Vsi": 0, "VsiT": 0, "Dst": 30.26, "Brng": 34.6, "WTC": 3, "Species": 1, "Engines": "2", "EngType": 3, "EngMount": 0, "Mil": false, "Cou": "France", "HasPic": false, "Interested": false, "FlightsCount": 0, "Gnd": false, "SpdTyp": 0, "CallSus": false, "Trt": 2, "Year": "2000", "Sat": true}, {"Id": 11039969, "Rcvr": 1, "HasSig": true, "Sig": 220, "Icao": "A874E1", "Bad": false, "Reg": "N644JB", "FSeen": "/Date(1544388110946)/", "TSecs": 17193, "CMsgs": 7276, "Alt": 11425, "GAlt": 11744, "InHg": 30.2388229, "AltT": 0, "TAlt": 10016, "Call": "JBU514", "Lat": 40.449238, "Long": -73.965141, "PosTime": 1544405287966, "Mlat": false, "Tisb": false, "Spd": 309.3, "Trak": 166.7, "TrkH": false, "TTrk": 180.0, "Type": "A320", "Mdl": "2006 AIRBUS A320-232", "Man": "Airbus", "CNum": "2880", "From": "KLGB Long Beach /Daugherty Field/, United States", "To": "KJFK John F Kennedy, New York, United States", "Op": "JetBlue Airways", "OpIcao": "JBU", "Sqk": "1311", "Help": false, "Vsi": -1344, "VsiT": 0, "Dst": 26.52, "Brng": 215.9, "WTC": 2, "Species": 1, "Engines": "2", "EngType": 3, "EngMount": 0, "Mil": false, "Cou": "United States", "HasPic": false, "Interested": false, "FlightsCount": 0, "Gnd": false, "SpdTyp": 0, "CallSus": false, "Trt": 5, "Year": "2006"}, {"Id": 9015523, "Rcvr": 1, "HasSig": true, "Sig": 88, "Icao": "8990E3", "Bad": false, "Reg": "B-16721", "FSeen": "/Date(1544388060940)/", "TSecs": 17243, "CMsgs": 4873, "Alt": -250, "GAlt": 69, "InHg": 30.2388229, "AltT": 0, "TAlt": 2016, "Call": "EVA032", "Lat": 40.630394, "Long": -73.766739, "PosTime": 1544404504623, "Mlat": false, "PosStale": true, "Tisb": false, "Spd": 12.0, "Trak": 59.1, "TrkH": false, "TTrk": 250.3125, "Type": "B773", "Mdl": "Boeing 777 35EER", "Man": "Boeing", "CNum": "43290", "From": "RCTP Taiwan Taoyuan, Taipei, Taiwan", "To": "KJFK John F Kennedy, New York, United States", "Op": "EVA Air", "OpIcao": "EVA", "Sqk": "2264", "Help": false, "Vsi": -128, "VsiT": 0, "Dst": 1.82, "Brng": 137.6, "WTC": 3, "Species": 1, "Engines": "2", "EngType": 3, "EngMount": 0, "Mil": false, "Cou": "Taiwan", "HasPic": false, "Interested": false, "FlightsCount": 0, "Gnd": true, "SpdTyp": 0, "CallSus": false, "Trt": 5, "Year": "2015"}, {"Id": 11274786, "Rcvr": 1, "HasSig": true, "Sig": 76, "Icao": "AC0A22", "Bad": false, "Reg": "N875NN", "FSeen": "/Date(1544387930975)/", "TSecs": 17373, "CMsgs": 6925, "Alt": -250, "GAlt": 69, "InHg": 30.2388229, "AltT": 0, "TAlt": 3008, "Call": "AAL2434", "Lat": 40.632111, "Long": -73.775909, "PosTime": 1544405146888, "Mlat": false, "PosStale": true, "Tisb": false, "Spd": 17.0, "Trak": 300.9, "TrkH": false, "TTrk": 260.15625, "Type": "B738", "Mdl": "2011 BOEING 737-823", "Man": "Boeing", "CNum": "33220", "From": "KDFW Dallas Fort Worth, Dallas-Fort Worth, United States", "To": "KMCO Orlando, United States", "Op": "American Airlines", "OpIcao": "AAL", "Sqk": "1570", "Help": false, "Vsi": -128, "VsiT": 0, "Dst": 1.24, "Brng": 158.5, "WTC": 2, "Species": 1, "Engines": "2", "EngType": 3, "EngMount": 0, "Mil": false, "Cou": "United States", "HasPic": false, "Interested": false, "FlightsCount": 0, "Gnd": true, "SpdTyp": 0, "CallSus": false, "Trt": 5, "Year": "2011"}, {"Id": 11118849, "Rcvr": 1, "HasSig": true, "Sig": 115, "Icao": "A9A901", "Bad": false, "Reg": "N721TW", "FSeen": "/Date(1544387646520)/", "TSecs": 17658, "CMsgs": 7463, "Alt": -225, "GAlt": 94, "InHg": 30.2388229, "AltT": 0, "TAlt": 3008, "Call": "DAL1512", "Lat": 40.634215, "Long": -73.763565, "PosTime": 1544405304077, "Mlat": false, "Tisb": false, "Spd": 55.0, "Trak": 210.9, "TrkH": false, "TTrk": 224.296875, "Type": "B752", "Mdl": "1999 BOEING 757-231", "Man": "Boeing", "CNum": "29954", "From": "KATL Hartsfield Jackson Atlanta, United States", "To": "KATL Hartsfield Jackson Atlanta, United States", "Stops": ["KORD Chicago O'Hare, United States"], "Op": "Delta Air Lines", "OpIcao": "DAL", "Sqk": "7251", "Help": false, "Vsi": -64, "VsiT": 0, "Dst": 1.76, "Brng": 121.6, "WTC": 2, "Species": 1, "Engines": "2", "EngType": 3, "EngMount": 0, "Mil": false, "Cou": "United States", "HasPic": false, "Interested": false, "FlightsCount": 0, "Gnd": true, "SpdTyp": 0, "CallSus": false, "Trt": 2, "Year": "1999"}, {"Id": 11329635, "Rcvr": 1, "HasSig": true, "Sig": 194, "Icao": "ACE063", "Bad": false, "Reg": "N929JB", "FSeen": "/Date(1544387178652)/", "TSecs": 18125, "CMsgs": 7609, "Alt": 2475, "GAlt": 2794, "InHg": 30.2388229, "AltT": 0, "TAlt": 4000, "Call": "JBU424", "Lat": 40.755972, "Long": -73.688986, "PosTime": 1544405304077, "Mlat": false, "Tisb": false, "Spd": 159.3, "Trak": 208.5, "TrkH": false, "TTrk": 260.15625, "Type": "A321", "Mdl": "2014 AIRBUS INDUSTRIE A321-231", "Man": "Airbus", "CNum": "6031", "From": "KLAX Los Angeles, United States", "To": "KJFK John F Kennedy, New York, United States", "Op": "JetBlue Airways", "OpIcao": "JBU", "Sqk": "3066", "Help": false, "Vsi": -832, "VsiT": 0, "Dst": 14.82, "Brng": 31.6, "WTC": 2, "Species": 1, "Engines": "2", "EngType": 3, "EngMount": 0, "Mil": false, "Cou": "United States", "HasPic": false, "Interested": false, "FlightsCount": 0, "SpdTyp": 0, "CallSus": false, "Trt": 2, "Year": "2014"}, {"Id": 11394709, "Rcvr": 1, "HasSig": true, "Sig": 165, "Icao": "ADDE95", "Bad": false, "Reg": "N993JE", "FSeen": "/Date(1544386599639)/", "TSecs": 18704, "CMsgs": 7275, "Alt": 3700, "GAlt": 4019, "InHg": 30.2388229, "AltT": 0, "TAlt": 4000, "Call": "JBU416", "Lat": 40.404465, "Long": -73.580444, "PosTime": 1544405302464, "Mlat": false, "Tisb": false, "Spd": 223.5, "Trak": 29.8, "TrkH": false, "TTrk": 40.078125, "Type": "A321", "Mdl": "Airbus A321 231SL", "Man": "Airbus", "CNum": "8143", "From": "KSFO San Francisco, United States", "To": "KJFK John F Kennedy, New York, United States", "Op": "JetBlue Airways", "OpIcao": "JBU", "Sqk": "3757", "Help": false, "Vsi": 0, "VsiT": 1, "Dst": 31.44, "Brng": 147.3, "WTC": 2, "Species": 1, "Engines": "2", "EngType": 3, "EngMount": 0, "Mil": false, "Cou": "United States", "HasPic": false, "Interested": false, "FlightsCount": 0, "Gnd": false, "SpdTyp": 0, "CallSus": false, "Trt": 5, "Year": "2018"}, {"Id": 10502794, "Rcvr": 1, "HasSig": true, "Sig": 100, "Icao": "A0428A", "Bad": false, "Reg": "N116AN", "FSeen": "/Date(1544386077160)/", "TSecs": 19227, "CMsgs": 7651, "Alt": -225, "GAlt": 85, "InHg": 30.2303143, "AltT": 0, "TAlt": 3008, "Call": "AAL16", "Lat": 40.632958, "Long": -73.769448, "PosTime": 1544405296545, "Mlat": false, "Tisb": false, "Spd": 20.0, "Trak": 1.2, "TrkH": false, "TTrk": 0.0, "Type": "A321", "Mdl": "2014 AIRBUS INDUSTRIE A321-231", "Man": "Airbus", "CNum": "6070", "From": "KSFO San Francisco, United States", "To": "KJFK John F Kennedy, New York, United States", "Op": "American Airlines", "OpIcao": "AAL", "Sqk": "3213", "Help": false, "Vsi": -64, "VsiT": 1, "Dst": 1.46, "Brng": 136.7, "WTC": 2, "Species": 1, "Engines": "2", "EngType": 3, "EngMount": 0, "Mil": false, "Cou": "United States", "HasPic": false, "Interested": false, "FlightsCount": 0, "Gnd": true, "SpdTyp": 0, "CallSus": false, "Trt": 5, "Year": "2014"}, {"Id": 11118416, "Rcvr": 1, "HasSig": false, "Icao": "A9A750", "Bad": false, "Reg": "N721AN", "FSeen": "/Date(1544384085394)/", "TSecs": 21219, "CMsgs": 4573, "Alt": -250, "GAlt": 60, "InHg": 30.2303143, "AltT": 0, "Call": "AAL107", "Lat": 40.630165, "Long": -73.767045, "PosTime": 1544404813327, "Mlat": false, "Tisb": false, "Spd": 14.5, "Trak": 300.9, "TrkH": false, "Type": "B77W", "Mdl": "2013 BOEING 777-323ER", "Man": "Boeing", "CNum": "31546", "From": "EGLL London Heathrow, United Kingdom", "To": "KJFK John F Kennedy, New York, United States", "Op": "American Airlines", "OpIcao": "AAL", "Sqk": "6333", "Help": false, "Vsi": -128, "VsiT": 0, "Dst": 1.82, "Brng": 138.8, "WTC": 3, "Species": 1, "Engines": "2", "EngType": 3, "EngMount": 0, "Mil": false, "Cou": "United States", "HasPic": false, "Interested": false, "FlightsCount": 0, "Gnd": true, "SpdTyp": 0, "CallSus": false, "Trt": 2, "Year": "2013", "Sat": true}], "totalAc": 5553, "lastDv": "636798037999958779", "shtTrlSec": 65, "stm": 1544405304516}