{"src": 1, "feeds": [{"id": 1, "name": "From Cons", "polarPlot": false}], "srcFeed": 1, "showSil": true, "showFlg": true, "showPic": true, "flgH": 20, "flgW": 85, "acList": [{"Id": 9003259, "Rcvr": 1, "HasSig": true, "Sig": 212, "Icao": "8960FB", "Bad": false, "Reg": "A6-EDZ", "FSeen": "/Date(1544416404570)/", "TSecs": 275, "CMsgs": 103, "Alt": 1850, "GAlt": 2145, "InHg": 30.2151985, "AltT": 0, "TAlt": 11008, "Call": "UAE43C", "Lat": 40.635169, "Long": -73.864954, "PosTime": 1544416679376, "Mlat": false, "Tisb": false, "Spd": 181.8, "Trak": 223.4, "TrkH": false, "TTrk": 241.171875, "Type": "A388", "Mdl": "Airbus A380 861", "Man": "Airbus", "CNum": "107", "From": "KJFK John F Kennedy, New York, United States", "To": "OMDB Dubai, United Arab Emirates", "Op": "Emirates Airline", "OpIcao": "UAE", "Sqk": "1547", "Help": false, "Vsi": 1472, "VsiT": 1, "Dst": 7.11, "Brng": 263.5, "WTC": 3, "Species": 1, "Engines": "4", "EngType": 3, "EngMount": 0, "Mil": false, "Cou": "United Arab Emirates", "HasPic": false, "Interested": false, "FlightsCount": 0, "Gnd": false, "SpdTyp": 0, "CallSus": false, "Trt": 5, "Year": "2012"}, {"Id": 10640915, "Rcvr": 1, "HasSig": false, "Icao": "A25E13", "Bad": false, "Reg": "N25134", "FSeen": "/Date(1544416339958)/", "TSecs": 339, "CMsgs": 220, "Alt": 11700, "GAlt": 11951, "InHg": 30.1712589, "AltT": 0, "Call": "ASQ4331", "Lat": 40.8205, "Long": -74.047, "PosTime": 1544416679375, "Mlat": true, "Tisb": false, "Trak": 42.1, "TrkH": false, "Type": "E45X", "Mdl": "2003 EMBRAER EMB-145XR", "Man": "Embraer", "CNum": "145714", "From": "KOMA Eppley Airfield, Omaha, United States", "To": "KMLU Monroe Regional, United States", "Stops": ["KIAH George Bush Intercontinental Houston, United States"], "Op": "WELLS FARGO BANK NORTHWEST NA TRUSTEE     - SALT LAKE CITY, UT", "OpIcao": "ASQ", "Sqk": "3007", "Help": false, "VsiT": 0, "Dst": 29.88, "Brng": 311.6, "WTC": 2, "Species": 1, "Engines": "2", "EngType": 3, "EngMount": 1, "Mil": false, "Cou": "United States", "HasPic": false, "Interested": false, "FlightsCount": 0, "Gnd": false, "SpdTyp": 0, "CallSus": true, "Trt": 2, "Year": "2003"}, {"Id": 11318700, "Rcvr": 1, "HasSig": false, "Icao": "ACB5AC", "Bad": false, "Reg": "N918PD", "FSeen": "/Date(1544414417464)/", "TSecs": 2262, "CMsgs": 1459, "Alt": 650, "GAlt": 901, "InHg": 30.1712589, "AltT": 0, "Call": "N918PD", "Lat": 40.604736, "Long": -74.06134, "PosTime": 1544416679368, "Mlat": false, "Tisb": false, "Spd": 73.0, "Trak": 23.4, "TrkH": false, "Type": "B429", "Mdl": "BELL HELICOPTER TEXTRON CANADA 429", "Man": "BELL", "CNum": "57188", "Op": "NEW YORK CITY POLICE DEPARTMENT", "Sqk": "0362", "Help": false, "Vsi": -192, "VsiT": 0, "Dst": 24.01, "Brng": 260.0, "WTC": 1, "Species": 4, "Engines": "2", "EngType": 2, "EngMount": 0, "Mil": false, "Cou": "United States", "HasPic": true, "PicX": 700, "PicY": 406, "Interested": false, "FlightsCount": 0, "Gnd": false, "SpdTyp": 0, "CallSus": false, "Tag": "LE", "Trt": 5, "Year": "2014"}, {"Id": 11207929, "Rcvr": 1, "HasSig": false, "Icao": "AB04F9", "Bad": false, "Reg": "N809TD", "FSeen": "/Date(1544413189241)/", "TSecs": 3490, "CMsgs": 2189, "Alt": -200, "GAlt": 51, "InHg": 30.1712589, "AltT": 0, "TAlt": 4000, "Call": "EJM809", "Lat": 40.694012, "Long": -74.163773, "PosTime": 1544416679366, "Mlat": false, "Tisb": false, "Spd": 115.0, "Trak": 206.1, "TrkH": false, "Type": "E35L", "Mdl": "2004 EMBRAER EMB-135BJ", "Man": "Embraer", "CNum": "14500809", "Op": "MEADOW LANE AIR PARTNERS LLC     - SOUTHAMPTON, NY", "OpIcao": "EJM", "Sqk": "3062", "Help": false, "Vsi": -320, "VsiT": 0, "Dst": 32.76, "Brng": 280.2, "WTC": 2, "Species": 1, "Engines": "2", "EngType": 3, "EngMount": 1, "Mil": false, "Cou": "United States", "HasPic": false, "Interested": false, "FlightsCount": 0, "Gnd": false, "SpdTyp": 0, "CallSus": false, "Trt": 5, "Year": "2004"}, {"Id": 7866571, "Rcvr": 1, "HasSig": false, "Icao": "7808CB", "Bad": false, "Reg": "B-2033", "FSeen": "/Date(1544411783248)/", "TSecs": 4896, "CMsgs": 3080, "Alt": 15050, "GAlt": 15301, "InHg": 30.1712589, "AltT": 0, "Lat": 40.663708, "Long": -74.006905, "PosTime": 1544416679358, "Mlat": false, "Tisb": false, "Spd": 328.0, "Trak": 165.0, "TrkH": false, "Type": "B773", "Mdl": "Boeing 777 39LER", "Man": "Boeing", "CNum": "38673", "Op": "Air China", "OpIcao": "CCA", "Sqk": "7233", "Help": false, "Vsi": -1152, "VsiT": 0, "Dst": 19.18, "Brng": 277.1, "WTC": 3, "Species": 1, "Engines": "2", "EngType": 3, "EngMount": 0, "Mil": false, "Cou": "China", "HasPic": false, "Interested": false, "FlightsCount": 0, "Gnd": false, "SpdTyp": 0, "CallSus": false, "Trt": 2, "Year": "2012"}, {"Id": 11219364, "Rcvr": 1, "HasSig": true, "Sig": 62, "Icao": "AB31A4", "Bad": false, "Reg": "N820JA", "FSeen": "/Date(1544411441399)/", "TSecs": 5238, "CMsgs": 3175, "Alt": 1400, "GAlt": 1639, "InHg": 30.1594486, "AltT": 0, "Call": "N820JA", "Lat": 40.791585, "Long": -73.51695, "PosTime": 1544416677862, "Mlat": true, "Tisb": false, "Spd": 105.0, "Trak": 67.7, "TrkH": false, "Type": "C172", "Mdl": "2008 CESSNA 172S", "Man": "Cessna", "CNum": "172S10802", "Op": "NUTACK LEASING LLC     - DELAND, FL", "Sqk": "4276", "Help": false, "Vsi": 2, "VsiT": 0, "Dst": 27.77, "Brng": 53.3, "WTC": 1, "Species": 1, "Engines": "1", "EngType": 1, "EngMount": 0, "Mil": false, "Cou": "United States", "HasPic": false, "Interested": false, "FlightsCount": 0, "Gnd": false, "SpdTyp": 0, "CallSus": true, "Trt": 2, "Year": "2008"}, {"Id": 10509756, "Rcvr": 1, "HasSig": false, "Icao": "A05DBC", "Bad": false, "Reg": "N12218", "FSeen": "/Date(1544411418482)/", "TSecs": 5261, "CMsgs": 3325, "Alt": 2275, "GAlt": 2514, "InHg": 30.1594486, "AltT": 0, "TAlt": 8992, "Call": "UAL1056", "Lat": 40.822678, "Long": -74.086609, "PosTime": 1544416679358, "Mlat": false, "Tisb": false, "Spd": 207.0, "Trak": 177.2, "TrkH": false, "TTrk": 123.75, "Type": "B738", "Mdl": "1998 BOEING 737-824", "Man": "Boeing", "CNum": "28778", "From": "MMUN Canc\u00fan, Mexico", "To": "KIAH George Bush Intercontinental Houston, United States", "Op": "WELLS FARGO BANK NORTHWEST NA TRUSTEE     - SALT LAKE CITY, UT", "OpIcao": "UAL", "Sqk": "6214", "Help": false, "Vsi": 0, "VsiT": 1, "Dst": 32.61, "Brng": 308.0, "WTC": 2, "Species": 1, "Engines": "2", "EngType": 3, "EngMount": 0, "Mil": false, "Cou": "United States", "HasPic": false, "Interested": false, "FlightsCount": 0, "Gnd": false, "SpdTyp": 0, "CallSus": false, "Trt": 5, "Year": "1998"}, {"Id": 10727710, "Rcvr": 1, "HasSig": false, "Icao": "A3B11E", "Bad": false, "Reg": "N337PJ", "FSeen": "/Date(1544410989525)/", "TSecs": 5690, "CMsgs": 3607, "Alt": 1500, "GAlt": 1724, "InHg": 30.1443272, "AltT": 0, "TAlt": 3008, "Call": "AAL357", "Lat": 40.855042, "Long": -73.785645, "PosTime": 1544416679358, "Mlat": false, "Tisb": false, "Spd": 190.0, "Trak": 223.5, "TrkH": false, "TTrk": 59.765625, "Type": "B738", "Mdl": "Boeing 737NG 800/W", "Man": "Boeing", "CNum": "33345", "From": "KDFW Dallas Fort Worth, Dallas-Fort Worth, United States", "To": "KDFW Dallas Fort Worth, Dallas-Fort Worth, United States", "Stops": ["KSAT San Antonio, United States"], "Op": "American Airlines", "OpIcao": "AAL", "Sqk": "6267", "Help": false, "Vsi": -256, "VsiT": 1, "Dst": 23.64, "Brng": 359.1, "WTC": 2, "Species": 1, "Engines": "2", "EngType": 3, "EngMount": 0, "Mil": false, "Cou": "United States", "HasPic": false, "Interested": false, "FlightsCount": 0, "Gnd": false, "SpdTyp": 0, "CallSus": false, "Trt": 5, "Year": "2017"}, {"Id": 11052933, "Rcvr": 1, "HasSig": false, "Icao": "A8A785", "Bad": false, "Reg": "N657JB", "FSeen": "/Date(1544410324569)/", "TSecs": 6355, "CMsgs": 3868, "Alt": 2250, "GAlt": 2510, "InHg": 30.1801186, "AltT": 0, "TAlt": 18016, "Call": "JBU784", "Lat": 40.44635, "Long": -73.546936, "PosTime": 1544416679365, "Mlat": false, "Tisb": false, "Spd": 224.0, "Trak": 30.8, "TrkH": false, "Type": "A320", "Mdl": "2007 AIRBUS A320-232", "Man": "Airbus", "CNum": "3119", "From": "KMCO Orlando, United States", "To": "KJFK John F Kennedy, New York, United States", "Op": "JetBlue Airways", "OpIcao": "JBU", "Sqk": "0734", "Help": false, "Vsi": -576, "VsiT": 1, "Dst": 29.46, "Brng": 137.7, "WTC": 2, "Species": 1, "Engines": "2", "EngType": 3, "EngMount": 0, "Mil": false, "Cou": "United States", "HasPic": false, "Interested": false, "FlightsCount": 0, "Gnd": false, "SpdTyp": 0, "CallSus": false, "Trt": 5, "Year": "2007"}, {"Id": 10809963, "Rcvr": 1, "HasSig": false, "Icao": "A4F26B", "Bad": false, "Reg": "N418FX", "FSeen": "/Date(1544408983088)/", "TSecs": 7696, "CMsgs": 4749, "Alt": 2850, "GAlt": 3074, "InHg": 30.1443272, "AltT": 0, "TAlt": 4000, "Call": "LXJ418", "Lat": 40.789169, "Long": -73.750793, "PosTime": 1544416679356, "Mlat": false, "Tisb": false, "Spd": 191.0, "Trak": 30.9, "TrkH": false, "TTrk": 45.703125, "Type": "E545", "Mdl": "Embraer Legacy 450", "Man": "Embraer", "CNum": "55010037", "Op": "Flexjet", "OpIcao": "LXJ", "Sqk": "3763", "Help": false, "Vsi": -768, "VsiT": 0, "Dst": 16.51, "Brng": 8.9, "WTC": 2, "Species": 1, "Engines": "2", "EngType": 3, "EngMount": 1, "Mil": false, "Cou": "United States", "HasPic": false, "Interested": false, "FlightsCount": 0, "Gnd": false, "SpdTyp": 0, "CallSus": false, "Trt": 5, "Year": "2018"}, {"Id": 11400425, "Rcvr": 1, "HasSig": true, "Sig": 82, "Icao": "ADF4E9", "Bad": false, "Reg": "N999JQ", "FSeen": "/Date(1544408488841)/", "TSecs": 8190, "CMsgs": 3332, "Alt": -175, "GAlt": 120, "InHg": 30.2151985, "AltT": 0, "TAlt": 8992, "Call": "JBU839", "Lat": 40.646819, "Long": -73.772819, "PosTime": 1544410957586, "Mlat": false, "PosStale": true, "Tisb": false, "Spd": 0.0, "Trak": 177.2, "TrkH": false, "TTrk": 0.0, "Type": "A321", "Mdl": "Airbus A321 231SL", "Man": "Airbus", "CNum": "8538", "From": "KJFK John F Kennedy, New York, United States", "To": "TJBQ Rafael Hernandez, Aguadilla, Puerto Rico", "Op": "JetBlue Airways", "OpIcao": "JBU", "Sqk": "2663", "Help": false, "Vsi": -64, "VsiT": 0, "Dst": 0.86, "Brng": 56.0, "WTC": 2, "Species": 1, "Engines": "2", "EngType": 3, "EngMount": 0, "Mil": false, "Cou": "United States", "HasPic": false, "Interested": false, "FlightsCount": 0, "Gnd": true, "SpdTyp": 0, "CallSus": false, "Trt": 5}, {"Id": 10779909, "Rcvr": 1, "HasSig": true, "Sig": 44, "Icao": "A47D05", "Bad": false, "Reg": "N389DA", "FSeen": "/Date(1544408380869)/", "TSecs": 8298, "CMsgs": 4491, "Alt": 3675, "GAlt": 3947, "InHg": 30.191576, "AltT": 0, "TAlt": 3008, "Call": "DAL2214", "Lat": 40.40799, "Long": -73.683777, "PosTime": 1544416677860, "Mlat": false, "Tisb": false, "Spd": 243.9, "Trak": 28.7, "TrkH": false, "TTrk": 40.078125, "Type": "B738", "Mdl": "BOEING 737-832", "Man": "Boeing", "CNum": "30376", "From": "KSJC Norman Y. Mineta San Jose, United States", "To": "KRDU Raleigh Durham, Raleigh/Durham, United States", "Stops": ["KMSP Minneapolis-St Paul International/Wold-Chamberlain, Minneapolis, United States"], "Op": "Delta Air Lines", "OpIcao": "DAL", "Sqk": "1736", "Help": false, "Vsi": -2816, "VsiT": 1, "Dst": 27.35, "Brng": 162.4, "WTC": 2, "Species": 1, "Engines": "2", "EngType": 3, "EngMount": 0, "Mil": false, "Cou": "United States", "HasPic": false, "Interested": false, "FlightsCount": 0, "Gnd": false, "SpdTyp": 0, "CallSus": false, "Trt": 5, "Year": "2000"}, {"Id": 11355980, "Rcvr": 1, "HasSig": true, "Sig": 193, "Icao": "AD474C", "Bad": false, "Reg": "N955AT", "FSeen": "/Date(1544408321240)/", "TSecs": 8358, "CMsgs": 4828, "Alt": 975, "GAlt": 1226, "InHg": 30.1712589, "AltT": 0, "Call": "DAL1163", "Lat": 40.756345, "Long": -74.124069, "PosTime": 1544416666246, "Mlat": true, "Tisb": false, "Spd": 288.0, "Trak": 219.5, "TrkH": false, "Type": "B712", "Mdl": "2000 BOEING 717-200", "Man": "Boeing", "CNum": "55017", "From": "KJFK John F Kennedy, New York, United States", "To": "KLAX Los Angeles, United States", "Op": "WELLS FARGO BANK NORTHWEST NA TRUSTEE     - SALT LAKE CITY, UT", "OpIcao": "DAL", "Sqk": "2447", "Help": false, "Vsi": -998, "VsiT": 0, "Dst": 31.55, "Brng": 293.8, "WTC": 2, "Species": 1, "Engines": "2", "EngType": 3, "EngMount": 1, "Mil": false, "Cou": "United States", "HasPic": false, "Interested": false, "FlightsCount": 0, "Gnd": false, "SpdTyp": 0, "CallSus": true, "Trt": 2, "Year": "2000"}, {"Id": 794805, "Rcvr": 1, "HasSig": true, "Sig": 99, "Icao": "0C20B5", "Bad": false, "Reg": "HP-1845CMP", "FSeen": "/Date(1544408141164)/", "TSecs": 8538, "CMsgs": 3742, "Alt": -175, "GAlt": 85, "InHg": 30.1801186, "AltT": 0, "TAlt": 2016, "Call": "CMP804", "Lat": 40.652138, "Long": -73.782608, "PosTime": 1544416521102, "Mlat": false, "PosStale": true, "Tisb": false, "Spd": 10.0, "Trak": 120.9, "TrkH": false, "TTrk": 9.84375, "Type": "B738", "Mdl": "Boeing 737NG 8V3/W", "Man": "Boeing", "CNum": "40787", "From": "MPTO Tocumen, Panama", "To": "KJFK John F Kennedy, New York, United States", "Op": "Copa Airlines", "OpIcao": "CMP", "Sqk": "0777", "Help": false, "Vsi": -128, "VsiT": 0, "Dst": 1.08, "Brng": 354.0, "WTC": 2, "Species": 1, "Engines": "2", "EngType": 3, "EngMount": 0, "Mil": false, "Cou": "Panama", "HasPic": false, "Interested": false, "FlightsCount": 0, "Gnd": true, "SpdTyp": 0, "CallSus": false, "Trt": 5, "Year": "2015"}, {"Id": 10694278, "Rcvr": 1, "HasSig": false, "Icao": "A32E86", "Bad": false, "Reg": "N304DN", "FSeen": "/Date(1544408129893)/", "TSecs": 8549, "CMsgs": 5007, "Alt": 4175, "GAlt": 4426, "InHg": 30.1712589, "AltT": 0, "TAlt": 10016, "Call": "DAL1596", "Lat": 40.706406, "Long": -73.923218, "PosTime": 1544416679356, "Mlat": false, "Tisb": false, "Spd": 264.0, "Trak": 57.2, "TrkH": false, "TTrk": 149.765625, "Type": "A321", "Mdl": "Airbus A321 211SL", "Man": "Airbus", "CNum": "7112", "From": "KABQ Albuquerque International Sunport, United States", "To": "KLGA La Guardia, New York, United States", "Stops": ["KMSP Minneapolis-St Paul International/Wold-Chamberlain, Minneapolis, United States"], "Op": "Delta Air Lines", "OpIcao": "DAL", "Sqk": "3671", "Help": false, "Vsi": -576, "VsiT": 1, "Dst": 13.92, "Brng": 300.7, "WTC": 2, "Species": 1, "Engines": "2", "EngType": 3, "EngMount": 0, "Mil": false, "Cou": "United States", "HasPic": false, "Interested": false, "FlightsCount": 0, "Gnd": false, "SpdTyp": 0, "CallSus": false, "Trt": 5}, {"Id": 11376402, "Rcvr": 1, "HasSig": true, "Sig": 93, "Icao": "AD9712", "Bad": false, "Reg": "N975JT", "FSeen": "/Date(1544407246283)/", "TSecs": 9433, "CMsgs": 4283, "Alt": 28250, "GAlt": 28545, "InHg": 30.2151985, "AltT": 0, "TAlt": 8992, "Call": "JBU2836", "Lat": 40.647692, "Long": -73.777391, "PosTime": 1544414454760, "Mlat": false, "PosStale": true, "Tisb": false, "Spd": 0.0, "Trak": 160.1, "TrkH": false, "TTrk": 0.0, "Type": "A321", "Mdl": "Airbus A321 231SL", "Man": "Airbus", "CNum": "7520", "Op": "JetBlue Airways", "OpIcao": "JBU", "Sqk": "2000", "Help": false, "Vsi": -128, "VsiT": 0, "Dst": 0.67, "Brng": 29.6, "WTC": 2, "Species": 1, "Engines": "2", "EngType": 3, "EngMount": 0, "Mil": false, "Cou": "United States", "HasPic": false, "Interested": false, "FlightsCount": 0, "Gnd": true, "SpdTyp": 0, "CallSus": false, "Trt": 5, "Year": "2016"}, {"Id": 11366291, "Rcvr": 1, "HasSig": true, "Sig": 71, "Icao": "AD6F93", "Bad": false, "Reg": "N965JT", "FSeen": "/Date(1544406473426)/", "TSecs": 10206, "CMsgs": 4702, "Alt": -175, "GAlt": 115, "InHg": 30.2096462, "AltT": 0, "TAlt": 4000, "Call": "JBU1503", "Lat": 40.650112, "Long": -73.778107, "PosTime": 1544414467172, "Mlat": false, "PosStale": true, "Tisb": false, "Spd": 0.0, "Trak": 210.9, "TrkH": false, "TTrk": 19.6875, "Type": "A321", "Mdl": "Airbus A321 231SL", "Man": "Airbus", "CNum": "6512", "From": "KJFK John F Kennedy, New York, United States", "To": "TJSJ Luis Munoz Marin, San Juan, Puerto Rico", "Op": "JetBlue Airways", "OpIcao": "JBU", "Sqk": "2000", "Help": false, "Vsi": -192, "VsiT": 0, "Dst": 0.89, "Brng": 17.5, "WTC": 2, "Species": 1, "Engines": "2", "EngType": 3, "EngMount": 0, "Mil": false, "Cou": "United States", "HasPic": false, "Interested": false, "FlightsCount": 0, "Gnd": true, "SpdTyp": 0, "CallSus": false, "Trt": 5, "Year": "2016"}, {"Id": 851976, "Rcvr": 1, "HasSig": false, "Icao": "0D0008", "Bad": false, "Reg": "N501VL", "FSeen": "/Date(1544404910290)/", "TSecs": 11769, "CMsgs": 4987, "Alt": -175, "GAlt": 85, "InHg": 30.1801186, "AltT": 0, "Call": "V0C4084", "Lat": 40.648624, "Long": -73.769989, "PosTime": 1544416652414, "Mlat": false, "Tisb": false, "Spd": 130.0, "Trak": 300.9, "TrkH": false, "Type": "A319", "Mdl": "Airbus A319 133", "Man": "Airbus", "CNum": "2979", "Op": "Volaris", "OpIcao": "VOI", "Sqk": "4674", "Help": false, "Vsi": -128, "VsiT": 0, "Dst": 1.17, "Brng": 54.4, "WTC": 2, "Species": 1, "Engines": "2", "EngType": 3, "EngMount": 0, "Mil": false, "Cou": "Mexico", "HasPic": false, "Interested": false, "FlightsCount": 0, "Gnd": true, "SpdTyp": 0, "CallSus": false, "Trt": 2, "Year": "2006"}, {"Id": 10956578, "Rcvr": 1, "HasSig": false, "Icao": "A72F22", "Bad": false, "Reg": "N562JB", "FSeen": "/Date(1544403419178)/", "TSecs": 13260, "CMsgs": 4637, "Alt": -175, "GAlt": 144, "InHg": 30.2388229, "AltT": 0, "TAlt": 3008, "Call": "JBU1818", "Lat": 40.633186, "Long": -73.768875, "PosTime": 1544406818706, "Mlat": false, "PosStale": true, "Tisb": false, "Spd": 0.0, "Trak": 210.9, "TrkH": false, "TTrk": 0.0, "Type": "A320", "Mdl": "2003 AIRBUS A320-232", "Man": "Airbus", "CNum": "1948", "From": "TTPP Piarco, Port of Spain, Trinidad and Tobago", "To": "KJFK John F Kennedy, New York, United States", "Op": "JetBlue Airways", "OpIcao": "JBU", "Sqk": "2666", "Help": false, "Vsi": -640, "VsiT": 0, "Dst": 1.47, "Brng": 134.6, "WTC": 2, "Species": 1, "Engines": "2", "EngType": 3, "EngMount": 0, "Mil": false, "Cou": "United States", "HasPic": false, "Interested": false, "FlightsCount": 0, "Gnd": true, "SpdTyp": 0, "CallSus": false, "Trt": 5, "Year": "2003"}, {"Id": 10535980, "Rcvr": 1, "HasSig": true, "Sig": 171, "Icao": "A0C42C", "Bad": false, "Reg": "N149AN", "FSeen": "/Date(1544403083865)/", "TSecs": 13595, "CMsgs": 6396, "Alt": 5589, "GAlt": 5870, "InHg": 30.2007866, "AltT": 0, "Call": "N149AN0", "Lat": 40.777428, "Long": -73.874725, "PosTime": 1544413385303, "Mlat": false, "PosStale": true, "Tisb": false, "Spd": 0.0, "Trak": 78.8, "TrkH": false, "Type": "A321", "Mdl": "Airbus A321 231SL", "Man": "Airbus", "CNum": "6812", "Op": "American Airlines", "OpIcao": "AAL", "Sqk": "6753", "Help": false, "Vsi": 0, "VsiT": 0, "Dst": 16.95, "Brng": 332.3, "WTC": 2, "Species": 1, "Engines": "2", "EngType": 3, "EngMount": 0, "Mil": false, "Cou": "United States", "HasPic": false, "Interested": false, "FlightsCount": 0, "Gnd": true, "SpdTyp": 0, "CallSus": false, "Trt": 2, "Year": "2015"}, {"Id": 11309223, "Rcvr": 1, "HasSig": false, "Icao": "AC90A7", "Bad": false, "Reg": "N909AM", "FSeen": "/Date(1544402272603)/", "TSecs": 14407, "CMsgs": 5815, "Alt": -225, "GAlt": 56, "InHg": 30.1594486, "AltT": 0, "TAlt": 3008, "Call": "AAL1207", "Lat": 40.776745, "Long": -73.874802, "PosTime": 1544416660662, "Mlat": false, "Tisb": false, "Spd": 0.0, "Trak": 78.8, "TrkH": false, "TTrk": 70.3125, "Type": "A321", "Mdl": "Airbus A321 231SL", "Man": "Airbus", "CNum": "7756", "From": "KDFW Dallas Fort Worth, Dallas-Fort Worth, United States", "To": "KSAN San Diego, United States", "Op": "American Airlines", "OpIcao": "AAL", "Sqk": "6211", "Help": false, "Vsi": -896, "VsiT": 0, "Dst": 16.88, "Brng": 332.2, "WTC": 2, "Species": 1, "Engines": "2", "EngType": 3, "EngMount": 0, "Mil": false, "Cou": "United States", "HasPic": false, "Interested": false, "FlightsCount": 0, "Gnd": true, "SpdTyp": 0, "CallSus": false, "Trt": 5, "Year": "2017"}, {"Id": 11239473, "Rcvr": 1, "HasSig": false, "Icao": "AB8031", "Bad": false, "Reg": "N840DN", "FSeen": "/Date(1544399405309)/", "TSecs": 17274, "CMsgs": 8980, "Alt": 11050, "GAlt": 11310, "InHg": 30.1801186, "AltT": 0, "TAlt": 12992, "Call": "DAL704", "Lat": 40.464649, "Long": -73.91333, "PosTime": 1544416679349, "Mlat": false, "Tisb": false, "Spd": 311.0, "Trak": 126.9, "TrkH": false, "TTrk": 180.0, "Type": "B739", "Mdl": "2015 BOEING 737-932ER", "Man": "Boeing", "CNum": "31951", "From": "KSLC Salt Lake City, United States", "To": "KGEG Spokane, United States", "Op": "Delta Air Lines", "OpIcao": "DAL", "Sqk": "6674", "Help": false, "Vsi": -960, "VsiT": 1, "Dst": 22.7, "Brng": 209.5, "WTC": 2, "Species": 1, "Engines": "2", "EngType": 3, "EngMount": 0, "Mil": false, "Cou": "United States", "HasPic": false, "Interested": false, "FlightsCount": 0, "Gnd": false, "SpdTyp": 0, "CallSus": false, "Trt": 5, "Year": "2015"}, {"Id": 11032034, "Rcvr": 1, "HasSig": false, "Icao": "A855E2", "Bad": false, "Reg": "N636VA", "FSeen": "/Date(1544398443397)/", "TSecs": 18236, "CMsgs": 9946, "Alt": 1800, "GAlt": 2060, "InHg": 30.1801186, "AltT": 0, "Call": "ASA1026", "Lat": 40.585777, "Long": -73.631996, "PosTime": 1544416679348, "Mlat": false, "Tisb": false, "Spd": 162.0, "Trak": 300.4, "TrkH": false, "Type": "A320", "Mdl": "2008 AIRBUS A320-214", "Man": "Airbus", "CNum": "3460", "From": "KSFO San Francisco, United States", "To": "KJFK John F Kennedy, New York, United States", "Op": "Virgin America", "OpIcao": "ASA", "Sqk": "6254", "Help": false, "Vsi": 0, "VsiT": 0, "Dst": 14.09, "Brng": 116.5, "WTC": 2, "Species": 1, "Engines": "2", "EngType": 3, "EngMount": 0, "Mil": false, "Cou": "United States", "HasPic": false, "Interested": false, "FlightsCount": 0, "Gnd": false, "SpdTyp": 0, "CallSus": false, "Trt": 2, "Year": "2008"}, {"Id": 10502143, "Rcvr": 1, "HasSig": true, "Sig": 107, "Icao": "A03FFF", "Bad": false, "Reg": "N115NN", "FSeen": "/Date(1544395090908)/", "TSecs": 21588, "CMsgs": 11195, "Alt": 5498, "GAlt": 5788, "InHg": 30.2096462, "AltT": 0, "TAlt": 4000, "Call": "AAL32", "Lat": 40.649551, "Long": -73.795166, "PosTime": 1544412873458, "Mlat": false, "PosStale": true, "Tisb": false, "Spd": 0.0, "Trak": 165.9, "TrkH": false, "TTrk": 0.0, "Type": "A321", "Mdl": "2014 AIRBUS INDUSTRIE A321-231", "Man": "Airbus", "CNum": "6063", "From": "KLAX Los Angeles, United States", "To": "KJFK John F Kennedy, New York, United States", "Op": "American Airlines", "OpIcao": "AAL", "Sqk": "1200", "Help": false, "Vsi": -128, "VsiT": 0, "Dst": 1.41, "Brng": 303.9, "WTC": 2, "Species": 1, "Engines": "2", "EngType": 3, "EngMount": 0, "Mil": false, "Cou": "United States", "HasPic": false, "Interested": false, "FlightsCount": 0, "Gnd": true, "SpdTyp": 0, "CallSus": false, "Trt": 5, "Year": "2014"}, {"Id": 10585773, "Rcvr": 1, "HasSig": true, "Sig": 67, "Icao": "A186AD", "Bad": false, "Reg": "N198JB", "FSeen": "/Date(1544393647670)/", "TSecs": 23031, "CMsgs": 7554, "Alt": 750, "GAlt": 1010, "InHg": 30.1801186, "AltT": 0, "Call": "JBU2717", "Lat": 40.6052, "Long": -73.6725, "PosTime": 1544416618126, "Mlat": true, "Tisb": false, "Spd": 372.7, "Trak": 222.8, "TrkH": false, "Type": "E190", "Mdl": "2006 EMBRAER ERJ 190-100 IGW", "Man": "Embraer", "CNum": "19000021", "Op": "WELLS FARGO BANK NORTHWEST NA TRUSTEE     - SALT LAKE CITY, UT", "OpIcao": "JBU", "Sqk": "3562", "Help": false, "Vsi": -1344, "VsiT": 0, "Dst": 10.07, "Brng": 114.3, "WTC": 2, "Species": 1, "Engines": "2", "EngType": 3, "EngMount": 0, "Mil": false, "Cou": "United States", "HasPic": false, "Interested": false, "FlightsCount": 0, "Gnd": false, "SpdTyp": 0, "CallSus": true, "Trt": 2, "Year": "2006"}, {"Id": 11363438, "Rcvr": 1, "HasSig": false, "Icao": "AD646E", "Bad": false, "Reg": "N962JT", "FSeen": "/Date(1544389404313)/", "TSecs": 27275, "CMsgs": 10873, "Alt": -175, "GAlt": 135, "InHg": 30.2303143, "AltT": 0, "TAlt": 4000, "Call": "JBU190", "Lat": 40.642769, "Long": -73.771088, "PosTime": 1544407307125, "Mlat": false, "PosStale": true, "Tisb": false, "Spd": 0.0, "Trak": 199.7, "TrkH": false, "TTrk": 250.0, "Type": "A321", "Mdl": "Airbus A321 231SL", "Man": "Airbus", "CNum": "6988", "From": "KSAN San Diego, United States", "To": "KJFK John F Kennedy, New York, United States", "Op": "JetBlue Airways", "OpIcao": "JBU", "Sqk": "2000", "Help": false, "Vsi": -1280, "VsiT": 0, "Dst": 0.86, "Brng": 87.9, "WTC": 2, "Species": 1, "Engines": "2", "EngType": 3, "EngMount": 0, "Mil": false, "Cou": "United States", "HasPic": false, "Interested": false, "FlightsCount": 0, "Gnd": true, "SpdTyp": 0, "CallSus": false, "Trt": 4, "Year": "2016"}, {"Id": 11002378, "Rcvr": 1, "HasSig": true, "Sig": 99, "Icao": "A7E20A", "Bad": false, "Reg": "N607JB", "FSeen": "/Date(1544368888731)/", "TSecs": 47790, "CMsgs": 16850, "Alt": -175, "GAlt": 49, "InHg": 30.1443272, "AltT": 0, "TAlt": 2016, "Call": "JBU2358", "Lat": 40.651579, "Long": -73.781371, "PosTime": 1544416673543, "Mlat": false, "Tisb": false, "Spd": 14.5, "Trak": 120.9, "TrkH": false, "TTrk": 0.0, "Type": "A320", "Mdl": "2005 AIRBUS A320-232", "Man": "Airbus", "CNum": "2386", "Op": "JetBlue Airways", "OpIcao": "JBU", "Sqk": "1002", "Help": false, "Vsi": -448, "VsiT": 0, "Dst": 1.01, "Brng": 359.6, "WTC": 2, "Species": 1, "Engines": "2", "EngType": 3, "EngMount": 0, "Mil": false, "Cou": "United States", "HasPic": false, "Interested": false, "FlightsCount": 0, "Gnd": true, "SpdTyp": 0, "CallSus": false, "Trt": 5, "Year": "2005"}], "totalAc": 4072, "lastDv": "636796447441759208", "shtTrlSec": 65, "stm": 1544416679566}