{"src": 1, "feeds": [{"id": 1, "name": "From Cons", "polarPlot": false}], "srcFeed": 1, "showSil": true, "showFlg": true, "showPic": true, "flgH": 20, "flgW": 85, "acList": [{"Id": 11353311, "Rcvr": 1, "HasSig": false, "Icao": "AD3CDF", "Bad": false, "Reg": "N952JB", "FSeen": "/Date(1544419720636)/", "TSecs": 78, "CMsgs": 2, "Alt": 6490, "GAlt": 6750, "InHg": 30.1801186, "AltT": 0, "Lat": 40.642826, "Long": -73.772209, "PosTime": 1544419720636, "Mlat": false, "Tisb": false, "Spd": 17.0, "Trak": 210.9, "TrkH": false, "Type": "A321", "Mdl": "2015 AIRBUS A321-231", "Man": "Airbus", "CNum": "6663", "Op": "JET BLUE AIRWAYS CORP     - LONG ISLAND CITY, NY", "OpIcao": "JBU", "Sqk": "", "VsiT": 0, "Dst": 0.77, "Brng": 87.2, "WTC": 2, "Species": 1, "Engines": "2", "EngType": 3, "EngMount": 0, "Mil": false, "Cou": "United States", "HasPic": false, "Interested": false, "FlightsCount": 0, "Gnd": true, "SpdTyp": 0, "CallSus": false, "Trt": 2, "Year": "2015"}, {"Id": 15205444, "Rcvr": 1, "HasSig": true, "Sig": 56, "Icao": "E80444", "Bad": false, "Reg": "CC-BGC", "FSeen": "/Date(1544419635211)/", "TSecs": 164, "CMsgs": 37, "Alt": -175, "GAlt": 85, "InHg": 30.1801186, "AltT": 0, "Call": "LAN537", "Lat": 40.636974, "Long": -73.788773, "PosTime": 1544419787640, "Mlat": false, "Tisb": false, "Spd": 13.5, "Trak": 135.0, "TrkH": false, "Type": "B789", "Mdl": "Boeing 787 9", "Man": "Boeing", "CNum": "35321", "From": "KJFK John F Kennedy, New York, United States", "To": "SPJC Jorge Ch\u00e1vez, Lima, Per\u00fa", "Op": "LATAM Airlines", "OpIcao": "LAN", "Sqk": "1112", "Help": false, "VsiT": 0, "Dst": 0.88, "Brng": 225.9, "WTC": 3, "Species": 1, "Engines": "2", "EngType": 3, "EngMount": 0, "Mil": false, "Cou": "Chile", "HasPic": false, "Interested": false, "FlightsCount": 0, "Gnd": true, "SpdTyp": 0, "CallSus": false, "Trt": 5, "Year": "2015"}, {"Id": 3430018, "Rcvr": 1, "HasSig": true, "Sig": 68, "Icao": "345682", "Bad": false, "Reg": "EC-MUA", "FSeen": "/Date(1544418898905)/", "TSecs": 900, "CMsgs": 474, "Alt": 7600, "GAlt": 7810, "InHg": 30.129921, "AltT": 0, "Call": "NAX4PF", "Lat": 40.873098, "Long": -73.998975, "PosTime": 1544419798518, "Mlat": false, "Tisb": false, "Spd": 277.7, "Trak": 51.7, "TrkH": false, "Type": "B772", "Mdl": "Boeing 777 212ER", "Man": "Boeing", "CNum": "28524", "Op": "Neos", "OpIcao": "NOS", "Sqk": "1754", "Help": false, "Vsi": 2432, "VsiT": 0, "Dst": 31.52, "Brng": 324.5, "WTC": 3, "Species": 1, "Engines": "2", "EngType": 3, "EngMount": 0, "Mil": false, "Cou": "Spain", "HasPic": false, "Interested": false, "FlightsCount": 0, "Gnd": false, "SpdTyp": 0, "CallSus": false, "Trt": 2, "Year": "2001"}, {"Id": 10799862, "Rcvr": 1, "HasSig": true, "Sig": 66, "Icao": "A4CAF6", "Bad": false, "Reg": "N408GG", "FSeen": "/Date(1544414955099)/", "TSecs": 4844, "CMsgs": 2245, "Alt": 1800, "GAlt": 2024, "InHg": 30.1443272, "AltT": 0, "TAlt": 2016, "Call": "N408GG", "Lat": 40.796333, "Long": -73.78162, "PosTime": 1544419798510, "Mlat": false, "Tisb": false, "Spd": 138.7, "Trak": 244.4, "TrkH": false, "Type": "B407", "Mdl": "Bell 407 GX", "Man": "Bell", "CNum": "54558", "Op": "Gary O Galiher", "Sqk": "3551", "Help": false, "Vsi": 64, "VsiT": 1, "Dst": 17.11, "Brng": 359.9, "WTC": 1, "Species": 4, "Engines": "1", "EngType": 2, "EngMount": 0, "Mil": false, "Cou": "United States", "HasPic": false, "Interested": false, "FlightsCount": 0, "Gnd": false, "SpdTyp": 0, "CallSus": false, "Trt": 5, "Year": "2014"}, {"Id": 11400425, "Rcvr": 1, "HasSig": true, "Sig": 193, "Icao": "ADF4E9", "Bad": false, "Reg": "N999JQ", "FSeen": "/Date(1544408488782)/", "TSecs": 11310, "CMsgs": 3634, "Alt": 9575, "GAlt": 9799, "InHg": 30.1443272, "AltT": 0, "TAlt": 4992, "Call": "JBU839", "Lat": 40.44223, "Long": -73.666138, "PosTime": 1544419798526, "Mlat": false, "Tisb": false, "Spd": 296.3, "Trak": 134.6, "TrkH": false, "TTrk": 0.0, "Type": "A321", "Mdl": "Airbus A321 231SL", "Man": "Airbus", "CNum": "8538", "From": "KJFK John F Kennedy, New York, United States", "To": "TJBQ Rafael Hernandez, Aguadilla, Puerto Rico", "Op": "JetBlue Airways", "OpIcao": "JBU", "Sqk": "2663", "Help": false, "Vsi": 2432, "VsiT": 1, "Dst": 24.3, "Brng": 156.4, "WTC": 2, "Species": 1, "Engines": "2", "EngType": 3, "EngMount": 0, "Mil": false, "Cou": "United States", "HasPic": false, "Interested": false, "FlightsCount": 0, "Gnd": false, "SpdTyp": 0, "CallSus": false, "Trt": 5}, {"Id": 11376402, "Rcvr": 1, "HasSig": true, "Sig": 131, "Icao": "AD9712", "Bad": false, "Reg": "N975JT", "FSeen": "/Date(1544407246193)/", "TSecs": 12553, "CMsgs": 5730, "Alt": 4950, "GAlt": 5245, "InHg": 30.2151985, "AltT": 0, "TAlt": 8992, "Call": "JBU2836", "Lat": 40.647692, "Long": -73.777391, "PosTime": 1544414454695, "Mlat": false, "PosStale": true, "Tisb": false, "Spd": 0.0, "Trak": 160.1, "TrkH": false, "TTrk": 0.0, "Type": "A321", "Mdl": "Airbus A321 231SL", "Man": "Airbus", "CNum": "7520", "Op": "JetBlue Airways", "OpIcao": "JBU", "Sqk": "2000", "Help": false, "Vsi": -128, "VsiT": 0, "Dst": 0.67, "Brng": 29.6, "WTC": 2, "Species": 1, "Engines": "2", "EngType": 3, "EngMount": 0, "Mil": false, "Cou": "United States", "HasPic": false, "Interested": false, "FlightsCount": 0, "Gnd": true, "SpdTyp": 0, "CallSus": false, "Trt": 5, "Year": "2016"}, {"Id": 10956578, "Rcvr": 1, "HasSig": true, "Sig": 75, "Icao": "A72F22", "Bad": false, "Reg": "N562JB", "FSeen": "/Date(1544403419110)/", "TSecs": 16380, "CMsgs": 5466, "Alt": -150, "GAlt": 169, "InHg": 30.2388229, "AltT": 0, "TAlt": 3008, "Call": "JBU1818", "Lat": 40.633186, "Long": -73.768875, "PosTime": 1544406818460, "Mlat": false, "PosStale": true, "Tisb": false, "Spd": 0.0, "Trak": 210.9, "TrkH": false, "TTrk": 0.0, "Type": "A320", "Mdl": "2003 AIRBUS A320-232", "Man": "Airbus", "CNum": "1948", "From": "TTPP Piarco, Port of Spain, Trinidad and Tobago", "To": "KJFK John F Kennedy, New York, United States", "Op": "JetBlue Airways", "OpIcao": "JBU", "Sqk": "2666", "Help": false, "Vsi": -640, "VsiT": 0, "Dst": 1.47, "Brng": 134.6, "WTC": 2, "Species": 1, "Engines": "2", "EngType": 3, "EngMount": 0, "Mil": false, "Cou": "United States", "HasPic": false, "Interested": false, "FlightsCount": 0, "Gnd": true, "SpdTyp": 0, "CallSus": false, "Trt": 5, "Year": "2003"}, {"Id": 11119800, "Rcvr": 1, "HasSig": false, "Icao": "A9ACB8", "Bad": false, "Reg": "N722TW", "FSeen": "/Date(1544403169618)/", "TSecs": 16629, "CMsgs": 9853, "Alt": 14850, "GAlt": 15119, "InHg": 30.1889763, "AltT": 0, "TAlt": 23008, "Call": "DAL2144", "Lat": 40.662048, "Long": -74.012817, "PosTime": 1544419798492, "Mlat": false, "Tisb": false, "Spd": 324.0, "Trak": 165.0, "TrkH": false, "TTrk": 101.953125, "Type": "B752", "Mdl": "Boeing 757-231 (SkyTeam Livery)", "Man": "Boeing", "CNum": "29385", "From": "KDTW Detroit Metropolitan Wayne County, United States", "To": "KDCA Ronald Reagan Washington National, United States", "Op": "Delta Air Lines (SkyTeam Livery)", "OpIcao": "DAL", "Sqk": "1753", "Help": false, "Vsi": -1408, "VsiT": 1, "Dst": 19.65, "Brng": 276.4, "WTC": 2, "Species": 1, "Engines": "2", "EngType": 3, "EngMount": 0, "Mil": false, "Cou": "United States", "HasPic": false, "Interested": false, "FlightsCount": 0, "Gnd": false, "SpdTyp": 0, "CallSus": false, "Tag": "SPLIV", "Trt": 5, "Year": "1999"}, {"Id": 11309223, "Rcvr": 1, "HasSig": false, "Icao": "AC90A7", "Bad": false, "Reg": "N909AM", "FSeen": "/Date(1544402272435)/", "TSecs": 17527, "CMsgs": 6343, "Alt": -225, "GAlt": 56, "InHg": 30.129921, "AltT": 0, "TAlt": 3008, "Call": "AAL1207", "Lat": 40.776863, "Long": -73.874954, "PosTime": 1544419787627, "Mlat": false, "Tisb": false, "Spd": 0.0, "Trak": 134.9, "TrkH": false, "TTrk": 70.3125, "Type": "A321", "Mdl": "Airbus A321 231SL", "Man": "Airbus", "CNum": "7756", "From": "KDFW Dallas Fort Worth, Dallas-Fort Worth, United States", "To": "KSAN San Diego, United States", "Op": "American Airlines", "OpIcao": "AAL", "Sqk": "6211", "Help": false, "Vsi": -896, "VsiT": 0, "Dst": 16.9, "Brng": 332.2, "WTC": 2, "Species": 1, "Engines": "2", "EngType": 3, "EngMount": 0, "Mil": false, "Cou": "United States", "HasPic": false, "Interested": false, "FlightsCount": 0, "Gnd": true, "SpdTyp": 0, "CallSus": false, "Trt": 5, "Year": "2017"}, {"Id": 10489179, "Rcvr": 1, "HasSig": true, "Sig": 197, "Icao": "A00D5B", "Bad": false, "Reg": "N102NN", "FSeen": "/Date(1544402095008)/", "TSecs": 17704, "CMsgs": 10890, "Alt": 3050, "GAlt": 3310, "InHg": 30.1801186, "AltT": 0, "Call": "AAL184", "Lat": 40.466721, "Long": -73.656128, "PosTime": 1544419798491, "Mlat": false, "Tisb": false, "Spd": 216.8, "Trak": 29.9, "TrkH": false, "Type": "A321", "Mdl": "2013 AIRBUS A321-231", "Man": "Airbus", "CNum": "5860", "From": "KSNA John Wayne Airport-Orange County, Santa Ana, United States", "To": "KBOS General Edward Lawrence Logan, Boston, United States", "Stops": ["KORD Chicago O'Hare, United States"], "Op": "American Airlines", "OpIcao": "AAL", "Sqk": "0075", "Help": false, "Vsi": -640, "VsiT": 0, "Dst": 22.22, "Brng": 151.5, "WTC": 2, "Species": 1, "Engines": "2", "EngType": 3, "EngMount": 0, "Mil": false, "Cou": "United States", "HasPic": false, "Interested": false, "FlightsCount": 0, "Gnd": false, "SpdTyp": 0, "CallSus": true, "Trt": 2, "Year": "2013"}, {"Id": 10502143, "Rcvr": 1, "HasSig": true, "Sig": 98, "Icao": "A03FFF", "Bad": false, "Reg": "N115NN", "FSeen": "/Date(1544395091035)/", "TSecs": 24708, "CMsgs": 13007, "Alt": 49500, "GAlt": 49790, "InHg": 30.2096462, "AltT": 0, "TAlt": 4000, "Call": "AAL32", "Lat": 40.649551, "Long": -73.795166, "PosTime": 1544412873427, "Mlat": false, "PosStale": true, "Tisb": false, "Spd": 0.0, "Trak": 165.9, "TrkH": false, "TTrk": 0.0, "Type": "A321", "Mdl": "2014 AIRBUS INDUSTRIE A321-231", "Man": "Airbus", "CNum": "6063", "From": "KLAX Los Angeles, United States", "To": "KJFK John F Kennedy, New York, United States", "Op": "American Airlines", "OpIcao": "AAL", "Sqk": "1200", "Help": false, "Vsi": -128, "VsiT": 0, "Dst": 1.41, "Brng": 303.9, "WTC": 2, "Species": 1, "Engines": "2", "EngType": 3, "EngMount": 0, "Mil": false, "Cou": "United States", "HasPic": false, "Interested": false, "FlightsCount": 0, "Gnd": true, "SpdTyp": 0, "CallSus": false, "Trt": 5, "Year": "2014"}, {"Id": 11002378, "Rcvr": 1, "HasSig": true, "Sig": 193, "Icao": "A7E20A", "Bad": false, "Reg": "N607JB", "FSeen": "/Date(1544393700491)/", "TSecs": 26099, "CMsgs": 12352, "Alt": -175, "GAlt": 49, "InHg": 30.1443272, "AltT": 0, "TAlt": 2016, "Call": "JBU2358", "Lat": 40.651579, "Long": -73.781371, "PosTime": 1544416673439, "Mlat": false, "PosStale": true, "Tisb": false, "Spd": 0.0, "Trak": 191.3, "TrkH": false, "TTrk": 0.0, "Type": "A320", "Mdl": "2005 AIRBUS A320-232", "Man": "Airbus", "CNum": "2386", "Op": "JetBlue Airways", "OpIcao": "JBU", "Sqk": "2000", "Help": false, "Vsi": -448, "VsiT": 0, "Dst": 1.01, "Brng": 359.6, "WTC": 2, "Species": 1, "Engines": "2", "EngType": 3, "EngMount": 0, "Mil": false, "Cou": "United States", "HasPic": false, "Interested": false, "FlightsCount": 0, "Gnd": true, "SpdTyp": 0, "CallSus": false, "Trt": 5, "Year": "2005"}, {"Id": 11363438, "Rcvr": 1, "HasSig": true, "Sig": 131, "Icao": "AD646E", "Bad": false, "Reg": "N962JT", "FSeen": "/Date(1544389404861)/", "TSecs": 30394, "CMsgs": 12329, "Alt": -150, "GAlt": 160, "InHg": 30.2303143, "AltT": 0, "TAlt": 4000, "Call": "JBU6123", "Lat": 40.642769, "Long": -73.771088, "PosTime": 1544407306749, "Mlat": false, "PosStale": true, "Tisb": false, "Spd": 0.0, "Trak": 199.7, "TrkH": false, "TTrk": 250.0, "Type": "A321", "Mdl": "Airbus A321 231SL", "Man": "Airbus", "CNum": "6988", "Op": "JetBlue Airways", "OpIcao": "JBU", "Sqk": "2000", "Help": false, "Vsi": -1280, "VsiT": 0, "Dst": 0.86, "Brng": 87.9, "WTC": 2, "Species": 1, "Engines": "2", "EngType": 3, "EngMount": 0, "Mil": false, "Cou": "United States", "HasPic": false, "Interested": false, "FlightsCount": 0, "Gnd": true, "SpdTyp": 0, "CallSus": false, "Trt": 4, "Year": "2016"}], "totalAc": 3744, "lastDv": "636799758921763008", "shtTrlSec": 65, "stm": 1544419799475}